1,1,top,other,531.613,234.554,303,0,0,
1,1,top,host,190,240,90,0,0,
1,2,top,host,198.387,245.446,123,0,0,
1,2,top,other,523.226,229.108,303,0,0,
1,3,top,host,206.774,250.892,123,0,0,
1,3,top,other,514.839,223.662,303,0,0,
1,4,top,host,215.161,256.338,123,0,0,
1,4,top,other,506.452,218.216,303,0,0,
1,5,top,host,223.548,261.784,123,0,0,
1,5,top,other,498.162,212.624,304,0,0,
1,6,top,host,231.935,267.23,123,0,0,
1,6,top,other,489.872,207.032,304,0,0,
1,7,top,host,240.322,272.676,123,0,0,
1,7,top,other,481.582,201.44,304,0,0,
1,8,top,host,248.709,278.122,123,0,0,
1,8,top,other,473.292,195.848,304,0,0,
1,9,top,host,257.096,283.568,123,0,0,
1,9,top,other,465.002,190.256,304,0,0,
1,10,top,host,265.483,289.014,123,0,0,
1,10,top,other,456.712,184.664,304,0,0,
1,11,top,host,273.87,294.46,123,0,0,
1,11,top,other,448.422,179.072,304,0,0,
1,12,top,host,282.257,299.906,123,0,0,
1,12,top,other,440.132,173.48,304,0,0,
1,13,top,host,290.644,305.352,123,0,0,
1,13,top,other,431.745,168.034,303,0,0,
1,14,top,host,299.031,310.798,123,0,0,
1,14,top,other,423.265,162.735,302,0,0,
1,15,top,host,307.418,316.244,123,0,0,
1,15,top,other,414.785,157.436,302,0,0,
1,16,top,host,315.805,321.69,123,0,0,
1,16,top,other,406.305,152.137,302,0,0,
1,17,top,host,324.192,327.136,123,0,0,
1,17,top,other,397.825,146.838,302,0,0,
1,18,top,host,332.579,332.582,123,0,0,
1,18,top,other,389.345,141.539,302,0,0,
1,19,top,host,340.966,338.028,123,0,0,
1,19,top,other,380.958,136.093,303,0,0,
1,20,top,host,349.353,343.474,123,1,0,
1,20,top,other,372.571,130.647,303,4,0,
1,21,top,host,349.353,343.474,123,1,0,
1,21,top,other,372.571,130.647,303,4,0,
1,22,top,host,349.353,343.474,123,1,0,
1,22,top,other,372.571,130.647,303,4,0,
2,1,bottom,host,188.48,245.299,122,1,0,
2,1,bottom,other,531.71,245.592,236,4,0,
2,2,bottom,host,196.96,250.598,122,1,0,
2,2,bottom,other,523.42,251.184,236,4,0,
2,3,bottom,host,205.44,255.897,122,1,0,
2,3,bottom,other,515.13,256.776,236,4,0,
2,4,bottom,host,213.92,261.196,122,1,0,
2,4,bottom,other,506.84,262.368,236,4,0,
2,5,bottom,host,222.4,266.495,122,1,0,
2,5,bottom,other,498.55,267.96,236,4,0,
2,6,bottom,host,230.88,271.794,122,1,0,
2,6,bottom,other,490.26,273.552,236,4,0,
2,7,bottom,host,239.36,277.093,122,1,0,
2,7,bottom,other,481.97,279.144,236,4,0,
2,8,bottom,host,247.84,282.392,122,1,0,
2,8,bottom,other,473.68,284.736,236,4,0,
2,9,bottom,host,256.32,287.691,122,1,0,
2,9,bottom,other,465.39,290.328,236,4,0,
2,10,bottom,host,264.8,292.99,122,1,0,
2,10,bottom,other,457.1,295.92,236,4,0,
2,11,bottom,host,273.28,298.289,122,1,0,
2,11,bottom,other,448.81,301.512,236,4,0,
2,12,bottom,host,281.76,303.588,122,1,0,
2,12,bottom,other,440.52,307.104,236,4,0,
2,13,bottom,host,290.24,308.887,122,1,0,
2,13,bottom,other,432.23,312.696,236,4,0,
2,14,bottom,host,298.72,314.186,122,1,0,
2,14,bottom,other,424.038,318.432,235,4,0,
2,15,bottom,host,307.2,319.485,122,1,0,
2,15,bottom,other,415.846,324.168,235,4,0,
2,16,bottom,host,315.68,324.784,122,1,0,
2,16,bottom,other,407.654,329.904,235,4,0,
2,17,bottom,host,324.16,330.083,122,1,0,
2,17,bottom,other,399.462,335.64,235,4,0,
2,18,bottom,host,332.64,335.382,122,1,0,
2,18,bottom,other,391.27,341.376,235,4,0,
2,19,bottom,host,341.12,340.681,122,1,0,
2,19,bottom,other,383.078,347.112,235,4,0,
2,20,bottom,host,349.6,345.98,122,1,0,
2,20,bottom,other,374.886,352.848,235,4,0,
2,21,bottom,host,349.6,345.98,122,1,0,
2,21,bottom,other,374.886,352.848,235,4,0,
2,22,bottom,host,349.6,345.98,122,1,0,
2,22,bottom,other,374.886,352.848,235,4,0,
3,1,top,host,188.387,234.554,57,1,0,
3,1,top,other,530,240,270,4,0,
3,2,top,host,196.774,240,123,1,0,
3,2,top,other,520,240,270,4,0,
3,3,top,host,205.161,245.446,123,1,0,
3,3,top,other,510,240,270,4,0,
3,4,top,host,213.548,250.892,123,1,0,
3,4,top,other,501.91,234.122,306,4,0,
3,5,top,host,221.935,256.338,123,1,0,
3,5,top,other,493.82,228.244,306,4,0,
3,6,top,host,230.322,261.784,123,1,0,
3,6,top,other,485.94,222.087,308,4,0,
3,7,top,host,238.709,267.23,123,1,0,
3,7,top,other,478.06,215.93,308,4,0,
3,8,top,host,247.096,272.676,123,1,0,
3,8,top,other,470.18,209.773,308,4,0,
3,9,top,host,255.483,278.122,123,1,0,
3,9,top,other,462.3,203.616,308,4,0,
3,10,top,host,263.87,283.568,123,1,0,
3,10,top,other,454.42,197.459,308,4,0,
3,11,top,host,272.257,289.014,123,1,0,
3,11,top,other,446.434,191.441,307,4,0,
3,12,top,host,280.644,294.46,123,1,0,
3,12,top,other,438.448,185.423,307,4,0,
3,13,top,host,289.031,299.906,123,1,0,
3,13,top,other,430.462,179.405,307,4,0,
3,14,top,host,297.418,305.352,123,1,0,
3,14,top,other,422.476,173.387,307,4,0,
3,15,top,host,305.805,310.798,123,1,0,
3,15,top,other,414.49,167.369,307,4,0,
3,16,top,host,314.192,316.244,123,1,0,
3,16,top,other,406.504,161.351,307,4,0,
3,17,top,host,322.579,321.69,123,1,0,
3,17,top,other,398.518,155.333,307,4,0,
3,18,top,host,330.966,327.136,123,1,0,
3,18,top,other,390.971,148.772,311,4,0,
3,19,top,host,339.353,332.582,123,1,0,
3,19,top,other,383.424,142.211,311,4,0,
3,20,top,host,347.74,338.028,123,1,0,
3,20,top,other,375.877,135.65,311,4,0,
3,21,top,host,356.127,343.474,123,2,0,
3,21,top,other,368.33,129.089,311,8,0,
3,22,top,host,356.127,343.474,123,2,0,
3,22,top,other,368.33,129.089,311,8,0,
3,23,top,host,356.127,343.474,123,2,0,
3,23,top,other,368.33,129.089,311,8,0,
4,1,bottom,host,188.29,245.592,124,2,0,
4,1,bottom,other,531.613,245.446,237,8,0,
4,2,bottom,host,196.58,251.184,124,2,0,
4,2,bottom,other,523.226,250.892,237,8,0,
4,3,bottom,host,204.87,256.776,124,2,0,
4,3,bottom,other,514.839,256.338,237,8,0,
4,4,bottom,host,213.16,262.368,124,2,0,
4,4,bottom,other,506.452,261.784,237,8,0,
4,5,bottom,host,221.45,267.96,124,2,0,
4,5,bottom,other,498.572,255.627,308,8,0,
4,6,bottom,host,229.74,273.552,124,2,0,
4,6,bottom,other,490.912,249.199,310,8,0,
4,7,bottom,host,238.03,279.144,124,2,0,
4,7,bottom,other,483.598,242.379,313,8,0,
4,8,bottom,host,246.32,284.736,124,2,0,
4,8,bottom,other,476.284,235.559,313,8,0,
4,9,bottom,host,254.61,290.328,124,2,0,
4,9,bottom,other,468.97,228.739,313,8,0,
4,10,bottom,host,262.9,295.92,124,2,0,
4,10,bottom,other,461.656,221.919,313,8,0,
4,11,bottom,host,271.19,301.512,124,2,0,
4,11,bottom,other,454.342,215.099,313,8,0,
4,12,bottom,host,279.48,307.104,124,2,0,
4,12,bottom,other,447.028,208.279,313,8,0,
4,13,bottom,host,287.77,312.696,124,2,0,
4,13,bottom,other,439.835,201.332,314,8,0,
4,14,bottom,host,296.06,318.288,124,2,0,
4,14,bottom,other,432.642,194.385,314,8,0,
4,15,bottom,host,304.35,323.88,124,2,0,
4,15,bottom,other,425.449,187.438,314,8,0,
4,16,bottom,host,312.64,329.472,124,2,0,
4,16,bottom,other,418.256,180.491,314,8,0,
4,17,bottom,host,320.93,335.064,124,2,0,
4,17,bottom,other,411.063,173.544,314,8,0,
4,18,bottom,host,329.22,340.656,124,2,0,
4,18,bottom,other,403.87,166.597,314,8,0,
4,19,bottom,host,337.51,346.248,124,2,0,
4,19,bottom,other,396.799,159.526,315,8,0,
4,20,bottom,host,345.8,351.84,124,6,0,
4,20,bottom,other,389.852,152.333,316,9,0,
4,21,bottom,host,345.8,351.84,124,6,0,
4,21,bottom,other,382.905,145.14,316,9,0,
4,22,bottom,host,345.8,351.84,124,6,0,
4,22,bottom,other,375.958,137.947,316,9,0,
5,1,bottom,host,190,240,90,6,0,
5,1,bottom,other,531.71,245.592,236,9,0,
5,2,bottom,host,197.986,246.018,127,6,0,
5,2,bottom,other,523.62,251.47,234,9,0,
5,3,bottom,host,205.972,252.036,127,6,0,
5,3,bottom,other,515.53,257.348,234,9,0,
5,4,bottom,host,213.958,258.054,127,6,0,
5,4,bottom,other,507.44,263.226,234,9,0,
5,5,bottom,host,221.944,264.072,127,6,0,
5,5,bottom,other,498.96,268.525,238,9,0,
5,6,bottom,host,229.93,270.09,127,6,0,
5,6,bottom,other,490.48,273.824,238,9,0,
5,7,bottom,host,237.916,276.108,127,6,0,
5,7,bottom,other,482,279.123,238,9,0,
5,8,bottom,host,245.902,282.126,127,6,0,
5,8,bottom,other,473.52,284.422,238,9,0,
5,9,bottom,host,253.888,288.144,127,6,0,
5,9,bottom,other,465.04,289.721,238,9,0,
5,10,bottom,host,261.874,294.162,127,6,0,
5,10,bottom,other,456.56,295.02,238,9,0,
5,11,bottom,host,269.86,300.18,127,6,0,
5,11,bottom,other,448.08,300.319,238,9,0,
5,12,bottom,host,277.846,306.198,127,6,0,
5,12,bottom,other,439.6,305.618,238,9,0,
5,13,bottom,host,285.832,312.216,127,6,0,
5,13,bottom,other,431.12,310.917,238,9,0,
5,14,bottom,host,293.818,318.234,127,6,0,
5,14,bottom,other,422.733,316.363,237,9,0,
5,15,bottom,host,301.804,324.252,127,6,0,
5,15,bottom,other,414.346,321.809,237,9,0,
5,16,bottom,host,309.79,330.27,127,6,0,
5,16,bottom,other,405.959,327.255,237,9,0,
5,17,bottom,host,317.776,336.288,127,6,0,
5,17,bottom,other,397.479,332.554,238,9,0,
5,18,bottom,host,325.762,342.306,127,6,0,
5,18,bottom,other,388.999,337.853,238,9,0,
5,19,bottom,host,333.748,348.324,127,6,0,
5,19,bottom,other,380.519,343.152,238,9,0,
5,20,bottom,host,337.332,338.988,21,6,0,
5,20,bottom,other,372.039,348.451,238,9,0,
5,21,bottom,host,337.332,338.988,21,6,0,
5,21,bottom,other,363.559,353.75,238,9,0,
5,22,bottom,host,337.332,338.988,21,6,0,
5,22,bottom,other,363.559,353.75,237,9,0,
6,1,bottom,host,188.48,245.299,122,6,0,
6,1,bottom,other,531.71,245.592,236,9,0,
6,2,bottom,host,196.96,250.598,122,6,0,
6,2,bottom,other,523.42,251.184,236,9,0,
6,3,bottom,host,205.44,255.897,122,6,0,
6,3,bottom,other,515.13,256.776,236,9,0,
6,4,bottom,host,213.92,261.196,122,6,0,
6,4,bottom,other,506.84,262.368,236,9,0,
6,5,bottom,host,222.4,266.495,122,6,0,
6,5,bottom,other,498.55,267.96,236,9,0,
6,6,bottom,host,230.88,271.794,122,6,0,
6,6,bottom,other,490.358,273.696,235,9,0,
6,7,bottom,host,239.36,277.093,122,6,0,
6,7,bottom,other,482.166,279.432,235,9,0,
6,8,bottom,host,247.84,282.392,122,6,0,
6,8,bottom,other,473.974,285.168,235,9,0,
6,9,bottom,host,256.13,287.984,124,6,0,
6,9,bottom,other,465.684,290.76,236,9,0,
6,10,bottom,host,264.42,293.576,124,6,0,
6,10,bottom,other,457.394,296.352,236,9,0,
6,11,bottom,host,272.71,299.168,124,6,0,
6,11,bottom,other,449.202,302.088,235,9,0,
6,12,bottom,host,281,304.76,124,6,0,
6,12,bottom,other,441.01,307.824,235,9,0,
6,13,bottom,host,289.29,310.352,124,6,0,
6,13,bottom,other,432.818,313.56,235,9,0,
6,14,bottom,host,297.58,315.944,124,6,0,
6,14,bottom,other,424.528,319.152,236,9,0,
6,15,bottom,host,305.87,321.536,124,6,0,
6,15,bottom,other,416.238,324.744,236,9,0,
6,16,bottom,host,314.16,327.128,124,6,0,
6,16,bottom,other,407.948,330.336,236,9,0,
6,17,bottom,host,322.45,332.72,124,6,0,
6,17,bottom,other,399.756,336.072,235,9,0,
6,18,bottom,host,330.74,338.312,124,6,0,
6,18,bottom,other,391.564,341.808,235,9,0,
6,19,bottom,host,339.03,343.904,124,6,0,
6,19,bottom,other,383.274,347.4,236,9,0,
6,20,bottom,host,347.32,349.496,124,6,0,
6,20,bottom,other,374.984,352.992,236,9,0,
6,21,bottom,host,347.32,349.496,124,6,0,
6,21,bottom,other,366.694,358.584,236,9,0,
6,22,bottom,host,347.32,349.496,124,6,0,
6,22,bottom,other,366.694,358.584,236,9,0,
7,1,bottom,host,188.29,245.592,124,6,0,
7,1,bottom,other,530,240,270,9,0,
7,2,bottom,host,196.58,251.184,124,6,0,
7,2,bottom,other,520,240,270,9,0,
7,3,bottom,host,204.87,256.776,124,6,0,
7,3,bottom,other,510,240,270,9,0,
7,4,bottom,host,213.16,262.368,124,6,0,
7,4,bottom,other,500,240,270,9,0,
7,5,bottom,host,221.45,267.96,124,6,0,
7,5,bottom,other,490,240,270,9,0,
7,6,bottom,host,229.74,273.552,124,6,0,
7,6,bottom,other,482.686,246.82,227,9,0,
7,7,bottom,host,238.03,279.144,124,6,0,
7,7,bottom,other,475.615,253.891,225,9,0,
7,8,bottom,host,246.32,284.736,124,6,0,
7,8,bottom,other,468.422,260.838,226,9,0,
7,9,bottom,host,254.61,290.328,124,6,0,
7,9,bottom,other,461.229,267.785,226,9,0,
7,10,bottom,host,262.9,295.92,124,6,0,
7,10,bottom,other,454.036,274.732,226,9,0,
7,11,bottom,host,271.19,301.512,124,6,0,
7,11,bottom,other,446.843,281.679,226,9,0,
7,12,bottom,host,279.48,307.104,124,6,0,
7,12,bottom,other,439.772,288.75,225,9,0,
7,13,bottom,host,287.77,312.696,124,6,0,
7,13,bottom,other,432.701,295.821,225,9,0,
7,14,bottom,host,296.06,318.288,124,6,0,
7,14,bottom,other,425.63,302.892,225,9,0,
7,15,bottom,host,304.35,323.88,124,6,0,
7,15,bottom,other,418.559,309.963,225,9,0,
7,16,bottom,host,312.64,329.472,124,6,0,
7,16,bottom,other,411.488,317.034,225,9,0,
7,17,bottom,host,320.93,335.064,124,6,0,
7,17,bottom,other,404.417,324.105,225,9,0,
7,18,bottom,host,329.22,340.656,124,6,0,
7,18,bottom,other,397.346,331.176,225,9,0,
7,19,bottom,host,337.51,346.248,124,6,0,
7,19,bottom,other,390.275,338.247,225,9,0,
7,20,bottom,host,345.8,351.84,124,6,0,
7,20,bottom,other,383.204,345.318,225,9,0,
7,21,bottom,host,345.8,351.84,124,6,0,
7,21,bottom,other,383.204,345.318,225,9,0,
7,22,bottom,host,345.8,351.84,124,6,0,
7,22,bottom,other,376.011,352.265,226,9,0,
8,1,bottom,host,188.387,245.446,123,6,0,
8,1,bottom,other,530,240,270,9,0,
8,2,bottom,host,196.774,250.892,123,6,0,
8,2,bottom,other,520,240,270,9,0,
8,3,bottom,host,205.161,256.338,123,6,0,
8,3,bottom,other,511.91,234.122,306,9,0,
8,4,bottom,host,213.548,261.784,123,6,0,
8,4,bottom,other,503.82,228.244,306,9,0,
8,5,bottom,host,221.935,267.23,123,6,0,
8,5,bottom,other,495.73,222.366,306,9,0,
8,6,bottom,host,230.322,272.676,123,6,0,
8,6,bottom,other,487.64,216.488,306,9,0,
8,7,bottom,host,238.709,278.122,123,6,0,
8,7,bottom,other,479.55,210.61,306,9,0,
8,8,bottom,host,247.096,283.568,123,6,0,
8,8,bottom,other,471.46,204.732,306,9,0,
8,9,bottom,host,255.483,289.014,123,6,0,
8,9,bottom,other,463.37,198.854,306,9,0,
8,10,bottom,host,263.87,294.46,123,6,0,
8,10,bottom,other,455.28,192.976,306,9,0,
8,11,bottom,host,272.257,299.906,123,6,0,
8,11,bottom,other,447.19,187.098,306,9,0,
8,12,bottom,host,280.644,305.352,123,6,0,
8,12,bottom,other,439.1,181.22,306,9,0,
8,13,bottom,host,289.031,310.798,123,6,0,
8,13,bottom,other,431.01,175.342,306,9,0,
8,14,bottom,host,297.418,316.244,123,6,0,
8,14,bottom,other,423.024,169.324,307,9,0,
8,15,bottom,host,305.805,321.69,123,6,0,
8,15,bottom,other,415.038,163.306,307,9,0,
8,16,bottom,host,314.192,327.136,123,6,0,
8,16,bottom,other,407.052,157.288,307,9,0,
8,17,bottom,host,322.579,332.582,123,6,0,
8,17,bottom,other,399.066,151.27,307,9,0,
8,18,bottom,host,330.966,338.028,123,6,0,
8,18,bottom,other,390.976,145.392,306,9,0,
8,19,bottom,host,339.353,343.474,123,6,0,
8,19,bottom,other,382.886,139.514,306,9,0,
8,20,bottom,host,347.74,348.92,123,10,0,
8,20,bottom,other,374.796,133.636,306,10,0,
8,21,bottom,host,347.74,348.92,123,10,0,
8,21,bottom,other,374.796,133.636,306,10,0,
8,22,bottom,host,347.74,348.92,123,10,0,
8,22,bottom,other,374.796,133.636,306,10,0,
9,1,bottom,host,188.29,234.408,56,10,0,
9,1,bottom,other,530,240,270,10,0,
9,2,bottom,host,196.58,228.816,56,10,0,
9,2,bottom,other,521.71,245.592,236,10,0,
9,3,bottom,host,204.87,223.224,56,10,0,
9,3,bottom,other,513.62,251.47,234,10,0,
9,4,bottom,host,213.16,217.632,56,10,0,
9,4,bottom,other,505.53,257.348,234,10,0,
9,5,bottom,host,221.45,212.04,56,10,0,
9,5,bottom,other,497.44,263.226,234,10,0,
9,6,bottom,host,229.74,206.448,56,10,0,
9,6,bottom,other,489.35,269.104,234,10,0,
9,7,bottom,host,238.03,200.856,56,10,0,
9,7,bottom,other,481.26,274.982,234,10,0,
9,8,bottom,host,246.32,195.264,56,10,0,
9,8,bottom,other,473.17,280.86,234,10,0,
9,9,bottom,host,254.61,189.672,56,10,0,
9,9,bottom,other,465.08,286.738,234,10,0,
9,10,bottom,host,262.9,184.08,56,10,0,
9,10,bottom,other,456.99,292.616,234,10,0,
9,11,bottom,host,271.19,178.488,56,10,0,
9,11,bottom,other,448.9,298.494,234,10,0,
9,12,bottom,host,279.48,172.896,56,10,0,
9,12,bottom,other,440.81,304.372,234,10,0,
9,13,bottom,host,287.77,167.304,56,10,0,
9,13,bottom,other,432.72,310.25,234,10,0,
9,14,bottom,host,296.06,161.712,56,10,0,
9,14,bottom,other,424.63,316.128,234,10,0,
9,15,bottom,host,304.35,156.12,56,10,0,
9,15,bottom,other,416.54,322.006,234,10,0,
9,16,bottom,host,312.64,150.528,56,10,0,
9,16,bottom,other,408.45,327.884,234,10,0,
9,17,bottom,host,320.93,144.936,56,10,0,
9,17,bottom,other,400.258,333.62,235,10,0,
9,18,bottom,host,329.22,139.344,56,10,0,
9,18,bottom,other,392.066,339.356,235,10,0,
9,19,bottom,host,337.51,133.752,56,10,0,
9,19,bottom,other,383.976,345.234,234,10,0,
9,20,bottom,host,345.8,128.16,56,11,0,
9,20,bottom,other,375.886,351.112,234,14,0,
9,21,bottom,host,345.8,128.16,56,11,0,
9,21,bottom,other,367.796,356.99,234,14,0,
9,22,bottom,host,345.8,128.16,56,11,0,
9,22,bottom,other,367.796,356.99,234,14,0,
10,1,top,host,188.29,234.408,56,11,0,
10,1,top,other,531.613,234.554,303,14,0,
10,2,top,host,196.58,228.816,56,11,0,
10,2,top,other,523.226,229.108,303,14,0,
10,3,top,host,204.87,223.224,56,11,0,
10,3,top,other,514.839,223.662,303,14,0,
10,4,top,host,213.16,217.632,56,11,0,
10,4,top,other,506.452,218.216,303,14,0,
10,5,top,host,221.45,212.04,56,11,0,
10,5,top,other,498.065,212.77,303,14,0,
10,6,top,host,229.74,206.448,56,11,0,
10,6,top,other,491.245,220.084,223,14,0,
10,7,top,host,238.03,200.856,56,11,0,
10,7,top,other,484.425,227.398,223,14,0,
10,8,top,host,246.32,195.264,56,11,0,
10,8,top,other,477.605,234.712,223,14,0,
10,9,top,host,254.61,189.672,56,11,0,
10,9,top,other,470.785,242.026,223,14,0,
10,10,top,host,262.9,184.08,56,11,0,
10,10,top,other,463.965,249.34,223,14,0,
10,11,top,host,271.19,178.488,56,11,0,
10,11,top,other,457.145,256.654,223,14,0,
10,12,top,host,279.48,172.896,56,11,0,
10,12,top,other,450.325,263.968,223,14,0,
10,13,top,host,287.77,167.304,56,11,0,
10,13,top,other,443.505,271.282,223,14,0,
10,14,top,host,296.06,161.712,56,11,0,
10,14,top,other,436.685,278.596,223,14,0,
10,15,top,host,304.35,156.12,56,11,0,
10,15,top,other,429.865,285.91,223,14,0,
10,16,top,host,312.64,150.528,56,11,0,
10,16,top,other,423.045,293.224,223,14,0,
10,17,top,host,320.93,144.936,56,11,0,
10,17,top,other,416.225,300.538,223,14,0,
10,18,top,host,329.22,139.344,56,11,0,
10,18,top,other,409.405,307.852,223,14,0,
10,19,top,host,337.51,133.752,56,11,0,
10,19,top,other,402.585,315.166,223,14,0,
10,20,top,host,345.8,128.16,56,15,0,
10,20,top,other,395.765,322.48,223,15,0,
10,21,top,host,345.8,128.16,56,15,0,
10,21,top,other,395.765,322.48,223,15,0,
10,22,top,host,345.8,128.16,56,15,0,
10,22,top,other,389.074,329.911,222,15,0,
11,1,top,host,188.387,245.446,123,15,0,
11,1,top,other,531.71,234.408,304,15,0,
11,2,top,host,196.774,250.892,123,15,0,
11,2,top,other,523.42,228.816,304,15,0,
11,3,top,host,205.161,256.338,123,15,0,
11,3,top,other,515.13,223.224,304,15,0,
11,4,top,host,213.548,261.784,123,15,0,
11,4,top,other,506.84,217.632,304,15,0,
11,5,top,host,221.935,267.23,123,15,0,
11,5,top,other,498.55,212.04,304,15,0,
11,6,top,host,230.322,272.676,123,15,0,
11,6,top,other,490.26,206.448,304,15,0,
11,7,top,host,238.709,278.122,123,15,0,
11,7,top,other,481.97,200.856,304,15,0,
11,8,top,host,247.096,283.568,123,15,0,
11,8,top,other,473.68,195.264,304,15,0,
11,9,top,host,255.483,289.014,123,15,0,
11,9,top,other,465.39,189.672,304,15,0,
11,10,top,host,263.87,294.46,123,15,0,
11,10,top,other,457.1,184.08,304,15,0,
11,11,top,host,272.257,299.906,123,15,0,
11,11,top,other,448.81,178.488,304,15,0,
11,12,top,host,280.644,305.352,123,15,0,
11,12,top,other,441.039,172.195,309,15,0,
11,13,top,host,289.031,310.798,123,15,0,
11,13,top,other,433.268,165.902,309,15,0,
11,14,top,host,297.418,316.244,123,15,0,
11,14,top,other,425.497,159.609,309,15,0,
11,15,top,host,305.805,321.69,123,15,0,
11,15,top,other,417.726,153.316,309,15,0,
11,16,top,host,314.192,327.136,123,15,0,
11,16,top,other,409.246,148.017,302,15,0,
11,17,top,host,322.579,332.582,123,15,0,
11,17,top,other,400.766,142.718,302,15,0,
11,18,top,host,330.966,338.028,123,15,0,
11,18,top,other,392.194,137.568,301,15,0,
11,19,top,host,339.353,343.474,123,15,0,
11,19,top,other,383.622,132.418,301,15,0,
11,20,top,host,347.74,348.92,123,16,0,
11,20,top,other,375.05,127.268,301,19,0,
11,21,top,host,347.74,348.92,123,16,0,
11,21,top,other,375.05,127.268,301,19,0,
11,22,top,host,347.74,348.92,123,16,0,
11,22,top,other,375.05,127.268,301,19,0,
12,1,top,host,188.192,234.264,55,16,0,
12,1,top,other,531.52,234.701,302,19,0,
12,2,top,host,196.384,228.528,55,16,0,
12,2,top,other,523.04,229.402,302,19,0,
12,3,top,host,204.576,222.792,55,16,0,
12,3,top,other,514.56,224.103,302,19,0,
12,4,top,host,212.768,217.056,55,16,0,
12,4,top,other,506.08,218.804,302,19,0,
12,5,top,host,220.96,211.32,55,16,0,
12,5,top,other,498.533,225.365,229,19,0,
12,6,top,host,229.152,205.584,55,16,0,
12,6,top,other,490.986,231.926,229,19,0,
12,7,top,host,237.344,199.848,55,16,0,
12,7,top,other,483.793,238.873,226,19,0,
12,8,top,host,245.536,194.112,55,16,0,
12,8,top,other,476.6,245.82,226,19,0,
12,9,top,host,253.728,188.376,55,16,0,
12,9,top,other,469.407,252.767,226,19,0,
12,10,top,host,261.92,182.64,55,16,0,
12,10,top,other,462.214,259.714,226,19,0,
12,11,top,host,270.112,176.904,55,16,0,
12,11,top,other,455.021,266.661,226,19,0,
12,12,top,host,278.304,171.168,55,16,0,
12,12,top,other,447.828,273.608,226,19,0,
12,13,top,host,286.496,165.432,55,16,0,
12,13,top,other,440.635,280.555,226,19,0,
12,14,top,host,294.688,159.696,55,16,0,
12,14,top,other,433.442,287.502,226,19,0,
12,15,top,host,302.88,153.96,55,16,0,
12,15,top,other,426.249,294.449,226,19,0,
12,16,top,host,311.072,148.224,55,16,0,
12,16,top,other,418.935,301.269,227,19,0,
12,17,top,host,319.264,142.488,55,16,0,
12,17,top,other,411.621,308.089,227,19,0,
12,18,top,host,327.456,136.752,55,16,0,
12,18,top,other,404.307,314.909,227,19,0,
12,19,top,host,335.648,131.016,55,16,0,
12,19,top,other,397.236,321.98,225,19,0,
12,20,top,host,343.84,125.28,55,20,0,
12,20,top,other,390.165,329.051,225,20,0,
12,21,top,host,343.84,125.28,55,20,0,
12,21,top,other,383.094,336.122,225,20,0,
12,22,top,host,343.84,125.28,55,20,0,
12,22,top,other,376.023,343.193,225,20,0,
13,1,bottom,host,188.192,234.264,55,20,0,
13,1,bottom,other,531.808,245.736,235,20,0,
13,2,bottom,host,196.384,228.528,55,20,0,
13,2,bottom,other,523.616,251.472,235,20,0,
13,3,bottom,host,204.576,222.792,55,20,0,
13,3,bottom,other,515.424,257.208,235,20,0,
13,4,bottom,host,212.768,217.056,55,20,0,
13,4,bottom,other,507.232,262.944,235,20,0,
13,5,bottom,host,220.96,211.32,55,20,0,
13,5,bottom,other,499.04,268.68,235,20,0,
13,6,bottom,host,229.152,205.584,55,20,0,
13,6,bottom,other,490.848,274.416,235,20,0,
13,7,bottom,host,237.344,199.848,55,20,0,
13,7,bottom,other,482.656,280.152,235,20,0,
13,8,bottom,host,245.536,194.112,55,20,0,
13,8,bottom,other,474.464,285.888,235,20,0,
13,9,bottom,host,253.728,188.376,55,20,0,
13,9,bottom,other,466.272,291.624,235,20,0,
13,10,bottom,host,261.92,182.64,55,20,0,
13,10,bottom,other,458.08,297.36,235,20,0,
13,11,bottom,host,270.112,176.904,55,20,0,
13,11,bottom,other,449.888,303.096,235,20,0,
13,12,bottom,host,278.304,171.168,55,20,0,
13,12,bottom,other,441.696,308.832,235,20,0,
13,13,bottom,host,286.496,165.432,55,20,0,
13,13,bottom,other,433.504,314.568,235,20,0,
13,14,bottom,host,294.688,159.696,55,20,0,
13,14,bottom,other,425.312,320.304,235,20,0,
13,15,bottom,host,302.88,153.96,55,20,0,
13,15,bottom,other,417.12,326.04,235,20,0,
13,16,bottom,host,311.072,148.224,55,20,0,
13,16,bottom,other,408.928,331.776,235,20,0,
13,17,bottom,host,319.264,142.488,55,20,0,
13,17,bottom,other,400.838,337.654,234,20,0,
13,18,bottom,host,327.456,136.752,55,20,0,
13,18,bottom,other,392.748,343.532,234,20,0,
13,19,bottom,host,335.648,131.016,55,20,0,
13,19,bottom,other,384.458,349.124,236,20,0,
13,20,bottom,host,343.84,125.28,55,21,0,
13,20,bottom,other,376.168,354.716,236,24,0,
13,21,bottom,host,343.84,125.28,55,21,0,
13,21,bottom,other,367.878,360.308,236,24,0,
13,22,bottom,host,343.84,125.28,55,21,0,
13,22,bottom,other,359.588,365.9,236,24,0,
14,1,bottom,host,188.29,245.592,124,21,0,
14,1,bottom,other,531.71,234.408,304,24,0,
14,2,bottom,host,196.58,251.184,124,21,0,
14,2,bottom,other,523.42,228.816,304,24,0,
14,3,bottom,host,204.87,256.776,124,21,0,
14,3,bottom,other,515.13,223.224,304,24,0,
14,4,bottom,host,213.16,262.368,124,21,0,
14,4,bottom,other,506.84,217.632,304,24,0,
14,5,bottom,host,221.45,267.96,124,21,0,
14,5,bottom,other,498.55,212.04,304,24,0,
14,6,bottom,host,229.74,273.552,124,21,0,
14,6,bottom,other,490.26,206.448,304,24,0,
14,7,bottom,host,238.03,279.144,124,21,0,
14,7,bottom,other,481.97,200.856,304,24,0,
14,8,bottom,host,246.32,284.736,124,21,0,
14,8,bottom,other,473.68,195.264,304,24,0,
14,9,bottom,host,254.61,290.328,124,21,0,
14,9,bottom,other,465.39,189.672,304,24,0,
14,10,bottom,host,262.9,295.92,124,21,0,
14,10,bottom,other,457.1,184.08,304,24,0,
14,11,bottom,host,271.19,301.512,124,21,0,
14,11,bottom,other,448.908,178.344,305,24,0,
14,12,bottom,host,279.48,307.104,124,21,0,
14,12,bottom,other,440.716,172.608,305,24,0,
14,13,bottom,host,287.77,312.696,124,21,0,
14,13,bottom,other,432.524,166.872,305,24,0,
14,14,bottom,host,296.06,318.288,124,21,0,
14,14,bottom,other,424.234,161.28,304,24,0,
14,15,bottom,host,304.35,323.88,124,21,0,
14,15,bottom,other,415.944,155.688,304,24,0,
14,16,bottom,host,312.64,329.472,124,21,0,
14,16,bottom,other,407.654,150.096,304,24,0,
14,17,bottom,host,320.93,335.064,124,21,0,
14,17,bottom,other,399.364,144.504,304,24,0,
14,18,bottom,host,329.22,340.656,124,21,0,
14,18,bottom,other,391.074,138.912,304,24,0,
14,19,bottom,host,337.51,346.248,124,21,0,
14,19,bottom,other,382.882,133.176,305,24,0,
14,20,bottom,host,345.8,351.84,124,25,0,
14,20,bottom,other,374.69,127.44,305,25,0,
14,21,bottom,host,345.8,351.84,124,25,0,
14,21,bottom,other,374.69,127.44,305,25,0,
14,22,bottom,host,345.8,351.84,124,25,0,
14,22,bottom,other,374.69,127.44,305,25,0,
15,1,top,host,188.29,245.592,124,25,0,
15,1,top,other,531.808,234.264,305,25,0,
15,2,top,host,196.58,251.184,124,25,0,
15,2,top,other,523.616,228.528,305,25,0,
15,3,top,host,204.87,256.776,124,25,0,
15,3,top,other,515.424,222.792,305,25,0,
15,4,top,host,213.16,262.368,124,25,0,
15,4,top,other,507.232,217.056,305,25,0,
15,5,top,host,221.45,267.96,124,25,0,
15,5,top,other,499.04,211.32,305,25,0,
15,6,top,host,229.74,273.552,124,25,0,
15,6,top,other,490.848,205.584,305,25,0,
15,7,top,host,238.03,279.144,124,25,0,
15,7,top,other,482.656,199.848,305,25,0,
15,8,top,host,246.32,284.736,124,25,0,
15,8,top,other,474.464,194.112,305,25,0,
15,9,top,host,254.61,290.328,124,25,0,
15,9,top,other,466.272,188.376,305,25,0,
15,10,top,host,262.9,295.92,124,25,0,
15,10,top,other,458.08,182.64,305,25,0,
15,11,top,host,271.19,301.512,124,25,0,
15,11,top,other,449.888,176.904,305,25,0,
15,12,top,host,279.48,307.104,124,25,0,
15,12,top,other,441.598,171.312,304,25,0,
15,13,top,host,287.77,312.696,124,25,0,
15,13,top,other,433.308,165.72,304,25,0,
15,14,top,host,296.06,318.288,124,25,0,
15,14,top,other,425.116,159.984,305,25,0,
15,15,top,host,304.35,323.88,124,25,0,
15,15,top,other,416.924,154.248,305,25,0,
15,16,top,host,312.64,329.472,124,25,0,
15,16,top,other,408.634,148.656,304,25,0,
15,17,top,host,320.93,335.064,124,25,0,
15,17,top,other,400.344,143.064,304,25,0,
15,18,top,host,329.22,340.656,124,25,0,
15,18,top,other,392.054,137.472,304,25,0,
15,19,top,host,337.51,346.248,124,25,0,
15,19,top,other,383.862,131.736,305,25,0,
15,20,top,host,345.8,351.84,124,26,0,
15,20,top,other,375.67,126,305,29,0,
15,21,top,host,345.8,351.84,124,26,0,
15,21,top,other,375.67,126,305,29,0,
15,22,top,host,345.8,351.84,124,26,0,
15,22,top,other,375.67,126,305,29,0,
16,1,top,host,188.29,234.408,56,26,0,
16,1,top,other,531.52,234.701,302,29,0,
16,2,top,host,196.58,228.816,56,26,0,
16,2,top,other,523.23,229.109,304,29,0,
16,3,top,host,204.87,223.224,56,26,0,
16,3,top,other,514.94,223.517,304,29,0,
16,4,top,host,213.16,217.632,56,26,0,
16,4,top,other,506.65,217.925,304,29,0,
16,5,top,host,221.45,212.04,56,26,0,
16,5,top,other,499.219,224.616,228,29,0,
16,6,top,host,229.74,206.448,56,26,0,
16,6,top,other,492.148,231.687,225,29,0,
16,7,top,host,238.03,200.856,56,26,0,
16,7,top,other,485.077,238.758,225,29,0,
16,8,top,host,246.32,195.264,56,26,0,
16,8,top,other,478.006,245.829,225,29,0,
16,9,top,host,254.61,189.672,56,26,0,
16,9,top,other,470.935,252.9,225,29,0,
16,10,top,host,262.9,184.08,56,26,0,
16,10,top,other,463.864,259.971,225,29,0,
16,11,top,host,271.19,178.488,56,26,0,
16,11,top,other,456.793,267.042,225,29,0,
16,12,top,host,279.48,172.896,56,26,0,
16,12,top,other,449.722,274.113,225,29,0,
16,13,top,host,287.77,167.304,56,26,0,
16,13,top,other,442.651,281.184,225,29,0,
16,14,top,host,296.06,161.712,56,26,0,
16,14,top,other,435.58,288.255,225,29,0,
16,15,top,host,304.35,156.12,56,26,0,
16,15,top,other,428.509,295.326,225,29,0,
16,16,top,host,312.64,150.528,56,26,0,
16,16,top,other,421.438,302.397,225,29,0,
16,17,top,host,320.93,144.936,56,26,0,
16,17,top,other,414.367,309.468,225,29,0,
16,18,top,host,329.22,139.344,56,26,0,
16,18,top,other,407.296,316.539,225,29,0,
16,19,top,host,337.51,133.752,56,26,0,
16,19,top,other,400.225,323.61,225,29,0,
16,20,top,host,345.8,128.16,56,30,0,
16,20,top,other,393.032,330.557,226,30,0,
16,21,top,host,345.8,128.16,56,30,0,
16,21,top,other,393.032,330.557,226,30,0,
16,22,top,host,345.8,128.16,56,30,0,
16,22,top,other,393.032,330.557,226,30,0,
17,1,top,host,188.192,245.736,125,30,0,
17,1,top,other,530,240,270,30,0,
17,2,top,host,196.384,251.472,125,30,0,
17,2,top,other,520,240,270,30,0,
17,3,top,host,204.576,257.208,125,30,0,
17,3,top,other,510,240,270,30,0,
17,4,top,host,212.768,262.944,125,30,0,
17,4,top,other,501.91,234.122,306,30,0,
17,5,top,host,220.96,268.68,125,30,0,
17,5,top,other,494.25,227.694,310,30,0,
17,6,top,host,229.152,274.416,125,30,0,
17,6,top,other,486.59,221.266,310,30,0,
17,7,top,host,237.344,280.152,125,30,0,
17,7,top,other,478.93,214.838,310,30,0,
17,8,top,host,245.536,285.888,125,30,0,
17,8,top,other,471.27,208.41,310,30,0,
17,9,top,host,253.728,291.624,125,30,0,
17,9,top,other,463.61,201.982,310,30,0,
17,10,top,host,261.92,297.36,125,30,0,
17,10,top,other,455.95,195.554,310,30,0,
17,11,top,host,270.112,303.096,125,30,0,
17,11,top,other,448.29,189.126,310,30,0,
17,12,top,host,278.304,308.832,125,30,0,
17,12,top,other,440.63,182.698,310,30,0,
17,13,top,host,286.496,314.568,125,30,0,
17,13,top,other,432.97,176.27,310,30,0,
17,14,top,host,294.688,320.304,125,30,0,
17,14,top,other,425.31,169.842,310,30,0,
17,15,top,host,302.88,326.04,125,30,0,
17,15,top,other,417.65,163.414,310,30,0,
17,16,top,host,311.072,331.776,125,30,0,
17,16,top,other,409.99,156.986,310,30,0,
17,17,top,host,319.264,337.512,125,30,0,
17,17,top,other,402.33,150.558,310,30,0,
17,18,top,host,327.456,343.248,125,30,0,
17,18,top,other,394.67,144.13,310,30,0,
17,19,top,host,335.648,348.984,125,30,0,
17,19,top,other,387.01,137.702,310,30,0,
17,20,top,host,343.84,354.72,125,31,0,
17,20,top,other,379.35,131.274,310,34,0,
17,21,top,host,343.84,354.72,125,31,0,
17,21,top,other,371.69,124.846,310,34,0,
17,22,top,host,343.84,354.72,125,31,0,
17,22,top,other,371.69,124.846,310,34,0,
18,1,top,host,188.29,234.408,56,31,0,
18,1,top,other,531.808,234.264,305,34,0,
18,2,top,host,196.58,228.816,56,31,0,
18,2,top,other,523.616,228.528,305,34,0,
18,3,top,host,204.87,223.224,56,31,0,
18,3,top,other,515.424,222.792,305,34,0,
18,4,top,host,213.16,217.632,56,31,0,
18,4,top,other,507.232,217.056,305,34,0,
18,5,top,host,221.45,212.04,56,31,0,
18,5,top,other,499.04,211.32,305,34,0,
18,6,top,host,229.74,206.448,56,31,0,
18,6,top,other,490.75,205.728,304,34,0,
18,7,top,host,238.03,200.856,56,31,0,
18,7,top,other,482.46,200.136,304,34,0,
18,8,top,host,246.32,195.264,56,31,0,
18,8,top,other,474.17,194.544,304,34,0,
18,9,top,host,254.61,189.672,56,31,0,
18,9,top,other,465.978,188.808,305,34,0,
18,10,top,host,262.9,184.08,56,31,0,
18,10,top,other,457.786,183.072,305,34,0,
18,11,top,host,271.19,178.488,56,31,0,
18,11,top,other,449.594,177.336,305,34,0,
18,12,top,host,279.48,172.896,56,31,0,
18,12,top,other,441.304,171.744,304,34,0,
18,13,top,host,287.77,167.304,56,31,0,
18,13,top,other,433.014,166.152,304,34,0,
18,14,top,host,296.06,161.712,56,31,0,
18,14,top,other,424.822,160.416,305,34,0,
18,15,top,host,304.35,156.12,56,31,0,
18,15,top,other,416.63,154.68,305,34,0,
18,16,top,host,312.64,150.528,56,31,0,
18,16,top,other,408.438,148.944,305,34,0,
18,17,top,host,320.93,144.936,56,31,0,
18,17,top,other,400.148,143.352,304,34,0,
18,18,top,host,329.22,139.344,56,31,0,
18,18,top,other,391.858,137.76,304,34,0,
18,19,top,host,337.51,133.752,56,31,0,
18,19,top,other,383.568,132.168,304,34,0,
18,20,top,host,345.8,128.16,56,31,0,
18,20,top,other,375.376,126.432,305,34,0,
18,21,top,host,345.8,128.16,56,31,0,
18,21,top,other,367.184,120.696,305,34,0,
18,22,top,host,345.8,128.16,56,31,0,
18,22,top,other,367.184,120.696,305,34,0,
19,1,top,host,188.29,234.408,56,31,0,
19,1,top,other,530,240,270,34,0,
19,2,top,host,196.58,228.816,56,31,0,
19,2,top,other,521.71,234.408,304,34,0,
19,3,top,host,204.87,223.224,56,31,0,
19,3,top,other,513.42,228.816,304,34,0,
19,4,top,host,213.16,217.632,56,31,0,
19,4,top,other,505.76,235.244,230,34,0,
19,5,top,host,221.45,212.04,56,31,0,
19,5,top,other,498.1,241.672,230,34,0,
19,6,top,host,229.74,206.448,56,31,0,
19,6,top,other,490.44,248.1,230,34,0,
19,7,top,host,238.03,200.856,56,31,0,
19,7,top,other,482.78,254.528,230,34,0,
19,8,top,host,246.32,195.264,56,31,0,
19,8,top,other,475.12,260.956,230,34,0,
19,9,top,host,254.61,189.672,56,31,0,
19,9,top,other,467.46,267.384,230,34,0,
19,10,top,host,262.9,184.08,56,31,0,
19,10,top,other,459.8,273.812,230,34,0,
19,11,top,host,271.19,178.488,56,31,0,
19,11,top,other,452.14,280.24,230,34,0,
19,12,top,host,279.48,172.896,56,31,0,
19,12,top,other,444.48,286.668,230,34,0,
19,13,top,host,287.77,167.304,56,31,0,
19,13,top,other,436.82,293.096,230,34,0,
19,14,top,host,296.06,161.712,56,31,0,
19,14,top,other,429.16,299.524,230,34,0,
19,15,top,host,304.35,156.12,56,31,0,
19,15,top,other,421.5,305.952,230,34,0,
19,16,top,host,312.64,150.528,56,31,0,
19,16,top,other,413.84,312.38,230,34,0,
19,17,top,host,320.93,144.936,56,31,0,
19,17,top,other,406.18,318.808,230,34,0,
19,18,top,host,329.22,139.344,56,31,0,
19,18,top,other,398.52,325.236,230,34,0,
19,19,top,host,337.51,133.752,56,31,0,
19,19,top,other,390.86,331.664,230,34,0,
19,20,top,host,345.8,128.16,56,35,0,
19,20,top,other,383.2,338.092,230,35,0,
19,21,top,host,345.8,128.16,56,35,0,
19,21,top,other,375.54,344.52,230,35,0,
19,22,top,host,345.8,128.16,56,35,0,
19,22,top,other,367.88,350.948,230,35,0,
20,1,bottom,host,188.387,234.554,57,35,0,
20,1,bottom,other,531.71,245.592,236,35,0,
20,2,bottom,host,196.774,229.108,57,35,0,
20,2,bottom,other,523.42,251.184,236,35,0,
20,3,bottom,host,205.161,223.662,57,35,0,
20,3,bottom,other,515.13,256.776,236,35,0,
20,4,bottom,host,213.548,218.216,57,35,0,
20,4,bottom,other,506.84,262.368,236,35,0,
20,5,bottom,host,221.935,212.77,57,35,0,
20,5,bottom,other,498.55,267.96,236,35,0,
20,6,bottom,host,230.322,207.324,57,35,0,
20,6,bottom,other,490.26,273.552,236,35,0,
20,7,bottom,host,238.709,201.878,57,35,0,
20,7,bottom,other,481.97,279.144,236,35,0,
20,8,bottom,host,247.096,196.432,57,35,0,
20,8,bottom,other,473.68,284.736,236,35,0,
20,9,bottom,host,255.386,190.84,56,35,0,
20,9,bottom,other,465.39,290.328,236,35,0,
20,10,bottom,host,263.676,185.248,56,35,0,
20,10,bottom,other,457.1,295.92,236,35,0,
20,11,bottom,host,271.966,179.656,56,35,0,
20,11,bottom,other,448.81,301.512,236,35,0,
20,12,bottom,host,280.256,174.064,56,35,0,
20,12,bottom,other,440.52,307.104,236,35,0,
20,13,bottom,host,288.546,168.472,56,35,0,
20,13,bottom,other,432.23,312.696,236,35,0,
20,14,bottom,host,296.836,162.88,56,35,0,
20,14,bottom,other,423.94,318.288,236,35,0,
20,15,bottom,host,305.126,157.288,56,35,0,
20,15,bottom,other,415.65,323.88,236,35,0,
20,16,bottom,host,313.416,151.696,56,35,0,
20,16,bottom,other,407.458,329.616,235,35,0,
20,17,bottom,host,321.706,146.104,56,35,0,
20,17,bottom,other,399.266,335.352,235,35,0,
20,18,bottom,host,329.996,140.512,56,35,0,
20,18,bottom,other,391.074,341.088,235,35,0,
20,19,bottom,host,338.286,134.92,56,35,0,
20,19,bottom,other,382.882,346.824,235,35,0,
20,20,bottom,host,346.576,129.328,56,36,0,
20,20,bottom,other,374.592,352.416,236,39,0,
20,21,bottom,host,346.576,129.328,56,36,0,
20,21,bottom,other,366.302,358.008,236,39,0,
20,22,bottom,host,346.576,129.328,56,36,0,
20,22,bottom,other,366.302,358.008,236,39,0,
21,1,bottom,host,188.48,245.299,122,36,0,
21,1,bottom,other,530,240,270,39,0,
21,2,bottom,host,196.867,250.745,123,36,0,
21,2,bottom,other,520,240,270,39,0,
21,3,bottom,host,205.254,256.191,123,36,0,
21,3,bottom,other,510,240,270,39,0,
21,4,bottom,host,213.641,261.637,123,36,0,
21,4,bottom,other,500,240,270,39,0,
21,5,bottom,host,222.028,267.083,123,36,0,
21,5,bottom,other,492.229,233.707,309,39,0,
21,6,bottom,host,230.415,272.529,123,36,0,
21,6,bottom,other,484.682,227.146,311,39,0,
21,7,bottom,host,238.802,277.975,123,36,0,
21,7,bottom,other,477.135,220.585,311,39,0,
21,8,bottom,host,247.189,283.421,123,36,0,
21,8,bottom,other,469.588,214.024,311,39,0,
21,9,bottom,host,255.576,288.867,123,36,0,
21,9,bottom,other,462.041,207.463,311,39,0,
21,10,bottom,host,263.963,294.313,123,36,0,
21,10,bottom,other,454.494,200.902,311,39,0,
21,11,bottom,host,272.35,299.759,123,36,0,
21,11,bottom,other,446.947,194.341,311,39,0,
21,12,bottom,host,280.737,305.205,123,36,0,
21,12,bottom,other,439.4,187.78,311,39,0,
21,13,bottom,host,289.124,310.651,123,36,0,
21,13,bottom,other,431.853,181.219,311,39,0,
21,14,bottom,host,297.511,316.097,123,36,0,
21,14,bottom,other,424.306,174.658,311,39,0,
21,15,bottom,host,305.898,321.543,123,36,0,
21,15,bottom,other,416.759,168.097,311,39,0,
21,16,bottom,host,314.285,326.989,123,36,0,
21,16,bottom,other,409.212,161.536,311,39,0,
21,17,bottom,host,322.672,332.435,123,36,0,
21,17,bottom,other,401.552,155.108,310,39,0,
21,18,bottom,host,331.059,337.881,123,36,0,
21,18,bottom,other,393.892,148.68,310,39,0,
21,19,bottom,host,339.446,343.327,123,36,0,
21,19,bottom,other,386.232,142.252,310,39,0,
21,20,bottom,host,347.833,348.773,123,40,0,
21,20,bottom,other,378.572,135.824,310,40,0,
21,21,bottom,host,347.833,348.773,123,40,0,
21,21,bottom,other,378.572,135.824,310,40,0,
21,22,bottom,host,347.833,348.773,123,40,0,
21,22,bottom,other,378.572,135.824,310,40,0,
22,1,bottom,host,188.29,234.408,56,40,0,
22,1,bottom,other,530,240,270,40,0,
22,2,bottom,host,196.58,228.816,56,40,0,
22,2,bottom,other,520,240,270,40,0,
22,3,bottom,host,204.87,223.224,56,40,0,
22,3,bottom,other,511.71,245.592,236,40,0,
22,4,bottom,host,213.16,217.632,56,40,0,
22,4,bottom,other,503.62,251.47,234,40,0,
22,5,bottom,host,221.45,212.04,56,40,0,
22,5,bottom,other,495.53,257.348,234,40,0,
22,6,bottom,host,229.74,206.448,56,40,0,
22,6,bottom,other,487.44,263.226,234,40,0,
22,7,bottom,host,238.03,200.856,56,40,0,
22,7,bottom,other,479.35,269.104,234,40,0,
22,8,bottom,host,246.32,195.264,56,40,0,
22,8,bottom,other,471.26,274.982,234,40,0,
22,9,bottom,host,254.61,189.672,56,40,0,
22,9,bottom,other,463.17,280.86,234,40,0,
22,10,bottom,host,262.9,184.08,56,40,0,
22,10,bottom,other,455.08,286.738,234,40,0,
22,11,bottom,host,271.19,178.488,56,40,0,
22,11,bottom,other,446.99,292.616,234,40,0,
22,12,bottom,host,279.48,172.896,56,40,0,
22,12,bottom,other,438.9,298.494,234,40,0,
22,13,bottom,host,287.77,167.304,56,40,0,
22,13,bottom,other,430.81,304.372,234,40,0,
22,14,bottom,host,296.06,161.712,56,40,0,
22,14,bottom,other,422.72,310.25,234,40,0,
22,15,bottom,host,304.35,156.12,56,40,0,
22,15,bottom,other,414.63,316.128,234,40,0,
22,16,bottom,host,312.64,150.528,56,40,0,
22,16,bottom,other,406.54,322.006,234,40,0,
22,17,bottom,host,320.93,144.936,56,40,0,
22,17,bottom,other,398.45,327.884,234,40,0,
22,18,bottom,host,329.22,139.344,56,40,0,
22,18,bottom,other,390.36,333.762,234,40,0,
22,19,bottom,host,337.51,133.752,56,40,0,
22,19,bottom,other,382.27,339.64,234,40,0,
22,20,bottom,host,345.8,128.16,56,41,0,
22,20,bottom,other,374.18,345.518,234,44,0,
22,21,bottom,host,345.8,128.16,56,41,0,
22,21,bottom,other,364.332,347.254,260,44,0,
22,22,bottom,host,345.8,128.16,56,41,0,
22,22,bottom,other,354.484,348.99,260,44,0,
23,1,top,host,188.29,234.408,56,41,0,
23,1,top,other,531.171,244.695,242,44,0,
23,2,top,host,196.58,228.816,56,41,0,
23,2,top,other,522.784,239.249,303,44,0,
23,3,top,host,204.87,223.224,56,41,0,
23,3,top,other,514.397,233.803,303,44,0,
23,4,top,host,213.16,217.632,56,41,0,
23,4,top,other,506.01,228.357,303,44,0,
23,5,top,host,221.45,212.04,56,41,0,
23,5,top,other,497.92,234.235,234,44,0,
23,6,top,host,229.74,206.448,56,41,0,
23,6,top,other,490.489,240.926,228,44,0,
23,7,top,host,238.03,200.856,56,41,0,
23,7,top,other,483.058,247.617,228,44,0,
23,8,top,host,246.32,195.264,56,41,0,
23,8,top,other,475.627,254.308,228,44,0,
23,9,top,host,254.61,189.672,56,41,0,
23,9,top,other,468.196,260.999,228,44,0,
23,10,top,host,262.9,184.08,56,41,0,
23,10,top,other,460.765,267.69,228,44,0,
23,11,top,host,271.19,178.488,56,41,0,
23,11,top,other,453.334,274.381,228,44,0,
23,12,top,host,279.48,172.896,56,41,0,
23,12,top,other,445.903,281.072,228,44,0,
23,13,top,host,287.77,167.304,56,41,0,
23,13,top,other,438.472,287.763,228,44,0,
23,14,top,host,296.06,161.712,56,41,0,
23,14,top,other,431.041,294.454,228,44,0,
23,15,top,host,304.35,156.12,56,41,0,
23,15,top,other,423.61,301.145,228,44,0,
23,16,top,host,312.64,150.528,56,41,0,
23,16,top,other,416.179,307.836,228,44,0,
23,17,top,host,320.93,144.936,56,41,0,
23,17,top,other,408.748,314.527,228,44,0,
23,18,top,host,329.22,139.344,56,41,0,
23,18,top,other,401.317,321.218,228,44,0,
23,19,top,host,337.51,133.752,56,41,0,
23,19,top,other,393.886,327.909,228,44,0,
23,20,top,host,345.8,128.16,56,45,0,
23,20,top,other,386.455,334.6,228,45,0,
23,21,top,host,345.8,128.16,56,45,0,
23,21,top,other,379.024,341.291,228,45,0,
23,22,top,host,345.8,128.16,56,45,0,
23,22,top,other,371.593,347.982,228,45,0,
24,1,top,host,188.48,245.299,122,45,0,
24,1,top,other,530,240,270,45,0,
24,2,top,host,196.96,250.598,122,45,0,
24,2,top,other,520,240,270,45,0,
24,3,top,host,205.44,255.897,122,45,0,
24,3,top,other,510,240,270,45,0,
24,4,top,host,213.92,261.196,122,45,0,
24,4,top,other,500,240,270,45,0,
24,5,top,host,222.4,266.495,122,45,0,
24,5,top,other,492.12,233.843,308,45,0,
24,6,top,host,230.88,271.794,122,45,0,
24,6,top,other,484.24,227.686,308,45,0,
24,7,top,host,239.36,277.093,122,45,0,
24,7,top,other,476.58,221.258,310,45,0,
24,8,top,host,247.84,282.392,122,45,0,
24,8,top,other,468.92,214.83,310,45,0,
24,9,top,host,256.32,287.691,122,45,0,
24,9,top,other,461.373,208.269,311,45,0,
24,10,top,host,264.8,292.99,122,45,0,
24,10,top,other,453.826,201.708,311,45,0,
24,11,top,host,273.28,298.289,122,45,0,
24,11,top,other,446.279,195.147,311,45,0,
24,12,top,host,281.76,303.588,122,45,0,
24,12,top,other,438.619,188.719,310,45,0,
24,13,top,host,290.24,308.887,122,45,0,
24,13,top,other,430.959,182.291,310,45,0,
24,14,top,host,298.72,314.186,122,45,0,
24,14,top,other,423.299,175.863,310,45,0,
24,15,top,host,307.2,319.485,122,45,0,
24,15,top,other,415.752,169.302,311,45,0,
24,16,top,host,315.68,324.784,122,45,0,
24,16,top,other,408.205,162.741,311,45,0,
24,17,top,host,324.16,330.083,122,45,0,
24,17,top,other,400.658,156.18,311,45,0,
24,18,top,host,332.64,335.382,122,45,0,
24,18,top,other,393.111,149.619,311,45,0,
24,19,top,host,341.12,340.681,122,45,0,
24,19,top,other,385.451,143.191,310,45,0,
24,20,top,host,349.6,345.98,122,46,0,
24,20,top,other,377.791,136.763,310,49,0,
24,21,top,host,349.6,345.98,122,46,0,
24,21,top,other,370.131,130.335,310,49,0,
24,22,top,host,349.6,345.98,122,46,0,
24,22,top,other,362.471,123.907,310,49,0,
25,1,top,host,188.48,234.701,58,46,0,
25,1,top,other,530,240,270,49,0,
25,2,top,host,196.96,229.402,58,46,0,
25,2,top,other,520,240,270,49,0,
25,3,top,host,205.44,224.103,58,46,0,
25,3,top,other,510,240,270,49,0,
25,4,top,host,213.92,218.804,58,46,0,
25,4,top,other,502.12,246.157,232,49,0,
25,5,top,host,222.4,213.505,58,46,0,
25,5,top,other,494.24,252.314,232,49,0,
25,6,top,host,230.88,208.206,58,46,0,
25,6,top,other,486.36,258.471,232,49,0,
25,7,top,host,239.36,202.907,58,46,0,
25,7,top,other,478.48,264.628,232,49,0,
25,8,top,host,247.84,197.608,58,46,0,
25,8,top,other,470.6,270.785,232,49,0,
25,9,top,host,256.32,192.309,58,46,0,
25,9,top,other,462.72,276.942,232,49,0,
25,10,top,host,264.8,187.01,58,46,0,
25,10,top,other,454.84,283.099,232,49,0,
25,11,top,host,273.28,181.711,58,46,0,
25,11,top,other,446.96,289.256,232,49,0,
25,12,top,host,281.76,176.412,58,46,0,
25,12,top,other,439.08,295.413,232,49,0,
25,13,top,host,290.24,171.113,58,46,0,
25,13,top,other,431.2,301.57,232,49,0,
25,14,top,host,298.72,165.814,58,46,0,
25,14,top,other,423.32,307.727,232,49,0,
25,15,top,host,307.2,160.515,58,46,0,
25,15,top,other,415.44,313.884,232,49,0,
25,16,top,host,315.68,155.216,58,46,0,
25,16,top,other,407.56,320.041,232,49,0,
25,17,top,host,324.16,149.917,58,46,0,
25,17,top,other,399.68,326.198,232,49,0,
25,18,top,host,332.64,144.618,58,46,0,
25,18,top,other,391.8,332.355,232,49,0,
25,19,top,host,341.12,139.319,58,46,0,
25,19,top,other,383.814,338.373,233,49,0,
25,20,top,host,349.6,134.02,58,50,0,
25,20,top,other,375.828,344.391,233,50,0,
25,21,top,host,349.6,134.02,58,50,0,
25,21,top,other,375.828,344.391,233,50,0,
25,22,top,host,349.6,134.02,58,50,0,
25,22,top,other,375.828,344.391,233,50,0,
26,1,bottom,host,188.387,234.554,57,50,0,
26,1,bottom,other,530,240,270,50,0,
26,2,bottom,host,196.774,229.108,57,50,0,
26,2,bottom,other,520,240,270,50,0,
26,3,bottom,host,205.161,223.662,57,50,0,
26,3,bottom,other,510,240,270,50,0,
26,4,bottom,host,213.548,218.216,57,50,0,
26,4,bottom,other,502.014,246.018,233,50,0,
26,5,bottom,host,221.935,212.77,57,50,0,
26,5,bottom,other,494.028,252.036,233,50,0,
26,6,bottom,host,230.322,207.324,57,50,0,
26,6,bottom,other,486.257,258.329,231,50,0,
26,7,bottom,host,238.709,201.878,57,50,0,
26,7,bottom,other,478.486,264.622,231,50,0,
26,8,bottom,host,247.096,196.432,57,50,0,
26,8,bottom,other,470.715,270.915,231,50,0,
26,9,bottom,host,255.483,190.986,57,50,0,
26,9,bottom,other,462.944,277.208,231,50,0,
26,10,bottom,host,263.87,185.54,57,50,0,
26,10,bottom,other,455.173,283.501,231,50,0,
26,11,bottom,host,272.257,180.094,57,50,0,
26,11,bottom,other,447.402,289.794,231,50,0,
26,12,bottom,host,280.644,174.648,57,50,0,
26,12,bottom,other,439.631,296.087,231,50,0,
26,13,bottom,host,289.031,169.202,57,50,0,
26,13,bottom,other,431.86,302.38,231,50,0,
26,14,bottom,host,297.418,163.756,57,50,0,
26,14,bottom,other,424.089,308.673,231,50,0,
26,15,bottom,host,305.805,158.31,57,50,0,
26,15,bottom,other,416.318,314.966,231,50,0,
26,16,bottom,host,314.192,152.864,57,50,0,
26,16,bottom,other,408.547,321.259,231,50,0,
26,17,bottom,host,322.579,147.418,57,50,0,
26,17,bottom,other,400.776,327.552,231,50,0,
26,18,bottom,host,330.966,141.972,57,50,0,
26,18,bottom,other,393.005,333.845,231,50,0,
26,19,bottom,host,339.353,136.526,57,50,0,
26,19,bottom,other,385.234,340.138,231,50,0,
26,20,bottom,host,347.74,131.08,57,51,0,
26,20,bottom,other,377.463,346.431,231,54,0,
26,21,bottom,host,347.74,131.08,57,51,0,
26,21,bottom,other,377.463,346.431,231,54,0,
26,22,bottom,host,347.74,131.08,57,51,0,
26,22,bottom,other,377.463,346.431,231,54,0,
27,1,top,host,188.29,234.408,56,51,0,
27,1,top,other,530,240,270,54,0,
27,2,top,host,196.58,228.816,56,51,0,
27,2,top,other,520,240,270,54,0,
27,3,top,host,204.87,223.224,56,51,0,
27,3,top,other,510,240,270,54,0,
27,4,top,host,213.16,217.632,56,51,0,
27,4,top,other,502.34,246.428,230,54,0,
27,5,top,host,221.45,212.04,56,51,0,
27,5,top,other,494.68,252.856,230,54,0,
27,6,top,host,229.74,206.448,56,51,0,
27,6,top,other,487.02,259.284,230,54,0,
27,7,top,host,238.03,200.856,56,51,0,
27,7,top,other,479.36,265.712,230,54,0,
27,8,top,host,246.32,195.264,56,51,0,
27,8,top,other,471.7,272.14,230,54,0,
27,9,top,host,254.61,189.672,56,51,0,
27,9,top,other,464.04,278.568,230,54,0,
27,10,top,host,262.9,184.08,56,51,0,
27,10,top,other,456.38,284.996,230,54,0,
27,11,top,host,271.19,178.488,56,51,0,
27,11,top,other,448.72,291.424,230,54,0,
27,12,top,host,279.48,172.896,56,51,0,
27,12,top,other,441.06,297.852,230,54,0,
27,13,top,host,287.77,167.304,56,51,0,
27,13,top,other,433.4,304.28,230,54,0,
27,14,top,host,296.06,161.712,56,51,0,
27,14,top,other,425.74,310.708,230,54,0,
27,15,top,host,304.35,156.12,56,51,0,
27,15,top,other,418.08,317.136,230,54,0,
27,16,top,host,312.64,150.528,56,51,0,
27,16,top,other,410.42,323.564,230,54,0,
27,17,top,host,320.93,144.936,56,51,0,
27,17,top,other,402.76,329.992,230,54,0,
27,18,top,host,329.22,139.344,56,51,0,
27,18,top,other,395.1,336.42,230,54,0,
27,19,top,host,337.51,133.752,56,51,0,
27,19,top,other,387.44,342.848,230,54,0,
27,20,top,host,345.8,128.16,56,55,0,
27,20,top,other,379.78,349.276,230,55,0,
27,21,top,host,345.8,128.16,56,55,0,
27,21,top,other,379.78,349.276,230,55,0,
27,22,top,host,345.8,128.16,56,55,0,
27,22,top,other,379.78,349.276,230,55,0,
28,1,bottom,host,188.48,234.701,58,55,0,
28,1,bottom,other,531.613,245.446,237,55,0,
28,2,bottom,host,196.96,229.402,58,55,0,
28,2,bottom,other,523.226,250.892,237,55,0,
28,3,bottom,host,205.44,224.103,58,55,0,
28,3,bottom,other,514.839,256.338,237,55,0,
28,4,bottom,host,213.92,218.804,58,55,0,
28,4,bottom,other,506.452,261.784,237,55,0,
28,5,bottom,host,222.21,213.212,56,55,0,
28,5,bottom,other,498.065,267.23,237,55,0,
28,6,bottom,host,230.5,207.62,56,55,0,
28,6,bottom,other,489.678,272.676,237,55,0,
28,7,bottom,host,238.79,202.028,56,55,0,
28,7,bottom,other,481.291,278.122,237,55,0,
28,8,bottom,host,247.08,196.436,56,55,0,
28,8,bottom,other,472.904,283.568,237,55,0,
28,9,bottom,host,255.37,190.844,56,55,0,
28,9,bottom,other,464.517,289.014,237,55,0,
28,10,bottom,host,263.66,185.252,56,55,0,
28,10,bottom,other,456.13,294.46,237,55,0,
28,11,bottom,host,271.95,179.66,56,55,0,
28,11,bottom,other,447.743,299.906,237,55,0,
28,12,bottom,host,280.24,174.068,56,55,0,
28,12,bottom,other,439.356,305.352,237,55,0,
28,13,bottom,host,288.53,168.476,56,55,0,
28,13,bottom,other,430.969,310.798,237,55,0,
28,14,bottom,host,296.82,162.884,56,55,0,
28,14,bottom,other,422.582,316.244,237,55,0,
28,15,bottom,host,305.11,157.292,56,55,0,
28,15,bottom,other,414.195,321.69,237,55,0,
28,16,bottom,host,313.4,151.7,56,55,0,
28,16,bottom,other,405.808,327.136,237,55,0,
28,17,bottom,host,321.69,146.108,56,55,0,
28,17,bottom,other,397.421,332.582,237,55,0,
28,18,bottom,host,329.98,140.516,56,55,0,
28,18,bottom,other,389.034,338.028,237,55,0,
28,19,bottom,host,338.27,134.924,56,55,0,
28,19,bottom,other,380.647,343.474,237,55,0,
28,20,bottom,host,346.56,129.332,56,56,0,
28,20,bottom,other,372.26,348.92,237,59,0,
28,21,bottom,host,346.56,129.332,56,56,0,
28,21,bottom,other,372.26,348.92,237,59,0,
28,22,bottom,host,346.56,129.332,56,56,0,
28,22,bottom,other,372.26,348.92,237,59,0,
29,1,top,host,188.387,234.554,57,56,0,
29,1,top,other,530,240,270,59,0,
29,2,top,host,196.774,229.108,57,56,0,
29,2,top,other,520,240,270,59,0,
29,3,top,host,205.161,223.662,57,56,0,
29,3,top,other,510,240,270,59,0,
29,4,top,host,213.548,218.216,57,56,0,
29,4,top,other,501.91,245.878,234,59,0,
29,5,top,host,221.935,212.77,57,56,0,
29,5,top,other,493.82,251.756,234,59,0,
29,6,top,host,230.322,207.324,57,56,0,
29,6,top,other,485.73,257.634,234,59,0,
29,7,top,host,238.709,201.878,57,56,0,
29,7,top,other,477.64,263.512,234,59,0,
29,8,top,host,247.096,196.432,57,56,0,
29,8,top,other,469.55,269.39,234,59,0,
29,9,top,host,255.483,190.986,57,56,0,
29,9,top,other,461.46,275.268,234,59,0,
29,10,top,host,263.87,185.54,57,56,0,
29,10,top,other,453.37,281.146,234,59,0,
29,11,top,host,272.257,180.094,57,56,0,
29,11,top,other,445.28,287.024,234,59,0,
29,12,top,host,280.644,174.648,57,56,0,
29,12,top,other,437.19,292.902,234,59,0,
29,13,top,host,289.031,169.202,57,56,0,
29,13,top,other,429.1,298.78,234,59,0,
29,14,top,host,297.418,163.756,57,56,0,
29,14,top,other,421.01,304.658,234,59,0,
29,15,top,host,305.805,158.31,57,56,0,
29,15,top,other,412.92,310.536,234,59,0,
29,16,top,host,314.192,152.864,57,56,0,
29,16,top,other,404.83,316.414,234,59,0,
29,17,top,host,322.579,147.418,57,56,0,
29,17,top,other,396.74,322.292,234,59,0,
29,18,top,host,330.966,141.972,57,56,0,
29,18,top,other,388.65,328.17,234,59,0,
29,19,top,host,339.353,136.526,57,56,0,
29,19,top,other,380.56,334.048,234,59,0,
29,20,top,host,347.74,131.08,57,60,0,
29,20,top,other,372.47,339.926,234,60,0,
29,21,top,host,347.74,131.08,57,60,0,
29,21,top,other,372.47,339.926,234,60,0,
29,22,top,host,347.74,131.08,57,60,0,
29,22,top,other,372.47,339.926,234,60,0,
30,1,top,host,188.48,245.299,122,60,0,
30,1,top,other,530,240,270,60,0,
30,2,top,host,196.96,250.598,122,60,0,
30,2,top,other,521.71,234.408,304,60,0,
30,3,top,host,205.44,255.897,122,60,0,
30,3,top,other,513.42,228.816,304,60,0,
30,4,top,host,213.92,261.196,122,60,0,
30,4,top,other,505.13,223.224,304,60,0,
30,5,top,host,222.4,266.495,122,60,0,
30,5,top,other,496.84,217.632,304,60,0,
30,6,top,host,230.88,271.794,122,60,0,
30,6,top,other,488.55,212.04,304,60,0,
30,7,top,host,239.36,277.093,122,60,0,
30,7,top,other,480.26,206.448,304,60,0,
30,8,top,host,247.84,282.392,122,60,0,
30,8,top,other,471.97,200.856,304,60,0,
30,9,top,host,256.32,287.691,122,60,0,
30,9,top,other,463.68,195.264,304,60,0,
30,10,top,host,264.8,292.99,122,60,0,
30,10,top,other,455.39,189.672,304,60,0,
30,11,top,host,273.28,298.289,122,60,0,
30,11,top,other,447.1,184.08,304,60,0,
30,12,top,host,281.76,303.588,122,60,0,
30,12,top,other,438.81,178.488,304,60,0,
30,13,top,host,290.24,308.887,122,60,0,
30,13,top,other,430.52,172.896,304,60,0,
30,14,top,host,298.72,314.186,122,60,0,
30,14,top,other,422.23,167.304,304,60,0,
30,15,top,host,307.2,319.485,122,60,0,
30,15,top,other,413.94,161.712,304,60,0,
30,16,top,host,315.68,324.784,122,60,0,
30,16,top,other,405.65,156.12,304,60,0,
30,17,top,host,324.16,330.083,122,60,0,
30,17,top,other,397.36,150.528,304,60,0,
30,18,top,host,332.64,335.382,122,60,0,
30,18,top,other,389.07,144.936,304,60,0,
30,19,top,host,341.12,340.681,122,60,0,
30,19,top,other,380.78,139.344,304,60,0,
30,20,top,host,349.6,345.98,122,61,0,
30,20,top,other,372.49,133.752,304,64,0,
30,21,top,host,349.6,345.98,122,61,0,
30,21,top,other,372.49,133.752,304,64,0,
30,22,top,host,349.6,345.98,122,61,0,
30,22,top,other,372.49,133.752,304,64,0,
31,1,top,host,188.48,234.701,58,61,0,
31,1,top,other,531.808,245.736,235,64,0,
31,2,top,host,196.96,229.402,58,61,0,
31,2,top,other,523.616,251.472,235,64,0,
31,3,top,host,205.44,224.103,58,61,0,
31,3,top,other,515.424,257.208,235,64,0,
31,4,top,host,213.92,218.804,58,61,0,
31,4,top,other,507.232,262.944,235,64,0,
31,5,top,host,222.4,213.505,58,61,0,
31,5,top,other,499.04,268.68,235,64,0,
31,6,top,host,230.88,208.206,58,61,0,
31,6,top,other,490.848,274.416,235,64,0,
31,7,top,host,239.36,202.907,58,61,0,
31,7,top,other,482.656,280.152,235,64,0,
31,8,top,host,247.84,197.608,58,61,0,
31,8,top,other,474.464,285.888,235,64,0,
31,9,top,host,256.32,192.309,58,61,0,
31,9,top,other,466.272,291.624,235,64,0,
31,10,top,host,264.8,187.01,58,61,0,
31,10,top,other,458.08,297.36,235,64,0,
31,11,top,host,273.28,181.711,58,61,0,
31,11,top,other,449.888,303.096,235,64,0,
31,12,top,host,281.76,176.412,58,61,0,
31,12,top,other,441.696,308.832,235,64,0,
31,13,top,host,290.24,171.113,58,61,0,
31,13,top,other,433.504,314.568,235,64,0,
31,14,top,host,298.72,165.814,58,61,0,
31,14,top,other,425.312,320.304,235,64,0,
31,15,top,host,307.2,160.515,58,61,0,
31,15,top,other,417.12,326.04,235,64,0,
31,16,top,host,315.68,155.216,58,61,0,
31,16,top,other,408.928,331.776,235,64,0,
31,17,top,host,324.16,149.917,58,61,0,
31,17,top,other,400.736,337.512,235,64,0,
31,18,top,host,332.64,144.618,58,61,0,
31,18,top,other,392.544,343.248,235,64,0,
31,19,top,host,341.12,139.319,58,61,0,
31,19,top,other,384.352,348.984,235,64,0,
31,20,top,host,349.6,134.02,58,65,0,
31,20,top,other,376.16,354.72,235,65,0,
31,21,top,host,349.6,134.02,58,65,0,
31,21,top,other,376.16,354.72,235,65,0,
31,22,top,host,349.6,134.02,58,65,0,
31,22,top,other,376.16,354.72,235,65,0,
32,1,top,host,188.387,245.446,123,65,0,
32,1,top,other,531.71,234.408,304,65,0,
32,2,top,host,196.774,250.892,123,65,0,
32,2,top,other,523.42,228.816,304,65,0,
32,3,top,host,205.161,256.338,123,65,0,
32,3,top,other,515.13,223.224,304,65,0,
32,4,top,host,213.548,261.784,123,65,0,
32,4,top,other,506.84,217.632,304,65,0,
32,5,top,host,221.935,267.23,123,65,0,
32,5,top,other,498.55,212.04,304,65,0,
32,6,top,host,230.322,272.676,123,65,0,
32,6,top,other,490.26,206.448,304,65,0,
32,7,top,host,238.709,278.122,123,65,0,
32,7,top,other,481.97,200.856,304,65,0,
32,8,top,host,247.096,283.568,123,65,0,
32,8,top,other,473.68,195.264,304,65,0,
32,9,top,host,255.483,289.014,123,65,0,
32,9,top,other,465.39,189.672,304,65,0,
32,10,top,host,263.87,294.46,123,65,0,
32,10,top,other,457.1,184.08,304,65,0,
32,11,top,host,272.257,299.906,123,65,0,
32,11,top,other,448.81,178.488,304,65,0,
32,12,top,host,280.644,305.352,123,65,0,
32,12,top,other,440.52,172.896,304,65,0,
32,13,top,host,289.031,310.798,123,65,0,
32,13,top,other,432.23,167.304,304,65,0,
32,14,top,host,297.418,316.244,123,65,0,
32,14,top,other,423.94,161.712,304,65,0,
32,15,top,host,305.805,321.69,123,65,0,
32,15,top,other,415.65,156.12,304,65,0,
32,16,top,host,314.192,327.136,123,65,0,
32,16,top,other,407.36,150.528,304,65,0,
32,17,top,host,322.579,332.582,123,65,0,
32,17,top,other,399.07,144.936,304,65,0,
32,18,top,host,330.966,338.028,123,65,0,
32,18,top,other,390.78,139.344,304,65,0,
32,19,top,host,339.353,343.474,123,65,0,
32,19,top,other,382.49,133.752,304,65,0,
32,20,top,host,347.74,348.92,123,66,0,
32,20,top,other,374.2,128.16,304,69,0,
32,21,top,host,347.74,348.92,123,66,0,
32,21,top,other,374.2,128.16,304,69,0,
32,22,top,host,347.74,348.92,123,66,0,
32,22,top,other,374.2,128.16,304,69,0,
33,1,bottom,host,188.29,245.592,124,66,0,
33,1,bottom,other,530,240,270,69,0,
33,2,bottom,host,196.58,251.184,124,66,0,
33,2,bottom,other,520,240,270,69,0,
33,3,bottom,host,204.87,256.776,124,66,0,
33,3,bottom,other,510,240,270,69,0,
33,4,bottom,host,213.16,262.368,124,66,0,
33,4,bottom,other,500,240,270,69,0,
33,5,bottom,host,221.45,267.96,124,66,0,
33,5,bottom,other,492.569,233.309,312,69,0,
33,6,bottom,host,229.74,273.552,124,66,0,
33,6,bottom,other,485.138,226.618,312,69,0,
33,7,bottom,host,238.03,279.144,124,66,0,
33,7,bottom,other,477.707,219.927,312,69,0,
33,8,bottom,host,246.32,284.736,124,66,0,
33,8,bottom,other,470.276,213.236,312,69,0,
33,9,bottom,host,254.61,290.328,124,66,0,
33,9,bottom,other,462.845,206.545,312,69,0,
33,10,bottom,host,262.9,295.92,124,66,0,
33,10,bottom,other,455.414,199.854,312,69,0,
33,11,bottom,host,271.19,301.512,124,66,0,
33,11,bottom,other,447.983,193.163,312,69,0,
33,12,bottom,host,279.48,307.104,124,66,0,
33,12,bottom,other,440.552,186.472,312,69,0,
33,13,bottom,host,287.77,312.696,124,66,0,
33,13,bottom,other,433.121,179.781,312,69,0,
33,14,bottom,host,296.06,318.288,124,66,0,
33,14,bottom,other,425.69,173.09,312,69,0,
33,15,bottom,host,304.35,323.88,124,66,0,
33,15,bottom,other,418.259,166.399,312,69,0,
33,16,bottom,host,312.64,329.472,124,66,0,
33,16,bottom,other,410.828,159.708,312,69,0,
33,17,bottom,host,320.93,335.064,124,66,0,
33,17,bottom,other,403.397,153.017,312,69,0,
33,18,bottom,host,329.22,340.656,124,66,0,
33,18,bottom,other,395.966,146.326,312,69,0,
33,19,bottom,host,337.51,346.248,124,66,0,
33,19,bottom,other,388.535,139.635,312,69,0,
33,20,bottom,host,345.8,351.84,124,70,0,
33,20,bottom,other,381.104,132.944,312,70,0,
33,21,bottom,host,345.8,351.84,124,70,0,
33,21,bottom,other,381.104,132.944,312,70,0,
33,22,bottom,host,345.8,351.84,124,70,0,
33,22,bottom,other,381.104,132.944,312,70,0,
34,1,bottom,host,188.387,234.554,57,70,0,
34,1,bottom,other,530,240,270,70,0,
34,2,bottom,host,196.774,229.108,57,70,0,
34,2,bottom,other,521.613,245.446,237,70,0,
34,3,bottom,host,205.161,223.662,57,70,0,
34,3,bottom,other,513.226,250.892,237,70,0,
34,4,bottom,host,213.548,218.216,57,70,0,
34,4,bottom,other,504.839,256.338,237,70,0,
34,5,bottom,host,221.935,212.77,57,70,0,
34,5,bottom,other,496.452,261.784,237,70,0,
34,6,bottom,host,230.322,207.324,57,70,0,
34,6,bottom,other,488.065,267.23,237,70,0,
34,7,bottom,host,238.709,201.878,57,70,0,
34,7,bottom,other,479.678,272.676,237,70,0,
34,8,bottom,host,247.096,196.432,57,70,0,
34,8,bottom,other,471.291,278.122,237,70,0,
34,9,bottom,host,255.483,190.986,57,70,0,
34,9,bottom,other,462.904,283.568,237,70,0,
34,10,bottom,host,263.87,185.54,57,70,0,
34,10,bottom,other,454.517,289.014,237,70,0,
34,11,bottom,host,272.257,180.094,57,70,0,
34,11,bottom,other,446.13,294.46,237,70,0,
34,12,bottom,host,280.644,174.648,57,70,0,
34,12,bottom,other,437.743,299.906,237,70,0,
34,13,bottom,host,289.031,169.202,57,70,0,
34,13,bottom,other,429.356,305.352,237,70,0,
34,14,bottom,host,297.418,163.756,57,70,0,
34,14,bottom,other,420.969,310.798,237,70,0,
34,15,bottom,host,305.805,158.31,57,70,0,
34,15,bottom,other,412.582,316.244,237,70,0,
34,16,bottom,host,314.192,152.864,57,70,0,
34,16,bottom,other,404.195,321.69,237,70,0,
34,17,bottom,host,322.579,147.418,57,70,0,
34,17,bottom,other,395.808,327.136,237,70,0,
34,18,bottom,host,330.966,141.972,57,70,0,
34,18,bottom,other,387.421,332.582,237,70,0,
34,19,bottom,host,339.353,136.526,57,70,0,
34,19,bottom,other,379.034,338.028,237,70,0,
34,20,bottom,host,347.74,131.08,57,71,0,
34,20,bottom,other,370.647,343.474,237,74,0,
34,21,bottom,host,347.74,131.08,57,71,0,
34,21,bottom,other,370.647,343.474,237,74,0,
34,22,bottom,host,347.74,131.08,57,71,0,
34,22,bottom,other,370.647,343.474,237,74,0,
35,1,top,host,188.387,234.554,57,71,0,
35,1,top,other,530,240,270,74,0,
35,2,top,host,196.774,229.108,57,71,0,
35,2,top,other,520,240,270,74,0,
35,3,top,host,205.161,223.662,57,71,0,
35,3,top,other,511.52,245.299,238,74,0,
35,4,top,host,213.548,218.216,57,71,0,
35,4,top,other,503.43,251.177,234,74,0,
35,5,top,host,221.935,212.77,57,71,0,
35,5,top,other,495.34,257.055,234,74,0,
35,6,top,host,230.322,207.324,57,71,0,
35,6,top,other,487.25,262.933,234,74,0,
35,7,top,host,238.709,201.878,57,71,0,
35,7,top,other,479.16,268.811,234,74,0,
35,8,top,host,247.096,196.432,57,71,0,
35,8,top,other,471.07,274.689,234,74,0,
35,9,top,host,255.483,190.986,57,71,0,
35,9,top,other,462.98,280.567,234,74,0,
35,10,top,host,263.87,185.54,57,71,0,
35,10,top,other,454.89,286.445,234,74,0,
35,11,top,host,272.257,180.094,57,71,0,
35,11,top,other,446.8,292.323,234,74,0,
35,12,top,host,280.644,174.648,57,71,0,
35,12,top,other,438.71,298.201,234,74,0,
35,13,top,host,289.031,169.202,57,71,0,
35,13,top,other,430.62,304.079,234,74,0,
35,14,top,host,297.418,163.756,57,71,0,
35,14,top,other,422.53,309.957,234,74,0,
35,15,top,host,305.805,158.31,57,71,0,
35,15,top,other,414.44,315.835,234,74,0,
35,16,top,host,314.192,152.864,57,71,0,
35,16,top,other,406.35,321.713,234,74,0,
35,17,top,host,322.579,147.418,57,71,0,
35,17,top,other,398.26,327.591,234,74,0,
35,18,top,host,330.966,141.972,57,71,0,
35,18,top,other,390.17,333.469,234,74,0,
35,19,top,host,339.353,136.526,57,71,0,
35,19,top,other,382.08,339.347,234,74,0,
35,20,top,host,347.74,131.08,57,75,0,
35,20,top,other,373.99,345.225,234,75,0,
35,21,top,host,347.74,131.08,57,75,0,
35,21,top,other,373.99,345.225,234,75,0,
35,22,top,host,347.74,131.08,57,75,0,
35,22,top,other,373.99,345.225,234,75,0,
36,1,top,host,188.192,245.736,125,75,0,
36,1,top,other,531.71,234.408,304,75,0,
36,2,top,host,196.384,251.472,125,75,0,
36,2,top,other,523.42,228.816,304,75,0,
36,3,top,host,204.576,257.208,125,75,0,
36,3,top,other,515.13,223.224,304,75,0,
36,4,top,host,212.768,262.944,125,75,0,
36,4,top,other,506.84,217.632,304,75,0,
36,5,top,host,220.96,268.68,125,75,0,
36,5,top,other,498.55,212.04,304,75,0,
36,6,top,host,229.152,274.416,125,75,0,
36,6,top,other,490.26,206.448,304,75,0,
36,7,top,host,237.344,280.152,125,75,0,
36,7,top,other,481.97,200.856,304,75,0,
36,8,top,host,245.536,285.888,125,75,0,
36,8,top,other,473.68,195.264,304,75,0,
36,9,top,host,253.728,291.624,125,75,0,
36,9,top,other,465.39,189.672,304,75,0,
36,10,top,host,261.92,297.36,125,75,0,
36,10,top,other,457.1,184.08,304,75,0,
36,11,top,host,270.112,303.096,125,75,0,
36,11,top,other,448.81,178.488,304,75,0,
36,12,top,host,278.304,308.832,125,75,0,
36,12,top,other,440.52,172.896,304,75,0,
36,13,top,host,286.496,314.568,125,75,0,
36,13,top,other,432.23,167.304,304,75,0,
36,14,top,host,294.688,320.304,125,75,0,
36,14,top,other,423.94,161.712,304,75,0,
36,15,top,host,302.88,326.04,125,75,0,
36,15,top,other,415.65,156.12,304,75,0,
36,16,top,host,311.072,331.776,125,75,0,
36,16,top,other,407.36,150.528,304,75,0,
36,17,top,host,319.264,337.512,125,75,0,
36,17,top,other,399.07,144.936,304,75,0,
36,18,top,host,327.456,343.248,125,75,0,
36,18,top,other,390.78,139.344,304,75,0,
36,19,top,host,335.648,348.984,125,75,0,
36,19,top,other,382.49,133.752,304,75,0,
36,20,top,host,343.84,354.72,125,76,0,
36,20,top,other,374.2,128.16,304,79,0,
36,21,top,host,343.84,354.72,125,76,0,
36,21,top,other,374.2,128.16,304,79,0,
36,22,top,host,343.84,354.72,125,76,0,
36,22,top,other,374.2,128.16,304,79,0,
37,1,bottom,host,188.387,245.446,123,76,0,
37,1,bottom,other,530,240,270,79,0,
37,2,bottom,host,196.774,250.892,123,76,0,
37,2,bottom,other,521.428,234.85,301,79,0,
37,3,bottom,host,205.161,256.338,123,76,0,
37,3,bottom,other,513.657,228.557,309,79,0,
37,4,bottom,host,213.548,261.784,123,76,0,
37,4,bottom,other,505.886,222.264,309,79,0,
37,5,bottom,host,221.935,267.23,123,76,0,
37,5,bottom,other,498.339,215.703,311,79,0,
37,6,bottom,host,230.322,272.676,123,76,0,
37,6,bottom,other,490.792,209.142,311,79,0,
37,7,bottom,host,238.709,278.122,123,76,0,
37,7,bottom,other,483.245,202.581,311,79,0,
37,8,bottom,host,247.096,283.568,123,76,0,
37,8,bottom,other,474.955,196.989,304,79,0,
37,9,bottom,host,255.483,289.014,123,76,0,
37,9,bottom,other,466.665,191.397,304,79,0,
37,10,bottom,host,263.87,294.46,123,76,0,
37,10,bottom,other,458.375,185.805,304,79,0,
37,11,bottom,host,272.257,299.906,123,76,0,
37,11,bottom,other,450.085,180.213,304,79,0,
37,12,bottom,host,280.644,305.352,123,76,0,
37,12,bottom,other,441.795,174.621,304,79,0,
37,13,bottom,host,289.031,310.798,123,76,0,
37,13,bottom,other,433.505,169.029,304,79,0,
37,14,bottom,host,297.418,316.244,123,76,0,
37,14,bottom,other,425.215,163.437,304,79,0,
37,15,bottom,host,305.805,321.69,123,76,0,
37,15,bottom,other,416.925,157.845,304,79,0,
37,16,bottom,host,314.192,327.136,123,76,0,
37,16,bottom,other,408.635,152.253,304,79,0,
37,17,bottom,host,322.579,332.582,123,76,0,
37,17,bottom,other,400.345,146.661,304,79,0,
37,18,bottom,host,330.966,338.028,123,76,0,
37,18,bottom,other,392.055,141.069,304,79,0,
37,19,bottom,host,339.353,343.474,123,76,0,
37,19,bottom,other,383.765,135.477,304,79,0,
37,20,bottom,host,347.74,348.92,123,80,0,
37,20,bottom,other,375.475,129.885,304,80,0,
37,21,bottom,host,347.74,348.92,123,80,0,
37,21,bottom,other,375.475,129.885,304,80,0,
37,22,bottom,host,347.74,348.92,123,80,0,
37,22,bottom,other,375.475,129.885,304,80,0,
38,1,bottom,host,188.29,234.408,56,80,0,
38,1,bottom,other,530,240,270,80,0,
38,2,bottom,host,196.58,228.816,56,80,0,
38,2,bottom,other,521.808,245.736,235,80,0,
38,3,bottom,host,204.87,223.224,56,80,0,
38,3,bottom,other,513.616,251.472,235,80,0,
38,4,bottom,host,213.16,217.632,56,80,0,
38,4,bottom,other,505.424,257.208,235,80,0,
38,5,bottom,host,221.45,212.04,56,80,0,
38,5,bottom,other,497.232,262.944,235,80,0,
38,6,bottom,host,229.74,206.448,56,80,0,
38,6,bottom,other,489.04,268.68,235,80,0,
38,7,bottom,host,238.03,200.856,56,80,0,
38,7,bottom,other,480.848,274.416,235,80,0,
38,8,bottom,host,246.32,195.264,56,80,0,
38,8,bottom,other,472.656,280.152,235,80,0,
38,9,bottom,host,254.61,189.672,56,80,0,
38,9,bottom,other,464.464,285.888,235,80,0,
38,10,bottom,host,262.9,184.08,56,80,0,
38,10,bottom,other,456.272,291.624,235,80,0,
38,11,bottom,host,271.19,178.488,56,80,0,
38,11,bottom,other,448.08,297.36,235,80,0,
38,12,bottom,host,279.48,172.896,56,80,0,
38,12,bottom,other,439.888,303.096,235,80,0,
38,13,bottom,host,287.77,167.304,56,80,0,
38,13,bottom,other,431.696,308.832,235,80,0,
38,14,bottom,host,296.06,161.712,56,80,0,
38,14,bottom,other,423.504,314.568,235,80,0,
38,15,bottom,host,304.35,156.12,56,80,0,
38,15,bottom,other,415.312,320.304,235,80,0,
38,16,bottom,host,312.64,150.528,56,80,0,
38,16,bottom,other,407.12,326.04,235,80,0,
38,17,bottom,host,320.93,144.936,56,80,0,
38,17,bottom,other,398.928,331.776,235,80,0,
38,18,bottom,host,329.22,139.344,56,80,0,
38,18,bottom,other,390.736,337.512,235,80,0,
38,19,bottom,host,337.51,133.752,56,80,0,
38,19,bottom,other,382.544,343.248,235,80,0,
38,20,bottom,host,345.8,128.16,56,81,0,
38,20,bottom,other,374.352,348.984,235,84,0,
38,21,bottom,host,345.8,128.16,56,81,0,
38,21,bottom,other,374.352,348.984,235,84,0,
38,22,bottom,host,345.8,128.16,56,81,0,
38,22,bottom,other,374.352,348.984,235,84,0,
39,1,top,host,188.387,234.554,57,81,0,
39,1,top,other,531.808,245.736,235,84,0,
39,2,top,host,196.774,229.108,57,81,0,
39,2,top,other,523.616,251.472,235,84,0,
39,3,top,host,205.161,223.662,57,81,0,
39,3,top,other,515.424,257.208,235,84,0,
39,4,top,host,213.548,218.216,57,81,0,
39,4,top,other,507.232,262.944,235,84,0,
39,5,top,host,221.935,212.77,57,81,0,
39,5,top,other,499.04,268.68,235,84,0,
39,6,top,host,230.322,207.324,57,81,0,
39,6,top,other,490.848,274.416,235,84,0,
39,7,top,host,238.709,201.878,57,81,0,
39,7,top,other,482.656,280.152,235,84,0,
39,8,top,host,247.096,196.432,57,81,0,
39,8,top,other,474.464,285.888,235,84,0,
39,9,top,host,255.483,190.986,57,81,0,
39,9,top,other,466.272,291.624,235,84,0,
39,10,top,host,263.87,185.54,57,81,0,
39,10,top,other,458.08,297.36,235,84,0,
39,11,top,host,272.257,180.094,57,81,0,
39,11,top,other,449.888,303.096,235,84,0,
39,12,top,host,280.644,174.648,57,81,0,
39,12,top,other,441.696,308.832,235,84,0,
39,13,top,host,289.031,169.202,57,81,0,
39,13,top,other,433.504,314.568,235,84,0,
39,14,top,host,297.418,163.756,57,81,0,
39,14,top,other,425.312,320.304,235,84,0,
39,15,top,host,305.805,158.31,57,81,0,
39,15,top,other,417.12,326.04,235,84,0,
39,16,top,host,314.192,152.864,57,81,0,
39,16,top,other,408.928,331.776,235,84,0,
39,17,top,host,322.579,147.418,57,81,0,
39,17,top,other,400.736,337.512,235,84,0,
39,18,top,host,330.966,141.972,57,81,0,
39,18,top,other,392.544,343.248,235,84,0,
39,19,top,host,339.353,136.526,57,81,0,
39,19,top,other,384.352,348.984,235,84,0,
39,20,top,host,347.74,131.08,57,85,0,
39,20,top,other,376.16,354.72,235,85,0,
39,21,top,host,347.74,131.08,57,85,0,
39,21,top,other,376.16,354.72,235,85,0,
39,22,top,host,347.74,131.08,57,85,0,
39,22,top,other,376.16,354.72,235,85,0,
40,1,top,host,188.192,245.736,125,85,0,
40,1,top,other,530,240,270,85,0,
40,2,top,host,196.384,251.472,125,85,0,
40,2,top,other,521.71,234.408,304,85,0,
40,3,top,host,204.576,257.208,125,85,0,
40,3,top,other,513.42,228.816,304,85,0,
40,4,top,host,212.768,262.944,125,85,0,
40,4,top,other,505.434,222.798,307,85,0,
40,5,top,host,220.96,268.68,125,85,0,
40,5,top,other,497.448,216.78,307,85,0,
40,6,top,host,229.152,274.416,125,85,0,
40,6,top,other,489.462,210.762,307,85,0,
40,7,top,host,237.344,280.152,125,85,0,
40,7,top,other,481.476,204.744,307,85,0,
40,8,top,host,245.536,285.888,125,85,0,
40,8,top,other,473.49,198.726,307,85,0,
40,9,top,host,253.728,291.624,125,85,0,
40,9,top,other,465.504,192.708,307,85,0,
40,10,top,host,261.92,297.36,125,85,0,
40,10,top,other,457.518,186.69,307,85,0,
40,11,top,host,270.112,303.096,125,85,0,
40,11,top,other,449.532,180.672,307,85,0,
40,12,top,host,278.304,308.832,125,85,0,
40,12,top,other,441.546,174.654,307,85,0,
40,13,top,host,286.496,314.568,125,85,0,
40,13,top,other,433.56,168.636,307,85,0,
40,14,top,host,294.688,320.304,125,85,0,
40,14,top,other,425.574,162.618,307,85,0,
40,15,top,host,302.88,326.04,125,85,0,
40,15,top,other,417.588,156.6,307,85,0,
40,16,top,host,311.072,331.776,125,85,0,
40,16,top,other,409.602,150.582,307,85,0,
40,17,top,host,319.264,337.512,125,85,0,
40,17,top,other,401.616,144.564,307,85,0,
40,18,top,host,327.456,343.248,125,85,0,
40,18,top,other,393.63,138.546,307,85,0,
40,19,top,host,335.648,348.984,125,85,0,
40,19,top,other,385.644,132.528,307,85,0,
40,20,top,host,343.84,354.72,125,86,0,
40,20,top,other,377.658,126.51,307,89,0,
40,21,top,host,343.84,354.72,125,86,0,
40,21,top,other,377.658,126.51,307,89,0,
40,22,top,host,343.84,354.72,125,86,0,
40,22,top,other,377.658,126.51,307,89,0,
41,1,bottom,host,188.192,245.736,125,86,0,
41,1,bottom,other,531.91,234.122,306,89,0,
41,2,bottom,host,196.384,251.472,125,86,0,
41,2,bottom,other,523.82,228.244,306,89,0,
41,3,bottom,host,204.576,257.208,125,86,0,
41,3,bottom,other,515.73,222.366,306,89,0,
41,4,bottom,host,212.768,262.944,125,86,0,
41,4,bottom,other,507.64,216.488,306,89,0,
41,5,bottom,host,220.96,268.68,125,86,0,
41,5,bottom,other,499.55,210.61,306,89,0,
41,6,bottom,host,229.152,274.416,125,86,0,
41,6,bottom,other,491.46,204.732,306,89,0,
41,7,bottom,host,237.344,280.152,125,86,0,
41,7,bottom,other,483.37,198.854,306,89,0,
41,8,bottom,host,245.536,285.888,125,86,0,
41,8,bottom,other,475.28,192.976,306,89,0,
41,9,bottom,host,253.728,291.624,125,86,0,
41,9,bottom,other,467.19,187.098,306,89,0,
41,10,bottom,host,261.92,297.36,125,86,0,
41,10,bottom,other,459.1,181.22,306,89,0,
41,11,bottom,host,270.112,303.096,125,86,0,
41,11,bottom,other,451.01,175.342,306,89,0,
41,12,bottom,host,278.304,308.832,125,86,0,
41,12,bottom,other,442.92,169.464,306,89,0,
41,13,bottom,host,286.496,314.568,125,86,0,
41,13,bottom,other,434.83,163.586,306,89,0,
41,14,bottom,host,294.688,320.304,125,86,0,
41,14,bottom,other,426.74,157.708,306,89,0,
41,15,bottom,host,302.88,326.04,125,86,0,
41,15,bottom,other,418.65,151.83,306,89,0,
41,16,bottom,host,311.072,331.776,125,86,0,
41,16,bottom,other,410.56,145.952,306,89,0,
41,17,bottom,host,319.264,337.512,125,86,0,
41,17,bottom,other,402.47,140.074,306,89,0,
41,18,bottom,host,327.456,343.248,125,86,0,
41,18,bottom,other,394.38,134.196,306,89,0,
41,19,bottom,host,335.648,348.984,125,86,0,
41,19,bottom,other,386.29,128.318,306,89,0,
41,20,bottom,host,343.84,354.72,125,90,0,
41,20,bottom,other,378.2,122.44,306,90,0,
41,21,bottom,host,343.84,354.72,125,90,0,
41,21,bottom,other,378.2,122.44,306,90,0,
41,22,bottom,host,343.84,354.72,125,90,0,
41,22,bottom,other,378.2,122.44,306,90,0,
42,1,top,host,188.387,245.446,123,90,0,
42,1,top,other,531.613,234.554,303,90,0,
42,2,top,host,196.774,250.892,123,90,0,
42,2,top,other,523.226,229.108,303,90,0,
42,3,top,host,205.161,256.338,123,90,0,
42,3,top,other,514.936,223.516,304,90,0,
42,4,top,host,213.548,261.784,123,90,0,
42,4,top,other,506.646,217.924,304,90,0,
42,5,top,host,221.935,267.23,123,90,0,
42,5,top,other,498.356,212.332,304,90,0,
42,6,top,host,230.322,272.676,123,90,0,
42,6,top,other,490.066,206.74,304,90,0,
42,7,top,host,238.709,278.122,123,90,0,
42,7,top,other,481.776,201.148,304,90,0,
42,8,top,host,247.096,283.568,123,90,0,
42,8,top,other,473.486,195.556,304,90,0,
42,9,top,host,255.483,289.014,123,90,0,
42,9,top,other,465.196,189.964,304,90,0,
42,10,top,host,263.87,294.46,123,90,0,
42,10,top,other,456.906,184.372,304,90,0,
42,11,top,host,272.257,299.906,123,90,0,
42,11,top,other,448.616,178.78,304,90,0,
42,12,top,host,280.644,305.352,123,90,0,
42,12,top,other,440.326,173.188,304,90,0,
42,13,top,host,289.031,310.798,123,90,0,
42,13,top,other,432.036,167.596,304,90,0,
42,14,top,host,297.418,316.244,123,90,0,
42,14,top,other,423.746,162.004,304,90,0,
42,15,top,host,305.805,321.69,123,90,0,
42,15,top,other,415.456,156.412,304,90,0,
42,16,top,host,314.192,327.136,123,90,0,
42,16,top,other,407.166,150.82,304,90,0,
42,17,top,host,322.579,332.582,123,90,0,
42,17,top,other,398.876,145.228,304,90,0,
42,18,top,host,330.966,338.028,123,90,0,
42,18,top,other,390.586,139.636,304,90,0,
42,19,top,host,339.353,343.474,123,90,0,
42,19,top,other,382.296,134.044,304,90,0,
42,20,top,host,347.74,348.92,123,91,0,
42,20,top,other,374.006,128.452,304,94,0,
42,21,top,host,347.74,348.92,123,91,0,
42,21,top,other,374.006,128.452,304,94,0,
42,22,top,host,347.74,348.92,123,91,0,
42,22,top,other,374.006,128.452,304,94,0,
43,1,bottom,host,188.29,245.592,124,91,0,
43,1,bottom,other,531.613,234.554,303,94,0,
43,2,bottom,host,196.58,251.184,124,91,0,
43,2,bottom,other,523.226,229.108,303,94,0,
43,3,bottom,host,204.87,256.776,124,91,0,
43,3,bottom,other,514.839,223.662,303,94,0,
43,4,bottom,host,213.16,262.368,124,91,0,
43,4,bottom,other,506.452,218.216,303,94,0,
43,5,bottom,host,221.45,267.96,124,91,0,
43,5,bottom,other,498.065,212.77,303,94,0,
43,6,bottom,host,229.74,273.552,124,91,0,
43,6,bottom,other,489.678,207.324,303,94,0,
43,7,bottom,host,238.03,279.144,124,91,0,
43,7,bottom,other,481.291,201.878,303,94,0,
43,8,bottom,host,246.32,284.736,124,91,0,
43,8,bottom,other,472.904,196.432,303,94,0,
43,9,bottom,host,254.61,290.328,124,91,0,
43,9,bottom,other,464.517,190.986,303,94,0,
43,10,bottom,host,262.9,295.92,124,91,0,
43,10,bottom,other,456.13,185.54,303,94,0,
43,11,bottom,host,271.19,301.512,124,91,0,
43,11,bottom,other,447.743,180.094,303,94,0,
43,12,bottom,host,279.48,307.104,124,91,0,
43,12,bottom,other,439.356,174.648,303,94,0,
43,13,bottom,host,287.77,312.696,124,91,0,
43,13,bottom,other,430.969,169.202,303,94,0,
43,14,bottom,host,296.06,318.288,124,91,0,
43,14,bottom,other,422.582,163.756,303,94,0,
43,15,bottom,host,304.35,323.88,124,91,0,
43,15,bottom,other,414.195,158.31,303,94,0,
43,16,bottom,host,312.64,329.472,124,91,0,
43,16,bottom,other,405.808,152.864,303,94,0,
43,17,bottom,host,320.93,335.064,124,91,0,
43,17,bottom,other,397.421,147.418,303,94,0,
43,18,bottom,host,329.22,340.656,124,91,0,
43,18,bottom,other,389.034,141.972,303,94,0,
43,19,bottom,host,337.51,346.248,124,91,0,
43,19,bottom,other,380.647,136.526,303,94,0,
43,20,bottom,host,345.8,351.84,124,95,0,
43,20,bottom,other,372.26,131.08,303,95,0,
43,21,bottom,host,345.8,351.84,124,95,0,
43,21,bottom,other,372.26,131.08,303,95,0,
43,22,bottom,host,345.8,351.84,124,95,0,
43,22,bottom,other,372.26,131.08,303,95,0,
44,1,bottom,host,188.387,234.554,57,95,0,
44,1,bottom,other,531.71,245.592,236,95,0,
44,2,bottom,host,196.774,229.108,57,95,0,
44,2,bottom,other,523.42,251.184,236,95,0,
44,3,bottom,host,205.161,223.662,57,95,0,
44,3,bottom,other,515.13,256.776,236,95,0,
44,4,bottom,host,213.548,218.216,57,95,0,
44,4,bottom,other,506.84,262.368,236,95,0,
44,5,bottom,host,221.935,212.77,57,95,0,
44,5,bottom,other,498.55,267.96,236,95,0,
44,6,bottom,host,230.322,207.324,57,95,0,
44,6,bottom,other,490.26,273.552,236,95,0,
44,7,bottom,host,238.709,201.878,57,95,0,
44,7,bottom,other,481.97,279.144,236,95,0,
44,8,bottom,host,247.096,196.432,57,95,0,
44,8,bottom,other,473.68,284.736,236,95,0,
44,9,bottom,host,255.483,190.986,57,95,0,
44,9,bottom,other,465.39,290.328,236,95,0,
44,10,bottom,host,263.87,185.54,57,95,0,
44,10,bottom,other,457.1,295.92,236,95,0,
44,11,bottom,host,272.257,180.094,57,95,0,
44,11,bottom,other,448.81,301.512,236,95,0,
44,12,bottom,host,280.644,174.648,57,95,0,
44,12,bottom,other,440.52,307.104,236,95,0,
44,13,bottom,host,289.031,169.202,57,95,0,
44,13,bottom,other,432.23,312.696,236,95,0,
44,14,bottom,host,297.418,163.756,57,95,0,
44,14,bottom,other,423.94,318.288,236,95,0,
44,15,bottom,host,305.805,158.31,57,95,0,
44,15,bottom,other,415.65,323.88,236,95,0,
44,16,bottom,host,314.192,152.864,57,95,0,
44,16,bottom,other,407.36,329.472,236,95,0,
44,17,bottom,host,322.579,147.418,57,95,0,
44,17,bottom,other,399.07,335.064,236,95,0,
44,18,bottom,host,330.966,141.972,57,95,0,
44,18,bottom,other,390.78,340.656,236,95,0,
44,19,bottom,host,339.353,136.526,57,95,0,
44,19,bottom,other,382.49,346.248,236,95,0,
44,20,bottom,host,347.74,131.08,57,96,0,
44,20,bottom,other,374.2,351.84,236,99,0,
44,21,bottom,host,347.74,131.08,57,96,0,
44,21,bottom,other,374.2,351.84,236,99,0,
44,22,bottom,host,347.74,131.08,57,96,0,
44,22,bottom,other,374.2,351.84,236,99,0,
45,1,bottom,host,188.387,245.446,123,96,0,
45,1,bottom,other,531.71,234.408,304,99,0,
45,2,bottom,host,196.774,250.892,123,96,0,
45,2,bottom,other,523.323,228.962,303,99,0,
45,3,bottom,host,205.161,256.338,123,96,0,
45,3,bottom,other,514.936,223.516,303,99,0,
45,4,bottom,host,213.548,261.784,123,96,0,
45,4,bottom,other,506.549,218.07,303,99,0,
45,5,bottom,host,221.935,267.23,123,96,0,
45,5,bottom,other,498.162,212.624,303,99,0,
45,6,bottom,host,230.322,272.676,123,96,0,
45,6,bottom,other,489.775,207.178,303,99,0,
45,7,bottom,host,238.709,278.122,123,96,0,
45,7,bottom,other,481.388,201.732,303,99,0,
45,8,bottom,host,247.096,283.568,123,96,0,
45,8,bottom,other,473.001,196.286,303,99,0,
45,9,bottom,host,255.483,289.014,123,96,0,
45,9,bottom,other,464.614,190.84,303,99,0,
45,10,bottom,host,263.87,294.46,123,96,0,
45,10,bottom,other,456.227,185.394,303,99,0,
45,11,bottom,host,272.257,299.906,123,96,0,
45,11,bottom,other,447.84,179.948,303,99,0,
45,12,bottom,host,280.644,305.352,123,96,0,
45,12,bottom,other,439.453,174.502,303,99,0,
45,13,bottom,host,289.031,310.798,123,96,0,
45,13,bottom,other,431.066,169.056,303,99,0,
45,14,bottom,host,297.418,316.244,123,96,0,
45,14,bottom,other,422.679,163.61,303,99,0,
45,15,bottom,host,305.805,321.69,123,96,0,
45,15,bottom,other,414.292,158.164,303,99,0,
45,16,bottom,host,314.192,327.136,123,96,0,
45,16,bottom,other,405.905,152.718,303,99,0,
45,17,bottom,host,322.579,332.582,123,96,0,
45,17,bottom,other,397.518,147.272,303,99,0,
45,18,bottom,host,330.966,338.028,123,96,0,
45,18,bottom,other,389.131,141.826,303,99,0,
45,19,bottom,host,339.353,343.474,123,96,0,
45,19,bottom,other,380.744,136.38,303,99,0,
45,20,bottom,host,347.74,348.92,123,100,0,
45,20,bottom,other,372.357,130.934,303,100,0,
45,21,bottom,host,347.74,348.92,123,100,0,
45,21,bottom,other,372.357,130.934,303,100,0,
45,22,bottom,host,347.74,348.92,123,100,0,
45,22,bottom,other,372.357,130.934,303,100,0,
46,1,bottom,host,188.29,234.408,56,100,0,
46,1,bottom,other,531.71,245.592,236,100,0,
46,2,bottom,host,196.58,228.816,56,100,0,
46,2,bottom,other,523.42,251.184,236,100,0,
46,3,bottom,host,204.87,223.224,56,100,0,
46,3,bottom,other,515.13,256.776,236,100,0,
46,4,bottom,host,213.16,217.632,56,100,0,
46,4,bottom,other,506.84,262.368,236,100,0,
46,5,bottom,host,221.45,212.04,56,100,0,
46,5,bottom,other,498.55,267.96,236,100,0,
46,6,bottom,host,229.74,206.448,56,100,0,
46,6,bottom,other,490.26,273.552,236,100,0,
46,7,bottom,host,238.03,200.856,56,100,0,
46,7,bottom,other,481.97,279.144,236,100,0,
46,8,bottom,host,246.32,195.264,56,100,0,
46,8,bottom,other,473.68,284.736,236,100,0,
46,9,bottom,host,254.61,189.672,56,100,0,
46,9,bottom,other,465.39,290.328,236,100,0,
46,10,bottom,host,262.9,184.08,56,100,0,
46,10,bottom,other,457.1,295.92,236,100,0,
46,11,bottom,host,271.19,178.488,56,100,0,
46,11,bottom,other,448.81,301.512,236,100,0,
46,12,bottom,host,279.48,172.896,56,100,0,
46,12,bottom,other,440.52,307.104,236,100,0,
46,13,bottom,host,287.77,167.304,56,100,0,
46,13,bottom,other,432.23,312.696,236,100,0,
46,14,bottom,host,296.06,161.712,56,100,0,
46,14,bottom,other,423.94,318.288,236,100,0,
46,15,bottom,host,304.35,156.12,56,100,0,
46,15,bottom,other,415.65,323.88,236,100,0,
46,16,bottom,host,312.64,150.528,56,100,0,
46,16,bottom,other,407.36,329.472,236,100,0,
46,17,bottom,host,320.93,144.936,56,100,0,
46,17,bottom,other,399.07,335.064,236,100,0,
46,18,bottom,host,329.22,139.344,56,100,0,
46,18,bottom,other,390.78,340.656,236,100,0,
46,19,bottom,host,337.51,133.752,56,100,0,
46,19,bottom,other,382.49,346.248,236,100,0,
46,20,bottom,host,345.8,128.16,56,101,0,
46,20,bottom,other,374.2,351.84,236,104,0,
46,21,bottom,host,345.8,128.16,56,101,0,
46,21,bottom,other,374.2,351.84,236,104,0,
46,22,bottom,host,345.8,128.16,56,101,0,
46,22,bottom,other,374.2,351.84,236,104,0,
47,1,top,host,188.387,234.554,57,101,0,
47,1,top,other,531.71,245.592,236,104,0,
47,2,top,host,196.774,229.108,57,101,0,
47,2,top,other,523.42,251.184,236,104,0,
47,3,top,host,205.161,223.662,57,101,0,
47,3,top,other,515.13,256.776,236,104,0,
47,4,top,host,213.548,218.216,57,101,0,
47,4,top,other,506.84,262.368,236,104,0,
47,5,top,host,221.935,212.77,57,101,0,
47,5,top,other,498.55,267.96,236,104,0,
47,6,top,host,230.322,207.324,57,101,0,
47,6,top,other,490.26,273.552,236,104,0,
47,7,top,host,238.709,201.878,57,101,0,
47,7,top,other,481.97,279.144,236,104,0,
47,8,top,host,247.096,196.432,57,101,0,
47,8,top,other,473.68,284.736,236,104,0,
47,9,top,host,255.483,190.986,57,101,0,
47,9,top,other,465.39,290.328,236,104,0,
47,10,top,host,263.87,185.54,57,101,0,
47,10,top,other,457.1,295.92,236,104,0,
47,11,top,host,272.257,180.094,57,101,0,
47,11,top,other,448.81,301.512,236,104,0,
47,12,top,host,280.644,174.648,57,101,0,
47,12,top,other,440.52,307.104,236,104,0,
47,13,top,host,289.031,169.202,57,101,0,
47,13,top,other,432.23,312.696,236,104,0,
47,14,top,host,297.418,163.756,57,101,0,
47,14,top,other,423.94,318.288,236,104,0,
47,15,top,host,305.805,158.31,57,101,0,
47,15,top,other,415.65,323.88,236,104,0,
47,16,top,host,314.192,152.864,57,101,0,
47,16,top,other,407.36,329.472,236,104,0,
47,17,top,host,322.579,147.418,57,101,0,
47,17,top,other,399.07,335.064,236,104,0,
47,18,top,host,330.966,141.972,57,101,0,
47,18,top,other,390.78,340.656,236,104,0,
47,19,top,host,339.353,136.526,57,101,0,
47,19,top,other,382.49,346.248,236,104,0,
47,20,top,host,347.74,131.08,57,105,0,
47,20,top,other,374.2,351.84,236,105,0,
47,21,top,host,347.74,131.08,57,105,0,
47,21,top,other,374.2,351.84,236,105,0,
47,22,top,host,347.74,131.08,57,105,0,
47,22,top,other,374.2,351.84,236,105,0,
48,1,top,host,188.48,245.299,122,105,0,
48,1,top,other,530,240,270,105,0,
48,2,top,host,196.96,250.598,122,105,0,
48,2,top,other,520,240,270,105,0,
48,3,top,host,205.44,255.897,122,105,0,
48,3,top,other,510,240,270,105,0,
48,4,top,host,213.92,261.196,122,105,0,
48,4,top,other,500,240,270,105,0,
48,5,top,host,222.4,266.495,122,105,0,
48,5,top,other,492.12,233.843,308,105,0,
48,6,top,host,230.88,271.794,122,105,0,
48,6,top,other,484.24,227.686,308,105,0,
48,7,top,host,239.36,277.093,122,105,0,
48,7,top,other,476.36,221.529,308,105,0,
48,8,top,host,247.84,282.392,122,105,0,
48,8,top,other,468.48,215.372,308,105,0,
48,9,top,host,256.32,287.691,122,105,0,
48,9,top,other,460.6,209.215,308,105,0,
48,10,top,host,264.8,292.99,122,105,0,
48,10,top,other,452.72,203.058,308,105,0,
48,11,top,host,273.28,298.289,122,105,0,
48,11,top,other,444.84,196.901,308,105,0,
48,12,top,host,281.76,303.588,122,105,0,
48,12,top,other,436.96,190.744,308,105,0,
48,13,top,host,290.24,308.887,122,105,0,
48,13,top,other,429.08,184.587,308,105,0,
48,14,top,host,298.72,314.186,122,105,0,
48,14,top,other,421.2,178.43,308,105,0,
48,15,top,host,307.2,319.485,122,105,0,
48,15,top,other,413.32,172.273,308,105,0,
48,16,top,host,315.68,324.784,122,105,0,
48,16,top,other,405.44,166.116,308,105,0,
48,17,top,host,324.16,330.083,122,105,0,
48,17,top,other,397.56,159.959,308,105,0,
48,18,top,host,332.64,335.382,122,105,0,
48,18,top,other,389.68,153.802,308,105,0,
48,19,top,host,341.12,340.681,122,105,0,
48,19,top,other,381.8,147.645,308,105,0,
48,20,top,host,349.6,345.98,122,106,0,
48,20,top,other,373.92,141.488,308,109,0,
48,21,top,host,349.6,345.98,122,106,0,
48,21,top,other,373.92,141.488,308,109,0,
48,22,top,host,349.6,345.98,122,106,0,
48,22,top,other,373.92,141.488,308,109,0,
49,1,top,host,188.29,234.408,56,106,0,
49,1,top,other,530,240,270,109,0,
49,2,top,host,196.58,228.816,56,106,0,
49,2,top,other,520,240,270,109,0,
49,3,top,host,204.87,223.224,56,106,0,
49,3,top,other,510,240,270,109,0,
49,4,top,host,213.16,217.632,56,106,0,
49,4,top,other,501.91,245.878,234,109,0,
49,5,top,host,221.45,212.04,56,106,0,
49,5,top,other,493.82,251.756,234,109,0,
49,6,top,host,229.74,206.448,56,106,0,
49,6,top,other,485.73,257.634,234,109,0,
49,7,top,host,238.03,200.856,56,106,0,
49,7,top,other,477.64,263.512,234,109,0,
49,8,top,host,246.32,195.264,56,106,0,
49,8,top,other,469.55,269.39,234,109,0,
49,9,top,host,254.61,189.672,56,106,0,
49,9,top,other,461.46,275.268,234,109,0,
49,10,top,host,262.9,184.08,56,106,0,
49,10,top,other,453.37,281.146,234,109,0,
49,11,top,host,271.19,178.488,56,106,0,
49,11,top,other,445.28,287.024,234,109,0,
49,12,top,host,279.48,172.896,56,106,0,
49,12,top,other,437.19,292.902,234,109,0,
49,13,top,host,287.77,167.304,56,106,0,
49,13,top,other,429.1,298.78,234,109,0,
49,14,top,host,296.06,161.712,56,106,0,
49,14,top,other,421.01,304.658,234,109,0,
49,15,top,host,304.35,156.12,56,106,0,
49,15,top,other,412.92,310.536,234,109,0,
49,16,top,host,312.64,150.528,56,106,0,
49,16,top,other,404.83,316.414,234,109,0,
49,17,top,host,320.93,144.936,56,106,0,
49,17,top,other,396.74,322.292,234,109,0,
49,18,top,host,329.22,139.344,56,106,0,
49,18,top,other,388.65,328.17,234,109,0,
49,19,top,host,337.51,133.752,56,106,0,
49,19,top,other,380.56,334.048,234,109,0,
49,20,top,host,345.8,128.16,56,110,0,
49,20,top,other,372.47,339.926,234,110,0,
49,21,top,host,345.8,128.16,56,110,0,
49,21,top,other,372.47,339.926,234,110,0,
49,22,top,host,345.8,128.16,56,110,0,
49,22,top,other,372.47,339.926,234,110,0,
50,1,top,host,190,240,90,110,0,
50,1,top,other,531.808,234.264,305,110,0,
50,2,top,host,200,240,90,110,0,
50,2,top,other,523.616,228.528,305,110,0,
50,3,top,host,210,240,90,110,0,
50,3,top,other,515.326,222.936,304,110,0,
50,4,top,host,220,240,90,110,0,
50,4,top,other,507.036,217.344,304,110,0,
50,5,top,host,227.66,246.428,130,110,0,
50,5,top,other,498.746,211.752,304,110,0,
50,6,top,host,235.32,252.856,130,110,0,
50,6,top,other,490.456,206.16,304,110,0,
50,7,top,host,242.98,259.284,130,110,0,
50,7,top,other,482.166,200.568,304,110,0,
50,8,top,host,250.64,265.712,130,110,0,
50,8,top,other,473.876,194.976,304,110,0,
50,9,top,host,258.3,272.14,130,110,0,
50,9,top,other,465.586,189.384,304,110,0,
50,10,top,host,265.96,278.568,130,110,0,
50,10,top,other,457.296,183.792,304,110,0,
50,11,top,host,273.62,284.996,130,110,0,
50,11,top,other,449.006,178.2,304,110,0,
50,12,top,host,281.28,291.424,130,110,0,
50,12,top,other,440.716,172.608,304,110,0,
50,13,top,host,288.94,297.852,130,110,0,
50,13,top,other,432.426,167.016,304,110,0,
50,14,top,host,296.6,304.28,130,110,0,
50,14,top,other,424.136,161.424,304,110,0,
50,15,top,host,304.26,310.708,130,110,0,
50,15,top,other,415.846,155.832,304,110,0,
50,16,top,host,311.92,317.136,130,110,0,
50,16,top,other,407.556,150.24,304,110,0,
50,17,top,host,319.58,323.564,130,110,0,
50,17,top,other,399.266,144.648,304,110,0,
50,18,top,host,327.24,329.992,130,110,0,
50,18,top,other,390.976,139.056,304,110,0,
50,19,top,host,334.9,336.42,130,110,0,
50,19,top,other,382.686,133.464,304,110,0,
50,20,top,host,342.56,342.848,130,111,0,
50,20,top,other,374.396,127.872,304,114,0,
50,21,top,host,342.56,342.848,130,111,0,
50,21,top,other,374.396,127.872,304,114,0,
50,22,top,host,342.56,342.848,130,111,0,
50,22,top,other,374.396,127.872,304,114,0,
