1,1,top,other,530,240,270,0,0,
1,1,top,host,188.29,234.408,56,0,0,
1,2,top,host,196.58,228.816,56,0,0,
1,2,top,other,520,240,270,0,0,
1,3,top,host,204.87,223.224,56,0,0,
1,3,top,other,510,240,270,0,0,
1,4,top,host,213.16,217.632,56,0,0,
1,4,top,other,500,240,270,0,0,
1,5,top,host,221.45,212.04,56,0,0,
1,5,top,other,492.014,233.982,307,0,0,
1,6,top,host,229.837,206.594,57,0,0,
1,6,top,other,484.028,227.964,307,0,0,
1,7,top,host,238.224,201.148,57,0,0,
1,7,top,other,493.3,224.218,68,0,0,
1,8,top,host,246.611,195.702,57,0,0,
1,8,top,other,490.21,214.707,342,0,0,
1,9,top,host,254.901,190.11,56,0,0,
1,9,top,other,485.67,205.797,333,0,0,
1,10,top,host,263.191,184.518,56,0,0,
1,10,top,other,481.13,196.887,333,0,0,
1,11,top,host,271.481,178.926,56,0,0,
1,11,top,other,473.47,190.459,310,0,0,
1,12,top,host,279.771,173.334,56,0,0,
1,12,top,other,465.59,184.302,308,0,0,
1,13,top,host,288.061,167.742,56,0,0,
1,13,top,other,457.71,178.145,308,0,0,
1,14,top,host,296.351,162.15,56,0,0,
1,14,top,other,449.323,172.699,303,0,0,
1,15,top,host,304.641,156.558,56,0,0,
1,15,top,other,440.936,167.253,303,0,0,
1,16,top,host,312.931,150.966,56,0,0,
1,16,top,other,432.364,162.103,301,0,0,
1,17,top,host,321.221,145.374,56,0,0,
1,17,top,other,423.792,156.953,301,0,0,
1,18,top,host,329.511,139.782,56,0,0,
1,18,top,other,415.22,151.803,301,0,0,
1,19,top,host,337.703,134.046,55,0,0,
1,19,top,other,406.648,146.653,301,0,0,
1,20,top,host,345.895,128.31,55,0,0,
1,20,top,other,398.768,140.496,308,0,0,
1,21,top,host,354.087,122.574,55,0,0,
1,21,top,other,398.768,140.496,308,0,0,
1,22,top,host,362.279,116.838,55,0,0,
1,22,top,other,390.478,134.904,304,0,0,
2,1,top,host,188.572,245.15,121,0,0,
2,1,top,other,530,240,270,0,0,
2,2,top,host,196.558,239.132,53,0,0,
2,2,top,other,520,240,270,0,0,
2,3,top,host,204.648,233.254,54,0,0,
2,3,top,other,510,240,270,0,0,
2,4,top,host,212.634,227.236,53,0,0,
2,4,top,other,502.014,233.982,307,0,0,
2,5,top,host,220.62,221.218,53,0,0,
2,5,top,other,494.028,227.964,307,0,0,
2,6,top,host,228.606,215.2,53,0,0,
2,6,top,other,486.148,221.807,308,0,0,
2,7,top,host,236.486,209.043,52,0,0,
2,7,top,other,479.201,214.614,316,0,0,
2,8,top,host,244.366,202.886,52,0,0,
2,8,top,other,472.254,207.421,316,0,0,
2,9,top,host,252.246,196.729,52,0,0,
2,9,top,other,465.307,200.228,316,0,0,
2,10,top,host,260.126,190.572,52,0,0,
2,10,top,other,457.76,193.667,311,0,0,
2,11,top,host,268.006,184.415,52,0,0,
2,11,top,other,450.213,187.106,311,0,0,
2,12,top,host,275.886,178.258,52,0,0,
2,12,top,other,442.442,180.813,309,0,0,
2,13,top,host,283.766,172.101,52,0,0,
2,13,top,other,434.671,174.52,309,0,0,
2,14,top,host,291.646,165.944,52,0,0,
2,14,top,other,426.9,168.227,309,0,0,
2,15,top,host,299.526,159.787,52,0,0,
2,15,top,other,419.129,161.934,309,0,0,
2,16,top,host,307.406,153.63,52,0,0,
2,16,top,other,411.358,155.641,309,0,0,
2,17,top,host,315.286,147.473,52,0,0,
2,17,top,other,403.587,149.348,309,0,0,
2,18,top,host,323.166,141.316,52,0,0,
2,18,top,other,395.816,143.055,309,0,0,
2,19,top,host,331.152,135.298,53,0,0,
2,19,top,other,387.624,137.319,305,0,0,
2,20,top,host,339.138,129.28,53,0,0,
2,20,top,other,379.638,131.301,307,0,0,
2,21,top,host,347.124,123.262,53,0,0,
2,21,top,other,371.978,124.873,310,0,0,
2,22,top,host,355.004,117.105,52,0,0,
2,22,top,other,363.688,119.281,304,0,0,
2,23,top,host,362.884,110.948,52,0,0,
2,23,top,other,363.688,119.281,304,0,0,
3,1,bottom,host,188.29,245.592,124,0,0,
3,1,bottom,other,530,240,270,0,0,
3,2,bottom,host,196.77,250.891,122,0,0,
3,2,bottom,other,520,240,270,0,0,
3,3,bottom,host,205.25,256.19,122,0,0,
3,3,bottom,other,510,240,270,0,0,
3,4,bottom,host,213.73,261.489,122,0,0,
3,4,bottom,other,502.014,246.018,233,0,0,
3,5,bottom,host,222.21,266.788,122,0,0,
3,5,bottom,other,494.028,252.036,233,0,0,
3,6,bottom,host,230.69,272.087,122,0,0,
3,6,bottom,other,486.042,258.054,233,0,0,
3,7,bottom,host,239.17,277.386,122,0,0,
3,7,bottom,other,490.89,266.8,151,0,0,
3,8,bottom,host,247.65,282.685,122,0,0,
3,8,bottom,other,493.14,276.544,167,0,0,
3,9,bottom,host,256.13,287.984,122,0,0,
3,9,bottom,other,495.39,286.288,167,0,0,
3,10,bottom,host,264.61,293.283,122,0,0,
3,10,bottom,other,491.006,295.276,206,0,0,
3,11,bottom,host,273.09,298.582,122,0,0,
3,11,bottom,other,484.849,303.156,218,0,0,
3,12,bottom,host,281.57,303.881,122,0,0,
3,12,bottom,other,476.462,308.602,237,0,0,
3,13,bottom,host,289.762,309.617,125,0,0,
3,13,bottom,other,467.716,313.45,241,0,0,
3,14,bottom,host,297.954,315.353,125,0,0,
3,14,bottom,other,458.887,318.145,242,0,0,
3,15,bottom,host,306.146,321.089,125,0,0,
3,15,bottom,other,449.899,322.529,244,0,0,
3,16,bottom,host,314.338,326.825,125,0,0,
3,16,bottom,other,440.911,326.913,244,0,0,
3,17,bottom,host,322.53,332.561,125,0,0,
3,17,bottom,other,431.923,331.297,244,0,0,
3,18,bottom,host,330.722,338.297,125,0,0,
3,18,bottom,other,424.376,337.858,229,0,0,
3,19,bottom,host,338.914,344.033,125,0,0,
3,19,bottom,other,415.104,341.604,248,0,0,
3,20,bottom,host,347.106,349.769,125,0,0,
3,20,bottom,other,405.899,345.511,247,0,0,
3,21,bottom,host,355.196,355.647,126,0,0,
3,21,bottom,other,396.694,349.418,247,0,0,
3,22,bottom,host,363.286,361.525,126,0,0,
3,22,bottom,other,387.489,353.325,247,0,0,
4,1,bottom,host,187.771,246.293,129,0,0,
4,1,bottom,other,530,240,270,0,0,
4,2,bottom,host,195.431,252.721,130,0,0,
4,2,bottom,other,521.91,245.878,234,0,0,
4,3,bottom,host,203.202,259.014,129,0,0,
4,3,bottom,other,513.82,251.756,234,0,0,
4,4,bottom,host,210.973,265.307,129,0,0,
4,4,bottom,other,505.73,257.634,234,0,0,
4,5,bottom,host,218.744,271.6,129,0,0,
4,5,bottom,other,497.64,263.512,234,0,0,
4,6,bottom,host,226.515,277.893,129,0,0,
4,6,bottom,other,489.55,269.39,234,0,0,
4,7,bottom,host,234.286,284.186,129,0,0,
4,7,bottom,other,481.46,275.268,234,0,0,
4,8,bottom,host,242.057,290.479,129,0,0,
4,8,bottom,other,473.37,281.146,234,0,0,
4,9,bottom,host,250.347,296.071,124,0,0,
4,9,bottom,other,465.28,287.024,234,0,0,
4,10,bottom,host,258.637,301.663,124,0,0,
4,10,bottom,other,460.896,296.012,206,0,0,
4,11,bottom,host,266.927,307.255,124,0,0,
4,11,bottom,other,456.512,305,206,0,0,
4,12,bottom,host,275.314,312.701,123,0,0,
4,12,bottom,other,448.526,311.018,233,0,0,
4,13,bottom,host,283.701,318.147,123,0,0,
4,13,bottom,other,439.954,316.168,239,0,0,
4,14,bottom,host,292.088,323.593,123,0,0,
4,14,bottom,other,431.382,321.318,239,0,0,
4,15,bottom,host,300.475,329.039,123,0,0,
4,15,bottom,other,422.81,326.468,239,0,0,
4,16,bottom,host,308.765,334.631,124,0,0,
4,16,bottom,other,414.33,331.767,238,0,0,
4,17,bottom,host,317.055,340.223,124,0,0,
4,17,bottom,other,405.943,337.213,237,0,0,
4,18,bottom,host,325.345,345.815,124,0,0,
4,18,bottom,other,397.463,342.512,238,0,0,
4,19,bottom,host,333.732,351.261,123,0,0,
4,19,bottom,other,388.983,347.811,238,0,0,
4,20,bottom,host,342.119,356.707,123,0,0,
4,20,bottom,other,388.983,347.811,272,0,0,
4,21,bottom,host,351.732,359.463,106,0,0,
4,21,bottom,other,388.983,347.811,272,0,0,
4,22,bottom,host,361.345,362.219,106,0,0,
4,22,bottom,other,381.552,354.502,228,0,0,
4,23,bottom,host,370.958,364.975,106,0,0,
4,23,bottom,other,374.121,361.193,228,0,0,
5,1,bottom,host,188.192,234.264,55,0,0,
5,1,bottom,other,530,240,270,0,0,
5,2,bottom,host,196.384,228.528,55,0,0,
5,2,bottom,other,521.613,245.446,237,0,0,
5,3,bottom,host,204.576,222.792,55,0,0,
5,3,bottom,other,513.226,250.892,237,0,0,
5,4,bottom,host,212.768,217.056,55,0,0,
5,4,bottom,other,504.839,256.338,237,0,0,
5,5,bottom,host,220.96,211.32,55,0,0,
5,5,bottom,other,496.452,261.784,237,0,0,
5,6,bottom,host,229.152,205.584,55,0,0,
5,6,bottom,other,488.065,267.23,237,0,0,
5,7,bottom,host,237.344,199.848,55,0,0,
5,7,bottom,other,479.678,272.676,237,0,0,
5,8,bottom,host,245.536,194.112,55,0,0,
5,8,bottom,other,477.428,282.42,193,0,0,
5,9,bottom,host,253.728,188.376,55,0,0,
5,9,bottom,other,475.178,292.164,193,0,0,
5,10,bottom,host,261.92,182.64,55,0,0,
5,10,bottom,other,476.914,302.012,170,0,0,
5,11,bottom,host,270.4,177.341,58,0,0,
5,11,bottom,other,476.739,312.01,181,0,0,
5,12,bottom,host,278.88,172.042,58,0,0,
5,12,bottom,other,476.564,322.008,181,0,0,
5,13,bottom,host,287.36,166.743,58,0,0,
5,13,bottom,other,470.828,330.2,215,0,0,
5,14,bottom,host,295.84,161.444,58,0,0,
5,14,bottom,other,464.95,338.29,216,0,0,
5,15,bottom,host,304.32,156.145,58,0,0,
5,15,bottom,other,457.29,344.718,230,0,0,
5,16,bottom,host,312.8,150.846,58,0,0,
5,16,bottom,other,447.365,345.937,263,0,0,
5,17,bottom,host,321.28,145.547,58,0,0,
5,17,bottom,other,437.44,347.156,263,0,0,
5,18,bottom,host,329.76,140.248,58,0,0,
5,18,bottom,other,427.515,348.375,263,0,0,
5,19,bottom,host,338.24,134.949,58,0,0,
5,19,bottom,other,417.612,349.767,262,0,0,
5,20,bottom,host,346.72,129.65,58,1,0,
5,20,bottom,other,407.709,351.159,262,4,0,
5,21,bottom,host,355.2,124.351,58,1,0,
5,21,bottom,other,397.832,352.723,261,4,0,
5,22,bottom,host,363.68,119.052,58,1,0,
5,22,bottom,other,387.984,354.459,260,4,0,
6,1,bottom,host,188.192,245.736,125,1,0,
6,1,bottom,other,530,240,270,4,0,
6,2,bottom,host,196.384,251.472,125,1,0,
6,2,bottom,other,520,240,270,4,0,
6,3,bottom,host,204.576,257.208,125,1,0,
6,3,bottom,other,510,240,270,4,0,
6,4,bottom,host,212.768,262.944,125,1,0,
6,4,bottom,other,500,240,270,4,0,
6,5,bottom,host,221.248,268.243,122,1,0,
6,5,bottom,other,490,240,270,4,0,
6,6,bottom,host,229.728,273.542,122,1,0,
6,6,bottom,other,480,240,270,4,0,
6,7,bottom,host,238.208,278.841,122,1,0,
6,7,bottom,other,472.686,246.82,227,4,0,
6,8,bottom,host,246.688,284.14,122,1,0,
6,8,bottom,other,467.991,255.649,208,4,0,
6,9,bottom,host,255.168,289.439,122,1,0,
6,9,bottom,other,463.451,264.559,207,4,0,
6,10,bottom,host,263.648,294.738,122,1,0,
6,10,bottom,other,462.928,274.545,183,4,0,
6,11,bottom,host,272.128,300.037,122,1,0,
6,11,bottom,other,460.849,284.326,192,4,0,
6,12,bottom,host,280.608,305.336,122,1,0,
6,12,bottom,other,458.77,294.107,192,4,0,
6,13,bottom,host,289.088,310.635,122,1,0,
6,13,bottom,other,454.23,303.017,207,4,0,
6,14,bottom,host,297.568,315.934,122,1,0,
6,14,bottom,other,444.894,306.601,249,4,0,
6,15,bottom,host,306.048,321.233,122,1,0,
6,15,bottom,other,436.322,311.751,239,4,0,
6,16,bottom,host,314.528,326.532,122,1,0,
6,16,bottom,other,427.576,316.599,241,4,0,
6,17,bottom,host,323.008,331.831,122,1,0,
6,17,bottom,other,418.83,321.447,241,4,0,
6,18,bottom,host,331.488,337.13,122,1,0,
6,18,bottom,other,411.759,328.518,225,4,0,
6,19,bottom,host,339.968,342.429,122,1,0,
6,19,bottom,other,404.566,335.465,226,4,0,
6,20,bottom,host,348.54,347.579,121,1,0,
6,20,bottom,other,398.273,343.236,219,4,0,
6,21,bottom,host,357.112,352.729,121,1,0,
6,21,bottom,other,390.393,349.393,232,4,0,
6,22,bottom,host,365.684,357.879,121,1,0,
6,22,bottom,other,382.513,355.55,232,4,0,
7,1,bottom,host,188.29,234.408,56,1,0,
7,1,bottom,other,530,240,270,4,0,
7,2,bottom,host,196.58,228.816,56,1,0,
7,2,bottom,other,520,240,270,4,0,
7,3,bottom,host,204.87,223.224,56,1,0,
7,3,bottom,other,518.781,249.925,187,4,0,
7,4,bottom,host,212.063,230.171,134,1,0,
7,4,bottom,other,518.258,259.911,183,4,0,
7,5,bottom,host,219.61,236.732,131,1,0,
7,5,bottom,other,515.002,269.366,199,4,0,
7,6,bottom,host,227.27,243.16,130,1,0,
7,6,bottom,other,509.41,277.656,214,4,0,
7,7,bottom,host,235.041,249.453,129,1,0,
7,7,bottom,other,503.818,285.946,214,4,0,
7,8,bottom,host,242.812,255.746,129,1,0,
7,8,bottom,other,498.226,294.236,214,4,0,
7,9,bottom,host,250.583,262.039,129,1,0,
7,9,bottom,other,491.033,301.183,226,4,0,
7,10,bottom,host,258.354,268.332,129,1,0,
7,10,bottom,other,483.84,308.13,226,4,0,
7,11,bottom,host,266.014,274.76,130,1,0,
7,11,bottom,other,476.647,315.077,226,4,0,
7,12,bottom,host,273.674,281.188,130,1,0,
7,12,bottom,other,468.661,321.095,233,4,0,
7,13,bottom,host,281.334,287.616,130,1,0,
7,13,bottom,other,460.675,327.113,233,4,0,
7,14,bottom,host,289.105,293.909,129,1,0,
7,14,bottom,other,452.689,333.131,233,4,0,
7,15,bottom,host,296.876,300.202,129,1,0,
7,15,bottom,other,444.029,338.131,240,4,0,
7,16,bottom,host,304.647,306.495,129,1,0,
7,16,bottom,other,435.369,343.131,240,4,0,
7,17,bottom,host,312.418,312.788,129,1,0,
7,17,bottom,other,426.709,348.131,240,4,0,
7,18,bottom,host,320.078,319.216,130,1,0,
7,18,bottom,other,417.574,352.198,246,4,0,
7,19,bottom,host,327.738,325.644,130,1,0,
7,19,bottom,other,407.961,354.954,254,4,0,
7,20,bottom,host,335.398,332.072,130,1,0,
7,20,bottom,other,398.398,357.878,253,4,0,
7,21,bottom,host,343.058,338.5,130,1,0,
7,21,bottom,other,388.835,360.802,253,4,0,
7,22,bottom,host,350.718,344.928,130,1,0,
7,22,bottom,other,379.272,363.726,253,4,0,
7,23,bottom,host,358.378,351.356,130,1,0,
7,23,bottom,other,379.272,363.726,253,4,0,
7,24,bottom,host,366.038,357.784,130,1,0,
7,24,bottom,other,379.272,363.726,253,4,0,
8,1,top,host,188.09,234.122,54,1,0,
8,1,top,other,530,240,270,4,0,
8,2,top,host,196.18,240,126,1,0,
8,2,top,other,520,240,270,4,0,
8,3,top,host,203.727,246.561,131,1,0,
8,3,top,other,510,240,270,4,0,
8,4,top,host,211.607,252.718,128,1,0,
8,4,top,other,500,240,270,4,0,
8,5,top,host,219.487,258.875,128,1,0,
8,5,top,other,490,240,270,4,0,
8,6,top,host,227.367,265.032,128,1,0,
8,6,top,other,484.85,231.428,329,4,0,
8,7,top,host,235.247,271.189,128,1,0,
8,7,top,other,478.03,224.114,317,4,0,
8,8,top,host,243.127,277.346,128,1,0,
8,8,top,other,473.963,214.979,336,4,0,
8,9,top,host,251.007,283.503,128,1,0,
8,9,top,other,469.115,206.233,331,4,0,
8,10,top,host,258.887,289.66,128,1,0,
8,10,top,other,464.267,197.487,331,4,0,
8,11,top,host,266.767,295.817,128,1,0,
8,11,top,other,458.968,189.007,328,4,0,
8,12,top,host,274.647,301.974,128,1,0,
8,12,top,other,453.669,180.527,328,4,0,
8,13,top,host,282.527,308.131,128,1,0,
8,13,top,other,448.37,172.047,328,4,0,
8,14,top,host,290.407,314.288,128,1,0,
8,14,top,other,448.37,172.047,328,4,0,
8,15,top,host,298.287,320.445,128,1,0,
8,15,top,other,448.37,172.047,328,4,0,
8,16,top,host,306.167,326.602,128,1,0,
8,16,top,other,439.541,167.352,298,4,0,
8,17,top,host,314.047,332.759,128,1,0,
8,17,top,other,430.712,162.657,298,4,0,
8,18,top,host,321.927,338.916,128,1,0,
8,18,top,other,422.325,157.211,303,4,0,
8,19,top,host,329.807,345.073,128,1,0,
8,19,top,other,413.938,151.765,303,4,0,
8,20,top,host,337.687,351.23,128,1,0,
8,20,top,other,405.551,146.319,303,4,0,
8,21,top,host,345.567,357.387,128,2,0,
8,21,top,other,397.071,141.02,302,8,0,
8,22,top,host,353.447,363.544,128,2,0,
8,22,top,other,397.071,141.02,302,8,0,
8,23,top,host,361.327,369.701,128,2,0,
8,23,top,other,397.071,141.02,302,8,0,
9,1,bottom,host,190,240,90,2,0,
9,1,bottom,other,530,240,270,8,0,
9,2,bottom,host,198.192,234.264,55,2,0,
9,2,bottom,other,520,240,270,8,0,
9,3,bottom,host,206.384,228.528,55,2,0,
9,3,bottom,other,516.416,249.336,201,8,0,
9,4,bottom,host,214.37,222.51,53,2,0,
9,4,bottom,other,512.832,258.672,201,8,0,
9,5,bottom,host,222.356,216.492,53,2,0,
9,5,bottom,other,509.248,268.008,201,8,0,
9,6,bottom,host,230.342,210.474,53,2,0,
9,6,bottom,other,505.664,277.344,201,8,0,
9,7,bottom,host,238.328,204.456,53,2,0,
9,7,bottom,other,504.1,287.221,189,8,0,
9,8,bottom,host,246.314,198.438,53,2,0,
9,8,bottom,other,498.801,295.701,212,8,0,
9,9,bottom,host,254.3,192.42,53,2,0,
9,9,bottom,other,493.502,304.181,212,8,0,
9,10,bottom,host,262.286,186.402,53,2,0,
9,10,bottom,other,486.811,311.612,222,8,0,
9,11,bottom,host,270.272,180.384,53,2,0,
9,11,bottom,other,480.12,319.043,222,8,0,
9,12,bottom,host,278.258,174.366,53,2,0,
9,12,bottom,other,473.429,326.474,222,8,0,
9,13,bottom,host,286.244,168.348,53,2,0,
9,13,bottom,other,464.093,330.058,249,8,0,
9,14,bottom,host,294.23,162.33,53,2,0,
9,14,bottom,other,454.757,333.642,249,8,0,
9,15,bottom,host,302.216,156.312,53,2,0,
9,15,bottom,other,444.812,334.687,264,8,0,
9,16,bottom,host,310.202,150.294,53,2,0,
9,16,bottom,other,434.867,335.732,264,8,0,
9,17,bottom,host,318.188,144.276,53,2,0,
9,17,bottom,other,425.086,337.811,258,8,0,
9,18,bottom,host,326.174,138.258,53,2,0,
9,18,bottom,other,425.086,337.811,258,8,0,
9,19,bottom,host,334.16,132.24,53,2,0,
9,19,bottom,other,417.206,343.968,232,8,0,
9,20,bottom,host,342.146,126.222,53,2,0,
9,20,bottom,other,408.819,349.414,237,8,0,
9,21,bottom,host,350.132,120.204,53,3,0,
9,21,bottom,other,400.432,354.86,237,12,0,
9,22,bottom,host,358.118,114.186,53,3,0,
9,22,bottom,other,391.522,359.4,243,12,0,
9,23,bottom,host,366.104,108.168,53,3,0,
9,23,bottom,other,382.612,363.94,243,12,0,
10,1,top,host,188.09,245.878,126,3,0,
10,1,top,other,530,240,270,12,0,
10,2,top,host,196.18,251.756,126,3,0,
10,2,top,other,520,240,270,12,0,
10,3,top,host,204.372,257.492,125,3,0,
10,3,top,other,510,240,270,12,0,
10,4,top,host,212.564,263.228,125,3,0,
10,4,top,other,500,240,270,12,0,
10,5,top,host,220.756,268.964,125,3,0,
10,5,top,other,499.651,230.006,358,12,0,
10,6,top,host,228.948,274.7,125,3,0,
10,6,top,other,499.302,220.012,358,12,0,
10,7,top,host,237.14,280.436,125,3,0,
10,7,top,other,492.741,212.465,319,12,0,
10,8,top,host,245.332,286.172,125,3,0,
10,8,top,other,486.18,204.918,319,12,0,
10,9,top,host,253.524,291.908,125,3,0,
10,9,top,other,478.633,198.357,311,12,0,
10,10,top,host,261.716,297.644,125,3,0,
10,10,top,other,471.086,191.796,311,12,0,
10,11,top,host,269.908,303.38,125,3,0,
10,11,top,other,462.894,186.06,305,12,0,
10,12,top,host,278.1,309.116,125,3,0,
10,12,top,other,454.702,180.324,305,12,0,
10,13,top,host,286.292,314.852,125,3,0,
10,13,top,other,446.412,174.732,304,12,0,
10,14,top,host,294.484,320.588,125,3,0,
10,14,top,other,438.122,169.14,304,12,0,
10,15,top,host,302.676,326.324,125,3,0,
10,15,top,other,429.832,163.548,304,12,0,
10,16,top,host,310.868,332.06,125,3,0,
10,16,top,other,421.542,157.956,304,12,0,
10,17,top,host,319.06,337.796,125,3,0,
10,17,top,other,413.252,152.364,304,12,0,
10,18,top,host,327.252,343.532,125,3,0,
10,18,top,other,404.962,146.772,304,12,0,
10,19,top,host,335.444,349.268,125,3,0,
10,19,top,other,396.482,141.473,302,12,0,
10,20,top,host,343.636,355.004,125,4,0,
10,20,top,other,388.002,136.174,302,16,0,
10,21,top,host,351.828,360.74,125,4,0,
10,21,top,other,388.002,136.174,302,16,0,
10,22,top,host,360.02,366.476,125,4,0,
10,22,top,other,388.002,136.174,302,16,0,
11,1,bottom,host,188.387,245.446,123,4,0,
11,1,bottom,other,530,240,270,16,0,
11,2,bottom,host,196.677,251.038,124,4,0,
11,2,bottom,other,520,240,270,16,0,
11,3,bottom,host,204.967,256.63,124,4,0,
11,3,bottom,other,510,240,270,16,0,
11,4,bottom,host,213.257,262.222,124,4,0,
11,4,bottom,other,505.46,248.91,207,16,0,
11,5,bottom,host,221.547,267.814,124,4,0,
11,5,bottom,other,500.92,257.82,207,16,0,
11,6,bottom,host,229.837,273.406,124,4,0,
11,6,bottom,other,498.501,267.523,194,16,0,
11,7,bottom,host,238.127,278.998,124,4,0,
11,7,bottom,other,498.152,277.517,182,16,0,
11,8,bottom,host,246.417,284.59,124,4,0,
11,8,bottom,other,495.564,287.176,195,16,0,
11,9,bottom,host,254.707,290.182,124,4,0,
11,9,bottom,other,492.976,296.835,195,16,0,
11,10,bottom,host,262.997,295.774,124,4,0,
11,10,bottom,other,490.388,306.494,195,16,0,
11,11,bottom,host,271.287,301.366,124,4,0,
11,11,bottom,other,484.37,314.48,217,16,0,
11,12,bottom,host,279.577,306.958,124,4,0,
11,12,bottom,other,478.352,322.466,217,16,0,
11,13,bottom,host,287.964,312.404,123,4,0,
11,13,bottom,other,468.649,324.885,256,16,0,
11,14,bottom,host,296.351,317.85,123,4,0,
11,14,bottom,other,458.946,327.304,256,16,0,
11,15,bottom,host,304.738,323.296,123,4,0,
11,15,bottom,other,450.117,331.999,242,16,0,
11,16,bottom,host,313.028,328.888,124,4,0,
11,16,bottom,other,441.288,336.694,242,16,0,
11,17,bottom,host,321.318,334.48,124,4,0,
11,17,bottom,other,432.716,341.844,239,16,0,
11,18,bottom,host,329.608,340.072,124,4,0,
11,18,bottom,other,424.144,346.994,239,16,0,
11,19,bottom,host,337.898,345.664,124,4,0,
11,19,bottom,other,415.009,351.061,246,16,0,
11,20,bottom,host,346.285,351.11,123,4,0,
11,20,bottom,other,405.874,355.128,246,16,0,
11,21,bottom,host,354.672,356.556,123,4,0,
11,21,bottom,other,396.215,357.716,255,16,0,
11,22,bottom,host,363.059,362.002,123,4,0,
11,22,bottom,other,396.215,357.716,255,16,0,
12,1,top,host,188.09,234.122,54,4,0,
12,1,top,other,533.982,232.014,323,16,0,
12,2,top,host,196.18,228.244,54,4,0,
12,2,top,other,533.982,232.014,323,16,0,
12,3,top,host,204.27,222.366,54,4,0,
12,3,top,other,525.892,226.136,306,16,0,
12,4,top,host,212.36,216.488,54,4,0,
12,4,top,other,517.7,220.4,305,16,0,
12,5,top,host,220.45,210.61,54,4,0,
12,5,top,other,509.128,215.25,301,16,0,
12,6,top,host,228.54,204.732,54,4,0,
12,6,top,other,500.299,210.555,298,16,0,
12,7,top,host,236.63,198.854,54,4,0,
12,7,top,other,491.47,205.86,298,16,0,
12,8,top,host,244.72,192.976,54,4,0,
12,8,top,other,482.482,201.476,296,16,0,
12,9,top,host,252.81,187.098,54,4,0,
12,9,top,other,473.572,196.936,297,16,0,
12,10,top,host,260.9,181.22,54,4,0,
12,10,top,other,464.662,192.396,297,16,0,
12,11,top,host,268.99,175.342,54,4,0,
12,11,top,other,457.115,185.835,311,16,0,
12,12,top,host,277.08,169.464,54,4,0,
12,12,top,other,449.455,179.407,310,16,0,
12,13,top,host,285.17,163.586,54,4,0,
12,13,top,other,441.795,172.979,310,16,0,
12,14,top,host,293.26,157.708,54,4,0,
12,14,top,other,434.135,166.551,310,16,0,
12,15,top,host,301.35,151.83,54,4,0,
12,15,top,other,426.942,159.604,314,16,0,
12,16,top,host,309.64,146.238,56,4,0,
12,16,top,other,426.942,159.604,314,16,0,
12,17,top,host,317.93,140.646,56,4,0,
12,17,top,other,419.062,153.447,308,16,0,
12,18,top,host,326.22,135.054,56,4,0,
12,18,top,other,410.074,149.063,296,16,0,
12,19,top,host,334.51,129.462,56,4,0,
12,19,top,other,401.414,144.063,300,16,0,
12,20,top,host,342.8,123.87,56,4,0,
12,20,top,other,393.222,138.327,305,16,0,
12,21,top,host,351.09,118.278,56,4,0,
12,21,top,other,393.222,138.327,305,16,0,
12,22,top,host,359.38,112.686,56,4,0,
12,22,top,other,393.222,138.327,305,16,0,
13,1,bottom,host,188.192,245.736,125,4,0,
13,1,bottom,other,530,240,270,16,0,
13,2,bottom,host,196.384,251.472,125,4,0,
13,2,bottom,other,528.955,249.945,186,16,0,
13,3,bottom,host,204.576,257.208,125,4,0,
13,3,bottom,other,525.535,259.342,200,16,0,
13,4,bottom,host,212.768,262.944,125,4,0,
13,4,bottom,other,522.115,268.739,200,16,0,
13,5,bottom,host,220.96,268.68,125,4,0,
13,5,bottom,other,515.958,276.619,218,16,0,
13,6,bottom,host,229.152,274.416,125,4,0,
13,6,bottom,other,508.298,283.047,230,16,0,
13,7,bottom,host,236.223,267.345,45,4,0,
13,7,bottom,other,500.312,289.065,233,16,0,
13,8,bottom,host,244.969,272.193,119,4,0,
13,8,bottom,other,492.326,295.083,233,16,0,
13,9,bottom,host,253.449,277.492,122,4,0,
13,9,bottom,other,484.34,301.101,233,16,0,
13,10,bottom,host,261.739,283.084,124,4,0,
13,10,bottom,other,476.793,307.662,229,16,0,
13,11,bottom,host,270.029,288.676,124,4,0,
13,11,bottom,other,469.846,314.855,224,16,0,
13,12,bottom,host,277.8,294.969,129,4,0,
13,12,bottom,other,462.299,321.416,229,16,0,
13,13,bottom,host,285.571,301.262,129,4,0,
13,13,bottom,other,454.313,327.434,233,16,0,
13,14,bottom,host,293.342,307.555,129,4,0,
13,14,bottom,other,446.327,333.452,233,16,0,
13,15,bottom,host,301.113,313.848,129,4,0,
13,15,bottom,other,437.847,338.751,238,16,0,
13,16,bottom,host,308.884,320.141,129,4,0,
13,16,bottom,other,428.575,342.497,248,16,0,
13,17,bottom,host,316.655,326.434,129,4,0,
13,17,bottom,other,419.37,346.404,247,16,0,
13,18,bottom,host,324.426,332.727,129,4,0,
13,18,bottom,other,410.382,350.788,244,16,0,
13,19,bottom,host,332.306,338.884,128,4,0,
13,19,bottom,other,401.177,354.695,247,16,0,
13,20,bottom,host,340.186,345.041,128,4,0,
13,20,bottom,other,391.972,358.602,247,16,0,
13,21,bottom,host,348.066,351.198,128,4,0,
13,21,bottom,other,391.972,358.602,252,16,0,
13,22,bottom,host,355.946,357.355,128,4,0,
13,22,bottom,other,382.313,361.19,255,16,0,
13,23,bottom,host,363.826,363.512,128,4,0,
13,23,bottom,other,382.313,361.19,255,16,0,
14,1,bottom,host,188.192,234.264,55,4,0,
14,1,bottom,other,530,240,270,16,0,
14,2,bottom,host,196.384,228.528,55,4,0,
14,2,bottom,other,532.25,249.744,167,16,0,
14,3,bottom,host,204.576,222.792,55,4,0,
14,3,bottom,other,531.378,259.706,185,16,0,
14,4,bottom,host,212.768,217.056,55,4,0,
14,4,bottom,other,527.152,268.769,205,16,0,
14,5,bottom,host,220.96,211.32,55,4,0,
14,5,bottom,other,521.416,276.961,215,16,0,
14,6,bottom,host,229.152,205.584,55,4,0,
14,6,bottom,other,513.224,282.697,235,16,0,
14,7,bottom,host,237.344,199.848,55,4,0,
14,7,bottom,other,505.032,288.433,235,16,0,
14,8,bottom,host,245.536,194.112,55,4,0,
14,8,bottom,other,496.742,294.025,236,16,0,
14,9,bottom,host,253.728,188.376,55,4,0,
14,9,bottom,other,488.262,299.324,238,16,0,
14,10,bottom,host,261.92,182.64,55,4,0,
14,10,bottom,other,479.782,304.623,238,16,0,
14,11,bottom,host,270.112,176.904,55,4,0,
14,11,bottom,other,471.302,309.922,238,16,0,
14,12,bottom,host,278.304,171.168,55,4,0,
14,12,bottom,other,462.73,315.072,239,16,0,
14,13,bottom,host,286.496,165.432,55,4,0,
14,13,bottom,other,454.158,320.222,239,16,0,
14,14,bottom,host,294.688,159.696,55,4,0,
14,14,bottom,other,445.248,324.762,243,16,0,
14,15,bottom,host,302.88,153.96,55,4,0,
14,15,bottom,other,436.338,329.302,243,16,0,
14,16,bottom,host,311.072,148.224,55,4,0,
14,16,bottom,other,427.002,332.886,249,16,0,
14,17,bottom,host,319.264,142.488,55,4,0,
14,17,bottom,other,417.666,336.47,249,16,0,
14,18,bottom,host,327.456,136.752,55,4,0,
14,18,bottom,other,408.155,339.56,252,16,0,
14,19,bottom,host,335.648,131.016,55,4,0,
14,19,bottom,other,398.819,343.144,249,16,0,
14,20,bottom,host,343.738,125.138,54,5,0,
14,20,bottom,other,389.483,346.728,249,20,0,
14,21,bottom,host,351.828,119.26,54,5,0,
14,21,bottom,other,380.278,350.635,247,20,0,
14,22,bottom,host,359.918,113.382,54,5,0,
14,22,bottom,other,371.073,354.542,247,20,0,
15,1,bottom,host,188.192,245.736,125,5,0,
15,1,bottom,other,530,240,270,20,0,
15,2,bottom,host,196.384,251.472,125,5,0,
15,2,bottom,other,520,240,270,20,0,
15,3,bottom,host,204.576,257.208,125,5,0,
15,3,bottom,other,516.58,249.397,200,20,0,
15,4,bottom,host,212.768,262.944,125,5,0,
15,4,bottom,other,512.196,258.385,206,20,0,
15,5,bottom,host,220.96,268.68,125,5,0,
15,5,bottom,other,510.288,268.201,191,20,0,
15,6,bottom,host,229.152,274.416,125,5,0,
15,6,bottom,other,505.593,277.03,208,20,0,
15,7,bottom,host,237.442,280.008,124,5,0,
15,7,bottom,other,500.898,285.859,208,20,0,
15,8,bottom,host,245.732,285.6,124,5,0,
15,8,bottom,other,493.018,292.016,232,20,0,
15,9,bottom,host,254.022,291.192,124,5,0,
15,9,bottom,other,484.538,297.315,238,20,0,
15,10,bottom,host,262.312,296.784,124,5,0,
15,10,bottom,other,475.966,302.465,239,20,0,
15,11,bottom,host,270.504,302.52,125,5,0,
15,11,bottom,other,467.394,307.615,239,20,0,
15,12,bottom,host,278.696,308.256,125,5,0,
15,12,bottom,other,458.914,312.914,238,20,0,
15,13,bottom,host,286.888,313.992,125,5,0,
15,13,bottom,other,450.168,317.762,241,20,0,
15,14,bottom,host,295.178,319.584,124,5,0,
15,14,bottom,other,441.422,322.61,241,20,0,
15,15,bottom,host,303.468,325.176,124,5,0,
15,15,bottom,other,432.676,327.458,241,20,0,
15,16,bottom,host,311.758,330.768,124,5,0,
15,16,bottom,other,423.847,332.153,242,20,0,
15,17,bottom,host,320.048,336.36,124,5,0,
15,17,bottom,other,415.101,337.001,241,20,0,
15,18,bottom,host,328.24,342.096,125,5,0,
15,18,bottom,other,406.355,341.849,241,20,0,
15,19,bottom,host,336.432,347.832,125,5,0,
15,19,bottom,other,397.526,346.544,242,20,0,
15,20,bottom,host,344.624,353.568,125,5,0,
15,20,bottom,other,388.697,351.239,242,20,0,
15,21,bottom,host,352.816,359.304,125,5,0,
15,21,bottom,other,388.697,351.239,242,20,0,
15,22,bottom,host,361.008,365.04,125,5,0,
15,22,bottom,other,388.697,351.239,242,20,0,
16,1,top,host,188.09,234.122,54,5,0,
16,1,top,other,530,240,270,20,0,
16,2,top,host,196.18,228.244,54,5,0,
16,2,top,other,520,240,270,20,0,
16,3,top,host,204.27,222.366,54,5,0,
16,3,top,other,510,240,270,20,0,
16,4,top,host,212.36,216.488,54,5,0,
16,4,top,other,500,240,270,20,0,
16,5,top,host,220.45,210.61,54,5,0,
16,5,top,other,490,240,270,20,0,
16,6,top,host,228.54,204.732,54,5,0,
16,6,top,other,480,240,270,20,0,
16,7,top,host,236.63,198.854,54,5,0,
16,7,top,other,470,240,270,20,0,
16,8,top,host,244.72,192.976,54,5,0,
16,8,top,other,460.795,243.907,247,20,0,
16,9,top,host,252.706,186.958,53,5,0,
16,9,top,other,451.59,247.814,247,20,0,
16,10,top,host,260.692,180.94,53,5,0,
16,10,top,other,444.519,254.885,225,20,0,
16,11,top,host,268.678,174.922,53,5,0,
16,11,top,other,437.448,261.956,225,20,0,
16,12,top,host,276.664,168.904,53,5,0,
16,12,top,other,428.876,256.806,301,20,0,
16,13,top,host,284.754,163.026,54,5,0,
16,13,top,other,425.456,247.409,340,20,0,
16,14,top,host,292.844,157.148,54,5,0,
16,14,top,other,421.23,238.346,335,20,0,
16,15,top,host,300.934,151.27,54,5,0,
16,15,top,other,416.846,229.358,334,20,0,
16,16,top,host,308.92,145.252,53,5,0,
16,16,top,other,412.462,220.37,334,20,0,
16,17,top,host,316.906,139.234,53,5,0,
16,17,top,other,411.243,210.445,353,20,0,
16,18,top,host,324.892,133.216,53,5,0,
16,18,top,other,408.153,200.934,342,20,0,
16,19,top,host,332.982,127.338,54,5,0,
16,19,top,other,405.063,191.423,342,20,0,
16,20,top,host,341.072,121.46,54,5,0,
16,20,top,other,401.973,181.912,342,20,0,
16,21,top,host,349.162,115.582,54,9,0,
16,21,top,other,397.747,172.849,335,21,0,
16,22,top,host,357.252,109.704,54,9,0,
16,22,top,other,397.747,172.849,335,21,0,
16,23,top,host,365.342,103.826,54,9,0,
16,23,top,other,397.747,172.849,335,21,0,
17,1,top,host,188.09,234.122,54,9,0,
17,1,top,other,530,240,270,21,0,
17,2,top,host,196.18,228.244,54,9,0,
17,2,top,other,523.843,232.12,322,21,0,
17,3,top,host,204.27,222.366,54,9,0,
17,3,top,other,516.412,225.429,312,21,0,
17,4,top,host,212.36,216.488,54,9,0,
17,4,top,other,508.532,219.272,308,21,0,
17,5,top,host,220.45,210.61,54,9,0,
17,5,top,other,500.242,213.68,304,21,0,
17,6,top,host,228.54,204.732,54,9,0,
17,6,top,other,492.05,207.944,305,21,0,
17,7,top,host,236.63,198.854,54,9,0,
17,7,top,other,484.064,201.926,307,21,0,
17,8,top,host,244.72,192.976,54,9,0,
17,8,top,other,475.872,196.19,305,21,0,
17,9,top,host,252.81,187.098,54,9,0,
17,9,top,other,467.68,190.454,305,21,0,
17,10,top,host,261.002,181.362,55,9,0,
17,10,top,other,459.488,184.718,305,21,0,
17,11,top,host,269.194,175.626,55,9,0,
17,11,top,other,451.296,178.982,305,21,0,
17,12,top,host,277.386,169.89,55,9,0,
17,12,top,other,443.006,173.39,304,21,0,
17,13,top,host,285.476,164.012,54,9,0,
17,13,top,other,434.716,167.798,304,21,0,
17,14,top,host,293.566,158.134,54,9,0,
17,14,top,other,426.626,161.92,306,21,0,
17,15,top,host,301.656,152.256,54,9,0,
17,15,top,other,418.434,156.184,305,21,0,
17,16,top,host,309.848,146.52,55,9,0,
17,16,top,other,418.434,156.184,305,21,0,
17,17,top,host,318.04,140.784,55,9,0,
17,17,top,other,410.144,150.592,304,21,0,
17,18,top,host,326.232,135.048,55,9,0,
17,18,top,other,401.757,145.146,303,21,0,
17,19,top,host,334.424,129.312,55,9,0,
17,19,top,other,393.467,139.554,304,21,0,
17,20,top,host,342.514,123.434,54,9,0,
17,20,top,other,393.467,139.554,303,21,0,
17,21,top,host,350.604,117.556,54,9,0,
17,21,top,other,393.467,139.554,303,21,0,
17,22,top,host,358.694,111.678,54,9,0,
17,22,top,other,393.467,139.554,303,21,0,
18,1,top,host,187.88,233.843,52,9,0,
18,1,top,other,532.807,233.053,314,21,0,
18,2,top,host,195.76,227.686,52,9,0,
18,2,top,other,525.614,226.106,314,21,0,
18,3,top,host,203.64,221.529,52,9,0,
18,3,top,other,518.421,219.159,314,21,0,
18,4,top,host,211.52,215.372,52,9,0,
18,4,top,other,510.541,213.002,308,21,0,
18,5,top,host,219.506,209.354,53,9,0,
18,5,top,other,501.712,208.307,298,21,0,
18,6,top,host,227.492,203.336,53,9,0,
18,6,top,other,492.966,203.459,299,21,0,
18,7,top,host,235.478,197.318,53,9,0,
18,7,top,other,483.903,199.233,295,21,0,
18,8,top,host,243.464,191.3,53,9,0,
18,8,top,other,474.026,197.669,279,21,0,
18,9,top,host,251.45,185.282,53,9,0,
18,9,top,other,464.515,194.579,288,21,0,
18,10,top,host,259.436,179.264,53,9,0,
18,10,top,other,455.004,191.489,288,21,0,
18,11,top,host,267.422,173.246,53,9,0,
18,11,top,other,447.457,184.928,311,21,0,
18,12,top,host,275.408,167.228,53,9,0,
18,12,top,other,442.762,176.099,332,21,0,
18,13,top,host,283.394,161.21,53,9,0,
18,13,top,other,437.026,167.907,325,21,0,
18,14,top,host,291.38,155.192,53,9,0,
18,14,top,other,430.465,160.36,319,21,0,
18,15,top,host,299.366,149.174,53,9,0,
18,15,top,other,423.394,153.289,315,21,0,
18,16,top,host,307.352,143.156,53,9,0,
18,16,top,other,416.323,146.218,315,21,0,
18,17,top,host,315.338,137.138,53,9,0,
18,17,top,other,409.762,138.671,319,21,0,
18,18,top,host,323.324,131.12,53,9,0,
18,18,top,other,401.19,133.521,301,21,0,
18,19,top,host,331.31,125.102,53,9,0,
18,19,top,other,392.71,128.222,302,21,0,
18,20,top,host,339.296,119.084,53,9,0,
18,20,top,other,384.323,122.776,303,21,0,
18,21,top,host,347.282,113.066,53,9,0,
18,21,top,other,384.323,122.776,303,21,0,
18,22,top,host,355.268,107.048,53,9,0,
18,22,top,other,384.323,122.776,303,21,0,
18,23,top,host,363.254,101.03,53,9,0,
18,23,top,other,384.323,122.776,303,21,0,
19,1,bottom,host,187.986,246.018,127,9,0,
19,1,bottom,other,530,240,270,21,0,
19,2,bottom,host,195.972,252.036,127,9,0,
19,2,bottom,other,520,240,270,21,0,
19,3,bottom,host,203.958,258.054,127,9,0,
19,3,bottom,other,510,240,270,21,0,
19,4,bottom,host,211.944,264.072,127,9,0,
19,4,bottom,other,500,240,270,21,0,
19,5,bottom,host,219.824,270.229,128,9,0,
19,5,bottom,other,501.908,249.816,169,21,0,
19,6,bottom,host,227.704,276.386,128,9,0,
19,6,bottom,other,498.984,259.379,197,21,0,
19,7,bottom,host,235.584,282.543,128,9,0,
19,7,bottom,other,494.758,268.442,205,21,0,
19,8,bottom,host,243.464,288.7,128,9,0,
19,8,bottom,other,488.88,276.532,216,21,0,
19,9,bottom,host,251.344,294.857,128,9,0,
19,9,bottom,other,482.452,284.192,220,21,0,
19,10,bottom,host,259.224,301.014,128,9,0,
19,10,bottom,other,476.024,291.852,220,21,0,
19,11,bottom,host,267.104,307.171,128,9,0,
19,11,bottom,other,469.596,299.512,220,21,0,
19,12,bottom,host,275.09,313.189,127,9,0,
19,12,bottom,other,473.503,290.307,23,21,0,
19,13,bottom,host,283.076,319.207,127,9,0,
19,13,bottom,other,466.812,297.738,222,21,0,
19,14,bottom,host,291.062,325.225,127,9,0,
19,14,bottom,other,458.522,303.33,236,21,0,
19,15,bottom,host,299.048,331.243,127,9,0,
19,15,bottom,other,450.33,309.066,235,21,0,
19,16,bottom,host,307.034,337.261,127,9,0,
19,16,bottom,other,442.559,315.359,231,21,0,
19,17,bottom,host,315.02,343.279,127,9,0,
19,17,bottom,other,434.788,321.652,231,21,0,
19,18,bottom,host,323.006,349.297,127,9,0,
19,18,bottom,other,427.017,327.945,231,21,0,
19,19,bottom,host,330.886,355.454,128,9,0,
19,19,bottom,other,417.681,331.529,249,21,0,
19,20,bottom,host,340.88,355.803,92,9,0,
19,20,bottom,other,408.476,335.436,247,21,0,
19,21,bottom,host,350.856,356.501,94,13,0,
19,21,bottom,other,408.476,335.436,247,22,0,
19,22,bottom,host,360.854,356.676,91,13,0,
19,22,bottom,other,408.476,335.436,247,22,0,
19,23,bottom,host,370.852,356.851,91,13,0,
19,23,bottom,other,408.476,335.436,247,22,0,
20,1,bottom,host,188.29,245.592,124,13,0,
20,1,bottom,other,535.46,248.91,207,22,0,
20,2,bottom,host,196.482,251.328,125,13,0,
20,2,bottom,other,530.92,257.82,207,22,0,
20,3,bottom,host,204.674,257.064,125,13,0,
20,3,bottom,other,524.492,265.48,220,22,0,
20,4,bottom,host,212.866,262.8,125,13,0,
20,4,bottom,other,517.545,272.673,224,22,0,
20,5,bottom,host,220.956,268.678,126,13,0,
20,5,bottom,other,510.598,279.866,224,22,0,
20,6,bottom,host,229.046,274.556,126,13,0,
20,6,bottom,other,502.827,286.159,231,22,0,
20,7,bottom,host,237.136,280.434,126,13,0,
20,7,bottom,other,494.947,292.316,232,22,0,
20,8,bottom,host,245.226,286.312,126,13,0,
20,8,bottom,other,487.067,298.473,232,22,0,
20,9,bottom,host,253.418,292.048,125,13,0,
20,9,bottom,other,479.187,304.63,232,22,0,
20,10,bottom,host,261.61,297.784,125,13,0,
20,10,bottom,other,471.201,310.648,233,22,0,
20,11,bottom,host,269.9,303.376,124,13,0,
20,11,bottom,other,463.215,316.666,233,22,0,
20,12,bottom,host,278.092,309.112,125,13,0,
20,12,bottom,other,455.229,322.684,233,22,0,
20,13,bottom,host,286.284,314.848,125,13,0,
20,13,bottom,other,446.749,327.983,238,22,0,
20,14,bottom,host,294.476,320.584,125,13,0,
20,14,bottom,other,438.269,333.282,238,22,0,
20,15,bottom,host,302.668,326.32,125,13,0,
20,15,bottom,other,429.789,338.581,238,22,0,
20,16,bottom,host,310.86,332.056,125,13,0,
20,16,bottom,other,421.597,344.317,235,22,0,
20,17,bottom,host,319.052,337.792,125,13,0,
20,17,bottom,other,413.405,350.053,235,22,0,
20,18,bottom,host,327.244,343.528,125,13,0,
20,18,bottom,other,413.405,350.053,235,22,0,
20,19,bottom,host,335.436,349.264,125,13,0,
20,19,bottom,other,413.405,350.053,235,22,0,
20,20,bottom,host,343.628,355,125,13,0,
20,20,bottom,other,403.661,352.303,257,22,0,
20,21,bottom,host,352.538,359.54,117,13,0,
20,21,bottom,other,403.661,352.303,257,22,0,
20,22,bottom,host,361.448,364.08,117,13,0,
20,22,bottom,other,403.661,352.303,257,22,0,
21,1,top,host,188.66,245,120,13,0,
21,1,top,other,530,240,270,22,0,
21,2,top,host,197.047,250.446,123,13,0,
21,2,top,other,520,240,270,22,0,
21,3,top,host,204.478,243.755,48,13,0,
21,3,top,other,510,240,270,22,0,
21,4,top,host,211.909,237.064,48,13,0,
21,4,top,other,508.608,230.097,352,22,0,
21,5,top,host,219.34,230.373,48,13,0,
21,5,top,other,501.415,223.15,314,22,0,
21,6,top,host,226.771,223.682,48,13,0,
21,6,top,other,494.222,216.203,314,22,0,
21,7,top,host,234.202,216.991,48,13,0,
21,7,top,other,494.222,216.203,308,22,0,
21,8,top,host,241.633,210.3,48,13,0,
21,8,top,other,494.222,216.203,308,22,0,
21,9,top,host,249.064,203.609,48,13,0,
21,9,top,other,494.222,216.203,308,22,0,
21,10,top,host,256.495,196.918,48,13,0,
21,10,top,other,486.03,210.467,305,22,0,
21,11,top,host,264.042,190.357,49,13,0,
21,11,top,other,477.458,205.317,301,22,0,
21,12,top,host,271.589,183.796,49,13,0,
21,12,top,other,468.886,200.167,301,22,0,
21,13,top,host,279.136,177.235,49,13,0,
21,13,top,other,460.314,195.017,301,22,0,
21,14,top,host,286.683,170.674,49,13,0,
21,14,top,other,452.543,188.724,309,22,0,
21,15,top,host,294.23,164.113,49,13,0,
21,15,top,other,444.772,182.431,309,22,0,
21,16,top,host,301.89,157.685,50,13,0,
21,16,top,other,438.479,174.66,321,22,0,
21,17,top,host,310.082,151.949,55,13,0,
21,17,top,other,438.479,174.66,321,22,0,
21,18,top,host,318.469,146.503,57,13,0,
21,18,top,other,430.287,168.924,305,22,0,
21,19,top,host,326.856,141.057,57,13,0,
21,19,top,other,422.095,163.188,305,22,0,
21,20,top,host,335.243,135.611,57,13,0,
21,20,top,other,414.435,156.76,310,22,0,
21,21,top,host,343.63,130.165,57,13,0,
21,21,top,other,408.142,148.989,321,22,0,
21,22,top,host,352.017,124.719,57,13,0,
21,22,top,other,402.124,141.003,323,22,0,
21,23,top,host,360.404,119.273,57,13,0,
21,23,top,other,402.124,141.003,321,22,0,
21,24,top,host,368.791,113.827,57,13,0,
21,24,top,other,402.124,141.003,321,22,0,
22,1,top,host,187.88,233.843,52,13,0,
22,1,top,other,530,240,270,22,0,
22,2,top,host,195.76,227.686,52,13,0,
22,2,top,other,520,240,270,22,0,
22,3,top,host,203.746,221.668,53,13,0,
22,3,top,other,510,240,270,22,0,
22,4,top,host,211.517,215.375,51,13,0,
22,4,top,other,505.305,231.171,332,22,0,
22,5,top,host,219.288,209.082,51,13,0,
22,5,top,other,498.877,223.511,320,22,0,
22,6,top,host,227.059,202.789,51,13,0,
22,6,top,other,492.449,215.851,320,22,0,
22,7,top,host,234.83,196.496,51,13,0,
22,7,top,other,486.021,208.191,320,22,0,
22,8,top,host,243.217,191.05,57,13,0,
22,8,top,other,479.33,200.76,318,22,0,
22,9,top,host,251.507,185.458,56,13,0,
22,9,top,other,472.639,193.329,318,22,0,
22,10,top,host,259.797,179.866,56,13,0,
22,10,top,other,465.948,185.898,318,22,0,
22,11,top,host,268.087,174.274,56,13,0,
22,11,top,other,458.068,179.741,308,22,0,
22,12,top,host,276.377,168.682,56,13,0,
22,12,top,other,458.068,179.741,308,22,0,
22,13,top,host,284.667,163.09,56,13,0,
22,13,top,other,458.068,179.741,308,22,0,
22,14,top,host,292.957,157.498,56,13,0,
22,14,top,other,448.365,177.322,284,22,0,
22,15,top,host,301.247,151.906,56,13,0,
22,15,top,other,438.91,174.066,289,22,0,
22,16,top,host,309.537,146.314,56,13,0,
22,16,top,other,430.82,168.188,306,22,0,
22,17,top,host,317.924,140.868,57,13,0,
22,17,top,other,424.259,160.641,319,22,0,
22,18,top,host,326.311,135.422,57,13,0,
22,18,top,other,418.102,152.761,322,22,0,
22,19,top,host,334.698,129.976,57,13,0,
22,19,top,other,411.282,145.447,317,22,0,
22,20,top,host,342.988,124.384,56,13,0,
22,20,top,other,404.462,138.133,317,22,0,
22,21,top,host,351.278,118.792,56,13,0,
22,21,top,other,404.462,138.133,317,22,0,
22,22,top,host,359.568,113.2,56,13,0,
22,22,top,other,404.462,138.133,317,22,0,
23,1,bottom,host,187.88,246.157,128,13,0,
23,1,bottom,other,535.774,249.063,205,22,0,
23,2,bottom,host,196.267,251.603,123,13,0,
23,2,bottom,other,531.234,257.973,207,22,0,
23,3,bottom,host,204.654,257.049,123,13,0,
23,3,bottom,other,526.539,266.802,208,22,0,
23,4,bottom,host,213.041,262.495,123,13,0,
23,4,bottom,other,521.539,275.462,210,22,0,
23,5,bottom,host,221.428,267.941,123,13,0,
23,5,bottom,other,530.199,270.462,60,22,0,
23,6,bottom,host,230,273.091,121,13,0,
23,6,bottom,other,524.042,278.342,218,22,0,
23,7,bottom,host,238.572,278.241,121,13,0,
23,7,bottom,other,517.749,286.113,219,22,0,
23,8,bottom,host,247.144,283.391,121,13,0,
23,8,bottom,other,509.869,292.27,232,22,0,
23,9,bottom,host,255.716,288.541,121,13,0,
23,9,bottom,other,501.989,298.427,232,22,0,
23,10,bottom,host,264.288,293.691,121,13,0,
23,10,bottom,other,493.899,304.305,234,22,0,
23,11,bottom,host,272.86,298.841,121,13,0,
23,11,bottom,other,485.809,310.183,234,22,0,
23,12,bottom,host,281.15,304.433,124,13,0,
23,12,bottom,other,477.519,315.775,236,22,0,
23,13,bottom,host,289.44,310.025,124,13,0,
23,13,bottom,other,468.609,320.315,243,22,0,
23,14,bottom,host,297.73,315.617,124,13,0,
23,14,bottom,other,459.621,324.699,244,22,0,
23,15,bottom,host,306.02,321.209,124,13,0,
23,15,bottom,other,450.285,328.283,249,22,0,
23,16,bottom,host,314.31,326.801,124,13,0,
23,16,bottom,other,442.625,334.711,230,22,0,
23,17,bottom,host,322.6,332.393,124,13,0,
23,17,bottom,other,434.854,341.004,231,22,0,
23,18,bottom,host,330.89,337.985,124,13,0,
23,18,bottom,other,425.866,345.388,244,22,0,
23,19,bottom,host,339.18,343.577,124,13,0,
23,19,bottom,other,416.355,348.478,252,22,0,
23,20,bottom,host,347.47,349.169,124,13,0,
23,20,bottom,other,407.083,352.224,248,22,0,
23,21,bottom,host,355.76,354.761,124,13,0,
23,21,bottom,other,397.878,356.131,247,22,0,
23,22,bottom,host,364.05,360.353,124,13,0,
23,22,bottom,other,397.878,356.131,247,22,0,
24,1,top,host,188.192,234.264,55,13,0,
24,1,top,other,530,240,270,22,0,
24,2,top,host,196.384,228.528,55,13,0,
24,2,top,other,522.34,233.572,310,22,0,
24,3,top,host,204.576,222.792,55,13,0,
24,3,top,other,514.68,227.144,310,22,0,
24,4,top,host,212.768,217.056,55,13,0,
24,4,top,other,507.487,220.197,314,22,0,
24,5,top,host,220.96,211.32,55,13,0,
24,5,top,other,500.294,213.25,314,22,0,
24,6,top,host,229.152,205.584,55,13,0,
24,6,top,other,493.101,206.303,314,22,0,
24,7,top,host,237.898,200.736,61,13,0,
24,7,top,other,485.787,199.483,313,22,0,
24,8,top,host,246.47,195.586,59,13,0,
24,8,top,other,478.473,192.663,313,22,0,
24,9,top,host,255.042,190.436,59,13,0,
24,9,top,other,471.159,185.843,313,22,0,
24,10,top,host,263.614,185.286,59,13,0,
24,10,top,other,463.845,179.023,313,22,0,
24,11,top,host,272.186,180.136,59,13,0,
24,11,top,other,455.458,173.577,303,22,0,
24,12,top,host,280.758,174.986,59,13,0,
24,12,top,other,447.071,168.131,303,22,0,
24,13,top,host,289.33,169.836,59,13,0,
24,13,top,other,438.684,162.685,303,22,0,
24,14,top,host,297.902,164.686,59,13,0,
24,14,top,other,430.297,157.239,303,22,0,
24,15,top,host,306.474,159.536,59,13,0,
24,15,top,other,421.387,152.699,297,22,0,
24,16,top,host,315.046,154.386,59,13,0,
24,16,top,other,412.477,148.159,297,22,0,
24,17,top,host,323.618,149.236,59,13,0,
24,17,top,other,403.342,144.092,294,22,0,
24,18,top,host,332.19,144.086,59,13,0,
24,18,top,other,403.342,144.092,294,22,0,
24,19,top,host,340.762,138.936,59,13,0,
24,19,top,other,403.342,144.092,296,22,0,
24,20,top,host,349.422,133.936,60,13,0,
24,20,top,other,395.795,137.531,311,22,0,
24,21,top,host,356.615,126.989,46,13,0,
24,21,top,other,395.795,137.531,311,22,0,
24,22,top,host,363.808,120.042,46,13,0,
24,22,top,other,395.795,137.531,311,22,0,
25,1,top,host,188.09,234.122,54,13,0,
25,1,top,other,532.453,233.439,311,22,0,
25,2,top,host,196.18,228.244,54,13,0,
25,2,top,other,524.906,226.878,311,22,0,
25,3,top,host,204.27,222.366,54,13,0,
25,3,top,other,518.215,219.447,318,22,0,
25,4,top,host,212.36,216.488,54,13,0,
25,4,top,other,509.643,214.297,301,22,0,
25,5,top,host,220.45,210.61,54,13,0,
25,5,top,other,503.215,206.637,320,22,0,
25,6,top,host,228.54,204.732,54,13,0,
25,6,top,other,495.444,200.344,309,22,0,
25,7,top,host,236.83,199.14,56,13,0,
25,7,top,other,495.444,200.344,309,22,0,
25,8,top,host,245.576,194.292,61,13,0,
25,8,top,other,487.154,194.752,304,22,0,
25,9,top,host,254.236,189.292,60,13,0,
25,9,top,other,478.494,189.752,300,22,0,
25,10,top,host,262.623,183.846,57,13,0,
25,10,top,other,471.18,182.932,313,22,0,
25,11,top,host,271.01,178.4,57,13,0,
25,11,top,other,463.866,176.112,313,22,0,
25,12,top,host,279.3,172.808,56,13,0,
25,12,top,other,457.709,168.232,322,22,0,
25,13,top,host,287.59,167.216,56,13,0,
25,13,top,other,449.723,162.214,307,22,0,
25,14,top,host,295.88,161.624,56,13,0,
25,14,top,other,441.737,156.196,307,22,0,
25,15,top,host,304.17,156.032,56,13,0,
25,15,top,other,432.465,152.45,292,22,0,
25,16,top,host,312.46,150.44,56,13,0,
25,16,top,other,432.465,152.45,294,22,0,
25,17,top,host,320.75,144.848,56,13,0,
25,17,top,other,423.33,148.383,294,22,0,
25,18,top,host,329.23,139.549,58,13,0,
25,18,top,other,423.33,148.383,294,22,0,
25,19,top,host,337.71,134.25,58,13,0,
25,19,top,other,423.33,148.383,264,22,0,
25,20,top,host,346.19,128.951,58,17,0,
25,20,top,other,413.671,145.795,285,23,0,
25,21,top,host,354.67,123.652,58,17,0,
25,21,top,other,404.399,142.049,292,23,0,
25,22,top,host,354.67,123.652,58,17,0,
25,22,top,other,404.399,142.049,292,23,0,
26,1,bottom,host,188.29,245.592,124,17,0,
26,1,bottom,other,530,240,270,23,0,
26,2,bottom,host,196.58,251.184,124,17,0,
26,2,bottom,other,520,240,270,23,0,
26,3,bottom,host,204.87,256.776,124,17,0,
26,3,bottom,other,524.54,248.91,153,23,0,
26,4,bottom,host,213.16,262.368,124,17,0,
26,4,bottom,other,521.616,258.473,197,23,0,
26,5,bottom,host,221.45,267.96,124,17,0,
26,5,bottom,other,516.921,267.302,208,23,0,
26,6,bottom,host,229.74,273.552,124,17,0,
26,6,bottom,other,511.622,275.782,212,23,0,
26,7,bottom,host,238.03,279.144,124,17,0,
26,7,bottom,other,506.472,284.354,211,23,0,
26,8,bottom,host,246.32,284.736,124,17,0,
26,8,bottom,other,500.179,292.125,219,23,0,
26,9,bottom,host,254.61,290.328,124,17,0,
26,9,bottom,other,493.886,299.896,219,23,0,
26,10,bottom,host,262.9,295.92,124,17,0,
26,10,bottom,other,487.593,307.667,219,23,0,
26,11,bottom,host,271.19,301.512,124,17,0,
26,11,bottom,other,480.046,314.228,229,23,0,
26,12,bottom,host,279.48,307.104,124,17,0,
26,12,bottom,other,472.499,320.789,229,23,0,
26,13,bottom,host,287.77,312.696,124,17,0,
26,13,bottom,other,463.927,325.939,239,23,0,
26,14,bottom,host,296.06,318.288,124,17,0,
26,14,bottom,other,455.941,331.957,233,23,0,
26,15,bottom,host,304.35,323.88,124,17,0,
26,15,bottom,other,447.651,337.549,236,23,0,
26,16,bottom,host,312.64,329.472,124,17,0,
26,16,bottom,other,439.361,343.141,236,23,0,
26,17,bottom,host,320.93,335.064,124,17,0,
26,17,bottom,other,430.701,348.141,240,23,0,
26,18,bottom,host,329.22,340.656,124,17,0,
26,18,bottom,other,421.566,352.208,246,23,0,
26,19,bottom,host,337.51,346.248,124,17,0,
26,19,bottom,other,412.503,356.434,245,23,0,
26,20,bottom,host,345.897,351.694,123,17,0,
26,20,bottom,other,412.503,356.434,273,23,0,
26,21,bottom,host,354.284,357.14,123,17,0,
26,21,bottom,other,412.503,356.434,273,23,0,
26,22,bottom,host,362.671,362.586,123,17,0,
26,22,bottom,other,412.503,356.434,273,23,0,
27,1,bottom,host,188.387,245.446,123,17,0,
27,1,bottom,other,533.18,247.314,223,23,0,
27,2,bottom,host,196.774,250.892,123,17,0,
27,2,bottom,other,526.36,254.628,223,23,0,
27,3,bottom,host,205.161,256.338,123,17,0,
27,3,bottom,other,520.768,262.918,214,23,0,
27,4,bottom,host,213.451,261.93,124,17,0,
27,4,bottom,other,525.918,271.49,149,23,0,
27,5,bottom,host,221.741,267.522,124,17,0,
27,5,bottom,other,521.07,280.236,209,23,0,
27,6,bottom,host,230.031,273.114,124,17,0,
27,6,bottom,other,515.478,288.526,214,23,0,
27,7,bottom,host,238.321,278.706,124,17,0,
27,7,bottom,other,508.658,295.84,223,23,0,
27,8,bottom,host,246.708,284.152,123,17,0,
27,8,bottom,other,499.095,298.764,253,23,0,
27,9,bottom,host,255.095,289.598,123,17,0,
27,9,bottom,other,490.107,303.148,244,23,0,
27,10,bottom,host,263.482,295.044,123,17,0,
27,10,bottom,other,481.119,307.532,244,23,0,
27,11,bottom,host,271.869,300.49,123,17,0,
27,11,bottom,other,472.131,311.916,244,23,0,
27,12,bottom,host,280.256,305.936,123,17,0,
27,12,bottom,other,464.584,318.477,229,23,0,
27,13,bottom,host,288.643,311.382,123,17,0,
27,13,bottom,other,456.104,323.776,238,23,0,
27,14,bottom,host,297.03,316.828,123,17,0,
27,14,bottom,other,447.624,329.075,238,23,0,
27,15,bottom,host,305.32,322.42,124,17,0,
27,15,bottom,other,439.144,334.374,238,23,0,
27,16,bottom,host,313.61,328.012,124,17,0,
27,16,bottom,other,430.572,339.524,239,23,0,
27,17,bottom,host,321.9,333.604,124,17,0,
27,17,bottom,other,421.743,344.219,242,23,0,
27,18,bottom,host,330.19,339.196,124,17,0,
27,18,bottom,other,412.914,348.914,242,23,0,
27,19,bottom,host,338.48,344.788,124,17,0,
27,19,bottom,other,403.851,353.14,245,23,0,
27,20,bottom,host,346.77,350.38,124,17,0,
27,20,bottom,other,403.851,353.14,245,23,0,
27,21,bottom,host,355.06,355.972,124,17,0,
27,21,bottom,other,403.851,353.14,245,23,0,
27,22,bottom,host,355.06,355.972,124,17,0,
27,22,bottom,other,403.851,353.14,245,23,0,
28,1,top,host,188.29,245.592,124,17,0,
28,1,top,other,530,240,270,23,0,
28,2,top,host,196.38,251.47,126,17,0,
28,2,top,other,520,240,270,23,0,
28,3,top,host,204.67,257.062,124,17,0,
28,3,top,other,511.91,234.122,306,23,0,
28,4,top,host,213.057,262.508,123,17,0,
28,4,top,other,508.326,224.786,339,23,0,
28,5,top,host,221.347,268.1,124,17,0,
28,5,top,other,508.326,224.786,321,23,0,
28,6,top,host,229.637,273.692,124,17,0,
28,6,top,other,501.012,217.966,313,23,0,
28,7,top,host,237.927,279.284,124,17,0,
28,7,top,other,493.698,211.146,313,23,0,
28,8,top,host,246.217,284.876,124,17,0,
28,8,top,other,486.038,204.718,310,23,0,
28,9,top,host,254.507,290.468,124,17,0,
28,9,top,other,486.038,204.718,310,23,0,
28,10,top,host,262.797,296.06,124,17,0,
28,10,top,other,478.607,198.027,312,23,0,
28,11,top,host,271.087,301.652,124,17,0,
28,11,top,other,471.06,191.466,311,23,0,
28,12,top,host,279.377,307.244,124,17,0,
28,12,top,other,463.513,184.905,311,23,0,
28,13,top,host,287.667,312.836,124,17,0,
28,13,top,other,455.966,178.344,311,23,0,
28,14,top,host,295.957,318.428,124,17,0,
28,14,top,other,448.195,172.051,309,23,0,
28,15,top,host,304.247,324.02,124,17,0,
28,15,top,other,439.623,166.901,301,23,0,
28,16,top,host,312.537,329.612,124,17,0,
28,16,top,other,431.051,161.751,301,23,0,
28,17,top,host,320.924,335.058,123,17,0,
28,17,top,other,422.859,156.015,305,23,0,
28,18,top,host,329.311,340.504,123,17,0,
28,18,top,other,415.088,149.722,309,23,0,
28,19,top,host,337.698,345.95,123,17,0,
28,19,top,other,407.317,143.429,309,23,0,
28,20,top,host,345.988,351.542,124,18,0,
28,20,top,other,399.657,137.001,310,27,0,
28,21,top,host,354.278,357.134,124,18,0,
28,21,top,other,391.465,131.265,305,27,0,
28,22,top,host,362.568,362.726,124,18,0,
28,22,top,other,391.465,131.265,310,27,0,
29,1,bottom,host,188.387,234.554,57,18,0,
29,1,bottom,other,530,240,270,27,0,
29,2,bottom,host,196.774,229.108,57,18,0,
29,2,bottom,other,520,240,270,27,0,
29,3,bottom,host,205.161,223.662,57,18,0,
29,3,bottom,other,521.045,249.945,174,27,0,
29,4,bottom,host,213.548,218.216,57,18,0,
29,4,bottom,other,522.09,259.89,174,27,0,
29,5,bottom,host,221.935,212.77,57,18,0,
29,5,bottom,other,522.09,259.89,215,27,0,
29,6,bottom,host,230.322,207.324,57,18,0,
29,6,bottom,other,522.09,259.89,215,27,0,
29,7,bottom,host,238.709,201.878,57,18,0,
29,7,bottom,other,516.354,268.082,215,27,0,
29,8,bottom,host,247.096,196.432,57,18,0,
29,8,bottom,other,509.793,275.629,221,27,0,
29,9,bottom,host,255.483,190.986,57,18,0,
29,9,bottom,other,503.232,283.176,221,27,0,
29,10,bottom,host,263.87,185.54,57,18,0,
29,10,bottom,other,495.918,289.996,227,27,0,
29,11,bottom,host,272.257,180.094,57,18,0,
29,11,bottom,other,495.918,289.996,227,27,0,
29,12,bottom,host,280.644,174.648,57,18,0,
29,12,bottom,other,487.628,295.588,236,27,0,
29,13,bottom,host,289.031,169.202,57,18,0,
29,13,bottom,other,479.338,301.18,236,27,0,
29,14,bottom,host,297.418,163.756,57,18,0,
29,14,bottom,other,471.048,306.772,236,27,0,
29,15,bottom,host,305.805,158.31,57,18,0,
29,15,bottom,other,462.758,312.364,236,27,0,
29,16,bottom,host,314.192,152.864,57,18,0,
29,16,bottom,other,454.098,317.364,240,27,0,
29,17,bottom,host,322.579,147.418,57,18,0,
29,17,bottom,other,444.963,321.431,246,27,0,
29,18,bottom,host,330.966,141.972,57,18,0,
29,18,bottom,other,435.828,325.498,246,27,0,
29,19,bottom,host,339.446,136.673,58,18,0,
29,19,bottom,other,426.373,328.754,251,27,0,
29,20,bottom,host,347.926,131.374,58,19,0,
29,20,bottom,other,416.496,330.318,261,31,0,
29,21,bottom,host,356.406,126.075,58,19,0,
29,21,bottom,other,406.837,332.906,255,31,0,
29,22,bottom,host,356.406,126.075,58,19,0,
29,22,bottom,other,397.44,336.326,250,31,0,
30,1,top,host,188.29,245.592,124,19,0,
30,1,top,other,530,240,270,31,0,
30,2,top,host,196.58,251.184,124,19,0,
30,2,top,other,520,240,270,31,0,
30,3,top,host,204.967,256.63,123,19,0,
30,3,top,other,510,240,270,31,0,
30,4,top,host,213.354,262.076,123,19,0,
30,4,top,other,500.489,236.91,288,31,0,
30,5,top,host,221.741,267.522,123,19,0,
30,5,top,other,495.641,228.164,331,31,0,
30,6,top,host,230.128,272.968,123,19,0,
30,6,top,other,489.484,220.284,322,31,0,
30,7,top,host,238.418,278.56,124,19,0,
30,7,top,other,489.484,220.284,74,31,0,
30,8,top,host,246.708,284.152,124,19,0,
30,8,top,other,489.484,220.284,37,31,0,
30,9,top,host,254.998,289.744,124,19,0,
30,9,top,other,484.038,211.897,327,31,0,
30,10,top,host,263.288,295.336,124,19,0,
30,10,top,other,477.347,204.466,318,31,0,
30,11,top,host,271.675,300.782,123,19,0,
30,11,top,other,469.916,197.775,312,31,0,
30,12,top,host,280.062,306.228,123,19,0,
30,12,top,other,462.145,191.482,309,31,0,
30,13,top,host,288.449,311.674,123,19,0,
30,13,top,other,454.374,185.189,309,31,0,
30,14,top,host,296.739,317.266,124,19,0,
30,14,top,other,454.374,185.189,308,31,0,
30,15,top,host,305.029,322.858,124,19,0,
30,15,top,other,444.863,182.099,288,31,0,
30,16,top,host,313.319,328.45,124,19,0,
30,16,top,other,435.352,179.009,288,31,0,
30,17,top,host,321.609,334.042,124,19,0,
30,17,top,other,426.78,173.859,301,31,0,
30,18,top,host,329.996,339.488,123,19,0,
30,18,top,other,420.623,165.979,322,31,0,
30,19,top,host,338.383,344.934,123,19,0,
30,19,top,other,414.466,158.099,322,31,0,
30,20,top,host,346.77,350.38,123,20,0,
30,20,top,other,407.646,150.785,317,35,0,
30,21,top,host,355.06,355.972,124,20,0,
30,21,top,other,407.646,150.785,317,35,0,
30,22,top,host,363.35,361.564,124,20,0,
30,22,top,other,407.646,150.785,317,35,0,
31,1,top,host,188.48,234.701,58,20,0,
31,1,top,other,532.686,233.18,313,35,0,
31,2,top,host,196.77,229.109,56,20,0,
31,2,top,other,525.372,226.36,313,35,0,
31,3,top,host,205.06,223.517,56,20,0,
31,3,top,other,525.372,226.36,313,35,0,
31,4,top,host,213.35,217.925,56,20,0,
31,4,top,other,518.058,219.54,313,35,0,
31,5,top,host,221.64,212.333,56,20,0,
31,5,top,other,510.072,213.522,307,35,0,
31,6,top,host,229.93,206.741,56,20,0,
31,6,top,other,502.641,206.831,312,35,0,
31,7,top,host,238.22,201.149,56,20,0,
31,7,top,other,495.21,200.14,312,35,0,
31,8,top,host,246.51,195.557,56,20,0,
31,8,top,other,487.439,193.847,309,35,0,
31,9,top,host,254.8,189.965,56,20,0,
31,9,top,other,479.349,187.969,306,35,0,
31,10,top,host,263.09,184.373,56,20,0,
31,10,top,other,471.259,182.091,306,35,0,
31,11,top,host,271.38,178.781,56,20,0,
31,11,top,other,463.169,176.213,306,35,0,
31,12,top,host,279.67,173.189,56,20,0,
31,12,top,other,454.782,170.767,303,35,0,
31,13,top,host,288.057,167.743,57,20,0,
31,13,top,other,446.122,165.767,300,35,0,
31,14,top,host,296.444,162.297,57,20,0,
31,14,top,other,437.462,160.767,300,35,0,
31,15,top,host,304.831,156.851,57,20,0,
31,15,top,other,429.172,155.175,304,35,0,
31,16,top,host,313.121,151.259,56,20,0,
31,16,top,other,420.98,149.439,305,35,0,
31,17,top,host,321.411,145.667,56,20,0,
31,17,top,other,412.69,143.847,304,35,0,
31,18,top,host,329.701,140.075,56,20,0,
31,18,top,other,404.81,137.69,308,35,0,
31,19,top,host,337.991,134.483,56,20,0,
31,19,top,other,404.81,137.69,308,35,0,
31,20,top,host,346.378,129.037,57,20,0,
31,20,top,other,396.824,131.672,307,35,0,
31,21,top,host,354.765,123.591,57,20,0,
31,21,top,other,396.824,131.672,314,35,0,
31,22,top,host,354.765,123.591,57,20,0,
31,22,top,other,396.824,131.672,314,35,0,
32,1,bottom,host,188.29,245.592,124,20,0,
32,1,bottom,other,530,240,270,35,0,
32,2,bottom,host,196.58,251.184,124,20,0,
32,2,bottom,other,533.746,249.272,158,35,0,
32,3,bottom,host,204.87,256.776,124,20,0,
32,3,bottom,other,530.162,258.608,201,35,0,
32,4,bottom,host,213.257,262.222,123,20,0,
32,4,bottom,other,525.622,267.518,207,35,0,
32,5,bottom,host,221.644,267.668,123,20,0,
32,5,bottom,other,521.082,276.428,207,35,0,
32,6,bottom,host,230.124,272.967,122,20,0,
32,6,bottom,other,516.542,285.338,207,35,0,
32,7,bottom,host,238.414,278.559,124,20,0,
32,7,bottom,other,509.722,292.652,223,35,0,
32,8,bottom,host,246.704,284.151,124,20,0,
32,8,bottom,other,501.242,297.951,238,35,0,
32,9,bottom,host,254.994,289.743,124,20,0,
32,9,bottom,other,492.332,302.491,243,35,0,
32,10,bottom,host,263.284,295.335,124,20,0,
32,10,bottom,other,483.422,307.031,243,35,0,
32,11,bottom,host,271.574,300.927,124,20,0,
32,11,bottom,other,474.85,312.181,239,35,0,
32,12,bottom,host,279.864,306.519,124,20,0,
32,12,bottom,other,466.278,317.331,239,35,0,
32,13,bottom,host,288.154,312.111,124,20,0,
32,13,bottom,other,457.706,322.481,239,35,0,
32,14,bottom,host,296.444,317.703,124,20,0,
32,14,bottom,other,449.134,327.631,239,35,0,
32,15,bottom,host,304.734,323.295,124,20,0,
32,15,bottom,other,449.134,327.631,239,35,0,
32,16,bottom,host,313.024,328.887,124,20,0,
32,16,bottom,other,449.134,327.631,239,35,0,
32,17,bottom,host,321.314,334.479,124,20,0,
32,17,bottom,other,440.305,332.326,242,35,0,
32,18,bottom,host,329.604,340.071,124,20,0,
32,18,bottom,other,431.242,336.552,245,35,0,
32,19,bottom,host,337.894,345.663,124,20,0,
32,19,bottom,other,422.179,340.778,245,35,0,
32,20,bottom,host,346.184,351.255,124,24,0,
32,20,bottom,other,413.116,345.004,245,36,0,
32,21,bottom,host,354.474,356.847,124,24,0,
32,21,bottom,other,413.116,345.004,245,36,0,
32,22,bottom,host,362.764,362.439,124,24,0,
32,22,bottom,other,413.116,345.004,245,36,0,
33,1,top,host,188.29,234.408,56,24,0,
33,1,top,other,530,240,270,36,0,
33,2,top,host,196.58,228.816,56,24,0,
33,2,top,other,520,240,270,36,0,
33,3,top,host,204.87,223.224,56,24,0,
33,3,top,other,510,240,270,36,0,
33,4,top,host,213.16,217.632,56,24,0,
33,4,top,other,502.686,233.18,313,36,0,
33,5,top,host,221.45,212.04,56,24,0,
33,5,top,other,495.372,226.36,313,36,0,
33,6,top,host,229.74,206.448,56,24,0,
33,6,top,other,489.215,218.48,322,36,0,
33,7,top,host,238.03,200.856,56,24,0,
33,7,top,other,482.654,210.933,319,36,0,
33,8,top,host,246.32,195.264,56,24,0,
33,8,top,other,476.093,203.386,319,36,0,
33,9,top,host,254.61,189.672,56,24,0,
33,9,top,other,469.532,195.839,319,36,0,
33,10,top,host,262.9,184.08,56,24,0,
33,10,top,other,462.585,188.646,316,36,0,
33,11,top,host,271.19,178.488,56,24,0,
33,11,top,other,462.585,188.646,316,36,0,
33,12,top,host,279.48,172.896,56,24,0,
33,12,top,other,453.839,183.798,299,36,0,
33,13,top,host,287.77,167.304,56,24,0,
33,13,top,other,445.359,178.499,302,36,0,
33,14,top,host,296.06,161.712,56,24,0,
33,14,top,other,437.699,172.071,310,36,0,
33,15,top,host,304.35,156.12,56,24,0,
33,15,top,other,430.628,165,315,36,0,
33,16,top,host,312.64,150.528,56,24,0,
33,16,top,other,423.557,157.929,315,36,0,
33,17,top,host,320.93,144.936,56,24,0,
33,17,top,other,416.243,151.109,313,36,0,
33,18,top,host,329.22,139.344,56,24,0,
33,18,top,other,408.583,144.681,310,36,0,
33,19,top,host,337.51,133.752,56,24,0,
33,19,top,other,401.036,138.12,311,36,0,
33,20,top,host,345.8,128.16,56,24,0,
33,20,top,other,393.489,131.559,311,36,0,
33,21,top,host,354.09,122.568,56,24,0,
33,21,top,other,385.503,125.541,307,36,0,
33,22,top,host,362.38,116.976,56,24,0,
33,22,top,other,377.517,119.523,307,36,0,
34,1,top,host,188.387,234.554,57,24,0,
34,1,top,other,530,240,270,36,0,
34,2,top,host,196.774,229.108,57,24,0,
34,2,top,other,520,240,270,36,0,
34,3,top,host,205.161,223.662,57,24,0,
34,3,top,other,512.569,233.309,312,36,0,
34,4,top,host,213.548,218.216,57,24,0,
34,4,top,other,505.138,226.618,312,36,0,
34,5,top,host,221.935,212.77,57,24,0,
34,5,top,other,497.707,219.927,312,36,0,
34,6,top,host,230.322,207.324,57,24,0,
34,6,top,other,490.276,213.236,312,36,0,
34,7,top,host,238.709,201.878,57,24,0,
34,7,top,other,487.352,203.673,343,36,0,
34,8,top,host,247.096,196.432,57,24,0,
34,8,top,other,484.428,194.11,343,36,0,
34,9,top,host,255.483,190.986,57,24,0,
34,9,top,other,477.357,187.039,315,36,0,
34,10,top,host,263.87,185.54,57,24,0,
34,10,top,other,469.586,180.746,309,36,0,
34,11,top,host,272.257,180.094,57,24,0,
34,11,top,other,469.586,180.746,309,36,0,
34,12,top,host,280.644,174.648,57,24,0,
34,12,top,other,461.296,175.154,304,36,0,
34,13,top,host,289.031,169.202,57,24,0,
34,13,top,other,451.96,171.57,291,36,0,
34,14,top,host,297.603,164.052,59,24,0,
34,14,top,other,443.214,166.722,299,36,0,
34,15,top,host,306.083,158.753,58,24,0,
34,15,top,other,434.468,161.874,299,36,0,
34,16,top,host,314.563,153.454,58,24,0,
34,16,top,other,425.722,157.026,299,36,0,
34,17,top,host,323.043,148.155,58,24,0,
34,17,top,other,417.53,151.29,305,36,0,
34,18,top,host,331.523,142.856,58,24,0,
34,18,top,other,409.338,145.554,305,36,0,
34,19,top,host,340.003,137.557,58,24,0,
34,19,top,other,401.907,138.863,312,36,0,
34,20,top,host,348.483,132.258,58,24,0,
34,20,top,other,394.476,132.172,312,36,0,
34,21,top,host,356.963,126.959,58,24,0,
34,21,top,other,394.476,132.172,310,36,0,
34,22,top,host,356.963,126.959,58,24,0,
34,22,top,other,394.476,132.172,310,36,0,
35,1,top,host,188.29,234.408,56,24,0,
35,1,top,other,530,240,270,36,0,
35,2,top,host,196.677,228.962,57,24,0,
35,2,top,other,520,240,270,36,0,
35,3,top,host,205.064,223.516,57,24,0,
35,3,top,other,510,240,270,36,0,
35,4,top,host,213.451,218.07,57,24,0,
35,4,top,other,510,230,0,36,0,
35,5,top,host,221.838,212.624,57,24,0,
35,5,top,other,510,220,0,36,0,
35,6,top,host,230.225,207.178,57,24,0,
35,6,top,other,510,210,0,36,0,
35,7,top,host,238.612,201.732,57,24,0,
35,7,top,other,504.264,201.808,325,36,0,
35,8,top,host,246.999,196.286,57,24,0,
35,8,top,other,498.528,193.616,325,36,0,
35,9,top,host,255.386,190.84,57,24,0,
35,9,top,other,488.965,190.692,287,36,0,
35,10,top,host,263.773,185.394,57,24,0,
35,10,top,other,479.402,187.768,287,36,0,
35,11,top,host,272.16,179.948,57,24,0,
35,11,top,other,469.839,184.844,287,36,0,
35,12,top,host,280.547,174.502,57,24,0,
35,12,top,other,461.01,180.149,298,36,0,
35,13,top,host,288.934,169.056,57,24,0,
35,13,top,other,452.181,175.454,298,36,0,
35,14,top,host,297.321,163.61,57,24,0,
35,14,top,other,452.181,175.454,298,36,0,
35,15,top,host,305.708,158.164,57,24,0,
35,15,top,other,444.301,169.297,308,36,0,
35,16,top,host,314.095,152.718,57,24,0,
35,16,top,other,436.421,163.14,308,36,0,
35,17,top,host,322.482,147.272,57,24,0,
35,17,top,other,428.65,156.847,309,36,0,
35,18,top,host,330.869,141.826,57,24,0,
35,18,top,other,420.879,150.554,309,36,0,
35,19,top,host,339.256,136.38,57,24,0,
35,19,top,other,412.999,144.397,308,36,0,
35,20,top,host,347.643,130.934,57,24,0,
35,20,top,other,405.119,138.24,308,36,0,
35,21,top,host,356.03,125.488,57,24,0,
35,21,top,other,405.119,138.24,308,36,0,
35,22,top,host,356.03,125.488,57,24,0,
35,22,top,other,405.119,138.24,308,36,0,
36,1,bottom,host,188.29,245.592,124,24,0,
36,1,bottom,other,530,240,270,36,0,
36,2,bottom,host,196.58,251.184,124,24,0,
36,2,bottom,other,520,240,270,36,0,
36,3,bottom,host,204.87,256.776,124,24,0,
36,3,bottom,other,510,240,270,36,0,
36,4,bottom,host,213.16,262.368,124,24,0,
36,4,bottom,other,507.412,249.659,195,36,0,
36,5,bottom,host,221.45,267.96,124,24,0,
36,5,bottom,other,504.824,259.318,195,36,0,
36,6,bottom,host,229.74,273.552,124,24,0,
36,6,bottom,other,502.236,268.977,195,36,0,
36,7,bottom,host,238.127,278.998,123,24,0,
36,7,bottom,other,496.358,277.067,216,36,0,
36,8,bottom,host,246.514,284.444,123,24,0,
36,8,bottom,other,490.48,285.157,216,36,0,
36,9,bottom,host,254.901,289.89,123,24,0,
36,9,bottom,other,484.888,293.447,214,36,0,
36,10,bottom,host,263.288,295.336,123,24,0,
36,10,bottom,other,479.296,301.737,214,36,0,
36,11,bottom,host,271.675,300.782,123,24,0,
36,11,bottom,other,473.704,310.027,214,36,0,
36,12,bottom,host,280.155,306.081,122,24,0,
36,12,bottom,other,465.824,316.184,232,36,0,
36,13,bottom,host,288.635,311.38,122,24,0,
36,13,bottom,other,457.944,322.341,232,36,0,
36,14,bottom,host,297.115,316.679,122,24,0,
36,14,bottom,other,448.672,326.087,248,36,0,
36,15,bottom,host,305.595,321.978,122,24,0,
36,15,bottom,other,439.4,329.833,248,36,0,
36,16,bottom,host,314.075,327.277,122,24,0,
36,16,bottom,other,430.128,333.579,248,36,0,
36,17,bottom,host,322.555,332.576,122,24,0,
36,17,bottom,other,420.347,335.658,258,36,0,
36,18,bottom,host,331.035,337.875,122,24,0,
36,18,bottom,other,410.784,338.582,253,36,0,
36,19,bottom,host,339.422,343.321,123,24,0,
36,19,bottom,other,401.221,341.506,253,36,0,
36,20,bottom,host,347.809,348.767,123,24,0,
36,20,bottom,other,401.221,341.506,253,36,0,
36,21,bottom,host,356.196,354.213,123,24,0,
36,21,bottom,other,393.131,347.384,234,36,0,
36,22,bottom,host,364.583,359.659,123,24,0,
36,22,bottom,other,385.041,353.262,234,36,0,
37,1,top,host,188.387,234.554,57,24,0,
37,1,top,other,530,240,270,36,0,
37,2,top,host,196.774,229.108,57,24,0,
37,2,top,other,521.91,234.122,306,36,0,
37,3,top,host,205.161,223.662,57,24,0,
37,3,top,other,521.91,234.122,306,36,0,
37,4,top,host,213.451,218.07,56,24,0,
37,4,top,other,513.523,228.676,303,36,0,
37,5,top,host,221.741,212.478,56,24,0,
37,5,top,other,505.136,223.23,303,36,0,
37,6,top,host,230.031,206.886,56,24,0,
37,6,top,other,496.749,217.784,303,36,0,
37,7,top,host,238.418,201.44,57,24,0,
37,7,top,other,489.678,210.713,315,36,0,
37,8,top,host,246.805,195.994,57,24,0,
37,8,top,other,481.798,204.556,308,36,0,
37,9,top,host,255.192,190.548,57,24,0,
37,9,top,other,473.918,198.399,308,36,0,
37,10,top,host,263.579,185.102,57,24,0,
37,10,top,other,465.932,192.381,307,36,0,
37,11,top,host,271.869,179.51,56,24,0,
37,11,top,other,458.052,186.224,308,36,0,
37,12,top,host,280.159,173.918,56,24,0,
37,12,top,other,450.172,180.067,308,36,0,
37,13,top,host,288.449,168.326,56,24,0,
37,13,top,other,442.292,173.91,308,36,0,
37,14,top,host,296.836,162.88,57,24,0,
37,14,top,other,434.202,168.032,306,36,0,
37,15,top,host,305.223,157.434,57,24,0,
37,15,top,other,426.216,162.014,307,36,0,
37,16,top,host,313.61,151.988,57,24,0,
37,16,top,other,418.23,155.996,307,36,0,
37,17,top,host,321.997,146.542,57,24,0,
37,17,top,other,410.244,149.978,307,36,0,
37,18,top,host,330.287,140.95,56,24,0,
37,18,top,other,402.258,143.96,307,36,0,
37,19,top,host,338.577,135.358,56,24,0,
37,19,top,other,394.272,137.942,307,36,0,
37,20,top,host,346.867,129.766,56,24,0,
37,20,top,other,386.286,131.924,307,36,0,
37,21,top,host,355.157,124.174,56,24,0,
37,21,top,other,386.286,131.924,307,36,0,
37,22,top,host,363.447,118.582,56,24,0,
37,22,top,other,386.286,131.924,307,36,0,
38,1,bottom,host,188.387,245.446,123,24,0,
38,1,bottom,other,530,240,270,36,0,
38,2,bottom,host,196.774,250.892,123,24,0,
38,2,bottom,other,531.045,249.945,174,36,0,
38,3,bottom,host,205.161,256.338,123,24,0,
38,3,bottom,other,532.09,259.89,174,36,0,
38,4,bottom,host,213.548,261.784,123,24,0,
38,4,bottom,other,530.526,269.767,189,36,0,
38,5,bottom,host,221.935,267.23,123,24,0,
38,5,bottom,other,528.962,279.644,189,36,0,
38,6,bottom,host,230.225,272.822,124,24,0,
38,6,bottom,other,523.084,287.734,216,36,0,
38,7,bottom,host,238.515,278.414,124,24,0,
38,7,bottom,other,517.206,295.824,216,36,0,
38,8,bottom,host,246.805,284.006,124,24,0,
38,8,bottom,other,508.143,300.05,245,36,0,
38,9,bottom,host,255.192,289.452,123,24,0,
38,9,bottom,other,499.08,304.276,245,36,0,
38,10,bottom,host,263.579,294.898,123,24,0,
38,10,bottom,other,490.6,309.575,238,36,0,
38,11,bottom,host,271.966,300.344,123,24,0,
38,11,bottom,other,482.12,314.874,238,36,0,
38,12,bottom,host,280.353,305.79,123,24,0,
38,12,bottom,other,473.057,319.1,245,36,0,
38,13,bottom,host,288.74,311.236,123,24,0,
38,13,bottom,other,463.721,322.684,249,36,0,
38,14,bottom,host,297.03,316.828,124,24,0,
38,14,bottom,other,454.324,326.104,250,36,0,
38,15,bottom,host,305.32,322.42,124,24,0,
38,15,bottom,other,444.927,329.524,250,36,0,
38,16,bottom,host,313.512,328.156,125,24,0,
38,16,bottom,other,435.472,332.78,251,36,0,
38,17,bottom,host,321.704,333.892,125,24,0,
38,17,bottom,other,426.017,336.036,251,36,0,
38,18,bottom,host,329.584,340.049,128,24,0,
38,18,bottom,other,416.506,339.126,252,36,0,
38,19,bottom,host,337.464,346.206,128,24,0,
38,19,bottom,other,406.943,342.05,253,36,0,
38,20,bottom,host,345.124,352.634,130,24,0,
38,20,bottom,other,397.38,344.974,253,36,0,
38,21,bottom,host,352.784,359.062,130,24,0,
38,21,bottom,other,388.47,349.514,243,36,0,
38,22,bottom,host,352.784,359.062,130,24,0,
38,22,bottom,other,379.56,354.054,243,36,0,
39,1,top,host,188.29,234.408,56,24,0,
39,1,top,other,531.254,235.152,299,36,0,
39,2,top,host,196.58,228.816,56,24,0,
39,2,top,other,522.508,230.304,299,36,0,
39,3,top,host,204.967,223.37,57,24,0,
39,3,top,other,513.762,225.456,299,36,0,
39,4,top,host,213.354,217.924,57,24,0,
39,4,top,other,513.762,225.456,302,36,0,
39,5,top,host,221.741,212.478,57,24,0,
39,5,top,other,507.744,217.47,323,36,0,
39,6,top,host,230.128,207.032,57,24,0,
39,6,top,other,501.726,209.484,323,36,0,
39,7,top,host,238.515,201.586,57,24,0,
39,7,top,other,493.74,203.466,307,36,0,
39,8,top,host,246.902,196.14,57,24,0,
39,8,top,other,484.911,198.771,298,36,0,
39,9,top,host,255.289,190.694,57,24,0,
39,9,top,other,475.848,194.545,295,36,0,
39,10,top,host,263.676,185.248,57,24,0,
39,10,top,other,467.019,189.85,298,36,0,
39,11,top,host,272.063,179.802,57,24,0,
39,11,top,other,458.929,183.972,306,36,0,
39,12,top,host,280.45,174.356,57,24,0,
39,12,top,other,451.498,177.281,312,36,0,
39,13,top,host,288.837,168.91,57,24,0,
39,13,top,other,443.951,170.72,311,36,0,
39,14,top,host,297.224,163.464,57,24,0,
39,14,top,other,436.52,164.029,312,36,0,
39,15,top,host,305.611,158.018,57,24,0,
39,15,top,other,428.973,157.468,311,36,0,
39,16,top,host,313.998,152.572,57,24,0,
39,16,top,other,420.987,151.45,307,36,0,
39,17,top,host,322.385,147.126,57,24,0,
39,17,top,other,413.107,145.293,308,36,0,
39,18,top,host,330.865,141.827,58,24,0,
39,18,top,other,406.416,137.862,318,36,0,
39,19,top,host,339.345,136.528,58,24,0,
39,19,top,other,398.536,131.705,308,36,0,
39,20,top,host,347.825,131.229,58,24,0,
39,20,top,other,390.55,125.687,307,36,0,
39,21,top,host,356.305,125.93,58,24,0,
39,21,top,other,390.55,125.687,307,36,0,
39,22,top,host,356.305,125.93,58,24,0,
39,22,top,other,390.55,125.687,307,36,0,
40,1,top,host,188.387,234.554,57,24,0,
40,1,top,other,530,240,270,36,0,
40,2,top,host,196.774,229.108,57,24,0,
40,2,top,other,521.91,234.122,306,36,0,
40,3,top,host,205.161,223.662,57,24,0,
40,3,top,other,521.91,234.122,306,36,0,
40,4,top,host,213.548,218.216,57,24,0,
40,4,top,other,521.91,234.122,306,36,0,
40,5,top,host,221.935,212.77,57,24,0,
40,5,top,other,515.482,226.462,320,36,0,
40,6,top,host,230.322,207.324,57,24,0,
40,6,top,other,507.822,220.034,310,36,0,
40,7,top,host,238.709,201.878,57,24,0,
40,7,top,other,500.751,212.963,315,36,0,
40,8,top,host,247.096,196.432,57,24,0,
40,8,top,other,493.68,205.892,315,36,0,
40,9,top,host,255.483,190.986,57,24,0,
40,9,top,other,486.487,198.945,314,36,0,
40,10,top,host,263.87,185.54,57,24,0,
40,10,top,other,478.1,193.499,303,36,0,
40,11,top,host,272.257,180.094,57,24,0,
40,11,top,other,469.713,188.053,303,36,0,
40,12,top,host,280.644,174.648,57,24,0,
40,12,top,other,461.423,182.461,304,36,0,
40,13,top,host,289.031,169.202,57,24,0,
40,13,top,other,453.437,176.443,307,36,0,
40,14,top,host,297.321,163.61,56,24,0,
40,14,top,other,446.366,169.372,315,36,0,
40,15,top,host,305.611,158.018,56,24,0,
40,15,top,other,438.706,162.944,310,36,0,
40,16,top,host,313.901,152.426,56,24,0,
40,16,top,other,430.935,156.651,309,36,0,
40,17,top,host,322.288,146.98,57,24,0,
40,17,top,other,422.645,151.059,304,36,0,
40,18,top,host,330.675,141.534,57,24,0,
40,18,top,other,414.073,145.909,301,36,0,
40,19,top,host,339.062,136.088,57,24,0,
40,19,top,other,405.163,141.369,297,36,0,
40,20,top,host,347.449,130.642,57,24,0,
40,20,top,other,396.417,136.521,299,36,0,
40,21,top,host,355.739,125.05,56,24,0,
40,21,top,other,387.671,131.673,299,36,0,
40,22,top,host,364.029,119.458,56,24,0,
40,22,top,other,378.925,126.825,299,36,0,
41,1,top,host,188.387,245.446,123,24,0,
41,1,top,other,530,240,270,36,0,
41,2,top,host,196.774,250.892,123,24,0,
41,2,top,other,520,240,270,36,0,
41,3,top,host,205.161,256.338,123,24,0,
41,3,top,other,513.439,232.453,319,36,0,
41,4,top,host,213.548,261.784,123,24,0,
41,4,top,other,506.246,225.506,314,36,0,
41,5,top,host,221.935,267.23,123,24,0,
41,5,top,other,499.053,218.559,314,36,0,
41,6,top,host,230.322,272.676,123,24,0,
41,6,top,other,491.393,212.131,310,36,0,
41,7,top,host,238.709,278.122,123,24,0,
41,7,top,other,483.303,206.253,306,36,0,
41,8,top,host,247.096,283.568,123,24,0,
41,8,top,other,475.756,199.692,311,36,0,
41,9,top,host,255.483,289.014,123,24,0,
41,9,top,other,468.209,193.131,311,36,0,
41,10,top,host,263.87,294.46,123,24,0,
41,10,top,other,460.119,187.253,306,36,0,
41,11,top,host,272.257,299.906,123,24,0,
41,11,top,other,451.732,181.807,303,36,0,
41,12,top,host,280.644,305.352,123,24,0,
41,12,top,other,443.345,176.361,303,36,0,
41,13,top,host,289.031,310.798,123,24,0,
41,13,top,other,435.153,170.625,305,36,0,
41,14,top,host,297.418,316.244,123,24,0,
41,14,top,other,426.961,164.889,305,36,0,
41,15,top,host,305.805,321.69,123,24,0,
41,15,top,other,419.081,158.732,308,36,0,
41,16,top,host,314.192,327.136,123,24,0,
41,16,top,other,410.991,152.854,306,36,0,
41,17,top,host,322.579,332.582,123,24,0,
41,17,top,other,402.799,147.118,305,36,0,
41,18,top,host,330.966,338.028,123,24,0,
41,18,top,other,394.607,141.382,305,36,0,
41,19,top,host,339.446,343.327,122,24,0,
41,19,top,other,386.415,135.646,305,36,0,
41,20,top,host,347.926,348.626,122,25,0,
41,20,top,other,378.223,129.91,305,40,0,
41,21,top,host,356.406,353.925,122,25,0,
41,21,top,other,370.031,124.174,305,40,0,
41,22,top,host,356.406,353.925,122,25,0,
41,22,top,other,370.031,124.174,305,40,0,
42,1,top,host,188.387,234.554,57,25,0,
42,1,top,other,530,240,270,40,0,
42,2,top,host,196.774,229.108,57,25,0,
42,2,top,other,520,240,270,40,0,
42,3,top,host,205.161,223.662,57,25,0,
42,3,top,other,514.85,231.428,329,40,0,
42,4,top,host,213.548,218.216,57,25,0,
42,4,top,other,512.942,221.612,349,40,0,
42,5,top,host,221.935,212.77,57,25,0,
42,5,top,other,507.206,213.42,325,40,0,
42,6,top,host,230.322,207.324,57,25,0,
42,6,top,other,501.47,205.228,325,40,0,
42,7,top,host,238.709,201.878,57,25,0,
42,7,top,other,494.039,198.537,312,40,0,
42,8,top,host,247.096,196.432,57,25,0,
42,8,top,other,484.904,194.47,294,40,0,
42,9,top,host,255.483,190.986,57,25,0,
42,9,top,other,475.994,189.93,297,40,0,
42,10,top,host,263.87,185.54,57,25,0,
42,10,top,other,467.514,184.631,302,40,0,
42,11,top,host,272.257,180.094,57,25,0,
42,11,top,other,459.528,178.613,307,40,0,
42,12,top,host,280.644,174.648,57,25,0,
42,12,top,other,451.048,173.314,302,40,0,
42,13,top,host,289.031,169.202,57,25,0,
42,13,top,other,442.476,168.164,301,40,0,
42,14,top,host,297.418,163.756,57,25,0,
42,14,top,other,433.996,162.865,302,40,0,
42,15,top,host,305.805,158.31,57,25,0,
42,15,top,other,425.609,157.419,303,40,0,
42,16,top,host,314.192,152.864,57,25,0,
42,16,top,other,417.319,151.827,304,40,0,
42,17,top,host,322.579,147.418,57,25,0,
42,17,top,other,409.127,146.091,305,40,0,
42,18,top,host,330.966,141.972,57,25,0,
42,18,top,other,400.935,140.355,305,40,0,
42,19,top,host,339.353,136.526,57,25,0,
42,19,top,other,393.164,134.062,309,40,0,
42,20,top,host,347.74,131.08,57,25,0,
42,20,top,other,393.164,134.062,309,40,0,
42,21,top,host,356.03,125.488,56,25,0,
42,21,top,other,393.164,134.062,309,40,0,
42,22,top,host,356.03,125.488,56,25,0,
42,22,top,other,393.164,134.062,309,40,0,
43,1,top,host,188.387,234.554,57,25,0,
43,1,top,other,530,240,270,40,0,
43,2,top,host,196.774,229.108,57,25,0,
43,2,top,other,520,240,270,40,0,
43,3,top,host,205.161,223.662,57,25,0,
43,3,top,other,514.701,231.52,328,40,0,
43,4,top,host,213.548,218.216,57,25,0,
43,4,top,other,508.408,223.749,321,40,0,
43,5,top,host,221.935,212.77,57,25,0,
43,5,top,other,501.215,216.802,314,40,0,
43,6,top,host,230.322,207.324,57,25,0,
43,6,top,other,494.022,209.855,314,40,0,
43,7,top,host,238.709,201.878,57,25,0,
43,7,top,other,486.591,203.164,312,40,0,
43,8,top,host,247.096,196.432,57,25,0,
43,8,top,other,479.52,196.093,315,40,0,
43,9,top,host,255.483,190.986,57,25,0,
43,9,top,other,472.959,188.546,319,40,0,
43,10,top,host,263.87,185.54,57,25,0,
43,10,top,other,465.645,181.726,313,40,0,
43,11,top,host,272.257,180.094,57,25,0,
43,11,top,other,457.985,175.298,310,40,0,
43,12,top,host,280.644,174.648,57,25,0,
43,12,top,other,450.105,169.141,308,40,0,
43,13,top,host,289.031,169.202,57,25,0,
43,13,top,other,441.276,164.446,298,40,0,
43,14,top,host,297.418,163.756,57,25,0,
43,14,top,other,432.447,159.751,298,40,0,
43,15,top,host,305.805,158.31,57,25,0,
43,15,top,other,423.701,154.903,299,40,0,
43,16,top,host,314.192,152.864,57,25,0,
43,16,top,other,415.715,148.885,307,40,0,
43,17,top,host,322.579,147.418,57,25,0,
43,17,top,other,408.168,142.324,311,40,0,
43,18,top,host,330.966,141.972,57,25,0,
43,18,top,other,400.621,135.763,311,40,0,
43,19,top,host,339.353,136.526,57,25,0,
43,19,top,other,392.635,129.745,307,40,0,
43,20,top,host,347.74,131.08,57,25,0,
43,20,top,other,384.248,124.299,303,40,0,
43,21,top,host,356.127,125.634,57,25,0,
43,21,top,other,384.248,124.299,303,40,0,
43,22,top,host,364.514,120.188,57,25,0,
43,22,top,other,384.248,124.299,303,40,0,
44,1,bottom,host,188.29,245.592,124,25,0,
44,1,bottom,other,539.128,249.962,185,40,0,
44,2,bottom,host,196.58,251.184,124,25,0,
44,2,bottom,other,538.256,259.924,185,40,0,
44,3,bottom,host,204.87,256.776,124,25,0,
44,3,bottom,other,534.189,269.059,204,40,0,
44,4,bottom,host,213.16,262.368,124,25,0,
44,4,bottom,other,530.122,278.194,204,40,0,
44,5,bottom,host,221.45,267.96,124,25,0,
44,5,bottom,other,521.735,283.64,237,40,0,
44,6,bottom,host,229.74,273.552,124,25,0,
44,6,bottom,other,513.163,288.79,239,40,0,
44,7,bottom,host,238.03,279.144,124,25,0,
44,7,bottom,other,503.891,292.536,248,40,0,
44,8,bottom,host,246.32,284.736,124,25,0,
44,8,bottom,other,494.555,296.12,249,40,0,
44,9,bottom,host,254.61,290.328,124,25,0,
44,9,bottom,other,485.42,300.187,246,40,0,
44,10,bottom,host,262.9,295.92,124,25,0,
44,10,bottom,other,476.215,304.094,247,40,0,
44,11,bottom,host,271.19,301.512,124,25,0,
44,11,bottom,other,467.227,308.478,244,40,0,
44,12,bottom,host,279.577,306.958,123,25,0,
44,12,bottom,other,458.747,313.777,238,40,0,
44,13,bottom,host,287.964,312.404,123,25,0,
44,13,bottom,other,450.087,318.777,240,40,0,
44,14,bottom,host,296.351,317.85,123,25,0,
44,14,bottom,other,441.607,324.076,238,40,0,
44,15,bottom,host,304.738,323.296,123,25,0,
44,15,bottom,other,432.619,328.46,244,40,0,
44,16,bottom,host,313.125,328.742,123,25,0,
44,16,bottom,other,423.79,333.155,242,40,0,
44,17,bottom,host,321.512,334.188,123,25,0,
44,17,bottom,other,415.044,338.003,241,40,0,
44,18,bottom,host,329.899,339.634,123,25,0,
44,18,bottom,other,415.044,338.003,237,40,0,
44,19,bottom,host,338.286,345.08,123,25,0,
44,19,bottom,other,407.164,344.16,232,40,0,
44,20,bottom,host,346.673,350.526,123,25,0,
44,20,bottom,other,399.178,350.178,233,40,0,
44,21,bottom,host,354.963,356.118,124,25,0,
44,21,bottom,other,399.178,350.178,233,40,0,
44,22,bottom,host,363.253,361.71,124,25,0,
44,22,bottom,other,399.178,350.178,233,40,0,
45,1,top,host,188.29,234.408,56,25,0,
45,1,top,other,530,240,270,40,0,
45,2,top,host,196.58,228.816,56,25,0,
45,2,top,other,520,240,270,40,0,
45,3,top,host,204.87,223.224,56,25,0,
45,3,top,other,511.808,234.264,305,40,0,
45,4,top,host,213.16,217.632,56,25,0,
45,4,top,other,511.808,234.264,305,40,0,
45,5,top,host,221.45,212.04,56,25,0,
45,5,top,other,503.718,228.386,306,40,0,
45,6,top,host,229.74,206.448,56,25,0,
45,6,top,other,496.404,221.566,313,40,0,
45,7,top,host,238.03,200.856,56,25,0,
45,7,top,other,488.633,215.273,309,40,0,
45,8,top,host,246.32,195.264,56,25,0,
45,8,top,other,480.862,208.98,309,40,0,
45,9,top,host,254.61,189.672,56,25,0,
45,9,top,other,472.772,203.102,306,40,0,
45,10,top,host,262.9,184.08,56,25,0,
45,10,top,other,472.772,203.102,302,40,0,
45,11,top,host,271.19,178.488,56,25,0,
45,11,top,other,464.026,198.254,299,40,0,
45,12,top,host,279.48,172.896,56,25,0,
45,12,top,other,456.146,192.097,308,40,0,
45,13,top,host,287.77,167.304,56,25,0,
45,13,top,other,448.715,185.406,312,40,0,
45,14,top,host,296.06,161.712,56,25,0,
45,14,top,other,441.055,178.978,310,40,0,
45,15,top,host,304.35,156.12,56,25,0,
45,15,top,other,432.765,173.386,304,40,0,
45,16,top,host,312.64,150.528,56,25,0,
45,16,top,other,423.936,168.691,298,40,0,
45,17,top,host,320.93,144.936,56,25,0,
45,17,top,other,415.364,163.541,301,40,0,
45,18,top,host,329.22,139.344,56,25,0,
45,18,top,other,406.884,158.242,302,40,0,
45,19,top,host,337.607,133.898,57,25,0,
45,19,top,other,406.884,158.242,311,40,0,
45,20,top,host,345.994,128.452,57,29,0,
45,20,top,other,406.884,158.242,306,41,0,
45,21,top,host,354.381,123.006,57,29,0,
45,21,top,other,398.794,152.364,306,41,0,
45,22,top,host,354.381,123.006,57,29,0,
45,22,top,other,398.794,152.364,306,41,0,
46,1,top,host,188.387,234.554,57,29,0,
46,1,top,other,530,240,270,41,0,
46,2,top,host,196.774,229.108,57,29,0,
46,2,top,other,520,240,270,41,0,
46,3,top,host,205.161,223.662,57,29,0,
46,3,top,other,510,240,270,41,0,
46,4,top,host,213.548,218.216,57,29,0,
46,4,top,other,518.387,234.554,57,41,0,
46,5,top,host,221.935,212.77,57,29,0,
46,5,top,other,513.387,225.894,330,41,0,
46,6,top,host,230.322,207.324,57,29,0,
46,6,top,other,507.094,218.123,321,41,0,
46,7,top,host,238.612,201.732,56,29,0,
46,7,top,other,500.403,210.692,318,41,0,
46,8,top,host,246.902,196.14,56,29,0,
46,8,top,other,500.403,210.692,289,41,0,
46,9,top,host,255.289,190.694,57,29,0,
46,9,top,other,500.403,210.692,289,41,0,
46,10,top,host,263.676,185.248,57,29,0,
46,10,top,other,490.948,207.436,289,41,0,
46,11,top,host,272.063,179.802,57,29,0,
46,11,top,other,482.561,201.99,303,41,0,
46,12,top,host,280.45,174.356,57,29,0,
46,12,top,other,473.989,196.84,301,41,0,
46,13,top,host,288.837,168.91,57,29,0,
46,13,top,other,465.417,191.69,301,41,0,
46,14,top,host,297.224,163.464,57,29,0,
46,14,top,other,456.845,186.54,301,41,0,
46,15,top,host,305.611,158.018,57,29,0,
46,15,top,other,448.653,180.804,305,41,0,
46,16,top,host,313.998,152.572,57,29,0,
46,16,top,other,440.363,175.212,304,41,0,
46,17,top,host,322.385,147.126,57,29,0,
46,17,top,other,440.363,175.212,303,41,0,
46,18,top,host,330.772,141.68,57,29,0,
46,18,top,other,432.073,169.62,304,41,0,
46,19,top,host,339.159,136.234,57,29,0,
46,19,top,other,424.413,163.192,310,41,0,
46,20,top,host,347.546,130.788,57,33,0,
46,20,top,other,416.427,157.174,307,42,0,
46,21,top,host,355.836,125.196,56,33,0,
46,21,top,other,408.767,150.746,310,42,0,
46,22,top,host,364.126,119.604,56,33,0,
46,22,top,other,408.767,150.746,320,42,0,
47,1,bottom,host,188.29,245.592,124,33,0,
47,1,bottom,other,530,240,270,42,0,
47,2,bottom,host,196.58,251.184,124,33,0,
47,2,bottom,other,520,240,270,42,0,
47,3,bottom,host,204.967,256.63,123,33,0,
47,3,bottom,other,510,240,270,42,0,
47,4,bottom,host,213.354,262.076,123,33,0,
47,4,bottom,other,510.349,249.994,178,42,0,
47,5,bottom,host,221.741,267.522,123,33,0,
47,5,bottom,other,506.442,259.199,203,42,0,
47,6,bottom,host,230.128,272.968,123,33,0,
47,6,bottom,other,502.858,268.535,201,42,0,
47,7,bottom,host,238.515,278.414,123,33,0,
47,7,bottom,other,498.163,277.364,208,42,0,
47,8,bottom,host,246.902,283.86,123,33,0,
47,8,bottom,other,491.472,284.795,222,42,0,
47,9,bottom,host,255.289,289.306,123,33,0,
47,9,bottom,other,483.592,290.952,232,42,0,
47,10,bottom,host,263.676,294.752,123,33,0,
47,10,bottom,other,475.712,297.109,232,42,0,
47,11,bottom,host,272.063,300.198,123,33,0,
47,11,bottom,other,468.052,303.537,230,42,0,
47,12,bottom,host,280.45,305.644,123,33,0,
47,12,bottom,other,460.392,309.965,230,42,0,
47,13,bottom,host,288.837,311.09,123,33,0,
47,13,bottom,other,470.095,307.546,76,42,0,
47,14,bottom,host,297.224,316.536,123,33,0,
47,14,bottom,other,462.664,314.237,228,42,0,
47,15,bottom,host,305.611,321.982,123,33,0,
47,15,bottom,other,455.233,320.928,228,42,0,
47,16,bottom,host,313.998,327.428,123,33,0,
47,16,bottom,other,446.846,326.374,237,42,0,
47,17,bottom,host,322.385,332.874,123,33,0,
47,17,bottom,other,438.459,331.82,237,42,0,
47,18,bottom,host,330.772,338.32,123,33,0,
47,18,bottom,other,429.979,337.119,238,42,0,
47,19,bottom,host,339.159,343.766,123,33,0,
47,19,bottom,other,420.276,339.538,256,42,0,
47,20,bottom,host,347.546,349.212,123,37,0,
47,20,bottom,other,410.532,341.788,257,43,0,
47,21,bottom,host,355.933,354.658,123,37,0,
47,21,bottom,other,410.532,341.788,258,43,0,
47,22,bottom,host,364.32,360.104,123,37,0,
47,22,bottom,other,410.532,341.788,258,43,0,
48,1,bottom,host,190,240,90,37,0,
48,1,bottom,other,530,240,270,43,0,
48,2,bottom,host,198.387,245.446,123,37,0,
48,2,bottom,other,520,240,270,43,0,
48,3,bottom,host,206.579,251.182,125,37,0,
48,3,bottom,other,510,240,270,43,0,
48,4,bottom,host,214.771,256.918,125,37,0,
48,4,bottom,other,515.592,248.29,146,43,0,
48,5,bottom,host,222.963,262.654,125,37,0,
48,5,bottom,other,514.028,258.167,189,43,0,
48,6,bottom,host,231.155,268.39,125,37,0,
48,6,bottom,other,509.961,267.302,204,43,0,
48,7,bottom,host,239.347,274.126,125,37,0,
48,7,bottom,other,502.301,273.73,230,43,0,
48,8,bottom,host,247.539,279.862,125,37,0,
48,8,bottom,other,494.641,280.158,230,43,0,
48,9,bottom,host,255.731,285.598,125,37,0,
48,9,bottom,other,487.21,286.849,228,43,0,
48,10,bottom,host,263.923,291.334,125,37,0,
48,10,bottom,other,479.779,293.54,228,43,0,
48,11,bottom,host,272.115,297.07,125,37,0,
48,11,bottom,other,471.489,299.132,236,43,0,
48,12,bottom,host,280.307,302.806,125,37,0,
48,12,bottom,other,463.199,304.724,236,43,0,
48,13,bottom,host,288.499,308.542,125,37,0,
48,13,bottom,other,463.199,304.724,236,43,0,
48,14,bottom,host,296.691,314.278,125,37,0,
48,14,bottom,other,454.719,310.023,238,43,0,
48,15,bottom,host,304.883,320.014,125,37,0,
48,15,bottom,other,446.239,315.322,238,43,0,
48,16,bottom,host,313.075,325.75,125,37,0,
48,16,bottom,other,446.239,315.322,238,43,0,
48,17,bottom,host,321.267,331.486,125,37,0,
48,17,bottom,other,446.239,315.322,238,43,0,
48,18,bottom,host,329.459,337.222,125,37,0,
48,18,bottom,other,446.239,315.322,238,43,0,
48,19,bottom,host,337.651,342.958,125,37,0,
48,19,bottom,other,446.239,315.322,238,43,0,
48,20,bottom,host,345.843,348.694,125,37,0,
48,20,bottom,other,437.852,320.768,237,43,0,
48,21,bottom,host,354.035,354.43,125,41,0,
48,21,bottom,other,429.465,326.214,237,44,0,
48,22,bottom,host,354.035,354.43,125,41,0,
48,22,bottom,other,429.465,326.214,237,44,0,
48,23,bottom,host,354.035,354.43,125,41,0,
48,23,bottom,other,429.465,326.214,237,44,0,
49,1,bottom,host,190,240,90,41,0,
49,1,bottom,other,530,240,270,44,0,
49,2,bottom,host,198.572,245.15,121,41,0,
49,2,bottom,other,520,240,270,44,0,
49,3,bottom,host,206.764,250.886,125,41,0,
49,3,bottom,other,510,240,270,44,0,
49,4,bottom,host,214.956,256.622,125,41,0,
49,4,bottom,other,501.52,245.299,238,44,0,
49,5,bottom,host,223.046,262.5,126,41,0,
49,5,bottom,other,498.43,254.81,198,44,0,
49,6,bottom,host,231.238,268.236,125,41,0,
49,6,bottom,other,494.684,264.082,202,44,0,
49,7,bottom,host,239.43,273.972,125,41,0,
49,7,bottom,other,489.092,272.372,214,44,0,
49,8,bottom,host,247.622,279.708,125,41,0,
49,8,bottom,other,482.531,279.919,221,44,0,
49,9,bottom,host,255.814,285.444,125,41,0,
49,9,bottom,other,474.871,286.347,230,44,0,
49,10,bottom,host,263.904,291.322,126,41,0,
49,10,bottom,other,467.1,292.64,231,44,0,
49,11,bottom,host,271.994,297.2,126,41,0,
49,11,bottom,other,458.44,297.64,240,44,0,
49,12,bottom,host,280.084,303.078,126,41,0,
49,12,bottom,other,450.454,303.658,233,44,0,
49,13,bottom,host,288.174,308.956,126,41,0,
49,13,bottom,other,442.574,309.815,232,44,0,
49,14,bottom,host,296.366,314.692,125,41,0,
49,14,bottom,other,434.694,315.972,232,44,0,
49,15,bottom,host,304.558,320.428,125,41,0,
49,15,bottom,other,426.307,321.418,237,44,0,
49,16,bottom,host,312.75,326.164,125,41,0,
49,16,bottom,other,418.017,327.01,236,44,0,
49,17,bottom,host,320.84,332.042,126,41,0,
49,17,bottom,other,410.031,333.028,233,44,0,
49,18,bottom,host,328.93,337.92,126,41,0,
49,18,bottom,other,402.26,339.321,231,44,0,
49,19,bottom,host,337.02,343.798,126,41,0,
49,19,bottom,other,394.829,346.012,228,44,0,
49,20,bottom,host,345.212,349.534,125,41,0,
49,20,bottom,other,386.949,352.169,232,44,0,
49,21,bottom,host,353.404,355.27,125,41,0,
49,21,bottom,other,378.859,358.047,234,44,0,
49,22,bottom,host,361.596,361.006,125,41,0,
49,22,bottom,other,378.859,358.047,234,44,0,
49,23,bottom,host,361.596,361.006,125,41,0,
49,23,bottom,other,378.859,358.047,234,44,0,
50,1,top,host,188.387,234.554,57,41,0,
50,1,top,other,530,240,270,44,0,
50,2,top,host,196.774,229.108,57,41,0,
50,2,top,other,520,240,270,44,0,
50,3,top,host,205.161,223.662,57,41,0,
50,3,top,other,512.929,247.071,225,44,0,
50,4,top,host,213.548,218.216,57,41,0,
50,4,top,other,505.858,254.142,225,44,0,
50,5,top,host,221.935,212.77,57,41,0,
50,5,top,other,498.787,261.213,225,44,0,
50,6,top,host,230.322,207.324,57,41,0,
50,6,top,other,494.561,252.15,335,44,0,
50,7,top,host,238.709,201.878,57,41,0,
50,7,top,other,494.386,242.152,359,44,0,
50,8,top,host,247.096,196.432,57,41,0,
50,8,top,other,491.13,232.697,341,44,0,
50,9,top,host,255.483,190.986,57,41,0,
50,9,top,other,486.59,223.787,333,44,0,
50,10,top,host,263.87,185.54,57,41,0,
50,10,top,other,481.44,215.215,329,44,0,
50,11,top,host,272.257,180.094,57,41,0,
50,11,top,other,472.611,210.52,298,44,0,
50,12,top,host,280.644,174.648,57,41,0,
50,12,top,other,464.224,205.074,303,44,0,
50,13,top,host,289.031,169.202,57,41,0,
50,13,top,other,456.344,198.917,308,44,0,
50,14,top,host,297.418,163.756,57,41,0,
50,14,top,other,448.913,192.226,312,44,0,
50,15,top,host,305.805,158.31,57,41,0,
50,15,top,other,441.966,185.033,316,44,0,
50,16,top,host,314.285,153.011,58,41,0,
50,16,top,other,434.773,178.086,314,44,0,
50,17,top,host,322.857,147.861,59,41,0,
50,17,top,other,427.702,171.015,315,44,0,
50,18,top,host,331.767,143.321,63,41,0,
50,18,top,other,427.702,171.015,314,44,0,
50,19,top,host,340.339,138.171,59,41,0,
50,19,top,other,419.222,165.716,302,44,0,
50,20,top,host,348.429,132.293,54,45,0,
50,20,top,other,410.742,160.417,302,45,0,
50,21,top,host,356.519,126.415,54,45,0,
50,21,top,other,410.742,160.417,305,45,0,
50,22,top,host,364.609,120.537,54,45,0,
50,22,top,other,410.742,160.417,279,45,0,
