1,1,top,host,187.986,233.982,53,0,0,
1,1,top,other,530,240,270,0,0,
1,2,top,host,195.972,227.964,53,0,0,
1,2,top,other,520,240,270,0,0,
1,3,top,host,203.958,221.946,53,0,0,
1,3,top,other,510,240,270,0,0,
1,4,top,host,211.944,215.928,53,0,0,
1,4,top,other,500,240,270,0,0,
1,5,top,host,219.93,209.91,53,0,0,
1,5,top,other,490,240,270,0,0,
1,6,top,host,227.916,203.892,53,0,0,
1,6,top,other,480,240,270,0,0,
1,7,top,host,235.902,197.874,53,0,0,
1,7,top,other,470,240,270,0,0,
1,8,top,host,243.888,191.856,53,0,0,
1,8,top,other,460,240,270,0,0,
1,9,top,host,251.874,185.838,53,0,0,
1,9,top,other,450,240,270,0,0,
1,10,top,host,259.86,179.82,53,0,0,
1,10,top,other,440,240,270,0,0,
1,11,top,host,267.846,173.802,53,0,0,
1,11,top,other,430,240,270,0,0,
1,12,top,host,275.832,167.784,53,0,0,
1,12,top,other,424.701,231.52,328,0,0,
1,13,top,host,283.818,161.766,53,0,0,
1,13,top,other,419.402,223.04,328,0,0,
1,14,top,host,291.804,155.748,53,0,0,
1,14,top,other,414.103,214.56,328,0,0,
1,15,top,host,299.79,149.73,53,0,0,
1,15,top,other,408.804,206.08,328,0,0,
1,16,top,host,307.776,143.712,53,0,0,
1,16,top,other,403.505,197.6,328,0,0,
1,17,top,host,315.762,137.694,53,0,0,
1,17,top,other,398.206,189.12,328,0,0,
1,18,top,host,323.748,131.676,53,0,0,
1,18,top,other,392.907,180.64,328,0,0,
1,19,top,host,331.734,125.658,53,0,0,
1,19,top,other,387.608,172.16,328,0,0,
1,20,top,host,341.734,125.658,90,0,0,
1,20,top,other,382.309,163.68,328,0,0,
1,21,top,host,351.734,125.658,90,0,0,
1,21,top,other,377.01,155.2,328,0,0,
1,22,top,host,351.734,125.658,90,0,0,
1,22,top,other,377.01,155.2,328,0,0,
1,23,top,host,351.734,125.658,90,0,0,
1,23,top,other,377.01,155.2,328,0,0,
2,1,top,host,188.387,234.554,57,0,0,
2,1,top,other,530,240,270,0,0,
2,2,top,host,196.774,229.108,57,0,0,
2,2,top,other,521.613,234.554,303,0,0,
2,3,top,host,205.161,223.662,57,0,0,
2,3,top,other,513.226,229.108,303,0,0,
2,4,top,host,213.548,218.216,57,0,0,
2,4,top,other,504.839,223.662,303,0,0,
2,5,top,host,221.935,212.77,57,0,0,
2,5,top,other,496.452,218.216,303,0,0,
2,6,top,host,230.322,207.324,57,0,0,
2,6,top,other,488.065,212.77,303,0,0,
2,7,top,host,238.709,201.878,57,0,0,
2,7,top,other,479.975,206.892,306,0,0,
2,8,top,host,247.096,196.432,57,0,0,
2,8,top,other,471.885,201.014,306,0,0,
2,9,top,host,255.483,190.986,57,0,0,
2,9,top,other,463.313,195.864,301,0,0,
2,10,top,host,263.87,185.54,57,0,0,
2,10,top,other,454.741,190.714,301,0,0,
2,11,top,host,272.257,180.094,57,0,0,
2,11,top,other,446.169,185.564,301,0,0,
2,12,top,host,280.644,174.648,57,0,0,
2,12,top,other,438.855,178.744,313,0,0,
2,13,top,host,289.031,169.202,57,0,0,
2,13,top,other,431.541,171.924,313,0,0,
2,14,top,host,297.418,163.756,57,0,0,
2,14,top,other,424.227,165.104,313,0,0,
2,15,top,host,305.805,158.31,57,0,0,
2,15,top,other,416.913,158.284,313,0,0,
2,16,top,host,314.192,152.864,57,0,0,
2,16,top,other,409.599,151.464,313,0,0,
2,17,top,host,322.579,147.418,57,0,0,
2,17,top,other,402.285,144.644,313,0,0,
2,18,top,host,330.966,141.972,57,0,0,
2,18,top,other,394.971,137.824,313,0,0,
2,19,top,host,339.353,136.526,57,0,0,
2,19,top,other,387.657,131.004,313,0,0,
2,20,top,host,347.74,131.08,57,0,0,
2,20,top,other,387.657,131.004,313,0,0,
2,21,top,host,347.74,131.08,57,0,0,
2,21,top,other,387.657,131.004,313,0,0,
2,22,top,host,347.74,131.08,57,0,0,
2,22,top,other,387.657,131.004,313,0,0,
3,1,bottom,host,190,240,90,0,0,
3,1,bottom,other,531.808,245.736,235,0,0,
3,2,bottom,host,198.387,234.554,57,0,0,
3,2,bottom,other,523.616,251.472,235,0,0,
3,3,bottom,host,206.774,229.108,57,0,0,
3,3,bottom,other,515.424,257.208,235,0,0,
3,4,bottom,host,215.161,223.662,57,0,0,
3,4,bottom,other,507.232,262.944,235,0,0,
3,5,bottom,host,223.548,218.216,57,0,0,
3,5,bottom,other,499.04,268.68,235,0,0,
3,6,bottom,host,231.935,212.77,57,0,0,
3,6,bottom,other,490.848,274.416,235,0,0,
3,7,bottom,host,240.322,207.324,57,0,0,
3,7,bottom,other,482.656,280.152,235,0,0,
3,8,bottom,host,248.709,201.878,57,0,0,
3,8,bottom,other,474.464,285.888,235,0,0,
3,9,bottom,host,257.096,196.432,57,0,0,
3,9,bottom,other,466.272,291.624,235,0,0,
3,10,bottom,host,265.483,190.986,57,0,0,
3,10,bottom,other,458.08,297.36,235,0,0,
3,11,bottom,host,273.87,185.54,57,0,0,
3,11,bottom,other,449.888,303.096,235,0,0,
3,12,bottom,host,282.257,180.094,57,0,0,
3,12,bottom,other,441.696,308.832,235,0,0,
3,13,bottom,host,290.644,174.648,57,0,0,
3,13,bottom,other,433.504,314.568,235,0,0,
3,14,bottom,host,299.031,169.202,57,0,0,
3,14,bottom,other,425.312,320.304,235,0,0,
3,15,bottom,host,307.418,163.756,57,0,0,
3,15,bottom,other,417.12,326.04,235,0,0,
3,16,bottom,host,315.805,158.31,57,0,0,
3,16,bottom,other,408.928,331.776,235,0,0,
3,17,bottom,host,324.192,152.864,57,0,0,
3,17,bottom,other,400.736,337.512,235,0,0,
3,18,bottom,host,332.579,147.418,57,0,0,
3,18,bottom,other,392.544,343.248,235,0,0,
3,19,bottom,host,340.966,141.972,57,0,0,
3,19,bottom,other,384.352,348.984,235,0,0,
3,20,bottom,host,349.353,136.526,57,1,0,
3,20,bottom,other,376.16,354.72,235,4,0,
3,21,bottom,host,349.353,136.526,57,1,0,
3,21,bottom,other,376.16,354.72,235,4,0,
3,22,bottom,host,349.353,136.526,57,1,0,
3,22,bottom,other,376.16,354.72,235,4,0,
4,1,bottom,host,188.387,245.446,123,1,0,
4,1,bottom,other,531.808,245.736,235,4,0,
4,2,bottom,host,196.774,250.892,123,1,0,
4,2,bottom,other,523.616,251.472,235,4,0,
4,3,bottom,host,205.161,256.338,123,1,0,
4,3,bottom,other,515.424,257.208,235,4,0,
4,4,bottom,host,213.548,261.784,123,1,0,
4,4,bottom,other,507.232,262.944,235,4,0,
4,5,bottom,host,221.935,267.23,123,1,0,
4,5,bottom,other,499.04,268.68,235,4,0,
4,6,bottom,host,230.322,272.676,123,1,0,
4,6,bottom,other,490.848,274.416,235,4,0,
4,7,bottom,host,238.709,278.122,123,1,0,
4,7,bottom,other,482.656,280.152,235,4,0,
4,8,bottom,host,247.096,283.568,123,1,0,
4,8,bottom,other,474.464,285.888,235,4,0,
4,9,bottom,host,255.483,289.014,123,1,0,
4,9,bottom,other,466.272,291.624,235,4,0,
4,10,bottom,host,263.87,294.46,123,1,0,
4,10,bottom,other,458.08,297.36,235,4,0,
4,11,bottom,host,272.257,299.906,123,1,0,
4,11,bottom,other,449.888,303.096,235,4,0,
4,12,bottom,host,280.644,305.352,123,1,0,
4,12,bottom,other,441.696,308.832,235,4,0,
4,13,bottom,host,289.031,310.798,123,1,0,
4,13,bottom,other,433.504,314.568,235,4,0,
4,14,bottom,host,297.418,316.244,123,1,0,
4,14,bottom,other,425.312,320.304,235,4,0,
4,15,bottom,host,305.805,321.69,123,1,0,
4,15,bottom,other,417.12,326.04,235,4,0,
4,16,bottom,host,314.192,327.136,123,1,0,
4,16,bottom,other,408.928,331.776,235,4,0,
4,17,bottom,host,322.579,332.582,123,1,0,
4,17,bottom,other,400.736,337.512,235,4,0,
4,18,bottom,host,330.966,338.028,123,1,0,
4,18,bottom,other,392.544,343.248,235,4,0,
4,19,bottom,host,339.353,343.474,123,1,0,
4,19,bottom,other,384.352,348.984,235,4,0,
4,20,bottom,host,347.74,348.92,123,1,0,
4,20,bottom,other,376.16,354.72,235,4,0,
4,21,bottom,host,347.74,348.92,123,1,0,
4,21,bottom,other,376.16,354.72,235,4,0,
4,22,bottom,host,347.74,348.92,123,1,0,
4,22,bottom,other,376.16,354.72,235,4,0,
5,1,top,host,188.29,234.408,56,1,0,
5,1,top,other,530,240,270,4,0,
5,2,top,host,196.58,228.816,56,1,0,
5,2,top,other,520,240,270,4,0,
5,3,top,host,204.87,223.224,56,1,0,
5,3,top,other,510,240,270,4,0,
5,4,top,host,213.16,217.632,56,1,0,
5,4,top,other,500,240,270,4,0,
5,5,top,host,221.45,212.04,56,1,0,
5,5,top,other,491.71,245.592,236,4,0,
5,6,top,host,229.74,206.448,56,1,0,
5,6,top,other,483.42,251.184,236,4,0,
5,7,top,host,238.03,200.856,56,1,0,
5,7,top,other,475.13,256.776,236,4,0,
5,8,top,host,246.32,195.264,56,1,0,
5,8,top,other,466.84,262.368,236,4,0,
5,9,top,host,254.61,189.672,56,1,0,
5,9,top,other,459.18,268.796,230,4,0,
5,10,top,host,262.9,184.08,56,1,0,
5,10,top,other,451.52,275.224,230,4,0,
5,11,top,host,271.19,178.488,56,1,0,
5,11,top,other,443.86,281.652,230,4,0,
5,12,top,host,279.48,172.896,56,1,0,
5,12,top,other,436.2,288.08,230,4,0,
5,13,top,host,287.77,167.304,56,1,0,
5,13,top,other,428.54,294.508,230,4,0,
5,14,top,host,296.06,161.712,56,1,0,
5,14,top,other,420.88,300.936,230,4,0,
5,15,top,host,304.35,156.12,56,1,0,
5,15,top,other,413.22,307.364,230,4,0,
5,16,top,host,312.64,150.528,56,1,0,
5,16,top,other,405.56,313.792,230,4,0,
5,17,top,host,320.93,144.936,56,1,0,
5,17,top,other,397.9,320.22,230,4,0,
5,18,top,host,329.22,139.344,56,1,0,
5,18,top,other,390.24,326.648,230,4,0,
5,19,top,host,337.51,133.752,56,1,0,
5,19,top,other,382.58,333.076,230,4,0,
5,20,top,host,345.8,128.16,56,5,0,
5,20,top,other,374.92,339.504,230,5,0,
5,21,top,host,345.8,128.16,56,5,0,
5,21,top,other,374.92,339.504,230,5,0,
5,22,top,host,345.8,128.16,56,5,0,
5,22,top,other,374.92,339.504,230,5,0,
6,1,bottom,host,188.29,234.408,56,5,0,
6,1,bottom,other,531.71,245.592,236,5,0,
6,2,bottom,host,196.58,228.816,56,5,0,
6,2,bottom,other,523.42,251.184,236,5,0,
6,3,bottom,host,204.87,223.224,56,5,0,
6,3,bottom,other,515.33,257.062,234,5,0,
6,4,bottom,host,213.16,217.632,56,5,0,
6,4,bottom,other,507.24,262.94,234,5,0,
6,5,bottom,host,221.45,212.04,56,5,0,
6,5,bottom,other,499.15,268.818,234,5,0,
6,6,bottom,host,229.74,206.448,56,5,0,
6,6,bottom,other,491.06,274.696,234,5,0,
6,7,bottom,host,238.03,200.856,56,5,0,
6,7,bottom,other,482.97,280.574,234,5,0,
6,8,bottom,host,246.32,195.264,56,5,0,
6,8,bottom,other,474.88,286.452,234,5,0,
6,9,bottom,host,254.61,189.672,56,5,0,
6,9,bottom,other,466.79,292.33,234,5,0,
6,10,bottom,host,262.9,184.08,56,5,0,
6,10,bottom,other,458.7,298.208,234,5,0,
6,11,bottom,host,271.19,178.488,56,5,0,
6,11,bottom,other,450.61,304.086,234,5,0,
6,12,bottom,host,279.48,172.896,56,5,0,
6,12,bottom,other,442.52,309.964,234,5,0,
6,13,bottom,host,287.77,167.304,56,5,0,
6,13,bottom,other,434.43,315.842,234,5,0,
6,14,bottom,host,296.06,161.712,56,5,0,
6,14,bottom,other,426.34,321.72,234,5,0,
6,15,bottom,host,304.35,156.12,56,5,0,
6,15,bottom,other,418.25,327.598,234,5,0,
6,16,bottom,host,312.64,150.528,56,5,0,
6,16,bottom,other,410.16,333.476,234,5,0,
6,17,bottom,host,320.93,144.936,56,5,0,
6,17,bottom,other,402.07,339.354,234,5,0,
6,18,bottom,host,329.22,139.344,56,5,0,
6,18,bottom,other,393.98,345.232,234,5,0,
6,19,bottom,host,337.51,133.752,56,5,0,
6,19,bottom,other,385.89,351.11,234,5,0,
6,20,bottom,host,345.8,128.16,56,6,0,
6,20,bottom,other,377.8,356.988,234,9,0,
6,21,bottom,host,345.8,128.16,56,6,0,
6,21,bottom,other,377.8,356.988,234,9,0,
6,22,bottom,host,345.8,128.16,56,6,0,
6,22,bottom,other,377.8,356.988,234,9,0,
7,1,bottom,host,188.192,245.736,125,6,0,
7,1,bottom,other,530,240,270,9,0,
7,2,bottom,host,196.384,251.472,125,6,0,
7,2,bottom,other,520,240,270,9,0,
7,3,bottom,host,204.576,257.208,125,6,0,
7,3,bottom,other,511.71,245.592,236,9,0,
7,4,bottom,host,212.768,262.944,125,6,0,
7,4,bottom,other,503.42,251.184,236,9,0,
7,5,bottom,host,220.96,268.68,125,6,0,
7,5,bottom,other,495.13,256.776,236,9,0,
7,6,bottom,host,229.152,274.416,125,6,0,
7,6,bottom,other,487.699,250.085,312,9,0,
7,7,bottom,host,237.344,280.152,125,6,0,
7,7,bottom,other,480.628,243.014,315,9,0,
7,8,bottom,host,245.536,285.888,125,6,0,
7,8,bottom,other,473.557,235.943,315,9,0,
7,9,bottom,host,253.728,291.624,125,6,0,
7,9,bottom,other,466.486,228.872,315,9,0,
7,10,bottom,host,261.92,297.36,125,6,0,
7,10,bottom,other,459.415,221.801,315,9,0,
7,11,bottom,host,270.112,303.096,125,6,0,
7,11,bottom,other,452.344,214.73,315,9,0,
7,12,bottom,host,278.304,308.832,125,6,0,
7,12,bottom,other,445.273,207.659,315,9,0,
7,13,bottom,host,286.496,314.568,125,6,0,
7,13,bottom,other,438.202,200.588,315,9,0,
7,14,bottom,host,294.688,320.304,125,6,0,
7,14,bottom,other,431.131,193.517,315,9,0,
7,15,bottom,host,302.88,326.04,125,6,0,
7,15,bottom,other,424.06,186.446,315,9,0,
7,16,bottom,host,311.072,331.776,125,6,0,
7,16,bottom,other,416.989,179.375,315,9,0,
7,17,bottom,host,319.264,337.512,125,6,0,
7,17,bottom,other,409.918,172.304,315,9,0,
7,18,bottom,host,327.456,343.248,125,6,0,
7,18,bottom,other,402.847,165.233,315,9,0,
7,19,bottom,host,335.648,348.984,125,6,0,
7,19,bottom,other,395.776,158.162,315,9,0,
7,20,bottom,host,343.84,354.72,125,10,0,
7,20,bottom,other,388.705,151.091,315,10,0,
7,21,bottom,host,343.84,354.72,125,10,0,
7,21,bottom,other,388.705,151.091,315,10,0,
7,22,bottom,host,343.84,354.72,125,10,0,
7,22,bottom,other,388.705,151.091,315,10,0,
8,1,bottom,host,188.387,234.554,57,10,0,
8,1,bottom,other,530,240,270,10,0,
8,2,bottom,host,196.774,229.108,57,10,0,
8,2,bottom,other,520,240,270,10,0,
8,3,bottom,host,205.161,223.662,57,10,0,
8,3,bottom,other,511.91,245.878,234,10,0,
8,4,bottom,host,213.548,218.216,57,10,0,
8,4,bottom,other,503.82,251.756,234,10,0,
8,5,bottom,host,221.935,212.77,57,10,0,
8,5,bottom,other,495.73,257.634,234,10,0,
8,6,bottom,host,230.322,207.324,57,10,0,
8,6,bottom,other,487.64,263.512,234,10,0,
8,7,bottom,host,238.709,201.878,57,10,0,
8,7,bottom,other,479.55,269.39,234,10,0,
8,8,bottom,host,247.096,196.432,57,10,0,
8,8,bottom,other,471.46,275.268,234,10,0,
8,9,bottom,host,255.483,190.986,57,10,0,
8,9,bottom,other,463.37,281.146,234,10,0,
8,10,bottom,host,263.87,185.54,57,10,0,
8,10,bottom,other,455.28,287.024,234,10,0,
8,11,bottom,host,272.257,180.094,57,10,0,
8,11,bottom,other,447.19,292.902,234,10,0,
8,12,bottom,host,280.644,174.648,57,10,0,
8,12,bottom,other,439.1,298.78,234,10,0,
8,13,bottom,host,289.031,169.202,57,10,0,
8,13,bottom,other,431.01,304.658,234,10,0,
8,14,bottom,host,297.418,163.756,57,10,0,
8,14,bottom,other,422.92,310.536,234,10,0,
8,15,bottom,host,305.805,158.31,57,10,0,
8,15,bottom,other,414.83,316.414,234,10,0,
8,16,bottom,host,314.192,152.864,57,10,0,
8,16,bottom,other,406.74,322.292,234,10,0,
8,17,bottom,host,322.579,147.418,57,10,0,
8,17,bottom,other,398.65,328.17,234,10,0,
8,18,bottom,host,330.966,141.972,57,10,0,
8,18,bottom,other,390.56,334.048,234,10,0,
8,19,bottom,host,339.353,136.526,57,10,0,
8,19,bottom,other,382.47,339.926,234,10,0,
8,20,bottom,host,347.74,131.08,57,11,0,
8,20,bottom,other,374.38,345.804,234,14,0,
8,21,bottom,host,347.74,131.08,57,11,0,
8,21,bottom,other,374.38,345.804,234,14,0,
8,22,bottom,host,347.74,131.08,57,11,0,
8,22,bottom,other,374.38,345.804,234,14,0,
9,1,top,host,188.192,234.264,55,11,0,
9,1,top,other,530,240,270,14,0,
9,2,top,host,196.384,228.528,55,11,0,
9,2,top,other,520,240,270,14,0,
9,3,top,host,204.576,222.792,55,11,0,
9,3,top,other,511.71,234.408,304,14,0,
9,4,top,host,212.768,217.056,55,11,0,
9,4,top,other,503.42,228.816,304,14,0,
9,5,top,host,220.96,211.32,55,11,0,
9,5,top,other,495.13,223.224,304,14,0,
9,6,top,host,229.152,205.584,55,11,0,
9,6,top,other,486.84,217.632,304,14,0,
9,7,top,host,237.344,199.848,55,11,0,
9,7,top,other,478.55,212.04,304,14,0,
9,8,top,host,245.536,194.112,55,11,0,
9,8,top,other,470.26,206.448,304,14,0,
9,9,top,host,253.728,188.376,55,11,0,
9,9,top,other,461.97,200.856,304,14,0,
9,10,top,host,261.92,182.64,55,11,0,
9,10,top,other,453.68,195.264,304,14,0,
9,11,top,host,270.112,176.904,55,11,0,
9,11,top,other,445.39,189.672,304,14,0,
9,12,top,host,278.304,171.168,55,11,0,
9,12,top,other,437.1,184.08,304,14,0,
9,13,top,host,286.496,165.432,55,11,0,
9,13,top,other,428.81,178.488,304,14,0,
9,14,top,host,294.688,159.696,55,11,0,
9,14,top,other,420.52,172.896,304,14,0,
9,15,top,host,302.88,153.96,55,11,0,
9,15,top,other,412.23,167.304,304,14,0,
9,16,top,host,311.072,148.224,55,11,0,
9,16,top,other,403.94,161.712,304,14,0,
9,17,top,host,319.264,142.488,55,11,0,
9,17,top,other,395.65,156.12,304,14,0,
9,18,top,host,327.456,136.752,55,11,0,
9,18,top,other,387.36,150.528,304,14,0,
9,19,top,host,335.648,131.016,55,11,0,
9,19,top,other,379.07,144.936,304,14,0,
9,20,top,host,343.84,125.28,55,11,0,
9,20,top,other,370.78,139.344,304,14,0,
9,21,top,host,343.84,125.28,55,11,0,
9,21,top,other,370.78,139.344,304,14,0,
9,22,top,host,343.84,125.28,55,11,0,
9,22,top,other,370.78,139.344,304,14,0,
10,1,bottom,host,188.29,245.592,124,11,0,
10,1,bottom,other,530,240,270,14,0,
10,2,bottom,host,196.58,251.184,124,11,0,
10,2,bottom,other,520,240,270,14,0,
10,3,bottom,host,204.87,256.776,124,11,0,
10,3,bottom,other,511.808,245.736,235,14,0,
10,4,bottom,host,213.16,262.368,124,11,0,
10,4,bottom,other,503.616,251.472,235,14,0,
10,5,bottom,host,221.45,267.96,124,11,0,
10,5,bottom,other,495.424,257.208,235,14,0,
10,6,bottom,host,229.74,273.552,124,11,0,
10,6,bottom,other,487.232,262.944,235,14,0,
10,7,bottom,host,238.03,279.144,124,11,0,
10,7,bottom,other,479.04,268.68,235,14,0,
10,8,bottom,host,246.32,284.736,124,11,0,
10,8,bottom,other,470.848,274.416,235,14,0,
10,9,bottom,host,254.61,290.328,124,11,0,
10,9,bottom,other,464.42,266.756,320,14,0,
10,10,bottom,host,262.9,295.92,124,11,0,
10,10,bottom,other,457.992,259.096,320,14,0,
10,11,bottom,host,271.19,301.512,124,11,0,
10,11,bottom,other,451.564,251.436,320,14,0,
10,12,bottom,host,279.48,307.104,124,11,0,
10,12,bottom,other,445.136,243.776,320,14,0,
10,13,bottom,host,287.77,312.696,124,11,0,
10,13,bottom,other,438.708,236.116,320,14,0,
10,14,bottom,host,296.06,318.288,124,11,0,
10,14,bottom,other,432.28,228.456,320,14,0,
10,15,bottom,host,304.35,323.88,124,11,0,
10,15,bottom,other,425.852,220.796,320,14,0,
10,16,bottom,host,312.64,329.472,124,11,0,
10,16,bottom,other,419.424,213.136,320,14,0,
10,17,bottom,host,320.93,335.064,124,11,0,
10,17,bottom,other,412.996,205.476,320,14,0,
10,18,bottom,host,329.22,340.656,124,11,0,
10,18,bottom,other,406.568,197.816,320,14,0,
10,19,bottom,host,337.51,346.248,124,11,0,
10,19,bottom,other,400.14,190.156,320,14,0,
10,20,bottom,host,345.8,351.84,124,15,0,
10,20,bottom,other,393.712,182.496,320,15,0,
10,21,bottom,host,345.8,351.84,124,15,0,
10,21,bottom,other,393.712,182.496,320,15,0,
10,22,bottom,host,345.8,351.84,124,15,0,
10,22,bottom,other,393.712,182.496,320,15,0,
11,1,top,host,188.387,245.446,123,15,0,
11,1,top,other,531.808,234.264,305,15,0,
11,2,top,host,196.774,250.892,123,15,0,
11,2,top,other,523.616,228.528,305,15,0,
11,3,top,host,205.161,256.338,123,15,0,
11,3,top,other,515.424,222.792,305,15,0,
11,4,top,host,213.548,261.784,123,15,0,
11,4,top,other,507.232,217.056,305,15,0,
11,5,top,host,221.935,267.23,123,15,0,
11,5,top,other,499.04,211.32,305,15,0,
11,6,top,host,230.322,272.676,123,15,0,
11,6,top,other,490.848,205.584,305,15,0,
11,7,top,host,238.709,278.122,123,15,0,
11,7,top,other,482.276,200.434,301,15,0,
11,8,top,host,247.096,283.568,123,15,0,
11,8,top,other,473.704,195.284,301,15,0,
11,9,top,host,255.483,289.014,123,15,0,
11,9,top,other,465.132,190.134,301,15,0,
11,10,top,host,263.87,294.46,123,15,0,
11,10,top,other,456.56,184.984,301,15,0,
11,11,top,host,272.257,299.906,123,15,0,
11,11,top,other,447.988,179.834,301,15,0,
11,12,top,host,280.644,305.352,123,15,0,
11,12,top,other,439.416,174.684,301,15,0,
11,13,top,host,289.031,310.798,123,15,0,
11,13,top,other,430.844,169.534,301,15,0,
11,14,top,host,297.418,316.244,123,15,0,
11,14,top,other,422.554,163.942,304,15,0,
11,15,top,host,305.805,321.69,123,15,0,
11,15,top,other,414.264,158.35,304,15,0,
11,16,top,host,314.192,327.136,123,15,0,
11,16,top,other,405.974,152.758,304,15,0,
11,17,top,host,322.579,332.582,123,15,0,
11,17,top,other,397.684,147.166,304,15,0,
11,18,top,host,330.966,338.028,123,15,0,
11,18,top,other,389.394,141.574,304,15,0,
11,19,top,host,339.353,343.474,123,15,0,
11,19,top,other,381.104,135.982,304,15,0,
11,20,top,host,347.74,348.92,123,16,0,
11,20,top,other,372.814,130.39,304,19,0,
11,21,top,host,347.74,348.92,123,16,0,
11,21,top,other,372.814,130.39,304,19,0,
11,22,top,host,347.74,348.92,123,16,0,
11,22,top,other,372.814,130.39,304,19,0,
12,1,top,host,188.387,234.554,57,16,0,
12,1,top,other,530,240,270,19,0,
12,2,top,host,196.774,229.108,57,16,0,
12,2,top,other,521.71,234.408,304,19,0,
12,3,top,host,205.161,223.662,57,16,0,
12,3,top,other,513.518,228.672,305,19,0,
12,4,top,host,213.548,218.216,57,16,0,
12,4,top,other,505.326,222.936,305,19,0,
12,5,top,host,221.935,212.77,57,16,0,
12,5,top,other,497.134,217.2,305,19,0,
12,6,top,host,230.322,207.324,57,16,0,
12,6,top,other,488.942,211.464,305,19,0,
12,7,top,host,238.709,201.878,57,16,0,
12,7,top,other,480.75,205.728,305,19,0,
12,8,top,host,247.096,196.432,57,16,0,
12,8,top,other,472.558,199.992,305,19,0,
12,9,top,host,255.483,190.986,57,16,0,
12,9,top,other,464.366,194.256,305,19,0,
12,10,top,host,263.87,185.54,57,16,0,
12,10,top,other,456.174,188.52,305,19,0,
12,11,top,host,272.257,180.094,57,16,0,
12,11,top,other,447.982,182.784,305,19,0,
12,12,top,host,280.644,174.648,57,16,0,
12,12,top,other,439.79,177.048,305,19,0,
12,13,top,host,289.031,169.202,57,16,0,
12,13,top,other,431.598,171.312,305,19,0,
12,14,top,host,297.418,163.756,57,16,0,
12,14,top,other,423.406,165.576,305,19,0,
12,15,top,host,305.805,158.31,57,16,0,
12,15,top,other,415.214,159.84,305,19,0,
12,16,top,host,314.192,152.864,57,16,0,
12,16,top,other,407.022,154.104,305,19,0,
12,17,top,host,322.579,147.418,57,16,0,
12,17,top,other,398.83,148.368,305,19,0,
12,18,top,host,330.966,141.972,57,16,0,
12,18,top,other,390.638,142.632,305,19,0,
12,19,top,host,339.353,136.526,57,16,0,
12,19,top,other,382.446,136.896,305,19,0,
12,20,top,host,347.74,131.08,57,16,0,
12,20,top,other,374.254,131.16,305,19,0,
12,21,top,host,347.74,131.08,57,16,0,
12,21,top,other,374.254,131.16,305,19,0,
12,22,top,host,347.74,131.08,57,16,0,
12,22,top,other,374.254,131.16,305,19,0,
13,1,top,host,188.29,234.408,56,16,0,
13,1,top,other,530,240,270,19,0,
13,2,top,host,196.58,228.816,56,16,0,
13,2,top,other,520,240,270,19,0,
13,3,top,host,204.87,223.224,56,16,0,
13,3,top,other,510,240,270,19,0,
13,4,top,host,213.16,217.632,56,16,0,
13,4,top,other,500,240,270,19,0,
13,5,top,host,221.45,212.04,56,16,0,
13,5,top,other,490,240,270,19,0,
13,6,top,host,229.74,206.448,56,16,0,
13,6,top,other,480,240,270,19,0,
13,7,top,host,238.03,200.856,56,16,0,
13,7,top,other,470,240,270,19,0,
13,8,top,host,246.32,195.264,56,16,0,
13,8,top,other,460,240,270,19,0,
13,9,top,host,254.61,189.672,56,16,0,
13,9,top,other,453.843,232.12,322,19,0,
13,10,top,host,262.9,184.08,56,16,0,
13,10,top,other,447.686,224.24,322,19,0,
13,11,top,host,271.19,178.488,56,16,0,
13,11,top,other,441.529,216.36,322,19,0,
13,12,top,host,279.48,172.896,56,16,0,
13,12,top,other,435.372,208.48,322,19,0,
13,13,top,host,287.77,167.304,56,16,0,
13,13,top,other,429.215,200.6,322,19,0,
13,14,top,host,296.06,161.712,56,16,0,
13,14,top,other,423.058,192.72,322,19,0,
13,15,top,host,304.35,156.12,56,16,0,
13,15,top,other,416.901,184.84,322,19,0,
13,16,top,host,312.64,150.528,56,16,0,
13,16,top,other,410.744,176.96,322,19,0,
13,17,top,host,320.93,144.936,56,16,0,
13,17,top,other,404.587,169.08,322,19,0,
13,18,top,host,329.22,139.344,56,16,0,
13,18,top,other,398.43,161.2,322,19,0,
13,19,top,host,337.51,133.752,56,16,0,
13,19,top,other,392.273,153.32,322,19,0,
13,20,top,host,345.8,128.16,56,16,0,
13,20,top,other,385.712,145.773,319,19,0,
13,21,top,host,345.8,128.16,56,16,0,
13,21,top,other,385.712,145.773,319,19,0,
13,22,top,host,345.8,128.16,56,16,0,
13,22,top,other,385.712,145.773,319,19,0,
14,1,top,host,188.192,234.264,55,16,0,
14,1,top,other,530,240,270,19,0,
14,2,top,host,196.384,228.528,55,16,0,
14,2,top,other,520,240,270,19,0,
14,3,top,host,204.576,222.792,55,16,0,
14,3,top,other,511.808,245.736,235,19,0,
14,4,top,host,212.768,217.056,55,16,0,
14,4,top,other,503.822,251.754,233,19,0,
14,5,top,host,220.96,211.32,55,16,0,
14,5,top,other,495.836,257.772,233,19,0,
14,6,top,host,229.152,205.584,55,16,0,
14,6,top,other,487.85,263.79,233,19,0,
14,7,top,host,237.344,199.848,55,16,0,
14,7,top,other,479.864,269.808,233,19,0,
14,8,top,host,245.536,194.112,55,16,0,
14,8,top,other,471.878,275.826,233,19,0,
14,9,top,host,253.728,188.376,55,16,0,
14,9,top,other,463.892,281.844,233,19,0,
14,10,top,host,261.92,182.64,55,16,0,
14,10,top,other,455.906,287.862,233,19,0,
14,11,top,host,270.112,176.904,55,16,0,
14,11,top,other,447.92,293.88,233,19,0,
14,12,top,host,278.304,171.168,55,16,0,
14,12,top,other,439.934,299.898,233,19,0,
14,13,top,host,286.496,165.432,55,16,0,
14,13,top,other,431.948,305.916,233,19,0,
14,14,top,host,294.688,159.696,55,16,0,
14,14,top,other,423.962,311.934,233,19,0,
14,15,top,host,302.88,153.96,55,16,0,
14,15,top,other,415.976,317.952,233,19,0,
14,16,top,host,311.072,148.224,55,16,0,
14,16,top,other,407.99,323.97,233,19,0,
14,17,top,host,319.264,142.488,55,16,0,
14,17,top,other,400.004,329.988,233,19,0,
14,18,top,host,327.456,136.752,55,16,0,
14,18,top,other,392.018,336.006,233,19,0,
14,19,top,host,335.648,131.016,55,16,0,
14,19,top,other,384.032,342.024,233,19,0,
14,20,top,host,343.84,125.28,55,20,0,
14,20,top,other,376.046,348.042,233,20,0,
14,21,top,host,343.84,125.28,55,20,0,
14,21,top,other,376.046,348.042,233,20,0,
14,22,top,host,343.84,125.28,55,20,0,
14,22,top,other,376.046,348.042,233,20,0,
15,1,bottom,host,188.29,234.408,56,20,0,
15,1,bottom,other,531.71,245.592,236,20,0,
15,2,bottom,host,196.58,228.816,56,20,0,
15,2,bottom,other,523.42,251.184,236,20,0,
15,3,bottom,host,204.87,223.224,56,20,0,
15,3,bottom,other,515.13,256.776,236,20,0,
15,4,bottom,host,213.16,217.632,56,20,0,
15,4,bottom,other,506.84,262.368,236,20,0,
15,5,bottom,host,221.45,212.04,56,20,0,
15,5,bottom,other,498.55,267.96,236,20,0,
15,6,bottom,host,229.74,206.448,56,20,0,
15,6,bottom,other,490.26,273.552,236,20,0,
15,7,bottom,host,238.03,200.856,56,20,0,
15,7,bottom,other,481.97,279.144,236,20,0,
15,8,bottom,host,246.32,195.264,56,20,0,
15,8,bottom,other,473.68,284.736,236,20,0,
15,9,bottom,host,254.61,189.672,56,20,0,
15,9,bottom,other,465.39,290.328,236,20,0,
15,10,bottom,host,262.9,184.08,56,20,0,
15,10,bottom,other,457.1,295.92,236,20,0,
15,11,bottom,host,271.19,178.488,56,20,0,
15,11,bottom,other,448.81,301.512,236,20,0,
15,12,bottom,host,279.48,172.896,56,20,0,
15,12,bottom,other,440.52,307.104,236,20,0,
15,13,bottom,host,287.77,167.304,56,20,0,
15,13,bottom,other,432.23,312.696,236,20,0,
15,14,bottom,host,296.06,161.712,56,20,0,
15,14,bottom,other,423.94,318.288,236,20,0,
15,15,bottom,host,304.35,156.12,56,20,0,
15,15,bottom,other,415.65,323.88,236,20,0,
15,16,bottom,host,312.64,150.528,56,20,0,
15,16,bottom,other,407.36,329.472,236,20,0,
15,17,bottom,host,320.93,144.936,56,20,0,
15,17,bottom,other,399.07,335.064,236,20,0,
15,18,bottom,host,329.22,139.344,56,20,0,
15,18,bottom,other,390.78,340.656,236,20,0,
15,19,bottom,host,337.51,133.752,56,20,0,
15,19,bottom,other,382.49,346.248,236,20,0,
15,20,bottom,host,345.8,128.16,56,21,0,
15,20,bottom,other,374.2,351.84,236,24,0,
15,21,bottom,host,345.8,128.16,56,21,0,
15,21,bottom,other,374.2,351.84,236,24,0,
15,22,bottom,host,345.8,128.16,56,21,0,
15,22,bottom,other,374.2,351.84,236,24,0,
16,1,bottom,host,188.29,245.592,124,21,0,
16,1,bottom,other,530,240,270,24,0,
16,2,bottom,host,196.58,251.184,124,21,0,
16,2,bottom,other,520,240,270,24,0,
16,3,bottom,host,204.87,256.776,124,21,0,
16,3,bottom,other,510,240,270,24,0,
16,4,bottom,host,213.16,262.368,124,21,0,
16,4,bottom,other,500,240,270,24,0,
16,5,bottom,host,221.45,267.96,124,21,0,
16,5,bottom,other,491.91,234.122,306,24,0,
16,6,bottom,host,229.74,273.552,124,21,0,
16,6,bottom,other,483.82,228.244,306,24,0,
16,7,bottom,host,238.03,279.144,124,21,0,
16,7,bottom,other,475.73,222.366,306,24,0,
16,8,bottom,host,246.32,284.736,124,21,0,
16,8,bottom,other,467.64,216.488,306,24,0,
16,9,bottom,host,254.61,290.328,124,21,0,
16,9,bottom,other,459.55,210.61,306,24,0,
16,10,bottom,host,262.9,295.92,124,21,0,
16,10,bottom,other,451.46,204.732,306,24,0,
16,11,bottom,host,271.19,301.512,124,21,0,
16,11,bottom,other,443.37,198.854,306,24,0,
16,12,bottom,host,279.48,307.104,124,21,0,
16,12,bottom,other,435.28,192.976,306,24,0,
16,13,bottom,host,287.77,312.696,124,21,0,
16,13,bottom,other,427.19,187.098,306,24,0,
16,14,bottom,host,296.06,318.288,124,21,0,
16,14,bottom,other,419.1,181.22,306,24,0,
16,15,bottom,host,304.35,323.88,124,21,0,
16,15,bottom,other,411.01,175.342,306,24,0,
16,16,bottom,host,312.64,329.472,124,21,0,
16,16,bottom,other,402.92,169.464,306,24,0,
16,17,bottom,host,320.93,335.064,124,21,0,
16,17,bottom,other,394.83,163.586,306,24,0,
16,18,bottom,host,329.22,340.656,124,21,0,
16,18,bottom,other,386.74,157.708,306,24,0,
16,19,bottom,host,337.51,346.248,124,21,0,
16,19,bottom,other,378.65,151.83,306,24,0,
16,20,bottom,host,345.8,351.84,124,25,0,
16,20,bottom,other,370.56,145.952,306,25,0,
16,21,bottom,host,345.8,351.84,124,25,0,
16,21,bottom,other,370.56,145.952,306,25,0,
16,22,bottom,host,345.8,351.84,124,25,0,
16,22,bottom,other,370.56,145.952,306,25,0,
17,1,top,host,190,240,90,25,0,
17,1,top,other,530,240,270,25,0,
17,2,top,host,198.192,245.736,125,25,0,
17,2,top,other,520,240,270,25,0,
17,3,top,host,206.384,251.472,125,25,0,
17,3,top,other,510,240,270,25,0,
17,4,top,host,214.576,257.208,125,25,0,
17,4,top,other,500,240,270,25,0,
17,5,top,host,222.768,262.944,125,25,0,
17,5,top,other,492.12,233.843,308,25,0,
17,6,top,host,230.96,268.68,125,25,0,
17,6,top,other,484.46,227.415,310,25,0,
17,7,top,host,239.152,274.416,125,25,0,
17,7,top,other,476.8,220.987,310,25,0,
17,8,top,host,247.344,280.152,125,25,0,
17,8,top,other,469.14,214.559,310,25,0,
17,9,top,host,255.536,285.888,125,25,0,
17,9,top,other,461.48,208.131,310,25,0,
17,10,top,host,263.728,291.624,125,25,0,
17,10,top,other,453.82,201.703,310,25,0,
17,11,top,host,271.92,297.36,125,25,0,
17,11,top,other,446.16,195.275,310,25,0,
17,12,top,host,280.112,303.096,125,25,0,
17,12,top,other,438.5,188.847,310,25,0,
17,13,top,host,288.304,308.832,125,25,0,
17,13,top,other,430.84,182.419,310,25,0,
17,14,top,host,296.496,314.568,125,25,0,
17,14,top,other,423.18,175.991,310,25,0,
17,15,top,host,304.688,320.304,125,25,0,
17,15,top,other,415.52,169.563,310,25,0,
17,16,top,host,312.88,326.04,125,25,0,
17,16,top,other,407.86,163.135,310,25,0,
17,17,top,host,321.072,331.776,125,25,0,
17,17,top,other,400.2,156.707,310,25,0,
17,18,top,host,329.264,337.512,125,25,0,
17,18,top,other,392.54,150.279,310,25,0,
17,19,top,host,337.456,343.248,125,25,0,
17,19,top,other,384.88,143.851,310,25,0,
17,20,top,host,345.648,348.984,125,25,0,
17,20,top,other,377.22,137.423,310,25,0,
17,21,top,host,353.84,354.72,125,26,0,
17,21,top,other,369.56,130.995,310,29,0,
17,22,top,host,353.84,354.72,125,26,0,
17,22,top,other,369.56,130.995,310,29,0,
17,23,top,host,353.84,354.72,125,26,0,
17,23,top,other,369.56,130.995,310,29,0,
18,1,bottom,host,188.387,245.446,123,26,0,
18,1,bottom,other,530,240,270,29,0,
18,2,bottom,host,196.774,250.892,123,26,0,
18,2,bottom,other,520,240,270,29,0,
18,3,bottom,host,205.161,256.338,123,26,0,
18,3,bottom,other,512.014,246.018,233,29,0,
18,4,bottom,host,213.548,261.784,123,26,0,
18,4,bottom,other,504.028,252.036,233,29,0,
18,5,bottom,host,221.935,267.23,123,26,0,
18,5,bottom,other,496.368,245.608,310,29,0,
18,6,bottom,host,230.322,272.676,123,26,0,
18,6,bottom,other,489.054,238.788,313,29,0,
18,7,bottom,host,238.709,278.122,123,26,0,
18,7,bottom,other,481.74,231.968,313,29,0,
18,8,bottom,host,247.096,283.568,123,26,0,
18,8,bottom,other,474.426,225.148,313,29,0,
18,9,bottom,host,255.483,289.014,123,26,0,
18,9,bottom,other,467.112,218.328,313,29,0,
18,10,bottom,host,263.87,294.46,123,26,0,
18,10,bottom,other,459.798,211.508,313,29,0,
18,11,bottom,host,272.257,299.906,123,26,0,
18,11,bottom,other,452.484,204.688,313,29,0,
18,12,bottom,host,280.644,305.352,123,26,0,
18,12,bottom,other,445.17,197.868,313,29,0,
18,13,bottom,host,289.031,310.798,123,26,0,
18,13,bottom,other,437.856,191.048,313,29,0,
18,14,bottom,host,297.418,316.244,123,26,0,
18,14,bottom,other,430.542,184.228,313,29,0,
18,15,bottom,host,305.805,321.69,123,26,0,
18,15,bottom,other,423.228,177.408,313,29,0,
18,16,bottom,host,314.192,327.136,123,26,0,
18,16,bottom,other,415.914,170.588,313,29,0,
18,17,bottom,host,322.579,332.582,123,26,0,
18,17,bottom,other,408.6,163.768,313,29,0,
18,18,bottom,host,330.966,338.028,123,26,0,
18,18,bottom,other,401.286,156.948,313,29,0,
18,19,bottom,host,339.353,343.474,123,26,0,
18,19,bottom,other,393.972,150.128,313,29,0,
18,20,bottom,host,347.74,348.92,123,30,0,
18,20,bottom,other,386.658,143.308,313,30,0,
18,21,bottom,host,347.74,348.92,123,30,0,
18,21,bottom,other,386.658,143.308,313,30,0,
18,22,bottom,host,347.74,348.92,123,30,0,
18,22,bottom,other,386.658,143.308,313,30,0,
19,1,top,host,188.387,245.446,123,30,0,
19,1,top,other,530,240,270,30,0,
19,2,top,host,196.774,250.892,123,30,0,
19,2,top,other,520,240,270,30,0,
19,3,top,host,205.161,256.338,123,30,0,
19,3,top,other,510,240,270,30,0,
19,4,top,host,213.548,261.784,123,30,0,
19,4,top,other,502.014,233.982,307,30,0,
19,5,top,host,221.935,267.23,123,30,0,
19,5,top,other,494.134,227.825,308,30,0,
19,6,top,host,230.322,272.676,123,30,0,
19,6,top,other,486.254,221.668,308,30,0,
19,7,top,host,238.709,278.122,123,30,0,
19,7,top,other,478.374,215.511,308,30,0,
19,8,top,host,247.096,283.568,123,30,0,
19,8,top,other,470.494,209.354,308,30,0,
19,9,top,host,255.483,289.014,123,30,0,
19,9,top,other,462.614,203.197,308,30,0,
19,10,top,host,263.87,294.46,123,30,0,
19,10,top,other,454.734,197.04,308,30,0,
19,11,top,host,272.257,299.906,123,30,0,
19,11,top,other,446.854,190.883,308,30,0,
19,12,top,host,280.644,305.352,123,30,0,
19,12,top,other,438.974,184.726,308,30,0,
19,13,top,host,289.031,310.798,123,30,0,
19,13,top,other,431.094,178.569,308,30,0,
19,14,top,host,297.418,316.244,123,30,0,
19,14,top,other,423.214,172.412,308,30,0,
19,15,top,host,305.805,321.69,123,30,0,
19,15,top,other,415.334,166.255,308,30,0,
19,16,top,host,314.192,327.136,123,30,0,
19,16,top,other,407.454,160.098,308,30,0,
19,17,top,host,322.579,332.582,123,30,0,
19,17,top,other,399.574,153.941,308,30,0,
19,18,top,host,330.966,338.028,123,30,0,
19,18,top,other,391.694,147.784,308,30,0,
19,19,top,host,339.353,343.474,123,30,0,
19,19,top,other,383.814,141.627,308,30,0,
19,20,top,host,347.74,348.92,123,31,0,
19,20,top,other,375.934,135.47,308,34,0,
19,21,top,host,347.74,348.92,123,31,0,
19,21,top,other,375.934,135.47,308,34,0,
19,22,top,host,347.74,348.92,123,31,0,
19,22,top,other,375.934,135.47,308,34,0,
20,1,bottom,host,188.387,245.446,123,31,0,
20,1,bottom,other,530,240,270,34,0,
20,2,bottom,host,196.774,250.892,123,31,0,
20,2,bottom,other,520,240,270,34,0,
20,3,bottom,host,205.161,256.338,123,31,0,
20,3,bottom,other,510,240,270,34,0,
20,4,bottom,host,213.548,261.784,123,31,0,
20,4,bottom,other,500,240,270,34,0,
20,5,bottom,host,221.935,267.23,123,31,0,
20,5,bottom,other,490,240,270,34,0,
20,6,bottom,host,230.322,272.676,123,31,0,
20,6,bottom,other,480,240,270,34,0,
20,7,bottom,host,238.709,278.122,123,31,0,
20,7,bottom,other,472.686,233.18,313,34,0,
20,8,bottom,host,247.096,283.568,123,31,0,
20,8,bottom,other,465.372,226.36,313,34,0,
20,9,bottom,host,255.483,289.014,123,31,0,
20,9,bottom,other,458.058,219.54,313,34,0,
20,10,bottom,host,263.87,294.46,123,31,0,
20,10,bottom,other,450.744,212.72,313,34,0,
20,11,bottom,host,272.257,299.906,123,31,0,
20,11,bottom,other,443.43,205.9,313,34,0,
20,12,bottom,host,280.644,305.352,123,31,0,
20,12,bottom,other,436.116,199.08,313,34,0,
20,13,bottom,host,289.031,310.798,123,31,0,
20,13,bottom,other,428.802,192.26,313,34,0,
20,14,bottom,host,297.418,316.244,123,31,0,
20,14,bottom,other,421.488,185.44,313,34,0,
20,15,bottom,host,305.805,321.69,123,31,0,
20,15,bottom,other,414.174,178.62,313,34,0,
20,16,bottom,host,314.192,327.136,123,31,0,
20,16,bottom,other,406.86,171.8,313,34,0,
20,17,bottom,host,322.579,332.582,123,31,0,
20,17,bottom,other,399.546,164.98,313,34,0,
20,18,bottom,host,330.966,338.028,123,31,0,
20,18,bottom,other,392.232,158.16,313,34,0,
20,19,bottom,host,339.353,343.474,123,31,0,
20,19,bottom,other,384.918,151.34,313,34,0,
20,20,bottom,host,347.74,348.92,123,35,0,
20,20,bottom,other,377.604,144.52,313,35,0,
20,21,bottom,host,347.74,348.92,123,35,0,
20,21,bottom,other,377.604,144.52,313,35,0,
20,22,bottom,host,347.74,348.92,123,35,0,
20,22,bottom,other,377.604,144.52,313,35,0,
21,1,top,host,188.48,245.299,122,35,0,
21,1,top,other,530,240,270,35,0,
21,2,top,host,196.96,250.598,122,35,0,
21,2,top,other,520,240,270,35,0,
21,3,top,host,205.44,255.897,122,35,0,
21,3,top,other,510,240,270,35,0,
21,4,top,host,213.92,261.196,122,35,0,
21,4,top,other,500,240,270,35,0,
21,5,top,host,222.4,266.495,122,35,0,
21,5,top,other,490,240,270,35,0,
21,6,top,host,230.88,271.794,122,35,0,
21,6,top,other,481.428,234.85,301,35,0,
21,7,top,host,239.36,277.093,122,35,0,
21,7,top,other,472.856,229.7,301,35,0,
21,8,top,host,247.84,282.392,122,35,0,
21,8,top,other,464.284,224.55,301,35,0,
21,9,top,host,256.32,287.691,122,35,0,
21,9,top,other,455.712,219.4,301,35,0,
21,10,top,host,264.8,292.99,122,35,0,
21,10,top,other,447.14,214.25,301,35,0,
21,11,top,host,273.28,298.289,122,35,0,
21,11,top,other,438.568,209.1,301,35,0,
21,12,top,host,281.76,303.588,122,35,0,
21,12,top,other,429.996,203.95,301,35,0,
21,13,top,host,290.24,308.887,122,35,0,
21,13,top,other,421.424,198.8,301,35,0,
21,14,top,host,298.72,314.186,122,35,0,
21,14,top,other,412.852,193.65,301,35,0,
21,15,top,host,307.2,319.485,122,35,0,
21,15,top,other,406.559,185.879,321,35,0,
21,16,top,host,315.68,324.784,122,35,0,
21,16,top,other,400.266,178.108,321,35,0,
21,17,top,host,324.16,330.083,122,35,0,
21,17,top,other,393.973,170.337,321,35,0,
21,18,top,host,332.64,335.382,122,35,0,
21,18,top,other,387.68,162.566,321,35,0,
21,19,top,host,341.12,340.681,122,35,0,
21,19,top,other,381.387,154.795,321,35,0,
21,20,top,host,349.6,345.98,122,36,0,
21,20,top,other,375.094,147.024,321,39,0,
21,21,top,host,349.6,345.98,122,36,0,
21,21,top,other,375.094,147.024,321,39,0,
21,22,top,host,349.6,345.98,122,36,0,
21,22,top,other,375.094,147.024,321,39,0,
22,1,top,host,188.387,234.554,57,36,0,
22,1,top,other,530,240,270,39,0,
22,2,top,host,196.774,229.108,57,36,0,
22,2,top,other,520,240,270,39,0,
22,3,top,host,205.161,223.662,57,36,0,
22,3,top,other,510,240,270,39,0,
22,4,top,host,213.548,218.216,57,36,0,
22,4,top,other,500,240,270,39,0,
22,5,top,host,221.935,212.77,57,36,0,
22,5,top,other,490,240,270,39,0,
22,6,top,host,230.322,207.324,57,36,0,
22,6,top,other,482.229,246.293,231,39,0,
22,7,top,host,238.709,201.878,57,36,0,
22,7,top,other,474.458,252.586,231,39,0,
22,8,top,host,247.096,196.432,57,36,0,
22,8,top,other,466.687,258.879,231,39,0,
22,9,top,host,255.483,190.986,57,36,0,
22,9,top,other,458.916,265.172,231,39,0,
22,10,top,host,263.87,185.54,57,36,0,
22,10,top,other,451.145,271.465,231,39,0,
22,11,top,host,272.257,180.094,57,36,0,
22,11,top,other,443.374,277.758,231,39,0,
22,12,top,host,280.644,174.648,57,36,0,
22,12,top,other,435.603,284.051,231,39,0,
22,13,top,host,289.031,169.202,57,36,0,
22,13,top,other,427.832,290.344,231,39,0,
22,14,top,host,297.418,163.756,57,36,0,
22,14,top,other,420.061,296.637,231,39,0,
22,15,top,host,305.805,158.31,57,36,0,
22,15,top,other,412.29,302.93,231,39,0,
22,16,top,host,314.192,152.864,57,36,0,
22,16,top,other,404.519,309.223,231,39,0,
22,17,top,host,322.579,147.418,57,36,0,
22,17,top,other,396.748,315.516,231,39,0,
22,18,top,host,330.966,141.972,57,36,0,
22,18,top,other,388.977,321.809,231,39,0,
22,19,top,host,339.353,136.526,57,36,0,
22,19,top,other,381.206,328.102,231,39,0,
22,20,top,host,347.74,131.08,57,40,0,
22,20,top,other,373.435,334.395,231,40,0,
22,21,top,host,347.74,131.08,57,40,0,
22,21,top,other,373.435,334.395,231,40,0,
22,22,top,host,347.74,131.08,57,40,0,
22,22,top,other,373.435,334.395,231,40,0,
23,1,top,host,188.29,245.592,124,40,0,
23,1,top,other,530,240,270,40,0,
23,2,top,host,196.58,251.184,124,40,0,
23,2,top,other,520,240,270,40,0,
23,3,top,host,204.87,256.776,124,40,0,
23,3,top,other,510,240,270,40,0,
23,4,top,host,213.16,262.368,124,40,0,
23,4,top,other,501.808,234.264,305,40,0,
23,5,top,host,221.45,267.96,124,40,0,
23,5,top,other,493.616,228.528,305,40,0,
23,6,top,host,229.74,273.552,124,40,0,
23,6,top,other,485.424,222.792,305,40,0,
23,7,top,host,238.03,279.144,124,40,0,
23,7,top,other,477.232,217.056,305,40,0,
23,8,top,host,246.32,284.736,124,40,0,
23,8,top,other,469.04,211.32,305,40,0,
23,9,top,host,254.61,290.328,124,40,0,
23,9,top,other,460.848,205.584,305,40,0,
23,10,top,host,262.9,295.92,124,40,0,
23,10,top,other,452.656,199.848,305,40,0,
23,11,top,host,271.19,301.512,124,40,0,
23,11,top,other,444.464,194.112,305,40,0,
23,12,top,host,279.48,307.104,124,40,0,
23,12,top,other,436.272,188.376,305,40,0,
23,13,top,host,287.77,312.696,124,40,0,
23,13,top,other,428.08,182.64,305,40,0,
23,14,top,host,296.06,318.288,124,40,0,
23,14,top,other,419.888,176.904,305,40,0,
23,15,top,host,304.35,323.88,124,40,0,
23,15,top,other,411.696,171.168,305,40,0,
23,16,top,host,312.64,329.472,124,40,0,
23,16,top,other,403.504,165.432,305,40,0,
23,17,top,host,320.93,335.064,124,40,0,
23,17,top,other,395.312,159.696,305,40,0,
23,18,top,host,329.22,340.656,124,40,0,
23,18,top,other,387.12,153.96,305,40,0,
23,19,top,host,337.51,346.248,124,40,0,
23,19,top,other,378.928,148.224,305,40,0,
23,20,top,host,345.8,351.84,124,41,0,
23,20,top,other,370.736,142.488,305,44,0,
23,21,top,host,345.8,351.84,124,41,0,
23,21,top,other,370.736,142.488,305,44,0,
23,22,top,host,345.8,351.84,124,41,0,
23,22,top,other,370.736,142.488,305,44,0,
24,1,bottom,host,188.192,245.736,125,41,0,
24,1,bottom,other,530,240,270,44,0,
24,2,bottom,host,196.384,251.472,125,41,0,
24,2,bottom,other,520,240,270,44,0,
24,3,bottom,host,204.576,257.208,125,41,0,
24,3,bottom,other,510,240,270,44,0,
24,4,bottom,host,212.768,262.944,125,41,0,
24,4,bottom,other,500,240,270,44,0,
24,5,bottom,host,220.96,268.68,125,41,0,
24,5,bottom,other,491.808,234.264,305,44,0,
24,6,bottom,host,229.152,274.416,125,41,0,
24,6,bottom,other,483.718,228.386,306,44,0,
24,7,bottom,host,237.344,280.152,125,41,0,
24,7,bottom,other,475.628,222.508,306,44,0,
24,8,bottom,host,245.536,285.888,125,41,0,
24,8,bottom,other,467.538,216.63,306,44,0,
24,9,bottom,host,253.728,291.624,125,41,0,
24,9,bottom,other,459.448,210.752,306,44,0,
24,10,bottom,host,261.92,297.36,125,41,0,
24,10,bottom,other,451.358,204.874,306,44,0,
24,11,bottom,host,270.112,303.096,125,41,0,
24,11,bottom,other,443.268,198.996,306,44,0,
24,12,bottom,host,278.304,308.832,125,41,0,
24,12,bottom,other,435.178,193.118,306,44,0,
24,13,bottom,host,286.496,314.568,125,41,0,
24,13,bottom,other,427.088,187.24,306,44,0,
24,14,bottom,host,294.688,320.304,125,41,0,
24,14,bottom,other,418.998,181.362,306,44,0,
24,15,bottom,host,302.88,326.04,125,41,0,
24,15,bottom,other,410.908,175.484,306,44,0,
24,16,bottom,host,311.072,331.776,125,41,0,
24,16,bottom,other,402.818,169.606,306,44,0,
24,17,bottom,host,319.264,337.512,125,41,0,
24,17,bottom,other,394.728,163.728,306,44,0,
24,18,bottom,host,327.456,343.248,125,41,0,
24,18,bottom,other,386.638,157.85,306,44,0,
24,19,bottom,host,335.648,348.984,125,41,0,
24,19,bottom,other,378.548,151.972,306,44,0,
24,20,bottom,host,343.84,354.72,125,45,0,
24,20,bottom,other,370.458,146.094,306,45,0,
24,21,bottom,host,343.84,354.72,125,45,0,
24,21,bottom,other,370.458,146.094,306,45,0,
24,22,bottom,host,343.84,354.72,125,45,0,
24,22,bottom,other,370.458,146.094,306,45,0,
25,1,top,host,188.192,245.736,125,45,0,
25,1,top,other,530,240,270,45,0,
25,2,top,host,196.384,251.472,125,45,0,
25,2,top,other,520,240,270,45,0,
25,3,top,host,204.576,257.208,125,45,0,
25,3,top,other,510,240,270,45,0,
25,4,top,host,212.768,262.944,125,45,0,
25,4,top,other,501.91,234.122,306,45,0,
25,5,top,host,220.96,268.68,125,45,0,
25,5,top,other,494.25,227.694,310,45,0,
25,6,top,host,229.152,274.416,125,45,0,
25,6,top,other,486.59,221.266,310,45,0,
25,7,top,host,237.344,280.152,125,45,0,
25,7,top,other,478.93,214.838,310,45,0,
25,8,top,host,245.536,285.888,125,45,0,
25,8,top,other,471.27,208.41,310,45,0,
25,9,top,host,253.728,291.624,125,45,0,
25,9,top,other,463.61,201.982,310,45,0,
25,10,top,host,261.92,297.36,125,45,0,
25,10,top,other,455.95,195.554,310,45,0,
25,11,top,host,270.112,303.096,125,45,0,
25,11,top,other,448.29,189.126,310,45,0,
25,12,top,host,278.304,308.832,125,45,0,
25,12,top,other,440.63,182.698,310,45,0,
25,13,top,host,286.496,314.568,125,45,0,
25,13,top,other,432.97,176.27,310,45,0,
25,14,top,host,294.688,320.304,125,45,0,
25,14,top,other,425.31,169.842,310,45,0,
25,15,top,host,302.88,326.04,125,45,0,
25,15,top,other,417.65,163.414,310,45,0,
25,16,top,host,311.072,331.776,125,45,0,
25,16,top,other,409.99,156.986,310,45,0,
25,17,top,host,319.264,337.512,125,45,0,
25,17,top,other,402.33,150.558,310,45,0,
25,18,top,host,327.456,343.248,125,45,0,
25,18,top,other,394.67,144.13,310,45,0,
25,19,top,host,335.648,348.984,125,45,0,
25,19,top,other,387.01,137.702,310,45,0,
25,20,top,host,343.84,354.72,125,46,0,
25,20,top,other,379.35,131.274,310,49,0,
25,21,top,host,343.84,354.72,125,46,0,
25,21,top,other,379.35,131.274,310,49,0,
25,22,top,host,343.84,354.72,125,46,0,
25,22,top,other,379.35,131.274,310,49,0,
26,1,bottom,host,188.29,245.592,124,46,0,
26,1,bottom,other,530,240,270,49,0,
26,2,bottom,host,196.58,251.184,124,46,0,
26,2,bottom,other,520,240,270,49,0,
26,3,bottom,host,204.87,256.776,124,46,0,
26,3,bottom,other,510,240,270,49,0,
26,4,bottom,host,213.16,262.368,124,46,0,
26,4,bottom,other,500,240,270,49,0,
26,5,bottom,host,221.45,267.96,124,46,0,
26,5,bottom,other,490,240,270,49,0,
26,6,bottom,host,229.74,273.552,124,46,0,
26,6,bottom,other,480,240,270,49,0,
26,7,bottom,host,238.03,279.144,124,46,0,
26,7,bottom,other,470,240,270,49,0,
26,8,bottom,host,246.32,284.736,124,46,0,
26,8,bottom,other,460,240,270,49,0,
26,9,bottom,host,254.61,290.328,124,46,0,
26,9,bottom,other,452.929,232.929,315,49,0,
26,10,bottom,host,262.9,295.92,124,46,0,
26,10,bottom,other,445.858,225.858,315,49,0,
26,11,bottom,host,271.19,301.512,124,46,0,
26,11,bottom,other,438.787,218.787,315,49,0,
26,12,bottom,host,279.48,307.104,124,46,0,
26,12,bottom,other,431.716,211.716,315,49,0,
26,13,bottom,host,287.77,312.696,124,46,0,
26,13,bottom,other,424.645,204.645,315,49,0,
26,14,bottom,host,296.06,318.288,124,46,0,
26,14,bottom,other,417.574,197.574,315,49,0,
26,15,bottom,host,304.35,323.88,124,46,0,
26,15,bottom,other,410.503,190.503,315,49,0,
26,16,bottom,host,312.64,329.472,124,46,0,
26,16,bottom,other,403.432,183.432,315,49,0,
26,17,bottom,host,320.93,335.064,124,46,0,
26,17,bottom,other,396.361,176.361,315,49,0,
26,18,bottom,host,329.22,340.656,124,46,0,
26,18,bottom,other,389.29,169.29,315,49,0,
26,19,bottom,host,337.51,346.248,124,46,0,
26,19,bottom,other,382.219,162.219,315,49,0,
26,20,bottom,host,345.8,351.84,124,50,0,
26,20,bottom,other,375.148,155.148,315,50,0,
26,21,bottom,host,345.8,351.84,124,50,0,
26,21,bottom,other,375.148,155.148,315,50,0,
26,22,bottom,host,345.8,351.84,124,50,0,
26,22,bottom,other,375.148,155.148,315,50,0,
27,1,top,host,188.48,245.299,122,50,0,
27,1,top,other,530,240,270,50,0,
27,2,top,host,196.96,250.598,122,50,0,
27,2,top,other,520,240,270,50,0,
27,3,top,host,205.44,255.897,122,50,0,
27,3,top,other,510,240,270,50,0,
27,4,top,host,213.92,261.196,122,50,0,
27,4,top,other,500,240,270,50,0,
27,5,top,host,222.4,266.495,122,50,0,
27,5,top,other,491.91,234.122,306,50,0,
27,6,top,host,230.88,271.794,122,50,0,
27,6,top,other,483.82,228.244,306,50,0,
27,7,top,host,239.36,277.093,122,50,0,
27,7,top,other,475.73,222.366,306,50,0,
27,8,top,host,247.84,282.392,122,50,0,
27,8,top,other,467.64,216.488,306,50,0,
27,9,top,host,256.32,287.691,122,50,0,
27,9,top,other,459.55,210.61,306,50,0,
27,10,top,host,264.8,292.99,122,50,0,
27,10,top,other,451.46,204.732,306,50,0,
27,11,top,host,273.28,298.289,122,50,0,
27,11,top,other,443.37,198.854,306,50,0,
27,12,top,host,281.76,303.588,122,50,0,
27,12,top,other,435.28,192.976,306,50,0,
27,13,top,host,290.24,308.887,122,50,0,
27,13,top,other,427.19,187.098,306,50,0,
27,14,top,host,298.72,314.186,122,50,0,
27,14,top,other,419.1,181.22,306,50,0,
27,15,top,host,307.2,319.485,122,50,0,
27,15,top,other,411.01,175.342,306,50,0,
27,16,top,host,315.68,324.784,122,50,0,
27,16,top,other,402.92,169.464,306,50,0,
27,17,top,host,324.16,330.083,122,50,0,
27,17,top,other,394.83,163.586,306,50,0,
27,18,top,host,332.64,335.382,122,50,0,
27,18,top,other,386.74,157.708,306,50,0,
27,19,top,host,341.12,340.681,122,50,0,
27,19,top,other,378.65,151.83,306,50,0,
27,20,top,host,349.6,345.98,122,51,0,
27,20,top,other,370.56,145.952,306,54,0,
27,21,top,host,349.6,345.98,122,51,0,
27,21,top,other,370.56,145.952,306,54,0,
27,22,top,host,349.6,345.98,122,51,0,
27,22,top,other,370.56,145.952,306,54,0,
28,1,top,host,188.387,234.554,57,51,0,
28,1,top,other,530,240,270,54,0,
28,2,top,host,196.774,229.108,57,51,0,
28,2,top,other,520,240,270,54,0,
28,3,top,host,205.161,223.662,57,51,0,
28,3,top,other,510,240,270,54,0,
28,4,top,host,213.548,218.216,57,51,0,
28,4,top,other,500,240,270,54,0,
28,5,top,host,221.935,212.77,57,51,0,
28,5,top,other,490,240,270,54,0,
28,6,top,host,230.322,207.324,57,51,0,
28,6,top,other,480,240,270,54,0,
28,7,top,host,238.709,201.878,57,51,0,
28,7,top,other,472.014,246.018,233,54,0,
28,8,top,host,247.096,196.432,57,51,0,
28,8,top,other,464.028,252.036,233,54,0,
28,9,top,host,255.483,190.986,57,51,0,
28,9,top,other,456.042,258.054,233,54,0,
28,10,top,host,263.87,185.54,57,51,0,
28,10,top,other,448.056,264.072,233,54,0,
28,11,top,host,272.257,180.094,57,51,0,
28,11,top,other,440.07,270.09,233,54,0,
28,12,top,host,280.644,174.648,57,51,0,
28,12,top,other,432.084,276.108,233,54,0,
28,13,top,host,289.031,169.202,57,51,0,
28,13,top,other,424.098,282.126,233,54,0,
28,14,top,host,297.418,163.756,57,51,0,
28,14,top,other,416.112,288.144,233,54,0,
28,15,top,host,305.805,158.31,57,51,0,
28,15,top,other,408.126,294.162,233,54,0,
28,16,top,host,314.192,152.864,57,51,0,
28,16,top,other,400.14,300.18,233,54,0,
28,17,top,host,322.579,147.418,57,51,0,
28,17,top,other,392.154,306.198,233,54,0,
28,18,top,host,330.966,141.972,57,51,0,
28,18,top,other,384.168,312.216,233,54,0,
28,19,top,host,339.353,136.526,57,51,0,
28,19,top,other,376.182,318.234,233,54,0,
28,20,top,host,347.74,131.08,57,55,0,
28,20,top,other,368.196,324.252,233,55,0,
28,21,top,host,347.74,131.08,57,55,0,
28,21,top,other,368.196,324.252,233,55,0,
28,22,top,host,347.74,131.08,57,55,0,
28,22,top,other,368.196,324.252,233,55,0,
29,1,top,host,188.387,245.446,123,55,0,
29,1,top,other,530,240,270,55,0,
29,2,top,host,196.774,250.892,123,55,0,
29,2,top,other,520,240,270,55,0,
29,3,top,host,205.161,256.338,123,55,0,
29,3,top,other,510,240,270,55,0,
29,4,top,host,213.548,261.784,123,55,0,
29,4,top,other,500,240,270,55,0,
29,5,top,host,221.935,267.23,123,55,0,
29,5,top,other,490,240,270,55,0,
29,6,top,host,230.322,272.676,123,55,0,
29,6,top,other,481.91,234.122,306,55,0,
29,7,top,host,238.709,278.122,123,55,0,
29,7,top,other,473.82,228.244,306,55,0,
29,8,top,host,247.096,283.568,123,55,0,
29,8,top,other,465.73,222.366,306,55,0,
29,9,top,host,255.483,289.014,123,55,0,
29,9,top,other,457.64,216.488,306,55,0,
29,10,top,host,263.87,294.46,123,55,0,
29,10,top,other,449.55,210.61,306,55,0,
29,11,top,host,272.257,299.906,123,55,0,
29,11,top,other,441.46,204.732,306,55,0,
29,12,top,host,280.644,305.352,123,55,0,
29,12,top,other,433.37,198.854,306,55,0,
29,13,top,host,289.031,310.798,123,55,0,
29,13,top,other,425.28,192.976,306,55,0,
29,14,top,host,297.418,316.244,123,55,0,
29,14,top,other,417.19,187.098,306,55,0,
29,15,top,host,305.805,321.69,123,55,0,
29,15,top,other,409.1,181.22,306,55,0,
29,16,top,host,314.192,327.136,123,55,0,
29,16,top,other,401.01,175.342,306,55,0,
29,17,top,host,322.579,332.582,123,55,0,
29,17,top,other,392.92,169.464,306,55,0,
29,18,top,host,330.966,338.028,123,55,0,
29,18,top,other,384.83,163.586,306,55,0,
29,19,top,host,339.353,343.474,123,55,0,
29,19,top,other,376.74,157.708,306,55,0,
29,20,top,host,347.74,348.92,123,56,0,
29,20,top,other,368.65,151.83,306,59,0,
29,21,top,host,347.74,348.92,123,56,0,
29,21,top,other,368.65,151.83,306,59,0,
29,22,top,host,347.74,348.92,123,56,0,
29,22,top,other,368.65,151.83,306,59,0,
30,1,top,host,188.29,234.408,56,56,0,
30,1,top,other,530,240,270,59,0,
30,2,top,host,196.58,228.816,56,56,0,
30,2,top,other,520,240,270,59,0,
30,3,top,host,204.87,223.224,56,56,0,
30,3,top,other,510,240,270,59,0,
30,4,top,host,213.16,217.632,56,56,0,
30,4,top,other,500,240,270,59,0,
30,5,top,host,221.45,212.04,56,56,0,
30,5,top,other,490,240,270,59,0,
30,6,top,host,229.74,206.448,56,56,0,
30,6,top,other,480,240,270,59,0,
30,7,top,host,238.03,200.856,56,56,0,
30,7,top,other,470,240,270,59,0,
30,8,top,host,246.32,195.264,56,56,0,
30,8,top,other,463.572,247.66,220,59,0,
30,9,top,host,254.61,189.672,56,56,0,
30,9,top,other,457.144,255.32,220,59,0,
30,10,top,host,262.9,184.08,56,56,0,
30,10,top,other,450.716,262.98,220,59,0,
30,11,top,host,271.19,178.488,56,56,0,
30,11,top,other,444.288,270.64,220,59,0,
30,12,top,host,279.48,172.896,56,56,0,
30,12,top,other,437.86,278.3,220,59,0,
30,13,top,host,287.77,167.304,56,56,0,
30,13,top,other,431.432,285.96,220,59,0,
30,14,top,host,296.06,161.712,56,56,0,
30,14,top,other,425.004,293.62,220,59,0,
30,15,top,host,304.35,156.12,56,56,0,
30,15,top,other,418.576,301.28,220,59,0,
30,16,top,host,312.64,150.528,56,56,0,
30,16,top,other,412.283,309.051,219,59,0,
30,17,top,host,320.93,144.936,56,56,0,
30,17,top,other,405.99,316.822,219,59,0,
30,18,top,host,329.22,139.344,56,56,0,
30,18,top,other,398.797,323.769,226,59,0,
30,19,top,host,337.51,133.752,56,56,0,
30,19,top,other,391.483,330.589,227,59,0,
30,20,top,host,345.8,128.16,56,60,0,
30,20,top,other,384.169,337.409,227,60,0,
30,21,top,host,345.8,128.16,56,60,0,
30,21,top,other,384.169,337.409,227,60,0,
30,22,top,host,345.8,128.16,56,60,0,
30,22,top,other,384.169,337.409,227,60,0,
31,1,bottom,host,188.192,234.264,55,60,0,
31,1,bottom,other,530,240,270,60,0,
31,2,bottom,host,196.384,228.528,55,60,0,
31,2,bottom,other,521.91,245.878,234,60,0,
31,3,bottom,host,204.576,222.792,55,60,0,
31,3,bottom,other,513.82,251.756,234,60,0,
31,4,bottom,host,212.768,217.056,55,60,0,
31,4,bottom,other,505.73,257.634,234,60,0,
31,5,bottom,host,220.96,211.32,55,60,0,
31,5,bottom,other,497.64,263.512,234,60,0,
31,6,bottom,host,229.152,205.584,55,60,0,
31,6,bottom,other,489.55,269.39,234,60,0,
31,7,bottom,host,237.344,199.848,55,60,0,
31,7,bottom,other,481.46,275.268,234,60,0,
31,8,bottom,host,245.536,194.112,55,60,0,
31,8,bottom,other,473.37,281.146,234,60,0,
31,9,bottom,host,253.728,188.376,55,60,0,
31,9,bottom,other,465.28,287.024,234,60,0,
31,10,bottom,host,261.92,182.64,55,60,0,
31,10,bottom,other,457.19,292.902,234,60,0,
31,11,bottom,host,270.112,176.904,55,60,0,
31,11,bottom,other,449.1,298.78,234,60,0,
31,12,bottom,host,278.304,171.168,55,60,0,
31,12,bottom,other,441.01,304.658,234,60,0,
31,13,bottom,host,286.496,165.432,55,60,0,
31,13,bottom,other,432.92,310.536,234,60,0,
31,14,bottom,host,294.688,159.696,55,60,0,
31,14,bottom,other,424.83,316.414,234,60,0,
31,15,bottom,host,302.88,153.96,55,60,0,
31,15,bottom,other,416.74,322.292,234,60,0,
31,16,bottom,host,311.072,148.224,55,60,0,
31,16,bottom,other,408.65,328.17,234,60,0,
31,17,bottom,host,319.264,142.488,55,60,0,
31,17,bottom,other,400.56,334.048,234,60,0,
31,18,bottom,host,327.456,136.752,55,60,0,
31,18,bottom,other,392.47,339.926,234,60,0,
31,19,bottom,host,335.648,131.016,55,60,0,
31,19,bottom,other,384.38,345.804,234,60,0,
31,20,bottom,host,343.84,125.28,55,61,0,
31,20,bottom,other,376.29,351.682,234,64,0,
31,21,bottom,host,343.84,125.28,55,61,0,
31,21,bottom,other,376.29,351.682,234,64,0,
31,22,bottom,host,343.84,125.28,55,61,0,
31,22,bottom,other,376.29,351.682,234,64,0,
32,1,bottom,host,188.387,245.446,123,61,0,
32,1,bottom,other,530,240,270,64,0,
32,2,bottom,host,196.774,250.892,123,61,0,
32,2,bottom,other,520,240,270,64,0,
32,3,bottom,host,205.161,256.338,123,61,0,
32,3,bottom,other,510,240,270,64,0,
32,4,bottom,host,213.548,261.784,123,61,0,
32,4,bottom,other,502.014,233.982,307,64,0,
32,5,bottom,host,221.935,267.23,123,61,0,
32,5,bottom,other,494.028,227.964,307,64,0,
32,6,bottom,host,230.322,272.676,123,61,0,
32,6,bottom,other,486.042,221.946,307,64,0,
32,7,bottom,host,238.709,278.122,123,61,0,
32,7,bottom,other,478.056,215.928,307,64,0,
32,8,bottom,host,247.096,283.568,123,61,0,
32,8,bottom,other,470.07,209.91,307,64,0,
32,9,bottom,host,255.483,289.014,123,61,0,
32,9,bottom,other,462.084,203.892,307,64,0,
32,10,bottom,host,263.87,294.46,123,61,0,
32,10,bottom,other,454.098,197.874,307,64,0,
32,11,bottom,host,272.257,299.906,123,61,0,
32,11,bottom,other,446.112,191.856,307,64,0,
32,12,bottom,host,280.644,305.352,123,61,0,
32,12,bottom,other,438.126,185.838,307,64,0,
32,13,bottom,host,289.031,310.798,123,61,0,
32,13,bottom,other,430.14,179.82,307,64,0,
32,14,bottom,host,297.418,316.244,123,61,0,
32,14,bottom,other,422.154,173.802,307,64,0,
32,15,bottom,host,305.805,321.69,123,61,0,
32,15,bottom,other,414.168,167.784,307,64,0,
32,16,bottom,host,314.192,327.136,123,61,0,
32,16,bottom,other,406.182,161.766,307,64,0,
32,17,bottom,host,322.579,332.582,123,61,0,
32,17,bottom,other,398.196,155.748,307,64,0,
32,18,bottom,host,330.966,338.028,123,61,0,
32,18,bottom,other,390.21,149.73,307,64,0,
32,19,bottom,host,339.353,343.474,123,61,0,
32,19,bottom,other,382.224,143.712,307,64,0,
32,20,bottom,host,347.74,348.92,123,65,0,
32,20,bottom,other,374.238,137.694,307,65,0,
32,21,bottom,host,347.74,348.92,123,65,0,
32,21,bottom,other,374.238,137.694,307,65,0,
32,22,bottom,host,347.74,348.92,123,65,0,
32,22,bottom,other,374.238,137.694,307,65,0,
33,1,bottom,host,188.48,234.701,58,65,0,
33,1,bottom,other,530,240,270,65,0,
33,2,bottom,host,196.96,229.402,58,65,0,
33,2,bottom,other,520,240,270,65,0,
33,3,bottom,host,205.44,224.103,58,65,0,
33,3,bottom,other,510,240,270,65,0,
33,4,bottom,host,213.92,218.804,58,65,0,
33,4,bottom,other,501.91,245.878,234,65,0,
33,5,bottom,host,222.4,213.505,58,65,0,
33,5,bottom,other,493.82,251.756,234,65,0,
33,6,bottom,host,230.88,208.206,58,65,0,
33,6,bottom,other,485.73,257.634,234,65,0,
33,7,bottom,host,239.36,202.907,58,65,0,
33,7,bottom,other,477.64,263.512,234,65,0,
33,8,bottom,host,247.84,197.608,58,65,0,
33,8,bottom,other,469.55,269.39,234,65,0,
33,9,bottom,host,256.32,192.309,58,65,0,
33,9,bottom,other,461.46,275.268,234,65,0,
33,10,bottom,host,264.8,187.01,58,65,0,
33,10,bottom,other,453.37,281.146,234,65,0,
33,11,bottom,host,273.28,181.711,58,65,0,
33,11,bottom,other,445.28,287.024,234,65,0,
33,12,bottom,host,281.76,176.412,58,65,0,
33,12,bottom,other,437.19,292.902,234,65,0,
33,13,bottom,host,290.24,171.113,58,65,0,
33,13,bottom,other,429.1,298.78,234,65,0,
33,14,bottom,host,298.72,165.814,58,65,0,
33,14,bottom,other,421.01,304.658,234,65,0,
33,15,bottom,host,307.2,160.515,58,65,0,
33,15,bottom,other,412.92,310.536,234,65,0,
33,16,bottom,host,315.68,155.216,58,65,0,
33,16,bottom,other,404.83,316.414,234,65,0,
33,17,bottom,host,324.16,149.917,58,65,0,
33,17,bottom,other,396.74,322.292,234,65,0,
33,18,bottom,host,332.64,144.618,58,65,0,
33,18,bottom,other,388.65,328.17,234,65,0,
33,19,bottom,host,341.12,139.319,58,65,0,
33,19,bottom,other,380.56,334.048,234,65,0,
33,20,bottom,host,349.6,134.02,58,66,0,
33,20,bottom,other,372.47,339.926,234,69,0,
33,21,bottom,host,349.6,134.02,58,66,0,
33,21,bottom,other,372.47,339.926,234,69,0,
33,22,bottom,host,349.6,134.02,58,66,0,
33,22,bottom,other,372.47,339.926,234,69,0,
34,1,top,host,188.29,234.408,56,66,0,
34,1,top,other,530,240,270,69,0,
34,2,top,host,196.58,228.816,56,66,0,
34,2,top,other,520,240,270,69,0,
34,3,top,host,204.87,223.224,56,66,0,
34,3,top,other,510,240,270,69,0,
34,4,top,host,213.16,217.632,56,66,0,
34,4,top,other,500,240,270,69,0,
34,5,top,host,221.45,212.04,56,66,0,
34,5,top,other,490,240,270,69,0,
34,6,top,host,229.74,206.448,56,66,0,
34,6,top,other,483.053,247.193,224,69,0,
34,7,top,host,238.03,200.856,56,66,0,
34,7,top,other,476.106,254.386,224,69,0,
34,8,top,host,246.32,195.264,56,66,0,
34,8,top,other,469.159,261.579,224,69,0,
34,9,top,host,254.61,189.672,56,66,0,
34,9,top,other,462.212,268.772,224,69,0,
34,10,top,host,262.9,184.08,56,66,0,
34,10,top,other,455.265,275.965,224,69,0,
34,11,top,host,271.19,178.488,56,66,0,
34,11,top,other,448.318,283.158,224,69,0,
34,12,top,host,279.48,172.896,56,66,0,
34,12,top,other,441.371,290.351,224,69,0,
34,13,top,host,287.77,167.304,56,66,0,
34,13,top,other,434.424,297.544,224,69,0,
34,14,top,host,296.06,161.712,56,66,0,
34,14,top,other,427.477,304.737,224,69,0,
34,15,top,host,304.35,156.12,56,66,0,
34,15,top,other,420.53,311.93,224,69,0,
34,16,top,host,312.64,150.528,56,66,0,
34,16,top,other,413.583,319.123,224,69,0,
34,17,top,host,320.93,144.936,56,66,0,
34,17,top,other,406.636,326.316,224,69,0,
34,18,top,host,329.22,139.344,56,66,0,
34,18,top,other,399.689,333.509,224,69,0,
34,19,top,host,337.51,133.752,56,66,0,
34,19,top,other,392.742,340.702,224,69,0,
34,20,top,host,345.8,128.16,56,70,0,
34,20,top,other,385.795,347.895,224,70,0,
34,21,top,host,345.8,128.16,56,70,0,
34,21,top,other,385.795,347.895,224,70,0,
34,22,top,host,345.8,128.16,56,70,0,
34,22,top,other,385.795,347.895,224,70,0,
35,1,bottom,host,188.29,234.408,56,70,0,
35,1,bottom,other,530,240,270,70,0,
35,2,bottom,host,196.58,228.816,56,70,0,
35,2,bottom,other,520,240,270,70,0,
35,3,bottom,host,204.87,223.224,56,70,0,
35,3,bottom,other,510,240,270,70,0,
35,4,bottom,host,213.16,217.632,56,70,0,
35,4,bottom,other,500,240,270,70,0,
35,5,bottom,host,221.45,212.04,56,70,0,
35,5,bottom,other,492.229,246.293,231,70,0,
35,6,bottom,host,229.74,206.448,56,70,0,
35,6,bottom,other,484.458,252.586,231,70,0,
35,7,bottom,host,238.03,200.856,56,70,0,
35,7,bottom,other,476.687,258.879,231,70,0,
35,8,bottom,host,246.32,195.264,56,70,0,
35,8,bottom,other,468.916,265.172,231,70,0,
35,9,bottom,host,254.61,189.672,56,70,0,
35,9,bottom,other,461.145,271.465,231,70,0,
35,10,bottom,host,262.9,184.08,56,70,0,
35,10,bottom,other,453.374,277.758,231,70,0,
35,11,bottom,host,271.19,178.488,56,70,0,
35,11,bottom,other,445.603,284.051,231,70,0,
35,12,bottom,host,279.48,172.896,56,70,0,
35,12,bottom,other,437.832,290.344,231,70,0,
35,13,bottom,host,287.77,167.304,56,70,0,
35,13,bottom,other,430.061,296.637,231,70,0,
35,14,bottom,host,296.06,161.712,56,70,0,
35,14,bottom,other,422.29,302.93,231,70,0,
35,15,bottom,host,304.35,156.12,56,70,0,
35,15,bottom,other,414.519,309.223,231,70,0,
35,16,bottom,host,312.64,150.528,56,70,0,
35,16,bottom,other,406.748,315.516,231,70,0,
35,17,bottom,host,320.93,144.936,56,70,0,
35,17,bottom,other,398.977,321.809,231,70,0,
35,18,bottom,host,329.22,139.344,56,70,0,
35,18,bottom,other,391.206,328.102,231,70,0,
35,19,bottom,host,337.51,133.752,56,70,0,
35,19,bottom,other,383.435,334.395,231,70,0,
35,20,bottom,host,345.8,128.16,56,71,0,
35,20,bottom,other,375.664,340.688,231,74,0,
35,21,bottom,host,345.8,128.16,56,71,0,
35,21,bottom,other,375.664,340.688,231,74,0,
35,22,bottom,host,345.8,128.16,56,71,0,
35,22,bottom,other,375.664,340.688,231,74,0,
36,1,bottom,host,188.572,245.15,121,71,0,
36,1,bottom,other,530,240,270,74,0,
36,2,bottom,host,197.144,250.3,121,71,0,
36,2,bottom,other,520,240,270,74,0,
36,3,bottom,host,205.716,255.45,121,71,0,
36,3,bottom,other,510,240,270,74,0,
36,4,bottom,host,214.288,260.6,121,71,0,
36,4,bottom,other,502.569,233.309,312,74,0,
36,5,bottom,host,222.86,265.75,121,71,0,
36,5,bottom,other,495.138,226.618,312,74,0,
36,6,bottom,host,231.432,270.9,121,71,0,
36,6,bottom,other,487.258,220.461,308,74,0,
36,7,bottom,host,240.004,276.05,121,71,0,
36,7,bottom,other,479.378,214.304,308,74,0,
36,8,bottom,host,248.576,281.2,121,71,0,
36,8,bottom,other,471.498,208.147,308,74,0,
36,9,bottom,host,257.148,286.35,121,71,0,
36,9,bottom,other,463.618,201.99,308,74,0,
36,10,bottom,host,265.72,291.5,121,71,0,
36,10,bottom,other,455.738,195.833,308,74,0,
36,11,bottom,host,274.292,296.65,121,71,0,
36,11,bottom,other,447.858,189.676,308,74,0,
36,12,bottom,host,282.864,301.8,121,71,0,
36,12,bottom,other,439.978,183.519,308,74,0,
36,13,bottom,host,291.436,306.95,121,71,0,
36,13,bottom,other,432.098,177.362,308,74,0,
36,14,bottom,host,300.008,312.1,121,71,0,
36,14,bottom,other,424.218,171.205,308,74,0,
36,15,bottom,host,308.58,317.25,121,71,0,
36,15,bottom,other,416.338,165.048,308,74,0,
36,16,bottom,host,317.152,322.4,121,71,0,
36,16,bottom,other,408.458,158.891,308,74,0,
36,17,bottom,host,325.724,327.55,121,71,0,
36,17,bottom,other,400.578,152.734,308,74,0,
36,18,bottom,host,334.296,332.7,121,71,0,
36,18,bottom,other,392.698,146.577,308,74,0,
36,19,bottom,host,342.868,337.85,121,71,0,
36,19,bottom,other,384.818,140.42,308,74,0,
36,20,bottom,host,351.44,343,121,71,0,
36,20,bottom,other,376.938,134.263,308,74,0,
36,21,bottom,host,360.012,348.15,121,75,0,
36,21,bottom,other,369.058,128.106,308,75,0,
36,22,bottom,host,360.012,348.15,121,75,0,
36,22,bottom,other,369.058,128.106,308,75,0,
36,23,bottom,host,360.012,348.15,121,75,0,
36,23,bottom,other,369.058,128.106,308,75,0,
37,1,top,host,188.572,245.15,121,75,0,
37,1,top,other,530,240,270,75,0,
37,2,top,host,197.144,250.3,121,75,0,
37,2,top,other,520,240,270,75,0,
37,3,top,host,205.716,255.45,121,75,0,
37,3,top,other,510,240,270,75,0,
37,4,top,host,214.288,260.6,121,75,0,
37,4,top,other,500,240,270,75,0,
37,5,top,host,222.86,265.75,121,75,0,
37,5,top,other,492.12,233.843,308,75,0,
37,6,top,host,231.432,270.9,121,75,0,
37,6,top,other,484.24,227.686,308,75,0,
37,7,top,host,240.004,276.05,121,75,0,
37,7,top,other,476.36,221.529,308,75,0,
37,8,top,host,248.576,281.2,121,75,0,
37,8,top,other,468.48,215.372,308,75,0,
37,9,top,host,257.148,286.35,121,75,0,
37,9,top,other,460.6,209.215,308,75,0,
37,10,top,host,265.72,291.5,121,75,0,
37,10,top,other,452.72,203.058,308,75,0,
37,11,top,host,274.292,296.65,121,75,0,
37,11,top,other,444.84,196.901,308,75,0,
37,12,top,host,282.864,301.8,121,75,0,
37,12,top,other,436.96,190.744,308,75,0,
37,13,top,host,291.436,306.95,121,75,0,
37,13,top,other,429.08,184.587,308,75,0,
37,14,top,host,300.008,312.1,121,75,0,
37,14,top,other,421.2,178.43,308,75,0,
37,15,top,host,308.58,317.25,121,75,0,
37,15,top,other,413.32,172.273,308,75,0,
37,16,top,host,317.152,322.4,121,75,0,
37,16,top,other,405.44,166.116,308,75,0,
37,17,top,host,325.724,327.55,121,75,0,
37,17,top,other,397.56,159.959,308,75,0,
37,18,top,host,334.296,332.7,121,75,0,
37,18,top,other,389.68,153.802,308,75,0,
37,19,top,host,342.868,337.85,121,75,0,
37,19,top,other,381.8,147.645,308,75,0,
37,20,top,host,351.44,343,121,75,0,
37,20,top,other,373.92,141.488,308,75,0,
37,21,top,host,360.012,348.15,121,76,0,
37,21,top,other,366.04,135.331,308,79,0,
37,22,top,host,360.012,348.15,121,76,0,
37,22,top,other,366.04,135.331,308,79,0,
37,23,top,host,360.012,348.15,121,76,0,
37,23,top,other,366.04,135.331,308,79,0,
38,1,top,host,188.48,234.701,58,76,0,
38,1,top,other,530,240,270,79,0,
38,2,top,host,196.96,229.402,58,76,0,
38,2,top,other,520,240,270,79,0,
38,3,top,host,205.44,224.103,58,76,0,
38,3,top,other,510,240,270,79,0,
38,4,top,host,213.92,218.804,58,76,0,
38,4,top,other,500,240,270,79,0,
38,5,top,host,222.4,213.505,58,76,0,
38,5,top,other,492.12,246.157,232,79,0,
38,6,top,host,230.88,208.206,58,76,0,
38,6,top,other,484.24,252.314,232,79,0,
38,7,top,host,239.36,202.907,58,76,0,
38,7,top,other,476.469,258.607,231,79,0,
38,8,top,host,247.84,197.608,58,76,0,
38,8,top,other,468.698,264.9,231,79,0,
38,9,top,host,256.32,192.309,58,76,0,
38,9,top,other,460.927,271.193,231,79,0,
38,10,top,host,264.8,187.01,58,76,0,
38,10,top,other,453.156,277.486,231,79,0,
38,11,top,host,273.28,181.711,58,76,0,
38,11,top,other,445.385,283.779,231,79,0,
38,12,top,host,281.76,176.412,58,76,0,
38,12,top,other,437.614,290.072,231,79,0,
38,13,top,host,290.24,171.113,58,76,0,
38,13,top,other,429.843,296.365,231,79,0,
38,14,top,host,298.72,165.814,58,76,0,
38,14,top,other,422.072,302.658,231,79,0,
38,15,top,host,307.2,160.515,58,76,0,
38,15,top,other,414.301,308.951,231,79,0,
38,16,top,host,315.68,155.216,58,76,0,
38,16,top,other,406.53,315.244,231,79,0,
38,17,top,host,324.16,149.917,58,76,0,
38,17,top,other,398.759,321.537,231,79,0,
38,18,top,host,332.64,144.618,58,76,0,
38,18,top,other,390.988,327.83,231,79,0,
38,19,top,host,341.12,139.319,58,76,0,
38,19,top,other,383.217,334.123,231,79,0,
38,20,top,host,349.6,134.02,58,80,0,
38,20,top,other,375.446,340.416,231,80,0,
38,21,top,host,349.6,134.02,58,80,0,
38,21,top,other,375.446,340.416,231,80,0,
38,22,top,host,349.6,134.02,58,80,0,
38,22,top,other,375.446,340.416,231,80,0,
39,1,top,host,187.771,246.293,129,80,0,
39,1,top,other,530,240,270,80,0,
39,2,top,host,195.542,252.586,129,80,0,
39,2,top,other,520,240,270,80,0,
39,3,top,host,203.313,258.879,129,80,0,
39,3,top,other,510,240,270,80,0,
39,4,top,host,211.084,265.172,129,80,0,
39,4,top,other,500,240,270,80,0,
39,5,top,host,218.855,271.465,129,80,0,
39,5,top,other,490,240,270,80,0,
39,6,top,host,226.626,277.758,129,80,0,
39,6,top,other,480,240,270,80,0,
39,7,top,host,234.397,284.051,129,80,0,
39,7,top,other,470,240,270,80,0,
39,8,top,host,242.168,290.344,129,80,0,
39,8,top,other,460,240,270,80,0,
39,9,top,host,249.939,296.637,129,80,0,
39,9,top,other,453.572,232.34,320,80,0,
39,10,top,host,257.71,302.93,129,80,0,
39,10,top,other,447.144,224.68,320,80,0,
39,11,top,host,265.481,309.223,129,80,0,
39,11,top,other,440.716,217.02,320,80,0,
39,12,top,host,273.252,315.516,129,80,0,
39,12,top,other,434.288,209.36,320,80,0,
39,13,top,host,281.023,321.809,129,80,0,
39,13,top,other,427.86,201.7,320,80,0,
39,14,top,host,288.794,328.102,129,80,0,
39,14,top,other,421.432,194.04,320,80,0,
39,15,top,host,296.565,334.395,129,80,0,
39,15,top,other,415.004,186.38,320,80,0,
39,16,top,host,304.336,340.688,129,80,0,
39,16,top,other,408.576,178.72,320,80,0,
39,17,top,host,312.107,346.981,129,80,0,
39,17,top,other,402.148,171.06,320,80,0,
39,18,top,host,319.878,353.274,129,80,0,
39,18,top,other,395.72,163.4,320,80,0,
39,19,top,host,327.649,359.567,129,80,0,
39,19,top,other,389.292,155.74,320,80,0,
39,20,top,host,335.42,365.86,129,80,0,
39,20,top,other,382.864,148.08,320,80,0,
39,21,top,host,343.191,372.153,129,80,0,
39,21,top,other,376.436,140.42,320,80,0,
39,22,top,host,350.962,378.446,129,81,0,
39,22,top,other,370.008,132.76,320,84,0,
39,23,top,host,350.962,378.446,129,81,0,
39,23,top,other,370.008,132.76,320,84,0,
39,24,top,host,350.962,378.446,129,81,0,
39,24,top,other,370.008,132.76,320,84,0,
40,1,bottom,host,188.29,245.592,124,81,0,
40,1,bottom,other,530,240,270,84,0,
40,2,bottom,host,196.58,251.184,124,81,0,
40,2,bottom,other,520,240,270,84,0,
40,3,bottom,host,204.87,256.776,124,81,0,
40,3,bottom,other,510,240,270,84,0,
40,4,bottom,host,213.16,262.368,124,81,0,
40,4,bottom,other,500,240,270,84,0,
40,5,bottom,host,221.45,267.96,124,81,0,
40,5,bottom,other,490,240,270,84,0,
40,6,bottom,host,229.74,273.552,124,81,0,
40,6,bottom,other,481.254,235.152,299,84,0,
40,7,bottom,host,238.03,279.144,124,81,0,
40,7,bottom,other,472.508,230.304,299,84,0,
40,8,bottom,host,246.32,284.736,124,81,0,
40,8,bottom,other,464.848,223.876,310,84,0,
40,9,bottom,host,254.61,290.328,124,81,0,
40,9,bottom,other,457.655,216.929,314,84,0,
40,10,bottom,host,262.9,295.92,124,81,0,
40,10,bottom,other,450.462,209.982,314,84,0,
40,11,bottom,host,271.19,301.512,124,81,0,
40,11,bottom,other,443.269,203.035,314,84,0,
40,12,bottom,host,279.48,307.104,124,81,0,
40,12,bottom,other,436.076,196.088,314,84,0,
40,13,bottom,host,287.77,312.696,124,81,0,
40,13,bottom,other,428.883,189.141,314,84,0,
40,14,bottom,host,296.06,318.288,124,81,0,
40,14,bottom,other,421.69,182.194,314,84,0,
40,15,bottom,host,304.35,323.88,124,81,0,
40,15,bottom,other,414.497,175.247,314,84,0,
40,16,bottom,host,312.64,329.472,124,81,0,
40,16,bottom,other,407.304,168.3,314,84,0,
40,17,bottom,host,320.93,335.064,124,81,0,
40,17,bottom,other,400.111,161.353,314,84,0,
40,18,bottom,host,329.22,340.656,124,81,0,
40,18,bottom,other,392.918,154.406,314,84,0,
40,19,bottom,host,337.51,346.248,124,81,0,
40,19,bottom,other,385.725,147.459,314,84,0,
40,20,bottom,host,345.8,351.84,124,85,0,
40,20,bottom,other,378.532,140.512,314,85,0,
40,21,bottom,host,345.8,351.84,124,85,0,
40,21,bottom,other,378.532,140.512,314,85,0,
40,22,bottom,host,345.8,351.84,124,85,0,
40,22,bottom,other,378.532,140.512,314,85,0,
41,1,top,host,188.387,245.446,123,85,0,
41,1,top,other,530,240,270,85,0,
41,2,top,host,196.774,250.892,123,85,0,
41,2,top,other,520,240,270,85,0,
41,3,top,host,205.161,256.338,123,85,0,
41,3,top,other,510,240,270,85,0,
41,4,top,host,213.548,261.784,123,85,0,
41,4,top,other,500,240,270,85,0,
41,5,top,host,221.935,267.23,123,85,0,
41,5,top,other,490,240,270,85,0,
41,6,top,host,230.322,272.676,123,85,0,
41,6,top,other,482.453,233.439,311,85,0,
41,7,top,host,238.709,278.122,123,85,0,
41,7,top,other,474.906,226.878,311,85,0,
41,8,top,host,247.096,283.568,123,85,0,
41,8,top,other,467.359,220.317,311,85,0,
41,9,top,host,255.483,289.014,123,85,0,
41,9,top,other,459.812,213.756,311,85,0,
41,10,top,host,263.87,294.46,123,85,0,
41,10,top,other,452.265,207.195,311,85,0,
41,11,top,host,272.257,299.906,123,85,0,
41,11,top,other,444.718,200.634,311,85,0,
41,12,top,host,280.644,305.352,123,85,0,
41,12,top,other,437.171,194.073,311,85,0,
41,13,top,host,289.031,310.798,123,85,0,
41,13,top,other,429.624,187.512,311,85,0,
41,14,top,host,297.418,316.244,123,85,0,
41,14,top,other,422.077,180.951,311,85,0,
41,15,top,host,305.805,321.69,123,85,0,
41,15,top,other,414.53,174.39,311,85,0,
41,16,top,host,314.192,327.136,123,85,0,
41,16,top,other,406.983,167.829,311,85,0,
41,17,top,host,322.579,332.582,123,85,0,
41,17,top,other,399.436,161.268,311,85,0,
41,18,top,host,330.966,338.028,123,85,0,
41,18,top,other,391.889,154.707,311,85,0,
41,19,top,host,339.353,343.474,123,85,0,
41,19,top,other,384.342,148.146,311,85,0,
41,20,top,host,347.74,348.92,123,86,0,
41,20,top,other,376.795,141.585,311,89,0,
41,21,top,host,347.74,348.92,123,86,0,
41,21,top,other,376.795,141.585,311,89,0,
41,22,top,host,347.74,348.92,123,86,0,
41,22,top,other,376.795,141.585,311,89,0,
42,1,bottom,host,188.29,245.592,124,86,0,
42,1,bottom,other,530,240,270,89,0,
42,2,bottom,host,196.58,251.184,124,86,0,
42,2,bottom,other,520,240,270,89,0,
42,3,bottom,host,204.87,256.776,124,86,0,
42,3,bottom,other,510,240,270,89,0,
42,4,bottom,host,213.16,262.368,124,86,0,
42,4,bottom,other,500,240,270,89,0,
42,5,bottom,host,221.45,267.96,124,86,0,
42,5,bottom,other,490,240,270,89,0,
42,6,bottom,host,229.74,273.552,124,86,0,
42,6,bottom,other,480,240,270,89,0,
42,7,bottom,host,238.03,279.144,124,86,0,
42,7,bottom,other,470,240,270,89,0,
42,8,bottom,host,246.32,284.736,124,86,0,
42,8,bottom,other,463.572,232.34,320,89,0,
42,9,bottom,host,254.61,290.328,124,86,0,
42,9,bottom,other,457.144,224.68,320,89,0,
42,10,bottom,host,262.9,295.92,124,86,0,
42,10,bottom,other,450.324,217.366,317,89,0,
42,11,bottom,host,271.19,301.512,124,86,0,
42,11,bottom,other,443.504,210.052,317,89,0,
42,12,bottom,host,279.48,307.104,124,86,0,
42,12,bottom,other,436.684,202.738,317,89,0,
42,13,bottom,host,287.77,312.696,124,86,0,
42,13,bottom,other,429.864,195.424,317,89,0,
42,14,bottom,host,296.06,318.288,124,86,0,
42,14,bottom,other,423.044,188.11,317,89,0,
42,15,bottom,host,304.35,323.88,124,86,0,
42,15,bottom,other,416.224,180.796,317,89,0,
42,16,bottom,host,312.64,329.472,124,86,0,
42,16,bottom,other,409.404,173.482,317,89,0,
42,17,bottom,host,320.93,335.064,124,86,0,
42,17,bottom,other,402.584,166.168,317,89,0,
42,18,bottom,host,329.22,340.656,124,86,0,
42,18,bottom,other,395.764,158.854,317,89,0,
42,19,bottom,host,337.51,346.248,124,86,0,
42,19,bottom,other,388.944,151.54,317,89,0,
42,20,bottom,host,345.8,351.84,124,90,0,
42,20,bottom,other,382.124,144.226,317,90,0,
42,21,bottom,host,345.8,351.84,124,90,0,
42,21,bottom,other,382.124,144.226,317,90,0,
42,22,bottom,host,345.8,351.84,124,90,0,
42,22,bottom,other,382.124,144.226,317,90,0,
43,1,top,host,188.29,245.592,124,90,0,
43,1,top,other,530,240,270,90,0,
43,2,top,host,196.58,251.184,124,90,0,
43,2,top,other,520,240,270,90,0,
43,3,top,host,204.87,256.776,124,90,0,
43,3,top,other,510,240,270,90,0,
43,4,top,host,213.16,262.368,124,90,0,
43,4,top,other,500,240,270,90,0,
43,5,top,host,221.45,267.96,124,90,0,
43,5,top,other,490,240,270,90,0,
43,6,top,host,229.74,273.552,124,90,0,
43,6,top,other,480,240,270,90,0,
43,7,top,host,238.03,279.144,124,90,0,
43,7,top,other,470,240,270,90,0,
43,8,top,host,246.32,284.736,124,90,0,
43,8,top,other,463.309,232.569,318,90,0,
43,9,top,host,254.61,290.328,124,90,0,
43,9,top,other,456.618,225.138,318,90,0,
43,10,top,host,262.9,295.92,124,90,0,
43,10,top,other,449.927,217.707,318,90,0,
43,11,top,host,271.19,301.512,124,90,0,
43,11,top,other,443.236,210.276,318,90,0,
43,12,top,host,279.48,307.104,124,90,0,
43,12,top,other,436.545,202.845,318,90,0,
43,13,top,host,287.77,312.696,124,90,0,
43,13,top,other,429.854,195.414,318,90,0,
43,14,top,host,296.06,318.288,124,90,0,
43,14,top,other,423.163,187.983,318,90,0,
43,15,top,host,304.35,323.88,124,90,0,
43,15,top,other,416.472,180.552,318,90,0,
43,16,top,host,312.64,329.472,124,90,0,
43,16,top,other,409.781,173.121,318,90,0,
43,17,top,host,320.93,335.064,124,90,0,
43,17,top,other,403.09,165.69,318,90,0,
43,18,top,host,329.22,340.656,124,90,0,
43,18,top,other,396.399,158.259,318,90,0,
43,19,top,host,337.51,346.248,124,90,0,
43,19,top,other,389.708,150.828,318,90,0,
43,20,top,host,345.8,351.84,124,91,0,
43,20,top,other,383.017,143.397,318,94,0,
43,21,top,host,345.8,351.84,124,91,0,
43,21,top,other,383.017,143.397,318,94,0,
43,22,top,host,345.8,351.84,124,91,0,
43,22,top,other,383.017,143.397,318,94,0,
44,1,top,host,187.986,233.982,53,91,0,
44,1,top,other,530,240,270,94,0,
44,2,top,host,195.972,227.964,53,91,0,
44,2,top,other,520,240,270,94,0,
44,3,top,host,203.958,221.946,53,91,0,
44,3,top,other,510,240,270,94,0,
44,4,top,host,211.944,215.928,53,91,0,
44,4,top,other,500,240,270,94,0,
44,5,top,host,219.93,209.91,53,91,0,
44,5,top,other,490,240,270,94,0,
44,6,top,host,227.916,203.892,53,91,0,
44,6,top,other,480,240,270,94,0,
44,7,top,host,235.902,197.874,53,91,0,
44,7,top,other,470,240,270,94,0,
44,8,top,host,243.888,191.856,53,91,0,
44,8,top,other,460,240,270,94,0,
44,9,top,host,251.874,185.838,53,91,0,
44,9,top,other,450,240,270,94,0,
44,10,top,host,259.86,179.82,53,91,0,
44,10,top,other,440,240,270,94,0,
44,11,top,host,267.846,173.802,53,91,0,
44,11,top,other,434.554,248.387,213,94,0,
44,12,top,host,275.832,167.784,53,91,0,
44,12,top,other,429.108,256.774,213,94,0,
44,13,top,host,283.818,161.766,53,91,0,
44,13,top,other,423.662,265.161,213,94,0,
44,14,top,host,291.804,155.748,53,91,0,
44,14,top,other,418.216,273.548,213,94,0,
44,15,top,host,299.79,149.73,53,91,0,
44,15,top,other,412.77,281.935,213,94,0,
44,16,top,host,307.776,143.712,53,91,0,
44,16,top,other,407.324,290.322,213,94,0,
44,17,top,host,315.762,137.694,53,91,0,
44,17,top,other,401.878,298.709,213,94,0,
44,18,top,host,323.748,131.676,53,91,0,
44,18,top,other,396.432,307.096,213,94,0,
44,19,top,host,331.734,125.658,53,91,0,
44,19,top,other,390.986,315.483,213,94,0,
44,20,top,host,339.72,119.64,53,91,0,
44,20,top,other,385.54,323.87,213,94,0,
44,21,top,host,347.706,113.622,53,95,0,
44,21,top,other,380.094,332.257,213,95,0,
44,22,top,host,347.706,113.622,53,95,0,
44,22,top,other,380.094,332.257,213,95,0,
44,23,top,host,347.706,113.622,53,95,0,
44,23,top,other,380.094,332.257,213,95,0,
45,1,bottom,host,188.29,234.408,56,95,0,
45,1,bottom,other,530,240,270,95,0,
45,2,bottom,host,196.58,228.816,56,95,0,
45,2,bottom,other,520,240,270,95,0,
45,3,bottom,host,204.87,223.224,56,95,0,
45,3,bottom,other,512.014,246.018,233,95,0,
45,4,bottom,host,213.16,217.632,56,95,0,
45,4,bottom,other,504.028,252.036,233,95,0,
45,5,bottom,host,221.45,212.04,56,95,0,
45,5,bottom,other,496.042,258.054,233,95,0,
45,6,bottom,host,229.74,206.448,56,95,0,
45,6,bottom,other,488.056,264.072,233,95,0,
45,7,bottom,host,238.03,200.856,56,95,0,
45,7,bottom,other,480.07,270.09,233,95,0,
45,8,bottom,host,246.32,195.264,56,95,0,
45,8,bottom,other,472.084,276.108,233,95,0,
45,9,bottom,host,254.61,189.672,56,95,0,
45,9,bottom,other,464.098,282.126,233,95,0,
45,10,bottom,host,262.9,184.08,56,95,0,
45,10,bottom,other,456.112,288.144,233,95,0,
45,11,bottom,host,271.19,178.488,56,95,0,
45,11,bottom,other,448.126,294.162,233,95,0,
45,12,bottom,host,279.48,172.896,56,95,0,
45,12,bottom,other,440.14,300.18,233,95,0,
45,13,bottom,host,287.77,167.304,56,95,0,
45,13,bottom,other,432.154,306.198,233,95,0,
45,14,bottom,host,296.06,161.712,56,95,0,
45,14,bottom,other,424.168,312.216,233,95,0,
45,15,bottom,host,304.35,156.12,56,95,0,
45,15,bottom,other,416.182,318.234,233,95,0,
45,16,bottom,host,312.64,150.528,56,95,0,
45,16,bottom,other,408.196,324.252,233,95,0,
45,17,bottom,host,320.93,144.936,56,95,0,
45,17,bottom,other,400.21,330.27,233,95,0,
45,18,bottom,host,329.22,139.344,56,95,0,
45,18,bottom,other,392.224,336.288,233,95,0,
45,19,bottom,host,337.51,133.752,56,95,0,
45,19,bottom,other,384.238,342.306,233,95,0,
45,20,bottom,host,345.8,128.16,56,96,0,
45,20,bottom,other,376.252,348.324,233,99,0,
45,21,bottom,host,345.8,128.16,56,96,0,
45,21,bottom,other,376.252,348.324,233,99,0,
45,22,bottom,host,345.8,128.16,56,96,0,
45,22,bottom,other,376.252,348.324,233,99,0,
46,1,bottom,host,187.88,246.157,128,96,0,
46,1,bottom,other,530,240,270,99,0,
46,2,bottom,host,195.76,252.314,128,96,0,
46,2,bottom,other,520,240,270,99,0,
46,3,bottom,host,203.64,258.471,128,96,0,
46,3,bottom,other,510,240,270,99,0,
46,4,bottom,host,211.52,264.628,128,96,0,
46,4,bottom,other,500,240,270,99,0,
46,5,bottom,host,219.4,270.785,128,96,0,
46,5,bottom,other,490,240,270,99,0,
46,6,bottom,host,227.28,276.942,128,96,0,
46,6,bottom,other,480,240,270,99,0,
46,7,bottom,host,235.16,283.099,128,96,0,
46,7,bottom,other,472.686,233.18,313,99,0,
46,8,bottom,host,243.04,289.256,128,96,0,
46,8,bottom,other,465.372,226.36,313,99,0,
46,9,bottom,host,250.92,295.413,128,96,0,
46,9,bottom,other,458.058,219.54,313,99,0,
46,10,bottom,host,258.8,301.57,128,96,0,
46,10,bottom,other,450.744,212.72,313,99,0,
46,11,bottom,host,266.68,307.727,128,96,0,
46,11,bottom,other,443.43,205.9,313,99,0,
46,12,bottom,host,274.56,313.884,128,96,0,
46,12,bottom,other,436.116,199.08,313,99,0,
46,13,bottom,host,282.44,320.041,128,96,0,
46,13,bottom,other,428.802,192.26,313,99,0,
46,14,bottom,host,290.32,326.198,128,96,0,
46,14,bottom,other,421.488,185.44,313,99,0,
46,15,bottom,host,298.2,332.355,128,96,0,
46,15,bottom,other,414.174,178.62,313,99,0,
46,16,bottom,host,306.08,338.512,128,96,0,
46,16,bottom,other,406.86,171.8,313,99,0,
46,17,bottom,host,313.96,344.669,128,96,0,
46,17,bottom,other,399.546,164.98,313,99,0,
46,18,bottom,host,321.84,350.826,128,96,0,
46,18,bottom,other,392.232,158.16,313,99,0,
46,19,bottom,host,329.72,356.983,128,96,0,
46,19,bottom,other,384.918,151.34,313,99,0,
46,20,bottom,host,337.6,363.14,128,96,0,
46,20,bottom,other,377.604,144.52,313,99,0,
46,21,bottom,host,345.48,369.297,128,100,0,
46,21,bottom,other,370.29,137.7,313,100,0,
46,22,bottom,host,345.48,369.297,128,100,0,
46,22,bottom,other,370.29,137.7,313,100,0,
46,23,bottom,host,345.48,369.297,128,100,0,
46,23,bottom,other,370.29,137.7,313,100,0,
47,1,bottom,host,188.48,234.701,58,100,0,
47,1,bottom,other,530,240,270,100,0,
47,2,bottom,host,196.96,229.402,58,100,0,
47,2,bottom,other,520,240,270,100,0,
47,3,bottom,host,205.44,224.103,58,100,0,
47,3,bottom,other,510,240,270,100,0,
47,4,bottom,host,213.92,218.804,58,100,0,
47,4,bottom,other,502.12,246.157,232,100,0,
47,5,bottom,host,222.4,213.505,58,100,0,
47,5,bottom,other,494.24,252.314,232,100,0,
47,6,bottom,host,230.88,208.206,58,100,0,
47,6,bottom,other,486.36,258.471,232,100,0,
47,7,bottom,host,239.36,202.907,58,100,0,
47,7,bottom,other,478.48,264.628,232,100,0,
47,8,bottom,host,247.84,197.608,58,100,0,
47,8,bottom,other,470.6,270.785,232,100,0,
47,9,bottom,host,256.32,192.309,58,100,0,
47,9,bottom,other,462.72,276.942,232,100,0,
47,10,bottom,host,264.8,187.01,58,100,0,
47,10,bottom,other,454.84,283.099,232,100,0,
47,11,bottom,host,273.28,181.711,58,100,0,
47,11,bottom,other,446.96,289.256,232,100,0,
47,12,bottom,host,281.76,176.412,58,100,0,
47,12,bottom,other,439.08,295.413,232,100,0,
47,13,bottom,host,290.24,171.113,58,100,0,
47,13,bottom,other,431.2,301.57,232,100,0,
47,14,bottom,host,298.72,165.814,58,100,0,
47,14,bottom,other,423.32,307.727,232,100,0,
47,15,bottom,host,307.2,160.515,58,100,0,
47,15,bottom,other,415.44,313.884,232,100,0,
47,16,bottom,host,315.68,155.216,58,100,0,
47,16,bottom,other,407.56,320.041,232,100,0,
47,17,bottom,host,324.16,149.917,58,100,0,
47,17,bottom,other,399.68,326.198,232,100,0,
47,18,bottom,host,332.64,144.618,58,100,0,
47,18,bottom,other,391.8,332.355,232,100,0,
47,19,bottom,host,341.12,139.319,58,100,0,
47,19,bottom,other,383.92,338.512,232,100,0,
47,20,bottom,host,349.6,134.02,58,101,0,
47,20,bottom,other,376.04,344.669,232,104,0,
47,21,bottom,host,349.6,134.02,58,101,0,
47,21,bottom,other,376.04,344.669,232,104,0,
47,22,bottom,host,349.6,134.02,58,101,0,
47,22,bottom,other,376.04,344.669,232,104,0,
48,1,top,host,188.48,234.701,58,101,0,
48,1,top,other,530,240,270,104,0,
48,2,top,host,196.96,229.402,58,101,0,
48,2,top,other,520,240,270,104,0,
48,3,top,host,205.44,224.103,58,101,0,
48,3,top,other,510,240,270,104,0,
48,4,top,host,213.92,218.804,58,101,0,
48,4,top,other,500,240,270,104,0,
48,5,top,host,222.4,213.505,58,101,0,
48,5,top,other,492.014,246.018,233,104,0,
48,6,top,host,230.88,208.206,58,101,0,
48,6,top,other,484.028,252.036,233,104,0,
48,7,top,host,239.36,202.907,58,101,0,
48,7,top,other,476.042,258.054,233,104,0,
48,8,top,host,247.84,197.608,58,101,0,
48,8,top,other,468.056,264.072,233,104,0,
48,9,top,host,256.32,192.309,58,101,0,
48,9,top,other,460.509,270.633,229,104,0,
48,10,top,host,264.8,187.01,58,101,0,
48,10,top,other,452.962,277.194,229,104,0,
48,11,top,host,273.28,181.711,58,101,0,
48,11,top,other,445.415,283.755,229,104,0,
48,12,top,host,281.76,176.412,58,101,0,
48,12,top,other,437.868,290.316,229,104,0,
48,13,top,host,290.24,171.113,58,101,0,
48,13,top,other,430.321,296.877,229,104,0,
48,14,top,host,298.72,165.814,58,101,0,
48,14,top,other,422.774,303.438,229,104,0,
48,15,top,host,307.2,160.515,58,101,0,
48,15,top,other,415.227,309.999,229,104,0,
48,16,top,host,315.68,155.216,58,101,0,
48,16,top,other,407.68,316.56,229,104,0,
48,17,top,host,324.16,149.917,58,101,0,
48,17,top,other,400.133,323.121,229,104,0,
48,18,top,host,332.64,144.618,58,101,0,
48,18,top,other,392.586,329.682,229,104,0,
48,19,top,host,341.12,139.319,58,101,0,
48,19,top,other,385.039,336.243,229,104,0,
48,20,top,host,349.6,134.02,58,105,0,
48,20,top,other,377.492,342.804,229,105,0,
48,21,top,host,349.6,134.02,58,105,0,
48,21,top,other,377.492,342.804,229,105,0,
48,22,top,host,349.6,134.02,58,105,0,
48,22,top,other,377.492,342.804,229,105,0,
49,1,top,host,188.09,245.878,126,105,0,
49,1,top,other,530,240,270,105,0,
49,2,top,host,196.18,251.756,126,105,0,
49,2,top,other,520,240,270,105,0,
49,3,top,host,204.27,257.634,126,105,0,
49,3,top,other,511.808,234.264,305,105,0,
49,4,top,host,212.36,263.512,126,105,0,
49,4,top,other,503.616,228.528,305,105,0,
49,5,top,host,220.45,269.39,126,105,0,
49,5,top,other,495.424,222.792,305,105,0,
49,6,top,host,228.54,275.268,126,105,0,
49,6,top,other,487.232,217.056,305,105,0,
49,7,top,host,236.63,281.146,126,105,0,
49,7,top,other,479.04,211.32,305,105,0,
49,8,top,host,244.72,287.024,126,105,0,
49,8,top,other,470.848,205.584,305,105,0,
49,9,top,host,252.81,292.902,126,105,0,
49,9,top,other,462.656,199.848,305,105,0,
49,10,top,host,260.9,298.78,126,105,0,
49,10,top,other,454.464,194.112,305,105,0,
49,11,top,host,268.99,304.658,126,105,0,
49,11,top,other,446.272,188.376,305,105,0,
49,12,top,host,277.08,310.536,126,105,0,
49,12,top,other,438.08,182.64,305,105,0,
49,13,top,host,285.17,316.414,126,105,0,
49,13,top,other,429.888,176.904,305,105,0,
49,14,top,host,293.26,322.292,126,105,0,
49,14,top,other,421.696,171.168,305,105,0,
49,15,top,host,301.35,328.17,126,105,0,
49,15,top,other,413.504,165.432,305,105,0,
49,16,top,host,309.44,334.048,126,105,0,
49,16,top,other,405.312,159.696,305,105,0,
49,17,top,host,317.53,339.926,126,105,0,
49,17,top,other,397.12,153.96,305,105,0,
49,18,top,host,325.62,345.804,126,105,0,
49,18,top,other,388.928,148.224,305,105,0,
49,19,top,host,333.71,351.682,126,105,0,
49,19,top,other,380.736,142.488,305,105,0,
49,20,top,host,341.8,357.56,126,105,0,
49,20,top,other,372.544,136.752,305,105,0,
49,21,top,host,349.89,363.438,126,106,0,
49,21,top,other,364.352,131.016,305,109,0,
49,22,top,host,349.89,363.438,126,106,0,
49,22,top,other,364.352,131.016,305,109,0,
49,23,top,host,349.89,363.438,126,106,0,
49,23,top,other,364.352,131.016,305,109,0,
50,1,bottom,host,188.09,245.878,126,106,0,
50,1,bottom,other,530,240,270,109,0,
50,2,bottom,host,196.18,251.756,126,106,0,
50,2,bottom,other,520,240,270,109,0,
50,3,bottom,host,204.27,257.634,126,106,0,
50,3,bottom,other,510,240,270,109,0,
50,4,bottom,host,212.36,263.512,126,106,0,
50,4,bottom,other,500,240,270,109,0,
50,5,bottom,host,220.45,269.39,126,106,0,
50,5,bottom,other,491.91,234.122,306,109,0,
50,6,bottom,host,228.54,275.268,126,106,0,
50,6,bottom,other,483.82,228.244,306,109,0,
50,7,bottom,host,236.63,281.146,126,106,0,
50,7,bottom,other,475.73,222.366,306,109,0,
50,8,bottom,host,244.72,287.024,126,106,0,
50,8,bottom,other,467.64,216.488,306,109,0,
50,9,bottom,host,252.81,292.902,126,106,0,
50,9,bottom,other,459.55,210.61,306,109,0,
50,10,bottom,host,260.9,298.78,126,106,0,
50,10,bottom,other,451.46,204.732,306,109,0,
50,11,bottom,host,268.99,304.658,126,106,0,
50,11,bottom,other,443.37,198.854,306,109,0,
50,12,bottom,host,277.08,310.536,126,106,0,
50,12,bottom,other,435.28,192.976,306,109,0,
50,13,bottom,host,285.17,316.414,126,106,0,
50,13,bottom,other,427.19,187.098,306,109,0,
50,14,bottom,host,293.26,322.292,126,106,0,
50,14,bottom,other,419.1,181.22,306,109,0,
50,15,bottom,host,301.35,328.17,126,106,0,
50,15,bottom,other,411.01,175.342,306,109,0,
50,16,bottom,host,309.44,334.048,126,106,0,
50,16,bottom,other,402.92,169.464,306,109,0,
50,17,bottom,host,317.53,339.926,126,106,0,
50,17,bottom,other,394.83,163.586,306,109,0,
50,18,bottom,host,325.62,345.804,126,106,0,
50,18,bottom,other,386.74,157.708,306,109,0,
50,19,bottom,host,333.71,351.682,126,106,0,
50,19,bottom,other,378.65,151.83,306,109,0,
50,20,bottom,host,341.8,357.56,126,106,0,
50,20,bottom,other,370.56,145.952,306,109,0,
50,21,bottom,host,349.89,363.438,126,110,0,
50,21,bottom,other,362.47,140.074,306,110,0,
50,22,bottom,host,349.89,363.438,126,110,0,
50,22,bottom,other,362.47,140.074,306,110,0,
50,23,bottom,host,349.89,363.438,126,110,0,
50,23,bottom,other,362.47,140.074,306,110,0,
