1,1,bottom,host,190,240,90,0,0,
1,1,bottom,other,531.52,234.701,302,0,0,
1,2,bottom,host,200,240,90,0,0,
1,2,bottom,other,523.04,229.402,302,0,0,
1,3,bottom,host,210,240,90,0,0,
1,3,bottom,other,514.56,224.103,302,0,0,
1,4,bottom,host,220,240,90,0,0,
1,4,bottom,other,506.08,218.804,302,0,0,
1,5,bottom,host,230,240,90,0,0,
1,5,bottom,other,497.6,213.505,302,0,0,
1,6,bottom,host,240,240,90,0,0,
1,6,bottom,other,489.12,208.206,302,0,0,
1,7,bottom,host,247.547,246.561,131,0,0,
1,7,bottom,other,482.559,215.753,221,0,0,
1,8,bottom,host,255.094,253.122,131,0,0,
1,8,bottom,other,475.998,223.3,221,0,0,
1,9,bottom,host,262.641,259.683,131,0,0,
1,9,bottom,other,469.437,230.847,221,0,0,
1,10,bottom,host,270.188,266.244,131,0,0,
1,10,bottom,other,461.245,225.111,305,0,0,
1,11,bottom,host,277.735,272.805,131,0,0,
1,11,bottom,other,453.053,219.375,305,0,0,
1,12,bottom,host,285.282,279.366,131,0,0,
1,12,bottom,other,444.861,213.639,305,0,0,
1,13,bottom,host,292.829,285.927,131,0,0,
1,13,bottom,other,436.669,207.903,305,0,0,
1,14,bottom,host,300.376,292.488,131,0,0,
1,14,bottom,other,428.477,202.167,305,0,0,
1,15,bottom,host,307.923,299.049,131,0,0,
1,15,bottom,other,420.285,196.431,305,0,0,
1,16,bottom,host,315.47,305.61,131,0,0,
1,16,bottom,other,412.093,190.695,305,0,0,
1,17,bottom,host,323.017,312.171,131,0,0,
1,17,bottom,other,403.901,184.959,305,0,0,
1,18,bottom,host,330.564,318.732,131,0,0,
1,18,bottom,other,398.602,176.479,328,0,0,
1,19,bottom,host,338.111,325.293,131,0,0,
1,19,bottom,other,392.309,168.708,321,0,0,
1,20,bottom,host,345.658,331.854,131,0,0,
1,20,bottom,other,386.016,160.937,321,0,0,
1,21,bottom,host,353.205,338.415,131,0,0,
1,21,bottom,other,379.723,153.166,321,0,0,
1,22,bottom,host,360.752,344.976,131,4,0,
1,22,bottom,other,373.43,145.395,321,1,0,
1,23,bottom,host,360.752,344.976,131,4,0,
1,23,bottom,other,366.869,137.848,319,1,0,
1,24,bottom,host,360.752,344.976,131,4,0,
1,24,bottom,other,360.308,130.301,319,1,0,
2,1,top,host,190,240,90,4,0,
2,1,top,other,531.613,234.554,303,1,0,
2,2,top,host,200,240,90,4,0,
2,2,top,other,523.226,229.108,303,1,0,
2,3,top,host,210,240,90,4,0,
2,3,top,other,515.034,223.372,305,1,0,
2,4,top,host,220,240,90,4,0,
2,4,top,other,506.842,217.636,305,1,0,
2,5,top,host,230,240,90,4,0,
2,5,top,other,498.65,211.9,305,1,0,
2,6,top,host,240,240,90,4,0,
2,6,top,other,490.458,206.164,305,1,0,
2,7,top,host,246.561,247.547,139,4,0,
2,7,top,other,482.266,200.428,305,1,0,
2,8,top,host,253.122,255.094,139,4,0,
2,8,top,other,474.074,194.692,305,1,0,
2,9,top,host,260.315,262.041,134,4,0,
2,9,top,other,465.882,188.956,305,1,0,
2,10,top,host,267.508,268.988,134,4,0,
2,10,top,other,457.69,183.22,305,1,0,
2,11,top,host,274.701,275.935,134,4,0,
2,11,top,other,449.498,177.484,305,1,0,
2,12,top,host,281.894,282.882,134,4,0,
2,12,top,other,441.306,171.748,305,1,0,
2,13,top,host,289.087,289.829,134,4,0,
2,13,top,other,433.114,166.012,305,1,0,
2,14,top,host,296.28,296.776,134,4,0,
2,14,top,other,424.922,160.276,305,1,0,
2,15,top,host,303.473,303.723,134,4,0,
2,15,top,other,416.73,154.54,305,1,0,
2,16,top,host,310.666,310.67,134,4,0,
2,16,top,other,408.538,148.804,305,1,0,
2,17,top,host,317.859,317.617,134,4,0,
2,17,top,other,400.346,143.068,305,1,0,
2,18,top,host,325.052,324.564,134,4,0,
2,18,top,other,392.154,137.332,305,1,0,
2,19,top,host,332.245,331.511,134,4,0,
2,19,top,other,383.962,131.596,305,1,0,
2,20,top,host,339.438,338.458,134,5,0,
2,20,top,other,375.77,125.86,305,5,0,
2,21,top,host,339.438,338.458,134,5,0,
2,21,top,other,375.77,125.86,305,5,0,
2,22,top,host,339.438,338.458,134,5,0,
2,22,top,other,375.77,125.86,305,5,0,
3,1,bottom,host,188.29,245.592,124,5,0,
3,1,bottom,other,531.808,245.736,235,5,0,
3,2,bottom,host,196.58,251.184,124,5,0,
3,2,bottom,other,523.616,251.472,235,5,0,
3,3,bottom,host,204.87,256.776,124,5,0,
3,3,bottom,other,515.424,257.208,235,5,0,
3,4,bottom,host,213.16,262.368,124,5,0,
3,4,bottom,other,507.232,262.944,235,5,0,
3,5,bottom,host,221.45,267.96,124,5,0,
3,5,bottom,other,499.04,268.68,235,5,0,
3,6,bottom,host,229.74,273.552,124,5,0,
3,6,bottom,other,490.848,274.416,235,5,0,
3,7,bottom,host,236.687,266.359,44,5,0,
3,7,bottom,other,482.656,280.152,235,5,0,
3,8,bottom,host,243.634,259.166,44,5,0,
3,8,bottom,other,474.464,285.888,235,5,0,
3,9,bottom,host,250.581,251.973,44,5,0,
3,9,bottom,other,466.272,291.624,235,5,0,
3,10,bottom,host,257.528,244.78,44,5,0,
3,10,bottom,other,458.08,297.36,235,5,0,
3,11,bottom,host,264.475,237.587,44,5,0,
3,11,bottom,other,449.888,303.096,235,5,0,
3,12,bottom,host,271.422,230.394,44,5,0,
3,12,bottom,other,441.696,308.832,235,5,0,
3,13,bottom,host,278.369,223.201,44,5,0,
3,13,bottom,other,433.504,314.568,235,5,0,
3,14,bottom,host,285.316,216.008,44,5,0,
3,14,bottom,other,425.312,320.304,235,5,0,
3,15,bottom,host,292.263,208.815,44,5,0,
3,15,bottom,other,417.12,326.04,235,5,0,
3,16,bottom,host,299.21,201.622,44,5,0,
3,16,bottom,other,408.928,331.776,235,5,0,
3,17,bottom,host,306.157,194.429,44,5,0,
3,17,bottom,other,400.736,337.512,235,5,0,
3,18,bottom,host,313.104,187.236,44,5,0,
3,18,bottom,other,392.544,343.248,235,5,0,
3,19,bottom,host,320.051,180.043,44,5,0,
3,19,bottom,other,384.352,348.984,235,5,0,
3,20,bottom,host,326.998,172.85,44,6,0,
3,20,bottom,other,376.16,354.72,235,9,0,
3,21,bottom,host,326.998,172.85,44,6,0,
3,21,bottom,other,376.16,354.72,235,9,0,
3,22,bottom,host,326.998,172.85,44,6,0,
3,22,bottom,other,376.16,354.72,235,9,0,
4,1,top,host,188.192,234.264,55,6,0,
4,1,top,other,532.014,233.982,307,9,0,
4,2,top,host,196.672,228.965,58,6,0,
4,2,top,other,524.028,227.964,307,9,0,
4,3,top,host,205.152,223.666,58,6,0,
4,3,top,other,516.042,221.946,307,9,0,
4,4,top,host,213.632,218.367,58,6,0,
4,4,top,other,508.056,215.928,307,9,0,
4,5,top,host,222.112,213.068,58,6,0,
4,5,top,other,500.07,209.91,307,9,0,
4,6,top,host,230.592,207.769,58,6,0,
4,6,top,other,492.084,203.892,307,9,0,
4,7,top,host,239.072,202.47,58,6,0,
4,7,top,other,484.098,197.874,307,9,0,
4,8,top,host,247.552,197.171,58,6,0,
4,8,top,other,476.112,191.856,307,9,0,
4,9,top,host,256.032,191.872,58,6,0,
4,9,top,other,468.126,185.838,307,9,0,
4,10,top,host,264.512,186.573,58,6,0,
4,10,top,other,460.14,179.82,307,9,0,
4,11,top,host,272.992,181.274,58,6,0,
4,11,top,other,452.154,173.802,307,9,0,
4,12,top,host,281.472,175.975,58,6,0,
4,12,top,other,444.168,167.784,307,9,0,
4,13,top,host,289.952,170.676,58,6,0,
4,13,top,other,436.182,161.766,307,9,0,
4,14,top,host,293.698,179.948,158,6,0,
4,14,top,other,428.196,155.748,307,9,0,
4,15,top,host,297.444,189.22,158,6,0,
4,15,top,other,420.21,149.73,307,9,0,
4,16,top,host,301.19,198.492,158,6,0,
4,16,top,other,412.224,143.712,307,9,0,
4,17,top,host,304.936,207.764,158,6,0,
4,17,top,other,404.238,137.694,307,9,0,
4,18,top,host,308.682,217.036,158,6,0,
4,18,top,other,396.252,131.676,307,9,0,
4,19,top,host,312.428,226.308,158,6,0,
4,19,top,other,388.266,125.658,307,9,0,
4,20,top,host,316.174,235.58,158,6,0,
4,20,top,other,380.28,119.64,307,9,0,
4,21,top,host,319.92,244.852,158,7,0,
4,21,top,other,370.621,122.228,255,13,0,
4,22,top,host,319.92,244.852,158,7,0,
4,22,top,other,370.621,122.228,255,13,0,
4,23,top,host,319.92,244.852,158,7,0,
4,23,top,other,370.621,122.228,255,13,0,
5,1,top,host,190,240,90,7,0,
5,1,top,other,531.52,234.701,302,13,0,
5,2,top,host,198.192,234.264,55,7,0,
5,2,top,other,523.04,229.402,302,13,0,
5,3,top,host,206.384,228.528,55,7,0,
5,3,top,other,514.75,223.81,304,13,0,
5,4,top,host,214.576,222.792,55,7,0,
5,4,top,other,506.46,218.218,304,13,0,
5,5,top,host,222.768,217.056,55,7,0,
5,5,top,other,498.17,212.626,304,13,0,
5,6,top,host,230.96,211.32,55,7,0,
5,6,top,other,489.88,207.034,304,13,0,
5,7,top,host,239.152,205.584,55,7,0,
5,7,top,other,481.59,201.442,304,13,0,
5,8,top,host,247.344,199.848,55,7,0,
5,8,top,other,473.203,195.996,303,13,0,
5,9,top,host,255.536,194.112,55,7,0,
5,9,top,other,464.816,190.55,303,13,0,
5,10,top,host,263.728,188.376,55,7,0,
5,10,top,other,456.429,185.104,303,13,0,
5,11,top,host,271.92,182.64,55,7,0,
5,11,top,other,448.042,179.658,303,13,0,
5,12,top,host,280.112,176.904,55,7,0,
5,12,top,other,439.655,174.212,303,13,0,
5,13,top,host,288.304,171.168,55,7,0,
5,13,top,other,431.268,168.766,303,13,0,
5,14,top,host,296.496,165.432,55,7,0,
5,14,top,other,422.881,163.32,303,13,0,
5,15,top,host,304.688,159.696,55,7,0,
5,15,top,other,414.494,157.874,303,13,0,
5,16,top,host,312.88,153.96,55,7,0,
5,16,top,other,406.107,152.428,303,13,0,
5,17,top,host,321.072,148.224,55,7,0,
5,17,top,other,397.72,146.982,303,13,0,
5,18,top,host,329.264,142.488,55,7,0,
5,18,top,other,389.333,141.536,303,13,0,
5,19,top,host,337.456,136.752,55,7,0,
5,19,top,other,387.254,151.317,192,13,0,
5,20,top,host,345.648,131.016,55,7,0,
5,20,top,other,385.175,161.098,192,13,0,
5,21,top,host,353.84,125.28,55,11,0,
5,21,top,other,383.096,170.879,192,14,0,
5,22,top,host,353.84,125.28,55,11,0,
5,22,top,other,380.846,161.135,347,14,0,
5,23,top,host,353.84,125.28,55,11,0,
5,23,top,other,378.596,151.391,347,14,0,
6,1,bottom,host,190,240,90,11,0,
6,1,bottom,other,531.71,245.592,236,14,0,
6,2,bottom,host,198.29,234.408,56,11,0,
6,2,bottom,other,523.42,251.184,236,14,0,
6,3,bottom,host,206.58,228.816,56,11,0,
6,3,bottom,other,515.13,256.776,236,14,0,
6,4,bottom,host,214.87,223.224,56,11,0,
6,4,bottom,other,506.84,262.368,236,14,0,
6,5,bottom,host,223.16,217.632,56,11,0,
6,5,bottom,other,498.55,267.96,236,14,0,
6,6,bottom,host,231.45,212.04,56,11,0,
6,6,bottom,other,490.26,273.552,236,14,0,
6,7,bottom,host,239.74,206.448,56,11,0,
6,7,bottom,other,481.97,279.144,236,14,0,
6,8,bottom,host,248.03,200.856,56,11,0,
6,8,bottom,other,473.68,284.736,236,14,0,
6,9,bottom,host,256.32,195.264,56,11,0,
6,9,bottom,other,465.39,290.328,236,14,0,
6,10,bottom,host,264.61,189.672,56,11,0,
6,10,bottom,other,457.1,295.92,236,14,0,
6,11,bottom,host,272.9,184.08,56,11,0,
6,11,bottom,other,449.114,301.938,233,14,0,
6,12,bottom,host,281.19,178.488,56,11,0,
6,12,bottom,other,441.128,307.956,233,14,0,
6,13,bottom,host,289.48,172.896,56,11,0,
6,13,bottom,other,433.142,313.974,233,14,0,
6,14,bottom,host,297.77,167.304,56,11,0,
6,14,bottom,other,425.156,319.992,233,14,0,
6,15,bottom,host,306.06,161.712,56,11,0,
6,15,bottom,other,417.17,326.01,233,14,0,
6,16,bottom,host,314.35,156.12,56,11,0,
6,16,bottom,other,409.184,332.028,233,14,0,
6,17,bottom,host,322.64,150.528,56,11,0,
6,17,bottom,other,401.198,338.046,233,14,0,
6,18,bottom,host,330.93,144.936,56,11,0,
6,18,bottom,other,393.212,344.064,233,14,0,
6,19,bottom,host,339.22,139.344,56,11,0,
6,19,bottom,other,384.383,348.759,242,14,0,
6,20,bottom,host,347.51,133.752,56,12,0,
6,20,bottom,other,375.554,353.454,242,18,0,
6,21,bottom,host,347.51,133.752,56,12,0,
6,21,bottom,other,375.554,353.454,242,18,0,
6,22,bottom,host,347.51,133.752,56,12,0,
6,22,bottom,other,375.554,353.454,242,18,0,
7,1,top,host,188.387,234.554,57,12,0,
7,1,top,other,531.71,234.408,304,18,0,
7,2,top,host,196.774,229.108,57,12,0,
7,2,top,other,523.42,228.816,304,18,0,
7,3,top,host,205.161,223.662,57,12,0,
7,3,top,other,515.13,223.224,304,18,0,
7,4,top,host,213.548,218.216,57,12,0,
7,4,top,other,506.84,217.632,304,18,0,
7,5,top,host,221.935,212.77,57,12,0,
7,5,top,other,498.55,212.04,304,18,0,
7,6,top,host,230.322,207.324,57,12,0,
7,6,top,other,490.26,206.448,304,18,0,
7,7,top,host,238.709,201.878,57,12,0,
7,7,top,other,481.97,200.856,304,18,0,
7,8,top,host,247.096,196.432,57,12,0,
7,8,top,other,475.952,208.842,217,18,0,
7,9,top,host,255.483,190.986,57,12,0,
7,9,top,other,469.934,216.828,217,18,0,
7,10,top,host,263.87,185.54,57,12,0,
7,10,top,other,463.916,224.814,217,18,0,
7,11,top,host,272.257,180.094,57,12,0,
7,11,top,other,457.898,232.8,217,18,0,
7,12,top,host,280.644,174.648,57,12,0,
7,12,top,other,463.49,241.09,146,18,0,
7,13,top,host,289.031,169.202,57,12,0,
7,13,top,other,463.839,231.096,2,18,0,
7,14,top,host,297.418,163.756,57,12,0,
7,14,top,other,454.384,234.352,251,18,0,
7,15,top,host,305.805,158.31,57,12,0,
7,15,top,other,454.559,244.35,179,18,0,
7,16,top,host,314.192,152.864,57,12,0,
7,16,top,other,449.113,252.737,213,18,0,
7,17,top,host,322.579,147.418,57,12,0,
7,17,top,other,442.685,260.397,220,18,0,
7,18,top,host,330.966,141.972,57,12,0,
7,18,top,other,436.257,268.057,220,18,0,
7,19,top,host,339.353,136.526,57,12,0,
7,19,top,other,429.829,275.717,220,18,0,
7,20,top,host,347.74,131.08,57,16,0,
7,20,top,other,423.401,283.377,220,19,0,
7,21,top,host,347.74,131.08,57,16,0,
7,21,top,other,423.401,283.377,220,19,0,
7,22,top,host,347.74,131.08,57,16,0,
7,22,top,other,423.401,283.377,220,19,0,
8,1,top,host,188.387,234.554,57,16,0,
8,1,top,other,531.613,245.446,237,19,0,
8,2,top,host,196.774,229.108,57,16,0,
8,2,top,other,523.226,250.892,237,19,0,
8,3,top,host,205.161,223.662,57,16,0,
8,3,top,other,514.839,256.338,237,19,0,
8,4,top,host,213.548,218.216,57,16,0,
8,4,top,other,506.452,261.784,237,19,0,
8,5,top,host,221.935,212.77,57,16,0,
8,5,top,other,498.065,267.23,237,19,0,
8,6,top,host,230.322,207.324,57,16,0,
8,6,top,other,489.678,272.676,237,19,0,
8,7,top,host,238.709,201.878,57,16,0,
8,7,top,other,481.291,278.122,237,19,0,
8,8,top,host,247.096,196.432,57,16,0,
8,8,top,other,472.904,283.568,237,19,0,
8,9,top,host,255.483,190.986,57,16,0,
8,9,top,other,464.517,289.014,237,19,0,
8,10,top,host,263.87,185.54,57,16,0,
8,10,top,other,456.13,294.46,237,19,0,
8,11,top,host,272.257,180.094,57,16,0,
8,11,top,other,447.743,299.906,237,19,0,
8,12,top,host,280.644,174.648,57,16,0,
8,12,top,other,439.356,305.352,237,19,0,
8,13,top,host,289.031,169.202,57,16,0,
8,13,top,other,430.969,310.798,237,19,0,
8,14,top,host,297.418,163.756,57,16,0,
8,14,top,other,422.582,316.244,237,19,0,
8,15,top,host,305.805,158.31,57,16,0,
8,15,top,other,414.195,321.69,237,19,0,
8,16,top,host,314.192,152.864,57,16,0,
8,16,top,other,405.808,327.136,237,19,0,
8,17,top,host,322.579,147.418,57,16,0,
8,17,top,other,397.421,332.582,237,19,0,
8,18,top,host,330.966,141.972,57,16,0,
8,18,top,other,389.034,338.028,237,19,0,
8,19,top,host,339.353,136.526,57,16,0,
8,19,top,other,380.647,343.474,237,19,0,
8,20,top,host,347.74,131.08,57,20,0,
8,20,top,other,372.26,348.92,237,20,0,
8,21,top,host,347.74,131.08,57,20,0,
8,21,top,other,364.274,354.938,233,20,0,
8,22,top,host,347.74,131.08,57,20,0,
8,22,top,other,356.288,360.956,233,20,0,
9,1,top,host,188.29,234.408,56,20,0,
9,1,top,other,531.613,245.446,237,20,0,
9,2,top,host,196.58,228.816,56,20,0,
9,2,top,other,523.226,250.892,237,20,0,
9,3,top,host,204.87,223.224,56,20,0,
9,3,top,other,514.839,256.338,237,20,0,
9,4,top,host,213.16,217.632,56,20,0,
9,4,top,other,506.452,261.784,237,20,0,
9,5,top,host,221.45,212.04,56,20,0,
9,5,top,other,498.065,267.23,237,20,0,
9,6,top,host,229.74,206.448,56,20,0,
9,6,top,other,489.678,272.676,237,20,0,
9,7,top,host,238.03,200.856,56,20,0,
9,7,top,other,481.291,278.122,237,20,0,
9,8,top,host,246.32,195.264,56,20,0,
9,8,top,other,472.904,283.568,237,20,0,
9,9,top,host,254.61,189.672,56,20,0,
9,9,top,other,464.517,289.014,237,20,0,
9,10,top,host,262.9,184.08,56,20,0,
9,10,top,other,456.13,294.46,237,20,0,
9,11,top,host,271.19,178.488,56,20,0,
9,11,top,other,447.743,299.906,237,20,0,
9,12,top,host,279.48,172.896,56,20,0,
9,12,top,other,439.356,305.352,237,20,0,
9,13,top,host,287.77,167.304,56,20,0,
9,13,top,other,430.969,310.798,237,20,0,
9,14,top,host,296.06,161.712,56,20,0,
9,14,top,other,422.582,316.244,237,20,0,
9,15,top,host,304.35,156.12,56,20,0,
9,15,top,other,414.195,321.69,237,20,0,
9,16,top,host,312.64,150.528,56,20,0,
9,16,top,other,405.808,327.136,237,20,0,
9,17,top,host,320.93,144.936,56,20,0,
9,17,top,other,397.421,332.582,237,20,0,
9,18,top,host,329.22,139.344,56,20,0,
9,18,top,other,389.034,338.028,237,20,0,
9,19,top,host,337.51,133.752,56,20,0,
9,19,top,other,380.647,343.474,237,20,0,
9,20,top,host,345.8,128.16,56,24,0,
9,20,top,other,372.26,348.92,237,21,0,
9,21,top,host,345.8,128.16,56,24,0,
9,21,top,other,372.26,348.92,237,21,0,
9,22,top,host,345.8,128.16,56,24,0,
9,22,top,other,372.26,348.92,237,21,0,
10,1,top,host,188.387,245.446,123,24,0,
10,1,top,other,531.808,234.264,305,21,0,
10,2,top,host,196.774,250.892,123,24,0,
10,2,top,other,523.616,228.528,305,21,0,
10,3,top,host,205.161,256.338,123,24,0,
10,3,top,other,515.424,222.792,305,21,0,
10,4,top,host,213.548,261.784,123,24,0,
10,4,top,other,507.232,217.056,305,21,0,
10,5,top,host,221.935,267.23,123,24,0,
10,5,top,other,499.04,211.32,305,21,0,
10,6,top,host,230.322,272.676,123,24,0,
10,6,top,other,490.848,205.584,305,21,0,
10,7,top,host,238.709,278.122,123,24,0,
10,7,top,other,482.656,199.848,305,21,0,
10,8,top,host,247.096,283.568,123,24,0,
10,8,top,other,474.464,194.112,305,21,0,
10,9,top,host,255.483,289.014,123,24,0,
10,9,top,other,466.272,188.376,305,21,0,
10,10,top,host,263.87,294.46,123,24,0,
10,10,top,other,458.08,182.64,305,21,0,
10,11,top,host,272.257,299.906,123,24,0,
10,11,top,other,449.888,176.904,305,21,0,
10,12,top,host,280.644,305.352,123,24,0,
10,12,top,other,441.696,171.168,305,21,0,
10,13,top,host,289.031,310.798,123,24,0,
10,13,top,other,433.504,165.432,305,21,0,
10,14,top,host,297.418,316.244,123,24,0,
10,14,top,other,425.312,159.696,305,21,0,
10,15,top,host,305.805,321.69,123,24,0,
10,15,top,other,417.12,153.96,305,21,0,
10,16,top,host,314.192,327.136,123,24,0,
10,16,top,other,408.928,148.224,305,21,0,
10,17,top,host,322.579,332.582,123,24,0,
10,17,top,other,400.736,142.488,305,21,0,
10,18,top,host,330.966,338.028,123,24,0,
10,18,top,other,392.544,136.752,305,21,0,
10,19,top,host,339.353,343.474,123,24,0,
10,19,top,other,384.352,131.016,305,21,0,
10,20,top,host,347.74,348.92,123,25,0,
10,20,top,other,376.16,125.28,305,25,0,
10,21,top,host,347.74,348.92,123,25,0,
10,21,top,other,376.16,125.28,305,25,0,
10,22,top,host,347.74,348.92,123,25,0,
10,22,top,other,376.16,125.28,305,25,0,
11,1,top,host,188.387,234.554,57,25,0,
11,1,top,other,531.613,234.554,303,25,0,
11,2,top,host,196.774,229.108,57,25,0,
11,2,top,other,523.226,229.108,303,25,0,
11,3,top,host,205.161,223.662,57,25,0,
11,3,top,other,514.839,223.662,303,25,0,
11,4,top,host,213.548,218.216,57,25,0,
11,4,top,other,506.452,218.216,303,25,0,
11,5,top,host,221.935,212.77,57,25,0,
11,5,top,other,498.065,212.77,303,25,0,
11,6,top,host,230.322,207.324,57,25,0,
11,6,top,other,489.678,207.324,303,25,0,
11,7,top,host,238.709,201.878,57,25,0,
11,7,top,other,481.291,201.878,303,25,0,
11,8,top,host,247.096,196.432,57,25,0,
11,8,top,other,472.904,196.432,303,25,0,
11,9,top,host,255.483,190.986,57,25,0,
11,9,top,other,464.517,190.986,303,25,0,
11,10,top,host,263.87,185.54,57,25,0,
11,10,top,other,456.13,185.54,303,25,0,
11,11,top,host,272.257,180.094,57,25,0,
11,11,top,other,447.743,180.094,303,25,0,
11,12,top,host,280.644,174.648,57,25,0,
11,12,top,other,439.356,174.648,303,25,0,
11,13,top,host,289.031,169.202,57,25,0,
11,13,top,other,430.969,169.202,303,25,0,
11,14,top,host,297.418,163.756,57,25,0,
11,14,top,other,422.582,163.756,303,25,0,
11,15,top,host,305.805,158.31,57,25,0,
11,15,top,other,414.195,158.31,303,25,0,
11,16,top,host,314.192,152.864,57,25,0,
11,16,top,other,405.808,152.864,303,25,0,
11,17,top,host,316.442,162.608,167,25,0,
11,17,top,other,397.421,147.418,303,25,0,
11,18,top,host,318.692,172.352,167,25,0,
11,18,top,other,389.034,141.972,303,25,0,
11,19,top,host,320.942,182.096,167,25,0,
11,19,top,other,380.647,136.526,303,25,0,
11,20,top,host,323.192,191.84,167,26,0,
11,20,top,other,372.26,131.08,303,29,0,
11,21,top,host,323.192,191.84,167,26,0,
11,21,top,other,372.26,131.08,303,29,0,
11,22,top,host,323.192,191.84,167,26,0,
11,22,top,other,372.26,131.08,303,29,0,
12,1,top,host,188.387,234.554,57,26,0,
12,1,top,other,531.52,234.701,302,29,0,
12,2,top,host,196.774,229.108,57,26,0,
12,2,top,other,523.23,229.109,304,29,0,
12,3,top,host,205.161,223.662,57,26,0,
12,3,top,other,514.94,223.517,304,29,0,
12,4,top,host,213.548,218.216,57,26,0,
12,4,top,other,506.65,217.925,304,29,0,
12,5,top,host,221.935,212.77,57,26,0,
12,5,top,other,498.36,212.333,304,29,0,
12,6,top,host,230.322,207.324,57,26,0,
12,6,top,other,490.07,206.741,304,29,0,
12,7,top,host,238.709,201.878,57,26,0,
12,7,top,other,481.78,201.149,304,29,0,
12,8,top,host,247.096,196.432,57,26,0,
12,8,top,other,473.49,195.557,304,29,0,
12,9,top,host,255.483,190.986,57,26,0,
12,9,top,other,465.2,189.965,304,29,0,
12,10,top,host,263.87,185.54,57,26,0,
12,10,top,other,456.91,184.373,304,29,0,
12,11,top,host,272.257,180.094,57,26,0,
12,11,top,other,448.62,178.781,304,29,0,
12,12,top,host,280.644,174.648,57,26,0,
12,12,top,other,440.33,173.189,304,29,0,
12,13,top,host,289.031,169.202,57,26,0,
12,13,top,other,432.04,167.597,304,29,0,
12,14,top,host,297.418,163.756,57,26,0,
12,14,top,other,423.75,162.005,304,29,0,
12,15,top,host,305.805,158.31,57,26,0,
12,15,top,other,415.46,156.413,304,29,0,
12,16,top,host,314.192,152.864,57,26,0,
12,16,top,other,407.17,150.821,304,29,0,
12,17,top,host,322.579,147.418,57,26,0,
12,17,top,other,398.88,145.229,304,29,0,
12,18,top,host,330.966,141.972,57,26,0,
12,18,top,other,390.59,139.637,304,29,0,
12,19,top,host,339.353,136.526,57,26,0,
12,19,top,other,382.3,134.045,304,29,0,
12,20,top,host,347.74,131.08,57,26,0,
12,20,top,other,374.01,128.453,304,29,0,
12,21,top,host,347.74,131.08,57,26,0,
12,21,top,other,374.01,128.453,304,29,0,
12,22,top,host,347.74,131.08,57,26,0,
12,22,top,other,374.01,128.453,304,29,0,
13,1,bottom,host,188.387,234.554,57,26,0,
13,1,bottom,other,530,240,270,29,0,
13,2,bottom,host,196.774,229.108,57,26,0,
13,2,bottom,other,520,240,270,29,0,
13,3,bottom,host,205.161,223.662,57,26,0,
13,3,bottom,other,510,240,270,29,0,
13,4,bottom,host,213.548,218.216,57,26,0,
13,4,bottom,other,500,240,270,29,0,
13,5,bottom,host,221.935,212.77,57,26,0,
13,5,bottom,other,490,240,270,29,0,
13,6,bottom,host,230.322,207.324,57,26,0,
13,6,bottom,other,480,240,270,29,0,
13,7,bottom,host,238.709,201.878,57,26,0,
13,7,bottom,other,472.569,246.691,228,29,0,
13,8,bottom,host,247.096,196.432,57,26,0,
13,8,bottom,other,465.138,253.382,228,29,0,
13,9,bottom,host,255.483,190.986,57,26,0,
13,9,bottom,other,457.707,260.073,228,29,0,
13,10,bottom,host,263.87,185.54,57,26,0,
13,10,bottom,other,450.276,266.764,228,29,0,
13,11,bottom,host,272.257,180.094,57,26,0,
13,11,bottom,other,442.845,273.455,228,29,0,
13,12,bottom,host,280.644,174.648,57,26,0,
13,12,bottom,other,435.414,280.146,228,29,0,
13,13,bottom,host,289.031,169.202,57,26,0,
13,13,bottom,other,427.983,286.837,228,29,0,
13,14,bottom,host,297.418,163.756,57,26,0,
13,14,bottom,other,420.552,293.528,228,29,0,
13,15,bottom,host,305.805,158.31,57,26,0,
13,15,bottom,other,413.121,300.219,228,29,0,
13,16,bottom,host,314.192,152.864,57,26,0,
13,16,bottom,other,405.69,306.91,228,29,0,
13,17,bottom,host,322.579,147.418,57,26,0,
13,17,bottom,other,398.259,313.601,228,29,0,
13,18,bottom,host,330.966,141.972,57,26,0,
13,18,bottom,other,390.828,320.292,228,29,0,
13,19,bottom,host,339.353,136.526,57,26,0,
13,19,bottom,other,383.397,326.983,228,29,0,
13,20,bottom,host,347.74,131.08,57,27,0,
13,20,bottom,other,375.966,333.674,228,33,0,
13,21,bottom,host,347.74,131.08,57,27,0,
13,21,bottom,other,375.966,333.674,228,33,0,
13,22,bottom,host,347.74,131.08,57,27,0,
13,22,bottom,other,375.966,333.674,228,33,0,
14,1,bottom,host,188.29,234.408,56,27,0,
14,1,bottom,other,531.613,245.446,237,33,0,
14,2,bottom,host,196.58,228.816,56,27,0,
14,2,bottom,other,523.523,251.324,234,33,0,
14,3,bottom,host,204.87,223.224,56,27,0,
14,3,bottom,other,515.433,257.202,234,33,0,
14,4,bottom,host,213.16,217.632,56,27,0,
14,4,bottom,other,507.343,263.08,234,33,0,
14,5,bottom,host,221.45,212.04,56,27,0,
14,5,bottom,other,499.253,268.958,234,33,0,
14,6,bottom,host,229.74,206.448,56,27,0,
14,6,bottom,other,491.163,274.836,234,33,0,
14,7,bottom,host,238.03,200.856,56,27,0,
14,7,bottom,other,483.073,280.714,234,33,0,
14,8,bottom,host,246.32,195.264,56,27,0,
14,8,bottom,other,474.983,286.592,234,33,0,
14,9,bottom,host,254.61,189.672,56,27,0,
14,9,bottom,other,466.893,292.47,234,33,0,
14,10,bottom,host,262.9,184.08,56,27,0,
14,10,bottom,other,458.803,298.348,234,33,0,
14,11,bottom,host,271.19,178.488,56,27,0,
14,11,bottom,other,450.713,304.226,234,33,0,
14,12,bottom,host,279.48,172.896,56,27,0,
14,12,bottom,other,442.623,310.104,234,33,0,
14,13,bottom,host,287.77,167.304,56,27,0,
14,13,bottom,other,434.533,315.982,234,33,0,
14,14,bottom,host,296.06,161.712,56,27,0,
14,14,bottom,other,426.443,321.86,234,33,0,
14,15,bottom,host,304.35,156.12,56,27,0,
14,15,bottom,other,418.353,327.738,234,33,0,
14,16,bottom,host,312.64,150.528,56,27,0,
14,16,bottom,other,410.263,333.616,234,33,0,
14,17,bottom,host,320.93,144.936,56,27,0,
14,17,bottom,other,402.173,339.494,234,33,0,
14,18,bottom,host,329.22,139.344,56,27,0,
14,18,bottom,other,394.083,345.372,234,33,0,
14,19,bottom,host,337.51,133.752,56,27,0,
14,19,bottom,other,385.993,351.25,234,33,0,
14,20,bottom,host,345.8,128.16,56,28,0,
14,20,bottom,other,377.903,357.128,234,37,0,
14,21,bottom,host,345.8,128.16,56,28,0,
14,21,bottom,other,377.903,357.128,234,37,0,
14,22,bottom,host,345.8,128.16,56,28,0,
14,22,bottom,other,377.903,357.128,234,37,0,
15,1,top,host,188.387,234.554,57,28,0,
15,1,top,other,531.613,245.446,237,37,0,
15,2,top,host,196.774,229.108,57,28,0,
15,2,top,other,523.226,250.892,237,37,0,
15,3,top,host,205.161,223.662,57,28,0,
15,3,top,other,514.839,256.338,237,37,0,
15,4,top,host,213.548,218.216,57,28,0,
15,4,top,other,506.452,261.784,237,37,0,
15,5,top,host,221.935,212.77,57,28,0,
15,5,top,other,498.065,267.23,237,37,0,
15,6,top,host,230.322,207.324,57,28,0,
15,6,top,other,489.678,272.676,237,37,0,
15,7,top,host,238.709,201.878,57,28,0,
15,7,top,other,481.291,278.122,237,37,0,
15,8,top,host,247.096,196.432,57,28,0,
15,8,top,other,472.904,283.568,237,37,0,
15,9,top,host,255.483,190.986,57,28,0,
15,9,top,other,464.517,289.014,237,37,0,
15,10,top,host,263.87,185.54,57,28,0,
15,10,top,other,456.13,294.46,237,37,0,
15,11,top,host,272.257,180.094,57,28,0,
15,11,top,other,447.743,299.906,237,37,0,
15,12,top,host,280.644,174.648,57,28,0,
15,12,top,other,439.356,305.352,237,37,0,
15,13,top,host,289.031,169.202,57,28,0,
15,13,top,other,430.969,310.798,237,37,0,
15,14,top,host,297.418,163.756,57,28,0,
15,14,top,other,422.582,316.244,237,37,0,
15,15,top,host,305.805,158.31,57,28,0,
15,15,top,other,414.195,321.69,237,37,0,
15,16,top,host,314.192,152.864,57,28,0,
15,16,top,other,405.808,327.136,237,37,0,
15,17,top,host,322.579,147.418,57,28,0,
15,17,top,other,397.421,332.582,237,37,0,
15,18,top,host,330.966,141.972,57,28,0,
15,18,top,other,389.034,338.028,237,37,0,
15,19,top,host,339.353,136.526,57,28,0,
15,19,top,other,380.647,343.474,237,37,0,
15,20,top,host,347.74,131.08,57,32,0,
15,20,top,other,372.26,348.92,237,38,0,
15,21,top,host,347.74,131.08,57,32,0,
15,21,top,other,372.26,348.92,237,38,0,
15,22,top,host,347.74,131.08,57,32,0,
15,22,top,other,372.26,348.92,237,38,0,
16,1,top,host,190,240,90,32,0,
16,1,top,other,531.613,245.446,237,38,0,
16,2,top,host,200,240,90,32,0,
16,2,top,other,523.226,250.892,237,38,0,
16,3,top,host,210,240,90,32,0,
16,3,top,other,514.839,256.338,237,38,0,
16,4,top,host,220,240,90,32,0,
16,4,top,other,506.452,261.784,237,38,0,
16,5,top,host,230,240,90,32,0,
16,5,top,other,498.065,267.23,237,38,0,
16,6,top,host,240,240,90,32,0,
16,6,top,other,489.678,272.676,237,38,0,
16,7,top,host,250,240,90,32,0,
16,7,top,other,481.291,278.122,237,38,0,
16,8,top,host,256.947,232.807,44,32,0,
16,8,top,other,472.904,283.568,237,38,0,
16,9,top,host,263.894,225.614,44,32,0,
16,9,top,other,464.517,289.014,237,38,0,
16,10,top,host,270.841,218.421,44,32,0,
16,10,top,other,456.13,294.46,237,38,0,
16,11,top,host,277.788,211.228,44,32,0,
16,11,top,other,447.743,299.906,237,38,0,
16,12,top,host,284.735,204.035,44,32,0,
16,12,top,other,439.356,305.352,237,38,0,
16,13,top,host,291.682,196.842,44,32,0,
16,13,top,other,430.969,310.798,237,38,0,
16,14,top,host,298.629,189.649,44,32,0,
16,14,top,other,422.582,316.244,237,38,0,
16,15,top,host,305.576,182.456,44,32,0,
16,15,top,other,414.195,321.69,237,38,0,
16,16,top,host,312.523,175.263,44,32,0,
16,16,top,other,405.808,327.136,237,38,0,
16,17,top,host,319.47,168.07,44,32,0,
16,17,top,other,397.421,332.582,237,38,0,
16,18,top,host,326.417,160.877,44,32,0,
16,18,top,other,389.034,338.028,237,38,0,
16,19,top,host,333.364,153.684,44,32,0,
16,19,top,other,380.647,343.474,237,38,0,
16,20,top,host,340.311,146.491,44,36,0,
16,20,top,other,372.26,348.92,237,39,0,
16,21,top,host,340.311,146.491,44,36,0,
16,21,top,other,372.26,348.92,237,39,0,
16,22,top,host,340.311,146.491,44,36,0,
16,22,top,other,372.26,348.92,237,39,0,
17,1,bottom,host,188.29,234.408,56,36,0,
17,1,bottom,other,531.71,245.592,236,39,0,
17,2,bottom,host,196.58,228.816,56,36,0,
17,2,bottom,other,523.42,251.184,236,39,0,
17,3,bottom,host,204.87,223.224,56,36,0,
17,3,bottom,other,515.13,256.776,236,39,0,
17,4,bottom,host,213.16,217.632,56,36,0,
17,4,bottom,other,506.84,262.368,236,39,0,
17,5,bottom,host,221.45,212.04,56,36,0,
17,5,bottom,other,498.55,267.96,236,39,0,
17,6,bottom,host,229.74,206.448,56,36,0,
17,6,bottom,other,490.26,273.552,236,39,0,
17,7,bottom,host,238.03,200.856,56,36,0,
17,7,bottom,other,481.97,279.144,236,39,0,
17,8,bottom,host,246.32,195.264,56,36,0,
17,8,bottom,other,473.68,284.736,236,39,0,
17,9,bottom,host,254.61,189.672,56,36,0,
17,9,bottom,other,465.39,290.328,236,39,0,
17,10,bottom,host,262.9,184.08,56,36,0,
17,10,bottom,other,457.1,295.92,236,39,0,
17,11,bottom,host,271.19,178.488,56,36,0,
17,11,bottom,other,448.81,301.512,236,39,0,
17,12,bottom,host,279.48,172.896,56,36,0,
17,12,bottom,other,440.52,307.104,236,39,0,
17,13,bottom,host,287.77,167.304,56,36,0,
17,13,bottom,other,432.23,312.696,236,39,0,
17,14,bottom,host,296.06,161.712,56,36,0,
17,14,bottom,other,423.94,318.288,236,39,0,
17,15,bottom,host,304.35,156.12,56,36,0,
17,15,bottom,other,415.65,323.88,236,39,0,
17,16,bottom,host,312.64,150.528,56,36,0,
17,16,bottom,other,407.36,329.472,236,39,0,
17,17,bottom,host,320.93,144.936,56,36,0,
17,17,bottom,other,399.07,335.064,236,39,0,
17,18,bottom,host,329.22,139.344,56,36,0,
17,18,bottom,other,390.78,340.656,236,39,0,
17,19,bottom,host,337.51,133.752,56,36,0,
17,19,bottom,other,382.49,346.248,236,39,0,
17,20,bottom,host,345.8,128.16,56,37,0,
17,20,bottom,other,374.2,351.84,236,43,0,
17,21,bottom,host,345.8,128.16,56,37,0,
17,21,bottom,other,374.2,351.84,236,43,0,
17,22,bottom,host,345.8,128.16,56,37,0,
17,22,bottom,other,374.2,351.84,236,43,0,
18,1,top,host,188.387,234.554,57,37,0,
18,1,top,other,530,240,270,43,0,
18,2,top,host,196.774,229.108,57,37,0,
18,2,top,other,520,240,270,43,0,
18,3,top,host,205.161,223.662,57,37,0,
18,3,top,other,510,240,270,43,0,
18,4,top,host,213.548,218.216,57,37,0,
18,4,top,other,500,240,270,43,0,
18,5,top,host,221.935,212.77,57,37,0,
18,5,top,other,490,240,270,43,0,
18,6,top,host,230.322,207.324,57,37,0,
18,6,top,other,480,240,270,43,0,
18,7,top,host,238.709,201.878,57,37,0,
18,7,top,other,470,240,270,43,0,
18,8,top,host,247.096,196.432,57,37,0,
18,8,top,other,460,240,270,43,0,
18,9,top,host,255.483,190.986,57,37,0,
18,9,top,other,450,240,270,43,0,
18,10,top,host,263.87,185.54,57,37,0,
18,10,top,other,440,240,270,43,0,
18,11,top,host,272.257,180.094,57,37,0,
18,11,top,other,430,240,270,43,0,
18,12,top,host,280.644,174.648,57,37,0,
18,12,top,other,420,240,270,43,0,
18,13,top,host,289.031,169.202,57,37,0,
18,13,top,other,410,240,270,43,0,
18,14,top,host,297.418,163.756,57,37,0,
18,14,top,other,400,240,270,43,0,
18,15,top,host,305.805,158.31,57,37,0,
18,15,top,other,395.933,249.135,204,43,0,
18,16,top,host,314.192,152.864,57,37,0,
18,16,top,other,391.866,258.27,204,43,0,
18,17,top,host,322.579,147.418,57,37,0,
18,17,top,other,387.799,267.405,204,43,0,
18,18,top,host,330.966,141.972,57,37,0,
18,18,top,other,383.732,276.54,204,43,0,
18,19,top,host,339.353,136.526,57,37,0,
18,19,top,other,380.976,286.153,196,43,0,
18,20,top,host,347.74,131.08,57,41,0,
18,20,top,other,378.22,295.766,196,44,0,
18,21,top,host,347.74,131.08,57,41,0,
18,21,top,other,374.636,305.102,201,44,0,
18,22,top,host,347.74,131.08,57,41,0,
18,22,top,other,371.712,314.665,197,44,0,
19,1,top,host,188.387,234.554,57,41,0,
19,1,top,other,549.986,240.523,93,44,0,
19,2,top,host,196.774,229.108,57,41,0,
19,2,top,other,559.972,241.046,93,44,0,
19,3,top,host,205.161,223.662,57,41,0,
19,3,top,other,569.958,241.569,93,44,0,
19,4,top,host,213.548,218.216,57,41,0,
19,4,top,other,579.944,242.092,93,44,0,
19,5,top,host,221.935,212.77,57,41,0,
19,5,top,other,589.93,242.615,93,44,0,
19,6,top,host,230.322,207.324,57,41,0,
19,6,top,other,599.916,243.138,93,44,0,
19,7,top,host,238.709,201.878,57,41,0,
19,7,top,other,609.841,244.357,97,44,0,
19,8,top,host,247.096,196.432,57,41,0,
19,8,top,other,619.766,245.576,97,44,0,
19,9,top,host,255.483,190.986,57,41,0,
19,9,top,other,629.691,246.795,97,44,0,
19,10,top,host,263.87,185.54,57,41,0,
19,10,top,other,639.616,248.014,97,44,0,
19,11,top,host,272.257,180.094,57,41,0,
19,11,top,other,649.541,249.233,97,44,0,
19,12,top,host,280.644,174.648,57,41,0,
19,12,top,other,659.466,250.452,97,44,0,
19,13,top,host,289.031,169.202,57,41,0,
19,13,top,other,669.391,251.671,97,44,0,
19,14,top,host,297.418,163.756,57,41,0,
19,14,top,other,659.994,255.091,250,44,0,
19,15,top,host,305.805,158.31,57,41,0,
19,15,top,other,650.597,258.511,250,44,0,
19,16,top,host,314.192,152.864,57,41,0,
19,16,top,other,641.462,254.444,294,44,0,
19,17,top,host,322.579,147.418,57,41,0,
19,17,top,other,632.327,250.377,294,44,0,
19,18,top,host,330.966,141.972,57,41,0,
19,18,top,other,623.339,254.761,244,44,0,
19,19,top,host,339.353,136.526,57,41,0,
19,19,top,other,614.351,259.145,244,44,0,
19,20,top,host,347.74,131.08,57,45,0,
19,20,top,other,605.363,263.529,244,45,0,
19,21,top,host,347.74,131.08,57,45,0,
19,21,top,other,605.363,263.529,244,45,0,
19,22,top,host,347.74,131.08,57,45,0,
19,22,top,other,605.363,263.529,244,45,0,
20,1,bottom,host,188.387,234.554,57,45,0,
20,1,bottom,other,531.808,245.736,235,45,0,
20,2,bottom,host,196.774,229.108,57,45,0,
20,2,bottom,other,523.616,251.472,235,45,0,
20,3,bottom,host,205.161,223.662,57,45,0,
20,3,bottom,other,515.424,257.208,235,45,0,
20,4,bottom,host,213.548,218.216,57,45,0,
20,4,bottom,other,507.232,262.944,235,45,0,
20,5,bottom,host,221.935,212.77,57,45,0,
20,5,bottom,other,499.04,268.68,235,45,0,
20,6,bottom,host,230.322,207.324,57,45,0,
20,6,bottom,other,490.848,274.416,235,45,0,
20,7,bottom,host,238.709,201.878,57,45,0,
20,7,bottom,other,482.461,279.862,237,45,0,
20,8,bottom,host,247.096,196.432,57,45,0,
20,8,bottom,other,474.074,285.308,237,45,0,
20,9,bottom,host,255.483,190.986,57,45,0,
20,9,bottom,other,465.687,290.754,237,45,0,
20,10,bottom,host,263.87,185.54,57,45,0,
20,10,bottom,other,457.3,296.2,237,45,0,
20,11,bottom,host,272.257,180.094,57,45,0,
20,11,bottom,other,448.913,301.646,237,45,0,
20,12,bottom,host,280.644,174.648,57,45,0,
20,12,bottom,other,440.526,307.092,237,45,0,
20,13,bottom,host,289.031,169.202,57,45,0,
20,13,bottom,other,432.139,312.538,237,45,0,
20,14,bottom,host,297.418,163.756,57,45,0,
20,14,bottom,other,423.752,317.984,237,45,0,
20,15,bottom,host,305.805,158.31,57,45,0,
20,15,bottom,other,415.365,323.43,237,45,0,
20,16,bottom,host,314.192,152.864,57,45,0,
20,16,bottom,other,406.978,328.876,237,45,0,
20,17,bottom,host,322.579,147.418,57,45,0,
20,17,bottom,other,398.591,334.322,237,45,0,
20,18,bottom,host,330.966,141.972,57,45,0,
20,18,bottom,other,390.204,339.768,237,45,0,
20,19,bottom,host,339.353,136.526,57,45,0,
20,19,bottom,other,381.817,345.214,237,45,0,
20,20,bottom,host,347.74,131.08,57,46,0,
20,20,bottom,other,373.43,350.66,237,49,0,
20,21,bottom,host,347.74,131.08,57,46,0,
20,21,bottom,other,373.43,350.66,237,49,0,
20,22,bottom,host,347.74,131.08,57,46,0,
20,22,bottom,other,373.43,350.66,237,49,0,
21,1,bottom,host,188.387,234.554,57,46,0,
21,1,bottom,other,531.71,245.592,236,49,0,
21,2,bottom,host,196.774,229.108,57,46,0,
21,2,bottom,other,523.42,251.184,236,49,0,
21,3,bottom,host,205.161,223.662,57,46,0,
21,3,bottom,other,515.13,256.776,236,49,0,
21,4,bottom,host,213.548,218.216,57,46,0,
21,4,bottom,other,506.84,262.368,236,49,0,
21,5,bottom,host,221.935,212.77,57,46,0,
21,5,bottom,other,498.55,267.96,236,49,0,
21,6,bottom,host,230.322,207.324,57,46,0,
21,6,bottom,other,490.26,273.552,236,49,0,
21,7,bottom,host,238.709,201.878,57,46,0,
21,7,bottom,other,481.97,279.144,236,49,0,
21,8,bottom,host,247.096,196.432,57,46,0,
21,8,bottom,other,473.68,284.736,236,49,0,
21,9,bottom,host,255.483,190.986,57,46,0,
21,9,bottom,other,465.39,290.328,236,49,0,
21,10,bottom,host,263.87,185.54,57,46,0,
21,10,bottom,other,457.1,295.92,236,49,0,
21,11,bottom,host,272.257,180.094,57,46,0,
21,11,bottom,other,448.81,301.512,236,49,0,
21,12,bottom,host,280.644,174.648,57,46,0,
21,12,bottom,other,440.52,307.104,236,49,0,
21,13,bottom,host,289.031,169.202,57,46,0,
21,13,bottom,other,432.23,312.696,236,49,0,
21,14,bottom,host,297.418,163.756,57,46,0,
21,14,bottom,other,423.94,318.288,236,49,0,
21,15,bottom,host,305.805,158.31,57,46,0,
21,15,bottom,other,415.65,323.88,236,49,0,
21,16,bottom,host,314.192,152.864,57,46,0,
21,16,bottom,other,407.36,329.472,236,49,0,
21,17,bottom,host,322.579,147.418,57,46,0,
21,17,bottom,other,399.07,335.064,236,49,0,
21,18,bottom,host,330.966,141.972,57,46,0,
21,18,bottom,other,390.78,340.656,236,49,0,
21,19,bottom,host,339.353,136.526,57,46,0,
21,19,bottom,other,382.49,346.248,236,49,0,
21,20,bottom,host,347.74,131.08,57,47,0,
21,20,bottom,other,374.2,351.84,236,53,0,
21,21,bottom,host,347.74,131.08,57,47,0,
21,21,bottom,other,374.2,351.84,236,53,0,
21,22,bottom,host,347.74,131.08,57,47,0,
21,22,bottom,other,374.2,351.84,236,53,0,
22,1,top,host,188.387,234.554,57,47,0,
22,1,top,other,530,240,270,53,0,
22,2,top,host,196.774,229.108,57,47,0,
22,2,top,other,521.613,245.446,237,53,0,
22,3,top,host,205.161,223.662,57,47,0,
22,3,top,other,513.226,250.892,237,53,0,
22,4,top,host,213.548,218.216,57,47,0,
22,4,top,other,504.839,256.338,237,53,0,
22,5,top,host,221.935,212.77,57,47,0,
22,5,top,other,496.452,261.784,237,53,0,
22,6,top,host,230.322,207.324,57,47,0,
22,6,top,other,488.065,267.23,237,53,0,
22,7,top,host,238.709,201.878,57,47,0,
22,7,top,other,479.678,272.676,237,53,0,
22,8,top,host,247.096,196.432,57,47,0,
22,8,top,other,471.291,278.122,237,53,0,
22,9,top,host,255.483,190.986,57,47,0,
22,9,top,other,462.904,283.568,237,53,0,
22,10,top,host,263.87,185.54,57,47,0,
22,10,top,other,454.517,289.014,237,53,0,
22,11,top,host,272.257,180.094,57,47,0,
22,11,top,other,446.13,294.46,237,53,0,
22,12,top,host,280.644,174.648,57,47,0,
22,12,top,other,437.743,299.906,237,53,0,
22,13,top,host,289.031,169.202,57,47,0,
22,13,top,other,429.356,305.352,237,53,0,
22,14,top,host,297.418,163.756,57,47,0,
22,14,top,other,420.969,310.798,237,53,0,
22,15,top,host,305.805,158.31,57,47,0,
22,15,top,other,412.582,316.244,237,53,0,
22,16,top,host,314.192,152.864,57,47,0,
22,16,top,other,404.195,321.69,237,53,0,
22,17,top,host,322.579,147.418,57,47,0,
22,17,top,other,395.808,327.136,237,53,0,
22,18,top,host,330.966,141.972,57,47,0,
22,18,top,other,387.421,332.582,237,53,0,
22,19,top,host,339.353,136.526,57,47,0,
22,19,top,other,379.034,338.028,237,53,0,
22,20,top,host,347.74,131.08,57,51,0,
22,20,top,other,370.647,343.474,237,54,0,
22,21,top,host,347.74,131.08,57,51,0,
22,21,top,other,370.647,343.474,237,54,0,
22,22,top,host,347.74,131.08,57,51,0,
22,22,top,other,370.647,343.474,237,54,0,
23,1,bottom,host,188.387,234.554,57,51,0,
23,1,bottom,other,530,240,270,54,0,
23,2,bottom,host,196.774,229.108,57,51,0,
23,2,bottom,other,520,240,270,54,0,
23,3,bottom,host,205.161,223.662,57,51,0,
23,3,bottom,other,510,240,270,54,0,
23,4,bottom,host,213.548,218.216,57,51,0,
23,4,bottom,other,500,240,270,54,0,
23,5,bottom,host,221.935,212.77,57,51,0,
23,5,bottom,other,492.453,246.561,229,54,0,
23,6,bottom,host,230.322,207.324,57,51,0,
23,6,bottom,other,484.906,253.122,229,54,0,
23,7,bottom,host,238.709,201.878,57,51,0,
23,7,bottom,other,477.359,259.683,229,54,0,
23,8,bottom,host,247.096,196.432,57,51,0,
23,8,bottom,other,469.812,266.244,229,54,0,
23,9,bottom,host,255.483,190.986,57,51,0,
23,9,bottom,other,462.265,272.805,229,54,0,
23,10,bottom,host,263.87,185.54,57,51,0,
23,10,bottom,other,454.718,279.366,229,54,0,
23,11,bottom,host,272.257,180.094,57,51,0,
23,11,bottom,other,447.171,285.927,229,54,0,
23,12,bottom,host,280.644,174.648,57,51,0,
23,12,bottom,other,439.624,292.488,229,54,0,
23,13,bottom,host,289.031,169.202,57,51,0,
23,13,bottom,other,432.077,299.049,229,54,0,
23,14,bottom,host,297.418,163.756,57,51,0,
23,14,bottom,other,424.53,305.61,229,54,0,
23,15,bottom,host,305.805,158.31,57,51,0,
23,15,bottom,other,416.983,312.171,229,54,0,
23,16,bottom,host,314.192,152.864,57,51,0,
23,16,bottom,other,409.436,318.732,229,54,0,
23,17,bottom,host,322.579,147.418,57,51,0,
23,17,bottom,other,401.889,325.293,229,54,0,
23,18,bottom,host,330.966,141.972,57,51,0,
23,18,bottom,other,394.342,331.854,229,54,0,
23,19,bottom,host,339.353,136.526,57,51,0,
23,19,bottom,other,386.795,338.415,229,54,0,
23,20,bottom,host,347.74,131.08,57,52,0,
23,20,bottom,other,379.248,344.976,229,58,0,
23,21,bottom,host,347.74,131.08,57,52,0,
23,21,bottom,other,379.248,344.976,229,58,0,
23,22,bottom,host,347.74,131.08,57,52,0,
23,22,bottom,other,379.248,344.976,229,58,0,
24,1,bottom,host,188.387,234.554,57,52,0,
24,1,bottom,other,530,240,270,58,0,
24,2,bottom,host,196.774,229.108,57,52,0,
24,2,bottom,other,520,240,270,58,0,
24,3,bottom,host,205.161,223.662,57,52,0,
24,3,bottom,other,510,240,270,58,0,
24,4,bottom,host,213.548,218.216,57,52,0,
24,4,bottom,other,500,240,270,58,0,
24,5,bottom,host,221.935,212.77,57,52,0,
24,5,bottom,other,490,240,270,58,0,
24,6,bottom,host,230.322,207.324,57,52,0,
24,6,bottom,other,480,240,270,58,0,
24,7,bottom,host,238.709,201.878,57,52,0,
24,7,bottom,other,470,240,270,58,0,
24,8,bottom,host,247.096,196.432,57,52,0,
24,8,bottom,other,460,240,270,58,0,
24,9,bottom,host,255.483,190.986,57,52,0,
24,9,bottom,other,450,240,270,58,0,
24,10,bottom,host,263.87,185.54,57,52,0,
24,10,bottom,other,440,240,270,58,0,
24,11,bottom,host,272.257,180.094,57,52,0,
24,11,bottom,other,430,240,270,58,0,
24,12,bottom,host,280.644,174.648,57,52,0,
24,12,bottom,other,420,240,270,58,0,
24,13,bottom,host,289.031,169.202,57,52,0,
24,13,bottom,other,410,240,270,58,0,
24,14,bottom,host,297.418,163.756,57,52,0,
24,14,bottom,other,400,240,270,58,0,
24,15,bottom,host,305.805,158.31,57,52,0,
24,15,bottom,other,396.093,249.205,203,58,0,
24,16,bottom,host,314.192,152.864,57,52,0,
24,16,bottom,other,392.186,258.41,203,58,0,
24,17,bottom,host,322.579,147.418,57,52,0,
24,17,bottom,other,388.279,267.615,203,58,0,
24,18,bottom,host,330.966,141.972,57,52,0,
24,18,bottom,other,384.372,276.82,203,58,0,
24,19,bottom,host,339.353,136.526,57,52,0,
24,19,bottom,other,380.465,286.025,203,58,0,
24,20,bottom,host,347.74,131.08,57,53,0,
24,20,bottom,other,376.558,295.23,203,62,0,
24,21,bottom,host,347.74,131.08,57,53,0,
24,21,bottom,other,376.558,295.23,203,62,0,
24,22,bottom,host,347.74,131.08,57,53,0,
24,22,bottom,other,376.558,295.23,203,62,0,
25,1,top,host,188.387,234.554,57,53,0,
25,1,top,other,531.71,245.592,236,62,0,
25,2,top,host,196.774,229.108,57,53,0,
25,2,top,other,523.42,251.184,236,62,0,
25,3,top,host,205.161,223.662,57,53,0,
25,3,top,other,515.13,256.776,236,62,0,
25,4,top,host,213.548,218.216,57,53,0,
25,4,top,other,506.84,262.368,236,62,0,
25,5,top,host,221.935,212.77,57,53,0,
25,5,top,other,498.55,267.96,236,62,0,
25,6,top,host,230.322,207.324,57,53,0,
25,6,top,other,490.26,273.552,236,62,0,
25,7,top,host,238.709,201.878,57,53,0,
25,7,top,other,481.97,279.144,236,62,0,
25,8,top,host,247.096,196.432,57,53,0,
25,8,top,other,473.68,284.736,236,62,0,
25,9,top,host,255.483,190.986,57,53,0,
25,9,top,other,465.39,290.328,236,62,0,
25,10,top,host,263.87,185.54,57,53,0,
25,10,top,other,457.1,295.92,236,62,0,
25,11,top,host,272.257,180.094,57,53,0,
25,11,top,other,448.81,301.512,236,62,0,
25,12,top,host,280.644,174.648,57,53,0,
25,12,top,other,440.52,307.104,236,62,0,
25,13,top,host,289.031,169.202,57,53,0,
25,13,top,other,432.23,312.696,236,62,0,
25,14,top,host,297.418,163.756,57,53,0,
25,14,top,other,423.94,318.288,236,62,0,
25,15,top,host,305.805,158.31,57,53,0,
25,15,top,other,415.65,323.88,236,62,0,
25,16,top,host,314.192,152.864,57,53,0,
25,16,top,other,407.36,329.472,236,62,0,
25,17,top,host,322.579,147.418,57,53,0,
25,17,top,other,399.07,335.064,236,62,0,
25,18,top,host,330.966,141.972,57,53,0,
25,18,top,other,390.78,340.656,236,62,0,
25,19,top,host,339.353,136.526,57,53,0,
25,19,top,other,382.49,346.248,236,62,0,
25,20,top,host,347.74,131.08,57,57,0,
25,20,top,other,374.2,351.84,236,63,0,
25,21,top,host,347.74,131.08,57,57,0,
25,21,top,other,374.2,351.84,236,63,0,
25,22,top,host,347.74,131.08,57,57,0,
25,22,top,other,374.2,351.84,236,63,0,
26,1,bottom,host,188.387,234.554,57,57,0,
26,1,bottom,other,532.12,246.157,232,63,0,
26,2,bottom,host,196.774,229.108,57,57,0,
26,2,bottom,other,524.03,252.035,234,63,0,
26,3,bottom,host,205.161,223.662,57,57,0,
26,3,bottom,other,515.94,257.913,234,63,0,
26,4,bottom,host,213.548,218.216,57,57,0,
26,4,bottom,other,507.65,263.505,236,63,0,
26,5,bottom,host,221.935,212.77,57,57,0,
26,5,bottom,other,499.36,269.097,236,63,0,
26,6,bottom,host,230.322,207.324,57,57,0,
26,6,bottom,other,491.07,274.689,236,63,0,
26,7,bottom,host,238.709,201.878,57,57,0,
26,7,bottom,other,482.78,280.281,236,63,0,
26,8,bottom,host,247.096,196.432,57,57,0,
26,8,bottom,other,474.49,285.873,236,63,0,
26,9,bottom,host,255.483,190.986,57,57,0,
26,9,bottom,other,466.2,291.465,236,63,0,
26,10,bottom,host,263.87,185.54,57,57,0,
26,10,bottom,other,457.91,297.057,236,63,0,
26,11,bottom,host,272.257,180.094,57,57,0,
26,11,bottom,other,449.62,302.649,236,63,0,
26,12,bottom,host,280.644,174.648,57,57,0,
26,12,bottom,other,441.33,308.241,236,63,0,
26,13,bottom,host,289.031,169.202,57,57,0,
26,13,bottom,other,433.04,313.833,236,63,0,
26,14,bottom,host,297.418,163.756,57,57,0,
26,14,bottom,other,424.75,319.425,236,63,0,
26,15,bottom,host,305.805,158.31,57,57,0,
26,15,bottom,other,416.46,325.017,236,63,0,
26,16,bottom,host,314.192,152.864,57,57,0,
26,16,bottom,other,408.17,330.609,236,63,0,
26,17,bottom,host,322.579,147.418,57,57,0,
26,17,bottom,other,399.88,336.201,236,63,0,
26,18,bottom,host,330.966,141.972,57,57,0,
26,18,bottom,other,391.59,341.793,236,63,0,
26,19,bottom,host,339.353,136.526,57,57,0,
26,19,bottom,other,383.3,347.385,236,63,0,
26,20,bottom,host,347.74,131.08,57,58,0,
26,20,bottom,other,375.01,352.977,236,67,0,
26,21,bottom,host,347.74,131.08,57,58,0,
26,21,bottom,other,375.01,352.977,236,67,0,
26,22,bottom,host,347.74,131.08,57,58,0,
26,22,bottom,other,375.01,352.977,236,67,0,
27,1,bottom,host,188.387,234.554,57,58,0,
27,1,bottom,other,530,240,270,67,0,
27,2,bottom,host,196.774,229.108,57,58,0,
27,2,bottom,other,520,240,270,67,0,
27,3,bottom,host,205.161,223.662,57,58,0,
27,3,bottom,other,510,240,270,67,0,
27,4,bottom,host,213.548,218.216,57,58,0,
27,4,bottom,other,500,240,270,67,0,
27,5,bottom,host,221.935,212.77,57,58,0,
27,5,bottom,other,490,240,270,67,0,
27,6,bottom,host,230.322,207.324,57,58,0,
27,6,bottom,other,480,240,270,67,0,
27,7,bottom,host,238.709,201.878,57,58,0,
27,7,bottom,other,470,240,270,67,0,
27,8,bottom,host,247.096,196.432,57,58,0,
27,8,bottom,other,460,240,270,67,0,
27,9,bottom,host,255.483,190.986,57,58,0,
27,9,bottom,other,454.122,248.09,216,67,0,
27,10,bottom,host,263.87,185.54,57,58,0,
27,10,bottom,other,448.244,256.18,216,67,0,
27,11,bottom,host,272.257,180.094,57,58,0,
27,11,bottom,other,442.366,264.27,216,67,0,
27,12,bottom,host,280.644,174.648,57,58,0,
27,12,bottom,other,436.488,272.36,216,67,0,
27,13,bottom,host,289.031,169.202,57,58,0,
27,13,bottom,other,430.61,280.45,216,67,0,
27,14,bottom,host,297.418,163.756,57,58,0,
27,14,bottom,other,424.732,288.54,216,67,0,
27,15,bottom,host,305.805,158.31,57,58,0,
27,15,bottom,other,418.854,296.63,216,67,0,
27,16,bottom,host,314.192,152.864,57,58,0,
27,16,bottom,other,412.976,304.72,216,67,0,
27,17,bottom,host,322.579,147.418,57,58,0,
27,17,bottom,other,407.098,312.81,216,67,0,
27,18,bottom,host,330.966,141.972,57,58,0,
27,18,bottom,other,399.905,319.757,226,67,0,
27,19,bottom,host,339.353,136.526,57,58,0,
27,19,bottom,other,392.712,326.704,226,67,0,
27,20,bottom,host,347.74,131.08,57,59,0,
27,20,bottom,other,385.519,333.651,226,71,0,
27,21,bottom,host,347.74,131.08,57,59,0,
27,21,bottom,other,385.519,333.651,226,71,0,
27,22,bottom,host,347.74,131.08,57,59,0,
27,22,bottom,other,385.519,333.651,226,71,0,
28,1,top,host,188.387,234.554,57,59,0,
28,1,top,other,532.12,246.157,232,71,0,
28,2,top,host,196.774,229.108,57,59,0,
28,2,top,other,523.928,251.893,235,71,0,
28,3,top,host,205.161,223.662,57,59,0,
28,3,top,other,515.638,257.485,236,71,0,
28,4,top,host,213.548,218.216,57,59,0,
28,4,top,other,507.348,263.077,236,71,0,
28,5,top,host,221.935,212.77,57,59,0,
28,5,top,other,499.058,268.669,236,71,0,
28,6,top,host,230.322,207.324,57,59,0,
28,6,top,other,490.768,274.261,236,71,0,
28,7,top,host,238.709,201.878,57,59,0,
28,7,top,other,482.478,279.853,236,71,0,
28,8,top,host,247.096,196.432,57,59,0,
28,8,top,other,474.188,285.445,236,71,0,
28,9,top,host,255.483,190.986,57,59,0,
28,9,top,other,465.898,291.037,236,71,0,
28,10,top,host,263.87,185.54,57,59,0,
28,10,top,other,457.608,296.629,236,71,0,
28,11,top,host,272.257,180.094,57,59,0,
28,11,top,other,449.318,302.221,236,71,0,
28,12,top,host,280.644,174.648,57,59,0,
28,12,top,other,441.028,307.813,236,71,0,
28,13,top,host,289.031,169.202,57,59,0,
28,13,top,other,432.738,313.405,236,71,0,
28,14,top,host,297.418,163.756,57,59,0,
28,14,top,other,424.448,318.997,236,71,0,
28,15,top,host,305.805,158.31,57,59,0,
28,15,top,other,416.158,324.589,236,71,0,
28,16,top,host,314.192,152.864,57,59,0,
28,16,top,other,407.868,330.181,236,71,0,
28,17,top,host,322.579,147.418,57,59,0,
28,17,top,other,399.578,335.773,236,71,0,
28,18,top,host,330.966,141.972,57,59,0,
28,18,top,other,391.288,341.365,236,71,0,
28,19,top,host,339.353,136.526,57,59,0,
28,19,top,other,382.998,346.957,236,71,0,
28,20,top,host,347.74,131.08,57,63,0,
28,20,top,other,374.708,352.549,236,72,0,
28,21,top,host,347.74,131.08,57,63,0,
28,21,top,other,374.708,352.549,236,72,0,
28,22,top,host,347.74,131.08,57,63,0,
28,22,top,other,374.708,352.549,236,72,0,
29,1,bottom,host,188.387,234.554,57,63,0,
29,1,bottom,other,531.808,245.736,235,72,0,
29,2,bottom,host,196.774,229.108,57,63,0,
29,2,bottom,other,523.616,251.472,235,72,0,
29,3,bottom,host,205.161,223.662,57,63,0,
29,3,bottom,other,515.424,257.208,235,72,0,
29,4,bottom,host,213.548,218.216,57,63,0,
29,4,bottom,other,507.232,262.944,235,72,0,
29,5,bottom,host,221.935,212.77,57,63,0,
29,5,bottom,other,499.04,268.68,235,72,0,
29,6,bottom,host,230.322,207.324,57,63,0,
29,6,bottom,other,490.848,274.416,235,72,0,
29,7,bottom,host,238.709,201.878,57,63,0,
29,7,bottom,other,482.656,280.152,235,72,0,
29,8,bottom,host,247.096,196.432,57,63,0,
29,8,bottom,other,474.464,285.888,235,72,0,
29,9,bottom,host,255.483,190.986,57,63,0,
29,9,bottom,other,466.272,291.624,235,72,0,
29,10,bottom,host,263.87,185.54,57,63,0,
29,10,bottom,other,458.08,297.36,235,72,0,
29,11,bottom,host,272.257,180.094,57,63,0,
29,11,bottom,other,449.888,303.096,235,72,0,
29,12,bottom,host,280.644,174.648,57,63,0,
29,12,bottom,other,441.696,308.832,235,72,0,
29,13,bottom,host,289.031,169.202,57,63,0,
29,13,bottom,other,433.504,314.568,235,72,0,
29,14,bottom,host,297.418,163.756,57,63,0,
29,14,bottom,other,425.312,320.304,235,72,0,
29,15,bottom,host,305.805,158.31,57,63,0,
29,15,bottom,other,417.12,326.04,235,72,0,
29,16,bottom,host,314.192,152.864,57,63,0,
29,16,bottom,other,408.928,331.776,235,72,0,
29,17,bottom,host,322.579,147.418,57,63,0,
29,17,bottom,other,400.736,337.512,235,72,0,
29,18,bottom,host,330.966,141.972,57,63,0,
29,18,bottom,other,392.544,343.248,235,72,0,
29,19,bottom,host,339.353,136.526,57,63,0,
29,19,bottom,other,384.352,348.984,235,72,0,
29,20,bottom,host,347.74,131.08,57,64,0,
29,20,bottom,other,376.16,354.72,235,76,0,
29,21,bottom,host,347.74,131.08,57,64,0,
29,21,bottom,other,376.16,354.72,235,76,0,
29,22,bottom,host,347.74,131.08,57,64,0,
29,22,bottom,other,376.16,354.72,235,76,0,
30,1,top,host,188.387,234.554,57,64,0,
30,1,top,other,531.808,245.736,235,76,0,
30,2,top,host,196.774,229.108,57,64,0,
30,2,top,other,523.616,251.472,235,76,0,
30,3,top,host,205.161,223.662,57,64,0,
30,3,top,other,515.424,257.208,235,76,0,
30,4,top,host,213.548,218.216,57,64,0,
30,4,top,other,507.232,262.944,235,76,0,
30,5,top,host,221.935,212.77,57,64,0,
30,5,top,other,499.04,268.68,235,76,0,
30,6,top,host,230.322,207.324,57,64,0,
30,6,top,other,490.848,274.416,235,76,0,
30,7,top,host,238.709,201.878,57,64,0,
30,7,top,other,482.656,280.152,235,76,0,
30,8,top,host,247.096,196.432,57,64,0,
30,8,top,other,474.464,285.888,235,76,0,
30,9,top,host,255.483,190.986,57,64,0,
30,9,top,other,466.272,291.624,235,76,0,
30,10,top,host,263.87,185.54,57,64,0,
30,10,top,other,458.08,297.36,235,76,0,
30,11,top,host,272.257,180.094,57,64,0,
30,11,top,other,449.888,303.096,235,76,0,
30,12,top,host,280.644,174.648,57,64,0,
30,12,top,other,441.696,308.832,235,76,0,
30,13,top,host,289.031,169.202,57,64,0,
30,13,top,other,433.504,314.568,235,76,0,
30,14,top,host,297.418,163.756,57,64,0,
30,14,top,other,425.312,320.304,235,76,0,
30,15,top,host,305.805,158.31,57,64,0,
30,15,top,other,417.12,326.04,235,76,0,
30,16,top,host,314.192,152.864,57,64,0,
30,16,top,other,408.928,331.776,235,76,0,
30,17,top,host,322.579,147.418,57,64,0,
30,17,top,other,400.736,337.512,235,76,0,
30,18,top,host,330.966,141.972,57,64,0,
30,18,top,other,392.544,343.248,235,76,0,
30,19,top,host,339.353,136.526,57,64,0,
30,19,top,other,384.352,348.984,235,76,0,
30,20,top,host,347.74,131.08,57,68,0,
30,20,top,other,376.16,354.72,235,77,0,
30,21,top,host,347.74,131.08,57,68,0,
30,21,top,other,376.16,354.72,235,77,0,
30,22,top,host,347.74,131.08,57,68,0,
30,22,top,other,376.16,354.72,235,77,0,
31,1,bottom,host,188.387,234.554,57,68,0,
31,1,bottom,other,530,240,270,77,0,
31,2,bottom,host,196.774,229.108,57,68,0,
31,2,bottom,other,520,240,270,77,0,
31,3,bottom,host,205.161,223.662,57,68,0,
31,3,bottom,other,512.569,246.691,228,77,0,
31,4,bottom,host,213.548,218.216,57,68,0,
31,4,bottom,other,505.138,253.382,228,77,0,
31,5,bottom,host,221.935,212.77,57,68,0,
31,5,bottom,other,497.707,260.073,228,77,0,
31,6,bottom,host,230.322,207.324,57,68,0,
31,6,bottom,other,490.276,266.764,228,77,0,
31,7,bottom,host,238.709,201.878,57,68,0,
31,7,bottom,other,482.845,273.455,228,77,0,
31,8,bottom,host,247.096,196.432,57,68,0,
31,8,bottom,other,475.414,280.146,228,77,0,
31,9,bottom,host,255.483,190.986,57,68,0,
31,9,bottom,other,467.983,286.837,228,77,0,
31,10,bottom,host,263.87,185.54,57,68,0,
31,10,bottom,other,460.552,293.528,228,77,0,
31,11,bottom,host,272.257,180.094,57,68,0,
31,11,bottom,other,453.121,300.219,228,77,0,
31,12,bottom,host,280.644,174.648,57,68,0,
31,12,bottom,other,445.69,306.91,228,77,0,
31,13,bottom,host,289.031,169.202,57,68,0,
31,13,bottom,other,438.259,313.601,228,77,0,
31,14,bottom,host,297.418,163.756,57,68,0,
31,14,bottom,other,430.828,320.292,228,77,0,
31,15,bottom,host,305.805,158.31,57,68,0,
31,15,bottom,other,423.397,326.983,228,77,0,
31,16,bottom,host,314.192,152.864,57,68,0,
31,16,bottom,other,415.966,333.674,228,77,0,
31,17,bottom,host,322.579,147.418,57,68,0,
31,17,bottom,other,408.535,340.365,228,77,0,
31,18,bottom,host,330.966,141.972,57,68,0,
31,18,bottom,other,401.104,347.056,228,77,0,
31,19,bottom,host,339.353,136.526,57,68,0,
31,19,bottom,other,393.673,353.747,228,77,0,
31,20,bottom,host,347.74,131.08,57,69,0,
31,20,bottom,other,386.242,360.438,228,81,0,
31,21,bottom,host,347.74,131.08,57,69,0,
31,21,bottom,other,386.242,360.438,228,81,0,
31,22,bottom,host,347.74,131.08,57,69,0,
31,22,bottom,other,386.242,360.438,228,81,0,
32,1,top,host,188.387,234.554,57,69,0,
32,1,top,other,531.808,245.736,235,81,0,
32,2,top,host,196.774,229.108,57,69,0,
32,2,top,other,523.616,251.472,235,81,0,
32,3,top,host,205.161,223.662,57,69,0,
32,3,top,other,515.424,257.208,235,81,0,
32,4,top,host,213.548,218.216,57,69,0,
32,4,top,other,507.232,262.944,235,81,0,
32,5,top,host,221.935,212.77,57,69,0,
32,5,top,other,499.04,268.68,235,81,0,
32,6,top,host,230.322,207.324,57,69,0,
32,6,top,other,490.848,274.416,235,81,0,
32,7,top,host,238.709,201.878,57,69,0,
32,7,top,other,482.656,280.152,235,81,0,
32,8,top,host,247.096,196.432,57,69,0,
32,8,top,other,474.464,285.888,235,81,0,
32,9,top,host,255.483,190.986,57,69,0,
32,9,top,other,466.272,291.624,235,81,0,
32,10,top,host,263.87,185.54,57,69,0,
32,10,top,other,458.08,297.36,235,81,0,
32,11,top,host,272.257,180.094,57,69,0,
32,11,top,other,449.888,303.096,235,81,0,
32,12,top,host,280.644,174.648,57,69,0,
32,12,top,other,441.696,308.832,235,81,0,
32,13,top,host,289.031,169.202,57,69,0,
32,13,top,other,433.504,314.568,235,81,0,
32,14,top,host,297.418,163.756,57,69,0,
32,14,top,other,425.312,320.304,235,81,0,
32,15,top,host,305.805,158.31,57,69,0,
32,15,top,other,417.12,326.04,235,81,0,
32,16,top,host,314.192,152.864,57,69,0,
32,16,top,other,408.928,331.776,235,81,0,
32,17,top,host,322.579,147.418,57,69,0,
32,17,top,other,400.736,337.512,235,81,0,
32,18,top,host,330.966,141.972,57,69,0,
32,18,top,other,392.544,343.248,235,81,0,
32,19,top,host,339.353,136.526,57,69,0,
32,19,top,other,384.352,348.984,235,81,0,
32,20,top,host,347.74,131.08,57,73,0,
32,20,top,other,376.16,354.72,235,82,0,
32,21,top,host,347.74,131.08,57,73,0,
32,21,top,other,376.16,354.72,235,82,0,
32,22,top,host,347.74,131.08,57,73,0,
32,22,top,other,376.16,354.72,235,82,0,
33,1,bottom,host,188.387,234.554,57,73,0,
33,1,bottom,other,530,240,270,82,0,
33,2,bottom,host,196.774,229.108,57,73,0,
33,2,bottom,other,520,240,270,82,0,
33,3,bottom,host,205.161,223.662,57,73,0,
33,3,bottom,other,510,240,270,82,0,
33,4,bottom,host,213.548,218.216,57,73,0,
33,4,bottom,other,500,240,270,82,0,
33,5,bottom,host,221.935,212.77,57,73,0,
33,5,bottom,other,492.807,246.947,226,82,0,
33,6,bottom,host,230.322,207.324,57,73,0,
33,6,bottom,other,485.26,253.508,229,82,0,
33,7,bottom,host,238.709,201.878,57,73,0,
33,7,bottom,other,477.713,260.069,229,82,0,
33,8,bottom,host,247.096,196.432,57,73,0,
33,8,bottom,other,470.166,266.63,229,82,0,
33,9,bottom,host,255.483,190.986,57,73,0,
33,9,bottom,other,462.619,273.191,229,82,0,
33,10,bottom,host,263.87,185.54,57,73,0,
33,10,bottom,other,455.072,279.752,229,82,0,
33,11,bottom,host,272.257,180.094,57,73,0,
33,11,bottom,other,447.525,286.313,229,82,0,
33,12,bottom,host,280.644,174.648,57,73,0,
33,12,bottom,other,439.754,292.606,231,82,0,
33,13,bottom,host,289.031,169.202,57,73,0,
33,13,bottom,other,432.323,299.297,228,82,0,
33,14,bottom,host,297.418,163.756,57,73,0,
33,14,bottom,other,424.776,305.858,229,82,0,
33,15,bottom,host,305.805,158.31,57,73,0,
33,15,bottom,other,417.116,312.286,230,82,0,
33,16,bottom,host,314.192,152.864,57,73,0,
33,16,bottom,other,409.345,318.579,231,82,0,
33,17,bottom,host,322.579,147.418,57,73,0,
33,17,bottom,other,401.574,324.872,231,82,0,
33,18,bottom,host,330.966,141.972,57,73,0,
33,18,bottom,other,394.143,331.563,228,82,0,
33,19,bottom,host,339.353,136.526,57,73,0,
33,19,bottom,other,386.712,338.254,228,82,0,
33,20,bottom,host,347.74,131.08,57,74,0,
33,20,bottom,other,379.281,344.945,228,86,0,
33,21,bottom,host,347.74,131.08,57,74,0,
33,21,bottom,other,371.734,351.506,229,86,0,
33,22,bottom,host,347.74,131.08,57,74,0,
33,22,bottom,other,364.187,358.067,229,86,0,
34,1,top,host,188.387,234.554,57,74,0,
34,1,top,other,531.71,245.592,236,86,0,
34,2,top,host,196.774,229.108,57,74,0,
34,2,top,other,523.42,251.184,236,86,0,
34,3,top,host,205.161,223.662,57,74,0,
34,3,top,other,515.13,256.776,236,86,0,
34,4,top,host,213.548,218.216,57,74,0,
34,4,top,other,506.84,262.368,236,86,0,
34,5,top,host,221.935,212.77,57,74,0,
34,5,top,other,498.55,267.96,236,86,0,
34,6,top,host,230.322,207.324,57,74,0,
34,6,top,other,490.26,273.552,236,86,0,
34,7,top,host,238.709,201.878,57,74,0,
34,7,top,other,481.97,279.144,236,86,0,
34,8,top,host,247.096,196.432,57,74,0,
34,8,top,other,473.68,284.736,236,86,0,
34,9,top,host,255.483,190.986,57,74,0,
34,9,top,other,465.39,290.328,236,86,0,
34,10,top,host,263.87,185.54,57,74,0,
34,10,top,other,457.1,295.92,236,86,0,
34,11,top,host,272.257,180.094,57,74,0,
34,11,top,other,448.81,301.512,236,86,0,
34,12,top,host,280.644,174.648,57,74,0,
34,12,top,other,440.52,307.104,236,86,0,
34,13,top,host,289.031,169.202,57,74,0,
34,13,top,other,432.23,312.696,236,86,0,
34,14,top,host,297.418,163.756,57,74,0,
34,14,top,other,423.94,318.288,236,86,0,
34,15,top,host,305.805,158.31,57,74,0,
34,15,top,other,415.65,323.88,236,86,0,
34,16,top,host,314.192,152.864,57,74,0,
34,16,top,other,407.36,329.472,236,86,0,
34,17,top,host,322.579,147.418,57,74,0,
34,17,top,other,399.07,335.064,236,86,0,
34,18,top,host,330.966,141.972,57,74,0,
34,18,top,other,390.498,340.214,239,86,0,
34,19,top,host,339.353,136.526,57,74,0,
34,19,top,other,381.926,345.364,239,86,0,
34,20,top,host,347.74,131.08,57,78,0,
34,20,top,other,373.354,350.514,239,87,0,
34,21,top,host,347.74,131.08,57,78,0,
34,21,top,other,373.354,350.514,239,87,0,
34,22,top,host,347.74,131.08,57,78,0,
34,22,top,other,373.354,350.514,239,87,0,
35,1,bottom,host,188.387,234.554,57,78,0,
35,1,bottom,other,530,240,270,87,0,
35,2,bottom,host,196.774,229.108,57,78,0,
35,2,bottom,other,520,240,270,87,0,
35,3,bottom,host,205.161,223.662,57,78,0,
35,3,bottom,other,512.014,246.018,233,87,0,
35,4,bottom,host,213.548,218.216,57,78,0,
35,4,bottom,other,504.028,252.036,233,87,0,
35,5,bottom,host,221.935,212.77,57,78,0,
35,5,bottom,other,496.042,258.054,233,87,0,
35,6,bottom,host,230.322,207.324,57,78,0,
35,6,bottom,other,488.056,264.072,233,87,0,
35,7,bottom,host,238.709,201.878,57,78,0,
35,7,bottom,other,480.07,270.09,233,87,0,
35,8,bottom,host,247.096,196.432,57,78,0,
35,8,bottom,other,472.084,276.108,233,87,0,
35,9,bottom,host,255.483,190.986,57,78,0,
35,9,bottom,other,464.098,282.126,233,87,0,
35,10,bottom,host,263.87,185.54,57,78,0,
35,10,bottom,other,456.112,288.144,233,87,0,
35,11,bottom,host,272.257,180.094,57,78,0,
35,11,bottom,other,448.126,294.162,233,87,0,
35,12,bottom,host,280.644,174.648,57,78,0,
35,12,bottom,other,440.14,300.18,233,87,0,
35,13,bottom,host,289.031,169.202,57,78,0,
35,13,bottom,other,432.154,306.198,233,87,0,
35,14,bottom,host,297.418,163.756,57,78,0,
35,14,bottom,other,424.168,312.216,233,87,0,
35,15,bottom,host,305.805,158.31,57,78,0,
35,15,bottom,other,416.182,318.234,233,87,0,
35,16,bottom,host,314.192,152.864,57,78,0,
35,16,bottom,other,408.196,324.252,233,87,0,
35,17,bottom,host,322.579,147.418,57,78,0,
35,17,bottom,other,400.21,330.27,233,87,0,
35,18,bottom,host,330.966,141.972,57,78,0,
35,18,bottom,other,392.224,336.288,233,87,0,
35,19,bottom,host,339.353,136.526,57,78,0,
35,19,bottom,other,384.238,342.306,233,87,0,
35,20,bottom,host,347.74,131.08,57,79,0,
35,20,bottom,other,376.252,348.324,233,91,0,
35,21,bottom,host,347.74,131.08,57,79,0,
35,21,bottom,other,376.252,348.324,233,91,0,
35,22,bottom,host,347.74,131.08,57,79,0,
35,22,bottom,other,376.252,348.324,233,91,0,
36,1,bottom,host,188.387,234.554,57,79,0,
36,1,bottom,other,530,240,270,91,0,
36,2,bottom,host,196.774,229.108,57,79,0,
36,2,bottom,other,520,240,270,91,0,
36,3,bottom,host,205.161,223.662,57,79,0,
36,3,bottom,other,510,240,270,91,0,
36,4,bottom,host,213.548,218.216,57,79,0,
36,4,bottom,other,500,240,270,91,0,
36,5,bottom,host,221.935,212.77,57,79,0,
36,5,bottom,other,490,240,270,91,0,
36,6,bottom,host,230.322,207.324,57,79,0,
36,6,bottom,other,480,240,270,91,0,
36,7,bottom,host,238.709,201.878,57,79,0,
36,7,bottom,other,470,240,270,91,0,
36,8,bottom,host,247.096,196.432,57,79,0,
36,8,bottom,other,460,240,270,91,0,
36,9,bottom,host,255.483,190.986,57,79,0,
36,9,bottom,other,450,240,270,91,0,
36,10,bottom,host,263.87,185.54,57,79,0,
36,10,bottom,other,440,240,270,91,0,
36,11,bottom,host,272.257,180.094,57,79,0,
36,11,bottom,other,430,240,270,91,0,
36,12,bottom,host,280.644,174.648,57,79,0,
36,12,bottom,other,420,240,270,91,0,
36,13,bottom,host,289.031,169.202,57,79,0,
36,13,bottom,other,415.152,248.746,209,91,0,
36,14,bottom,host,297.418,163.756,57,79,0,
36,14,bottom,other,410.304,257.492,209,91,0,
36,15,bottom,host,305.805,158.31,57,79,0,
36,15,bottom,other,405.456,266.238,209,91,0,
36,16,bottom,host,314.192,152.864,57,79,0,
36,16,bottom,other,400.608,274.984,209,91,0,
36,17,bottom,host,322.579,147.418,57,79,0,
36,17,bottom,other,395.76,283.73,209,91,0,
36,18,bottom,host,330.966,141.972,57,79,0,
36,18,bottom,other,390.912,292.476,209,91,0,
36,19,bottom,host,339.353,136.526,57,79,0,
36,19,bottom,other,386.064,301.222,209,91,0,
36,20,bottom,host,347.74,131.08,57,80,0,
36,20,bottom,other,381.216,309.968,209,95,0,
36,21,bottom,host,347.74,131.08,57,80,0,
36,21,bottom,other,381.216,309.968,209,95,0,
36,22,bottom,host,347.74,131.08,57,80,0,
36,22,bottom,other,381.216,309.968,209,95,0,
37,1,bottom,host,188.387,234.554,57,80,0,
37,1,bottom,other,531.71,245.592,236,95,0,
37,2,bottom,host,196.774,229.108,57,80,0,
37,2,bottom,other,523.42,251.184,236,95,0,
37,3,bottom,host,205.161,223.662,57,80,0,
37,3,bottom,other,515.13,256.776,236,95,0,
37,4,bottom,host,213.548,218.216,57,80,0,
37,4,bottom,other,506.84,262.368,236,95,0,
37,5,bottom,host,221.935,212.77,57,80,0,
37,5,bottom,other,498.55,267.96,236,95,0,
37,6,bottom,host,230.322,207.324,57,80,0,
37,6,bottom,other,490.26,273.552,236,95,0,
37,7,bottom,host,238.709,201.878,57,80,0,
37,7,bottom,other,481.97,279.144,236,95,0,
37,8,bottom,host,247.096,196.432,57,80,0,
37,8,bottom,other,473.68,284.736,236,95,0,
37,9,bottom,host,255.483,190.986,57,80,0,
37,9,bottom,other,465.39,290.328,236,95,0,
37,10,bottom,host,263.87,185.54,57,80,0,
37,10,bottom,other,457.1,295.92,236,95,0,
37,11,bottom,host,272.257,180.094,57,80,0,
37,11,bottom,other,448.81,301.512,236,95,0,
37,12,bottom,host,280.644,174.648,57,80,0,
37,12,bottom,other,440.52,307.104,236,95,0,
37,13,bottom,host,289.031,169.202,57,80,0,
37,13,bottom,other,432.23,312.696,236,95,0,
37,14,bottom,host,297.418,163.756,57,80,0,
37,14,bottom,other,423.94,318.288,236,95,0,
37,15,bottom,host,305.805,158.31,57,80,0,
37,15,bottom,other,415.65,323.88,236,95,0,
37,16,bottom,host,314.192,152.864,57,80,0,
37,16,bottom,other,407.36,329.472,236,95,0,
37,17,bottom,host,322.579,147.418,57,80,0,
37,17,bottom,other,399.07,335.064,236,95,0,
37,18,bottom,host,330.966,141.972,57,80,0,
37,18,bottom,other,390.78,340.656,236,95,0,
37,19,bottom,host,339.353,136.526,57,80,0,
37,19,bottom,other,382.49,346.248,236,95,0,
37,20,bottom,host,347.74,131.08,57,81,0,
37,20,bottom,other,374.2,351.84,236,99,0,
37,21,bottom,host,347.74,131.08,57,81,0,
37,21,bottom,other,374.2,351.84,236,99,0,
37,22,bottom,host,347.74,131.08,57,81,0,
37,22,bottom,other,374.2,351.84,236,99,0,
38,1,bottom,host,188.387,234.554,57,81,0,
38,1,bottom,other,530,240,270,99,0,
38,2,bottom,host,196.774,229.108,57,81,0,
38,2,bottom,other,520,240,270,99,0,
38,3,bottom,host,205.161,223.662,57,81,0,
38,3,bottom,other,510,240,270,99,0,
38,4,bottom,host,213.548,218.216,57,81,0,
38,4,bottom,other,500,240,270,99,0,
38,5,bottom,host,221.935,212.77,57,81,0,
38,5,bottom,other,490,240,270,99,0,
38,6,bottom,host,230.322,207.324,57,81,0,
38,6,bottom,other,482.686,246.82,227,99,0,
38,7,bottom,host,238.709,201.878,57,81,0,
38,7,bottom,other,475.372,253.64,227,99,0,
38,8,bottom,host,247.096,196.432,57,81,0,
38,8,bottom,other,468.058,260.46,227,99,0,
38,9,bottom,host,255.483,190.986,57,81,0,
38,9,bottom,other,460.744,267.28,227,99,0,
38,10,bottom,host,263.87,185.54,57,81,0,
38,10,bottom,other,453.43,274.1,227,99,0,
38,11,bottom,host,272.257,180.094,57,81,0,
38,11,bottom,other,446.116,280.92,227,99,0,
38,12,bottom,host,280.644,174.648,57,81,0,
38,12,bottom,other,438.802,287.74,227,99,0,
38,13,bottom,host,289.031,169.202,57,81,0,
38,13,bottom,other,431.488,294.56,227,99,0,
38,14,bottom,host,297.418,163.756,57,81,0,
38,14,bottom,other,424.174,301.38,227,99,0,
38,15,bottom,host,305.805,158.31,57,81,0,
38,15,bottom,other,416.86,308.2,227,99,0,
38,16,bottom,host,314.192,152.864,57,81,0,
38,16,bottom,other,409.546,315.02,227,99,0,
38,17,bottom,host,322.579,147.418,57,81,0,
38,17,bottom,other,402.232,321.84,227,99,0,
38,18,bottom,host,330.966,141.972,57,81,0,
38,18,bottom,other,394.918,328.66,227,99,0,
38,19,bottom,host,339.353,136.526,57,81,0,
38,19,bottom,other,387.604,335.48,227,99,0,
38,20,bottom,host,347.74,131.08,57,82,0,
38,20,bottom,other,380.29,342.3,227,103,0,
38,21,bottom,host,347.74,131.08,57,82,0,
38,21,bottom,other,380.29,342.3,227,103,0,
38,22,bottom,host,347.74,131.08,57,82,0,
38,22,bottom,other,380.29,342.3,227,103,0,
39,1,bottom,host,188.387,234.554,57,82,0,
39,1,bottom,other,531.613,245.446,237,103,0,
39,2,bottom,host,196.774,229.108,57,82,0,
39,2,bottom,other,523.421,251.182,235,103,0,
39,3,bottom,host,205.161,223.662,57,82,0,
39,3,bottom,other,515.034,256.628,237,103,0,
39,4,bottom,host,213.548,218.216,57,82,0,
39,4,bottom,other,506.647,262.074,237,103,0,
39,5,bottom,host,221.935,212.77,57,82,0,
39,5,bottom,other,498.455,267.81,235,103,0,
39,6,bottom,host,230.322,207.324,57,82,0,
39,6,bottom,other,490.263,273.546,235,103,0,
39,7,bottom,host,238.709,201.878,57,82,0,
39,7,bottom,other,482.071,279.282,235,103,0,
39,8,bottom,host,247.096,196.432,57,82,0,
39,8,bottom,other,473.684,284.728,237,103,0,
39,9,bottom,host,255.483,190.986,57,82,0,
39,9,bottom,other,465.297,290.174,237,103,0,
39,10,bottom,host,263.87,185.54,57,82,0,
39,10,bottom,other,456.91,295.62,237,103,0,
39,11,bottom,host,272.257,180.094,57,82,0,
39,11,bottom,other,448.523,301.066,237,103,0,
39,12,bottom,host,280.644,174.648,57,82,0,
39,12,bottom,other,440.136,306.512,237,103,0,
39,13,bottom,host,289.031,169.202,57,82,0,
39,13,bottom,other,431.749,311.958,237,103,0,
39,14,bottom,host,297.418,163.756,57,82,0,
39,14,bottom,other,423.362,317.404,237,103,0,
39,15,bottom,host,305.805,158.31,57,82,0,
39,15,bottom,other,414.975,322.85,237,103,0,
39,16,bottom,host,314.192,152.864,57,82,0,
39,16,bottom,other,406.588,328.296,237,103,0,
39,17,bottom,host,322.579,147.418,57,82,0,
39,17,bottom,other,398.201,333.742,237,103,0,
39,18,bottom,host,330.966,141.972,57,82,0,
39,18,bottom,other,389.814,339.188,237,103,0,
39,19,bottom,host,339.353,136.526,57,82,0,
39,19,bottom,other,381.427,344.634,237,103,0,
39,20,bottom,host,347.74,131.08,57,83,0,
39,20,bottom,other,373.04,350.08,237,107,0,
39,21,bottom,host,347.74,131.08,57,83,0,
39,21,bottom,other,373.04,350.08,237,107,0,
39,22,bottom,host,347.74,131.08,57,83,0,
39,22,bottom,other,373.04,350.08,237,107,0,
40,1,top,host,188.387,234.554,57,83,0,
40,1,top,other,532.014,246.018,233,107,0,
40,2,top,host,196.774,229.108,57,83,0,
40,2,top,other,524.028,252.036,233,107,0,
40,3,top,host,205.161,223.662,57,83,0,
40,3,top,other,516.042,258.054,233,107,0,
40,4,top,host,213.548,218.216,57,83,0,
40,4,top,other,508.056,264.072,233,107,0,
40,5,top,host,221.935,212.77,57,83,0,
40,5,top,other,500.07,270.09,233,107,0,
40,6,top,host,230.322,207.324,57,83,0,
40,6,top,other,492.084,276.108,233,107,0,
40,7,top,host,238.709,201.878,57,83,0,
40,7,top,other,484.098,282.126,233,107,0,
40,8,top,host,247.096,196.432,57,83,0,
40,8,top,other,476.112,288.144,233,107,0,
40,9,top,host,255.483,190.986,57,83,0,
40,9,top,other,468.126,294.162,233,107,0,
40,10,top,host,263.87,185.54,57,83,0,
40,10,top,other,460.14,300.18,233,107,0,
40,11,top,host,272.257,180.094,57,83,0,
40,11,top,other,452.154,306.198,233,107,0,
40,12,top,host,280.644,174.648,57,83,0,
40,12,top,other,444.168,312.216,233,107,0,
40,13,top,host,289.031,169.202,57,83,0,
40,13,top,other,435.781,317.662,237,107,0,
40,14,top,host,297.418,163.756,57,83,0,
40,14,top,other,427.394,323.108,237,107,0,
40,15,top,host,305.805,158.31,57,83,0,
40,15,top,other,419.007,328.554,237,107,0,
40,16,top,host,314.192,152.864,57,83,0,
40,16,top,other,410.62,334,237,107,0,
40,17,top,host,322.579,147.418,57,83,0,
40,17,top,other,402.233,339.446,237,107,0,
40,18,top,host,330.966,141.972,57,83,0,
40,18,top,other,393.846,344.892,237,107,0,
40,19,top,host,339.353,136.526,57,83,0,
40,19,top,other,385.459,350.338,237,107,0,
40,20,top,host,347.74,131.08,57,87,0,
40,20,top,other,377.072,355.784,237,108,0,
40,21,top,host,347.74,131.08,57,87,0,
40,21,top,other,377.072,355.784,237,108,0,
40,22,top,host,347.74,131.08,57,87,0,
40,22,top,other,377.072,355.784,237,108,0,
41,1,top,host,188.387,234.554,57,87,0,
41,1,top,other,531.71,245.592,236,108,0,
41,2,top,host,196.774,229.108,57,87,0,
41,2,top,other,523.42,251.184,236,108,0,
41,3,top,host,205.161,223.662,57,87,0,
41,3,top,other,515.13,256.776,236,108,0,
41,4,top,host,213.548,218.216,57,87,0,
41,4,top,other,506.84,262.368,236,108,0,
41,5,top,host,221.935,212.77,57,87,0,
41,5,top,other,498.55,267.96,236,108,0,
41,6,top,host,230.322,207.324,57,87,0,
41,6,top,other,490.26,273.552,236,108,0,
41,7,top,host,238.709,201.878,57,87,0,
41,7,top,other,481.97,279.144,236,108,0,
41,8,top,host,247.096,196.432,57,87,0,
41,8,top,other,473.68,284.736,236,108,0,
41,9,top,host,255.483,190.986,57,87,0,
41,9,top,other,465.39,290.328,236,108,0,
41,10,top,host,263.87,185.54,57,87,0,
41,10,top,other,457.1,295.92,236,108,0,
41,11,top,host,272.257,180.094,57,87,0,
41,11,top,other,448.81,301.512,236,108,0,
41,12,top,host,280.644,174.648,57,87,0,
41,12,top,other,440.52,307.104,236,108,0,
41,13,top,host,289.031,169.202,57,87,0,
41,13,top,other,432.23,312.696,236,108,0,
41,14,top,host,297.418,163.756,57,87,0,
41,14,top,other,423.94,318.288,236,108,0,
41,15,top,host,305.805,158.31,57,87,0,
41,15,top,other,415.65,323.88,236,108,0,
41,16,top,host,314.192,152.864,57,87,0,
41,16,top,other,407.36,329.472,236,108,0,
41,17,top,host,322.579,147.418,57,87,0,
41,17,top,other,399.07,335.064,236,108,0,
41,18,top,host,330.966,141.972,57,87,0,
41,18,top,other,390.78,340.656,236,108,0,
41,19,top,host,339.353,136.526,57,87,0,
41,19,top,other,382.49,346.248,236,108,0,
41,20,top,host,347.74,131.08,57,91,0,
41,20,top,other,374.2,351.84,236,109,0,
41,21,top,host,347.74,131.08,57,91,0,
41,21,top,other,374.2,351.84,236,109,0,
41,22,top,host,347.74,131.08,57,91,0,
41,22,top,other,374.2,351.84,236,109,0,
42,1,bottom,host,188.387,234.554,57,91,0,
42,1,bottom,other,530,240,270,109,0,
42,2,bottom,host,196.774,229.108,57,91,0,
42,2,bottom,other,522.014,246.018,233,109,0,
42,3,bottom,host,205.161,223.662,57,91,0,
42,3,bottom,other,514.028,252.036,233,109,0,
42,4,bottom,host,213.548,218.216,57,91,0,
42,4,bottom,other,506.042,258.054,233,109,0,
42,5,bottom,host,221.935,212.77,57,91,0,
42,5,bottom,other,498.056,264.072,233,109,0,
42,6,bottom,host,230.322,207.324,57,91,0,
42,6,bottom,other,490.07,270.09,233,109,0,
42,7,bottom,host,238.709,201.878,57,91,0,
42,7,bottom,other,482.084,276.108,233,109,0,
42,8,bottom,host,247.096,196.432,57,91,0,
42,8,bottom,other,474.098,282.126,233,109,0,
42,9,bottom,host,255.483,190.986,57,91,0,
42,9,bottom,other,466.112,288.144,233,109,0,
42,10,bottom,host,263.87,185.54,57,91,0,
42,10,bottom,other,458.126,294.162,233,109,0,
42,11,bottom,host,272.257,180.094,57,91,0,
42,11,bottom,other,450.14,300.18,233,109,0,
42,12,bottom,host,280.644,174.648,57,91,0,
42,12,bottom,other,442.154,306.198,233,109,0,
42,13,bottom,host,289.031,169.202,57,91,0,
42,13,bottom,other,434.168,312.216,233,109,0,
42,14,bottom,host,297.418,163.756,57,91,0,
42,14,bottom,other,426.182,318.234,233,109,0,
42,15,bottom,host,305.805,158.31,57,91,0,
42,15,bottom,other,418.196,324.252,233,109,0,
42,16,bottom,host,314.192,152.864,57,91,0,
42,16,bottom,other,410.21,330.27,233,109,0,
42,17,bottom,host,322.579,147.418,57,91,0,
42,17,bottom,other,402.224,336.288,233,109,0,
42,18,bottom,host,330.966,141.972,57,91,0,
42,18,bottom,other,394.238,342.306,233,109,0,
42,19,bottom,host,339.353,136.526,57,91,0,
42,19,bottom,other,386.252,348.324,233,109,0,
42,20,bottom,host,347.74,131.08,57,92,0,
42,20,bottom,other,378.266,354.342,233,113,0,
42,21,bottom,host,347.74,131.08,57,92,0,
42,21,bottom,other,378.266,354.342,233,113,0,
42,22,bottom,host,347.74,131.08,57,92,0,
42,22,bottom,other,378.266,354.342,233,113,0,
43,1,bottom,host,188.387,234.554,57,92,0,
43,1,bottom,other,530,240,270,113,0,
43,2,bottom,host,196.774,229.108,57,92,0,
43,2,bottom,other,520,240,270,113,0,
43,3,bottom,host,205.161,223.662,57,92,0,
43,3,bottom,other,510,240,270,113,0,
43,4,bottom,host,213.548,218.216,57,92,0,
43,4,bottom,other,502.12,246.157,232,113,0,
43,5,bottom,host,221.935,212.77,57,92,0,
43,5,bottom,other,494.24,252.314,232,113,0,
43,6,bottom,host,230.322,207.324,57,92,0,
43,6,bottom,other,486.36,258.471,232,113,0,
43,7,bottom,host,238.709,201.878,57,92,0,
43,7,bottom,other,478.48,264.628,232,113,0,
43,8,bottom,host,247.096,196.432,57,92,0,
43,8,bottom,other,470.6,270.785,232,113,0,
43,9,bottom,host,255.483,190.986,57,92,0,
43,9,bottom,other,462.72,276.942,232,113,0,
43,10,bottom,host,263.87,185.54,57,92,0,
43,10,bottom,other,454.84,283.099,232,113,0,
43,11,bottom,host,272.257,180.094,57,92,0,
43,11,bottom,other,446.96,289.256,232,113,0,
43,12,bottom,host,280.644,174.648,57,92,0,
43,12,bottom,other,439.08,295.413,232,113,0,
43,13,bottom,host,289.031,169.202,57,92,0,
43,13,bottom,other,431.2,301.57,232,113,0,
43,14,bottom,host,297.418,163.756,57,92,0,
43,14,bottom,other,423.32,307.727,232,113,0,
43,15,bottom,host,305.805,158.31,57,92,0,
43,15,bottom,other,415.549,314.02,231,113,0,
43,16,bottom,host,314.192,152.864,57,92,0,
43,16,bottom,other,407.778,320.313,231,113,0,
43,17,bottom,host,322.579,147.418,57,92,0,
43,17,bottom,other,400.007,326.606,231,113,0,
43,18,bottom,host,330.966,141.972,57,92,0,
43,18,bottom,other,392.236,332.899,231,113,0,
43,19,bottom,host,339.353,136.526,57,92,0,
43,19,bottom,other,384.465,339.192,231,113,0,
43,20,bottom,host,347.74,131.08,57,93,0,
43,20,bottom,other,376.694,345.485,231,117,0,
43,21,bottom,host,347.74,131.08,57,93,0,
43,21,bottom,other,376.694,345.485,231,117,0,
43,22,bottom,host,347.74,131.08,57,93,0,
43,22,bottom,other,376.694,345.485,231,117,0,
44,1,bottom,host,188.387,234.554,57,93,0,
44,1,bottom,other,530,240,270,117,0,
44,2,bottom,host,196.774,229.108,57,93,0,
44,2,bottom,other,520,240,270,117,0,
44,3,bottom,host,205.161,223.662,57,93,0,
44,3,bottom,other,510,240,270,117,0,
44,4,bottom,host,213.548,218.216,57,93,0,
44,4,bottom,other,500,240,270,117,0,
44,5,bottom,host,221.935,212.77,57,93,0,
44,5,bottom,other,490,240,270,117,0,
44,6,bottom,host,230.322,207.324,57,93,0,
44,6,bottom,other,480,240,270,117,0,
44,7,bottom,host,238.709,201.878,57,93,0,
44,7,bottom,other,470,240,270,117,0,
44,8,bottom,host,247.096,196.432,57,93,0,
44,8,bottom,other,460,240,270,117,0,
44,9,bottom,host,255.483,190.986,57,93,0,
44,9,bottom,other,450,240,270,117,0,
44,10,bottom,host,263.87,185.54,57,93,0,
44,10,bottom,other,440,240,270,117,0,
44,11,bottom,host,272.257,180.094,57,93,0,
44,11,bottom,other,430,240,270,117,0,
44,12,bottom,host,280.644,174.648,57,93,0,
44,12,bottom,other,420,240,270,117,0,
44,13,bottom,host,289.031,169.202,57,93,0,
44,13,bottom,other,410,240,270,117,0,
44,14,bottom,host,297.418,163.756,57,93,0,
44,14,bottom,other,400,240,270,117,0,
44,15,bottom,host,305.805,158.31,57,93,0,
44,15,bottom,other,390,240,270,117,0,
44,16,bottom,host,314.192,152.864,57,93,0,
44,16,bottom,other,380,240,270,117,0,
44,17,bottom,host,322.579,147.418,57,93,0,
44,17,bottom,other,370,240,270,117,0,
44,18,bottom,host,330.966,141.972,57,93,0,
44,18,bottom,other,371.736,249.848,170,117,0,
44,19,bottom,host,339.353,136.526,57,93,0,
44,19,bottom,other,371.387,259.842,182,117,0,
44,20,bottom,host,347.74,131.08,57,94,0,
44,20,bottom,other,369.823,269.719,189,121,0,
44,21,bottom,host,347.74,131.08,57,94,0,
44,21,bottom,other,369.823,269.719,189,121,0,
44,22,bottom,host,347.74,131.08,57,94,0,
44,22,bottom,other,369.648,279.717,181,121,0,
45,1,top,host,188.387,234.554,57,94,0,
45,1,top,other,531.91,245.878,234,121,0,
45,2,top,host,196.774,229.108,57,94,0,
45,2,top,other,523.82,251.756,234,121,0,
45,3,top,host,205.161,223.662,57,94,0,
45,3,top,other,515.73,257.634,234,121,0,
45,4,top,host,213.548,218.216,57,94,0,
45,4,top,other,507.64,263.512,234,121,0,
45,5,top,host,221.935,212.77,57,94,0,
45,5,top,other,499.55,269.39,234,121,0,
45,6,top,host,230.322,207.324,57,94,0,
45,6,top,other,491.46,275.268,234,121,0,
45,7,top,host,238.709,201.878,57,94,0,
45,7,top,other,483.37,281.146,234,121,0,
45,8,top,host,247.096,196.432,57,94,0,
45,8,top,other,475.28,287.024,234,121,0,
45,9,top,host,255.483,190.986,57,94,0,
45,9,top,other,467.19,292.902,234,121,0,
45,10,top,host,263.87,185.54,57,94,0,
45,10,top,other,459.1,298.78,234,121,0,
45,11,top,host,272.257,180.094,57,94,0,
45,11,top,other,451.01,304.658,234,121,0,
45,12,top,host,280.644,174.648,57,94,0,
45,12,top,other,442.92,310.536,234,121,0,
45,13,top,host,289.031,169.202,57,94,0,
45,13,top,other,434.83,316.414,234,121,0,
45,14,top,host,297.418,163.756,57,94,0,
45,14,top,other,426.74,322.292,234,121,0,
45,15,top,host,305.805,158.31,57,94,0,
45,15,top,other,418.65,328.17,234,121,0,
45,16,top,host,314.192,152.864,57,94,0,
45,16,top,other,410.56,334.048,234,121,0,
45,17,top,host,322.579,147.418,57,94,0,
45,17,top,other,402.47,339.926,234,121,0,
45,18,top,host,330.966,141.972,57,94,0,
45,18,top,other,394.38,345.804,234,121,0,
45,19,top,host,339.353,136.526,57,94,0,
45,19,top,other,386.29,351.682,234,121,0,
45,20,top,host,347.74,131.08,57,98,0,
45,20,top,other,378.2,357.56,234,122,0,
45,21,top,host,347.74,131.08,57,98,0,
45,21,top,other,378.2,357.56,234,122,0,
45,22,top,host,347.74,131.08,57,98,0,
45,22,top,other,378.2,357.56,234,122,0,
46,1,top,host,188.387,234.554,57,98,0,
46,1,top,other,531.91,245.878,234,122,0,
46,2,top,host,196.774,229.108,57,98,0,
46,2,top,other,523.62,251.47,236,122,0,
46,3,top,host,205.161,223.662,57,98,0,
46,3,top,other,515.33,257.062,236,122,0,
46,4,top,host,213.548,218.216,57,98,0,
46,4,top,other,507.04,262.654,236,122,0,
46,5,top,host,221.935,212.77,57,98,0,
46,5,top,other,498.75,268.246,236,122,0,
46,6,top,host,230.322,207.324,57,98,0,
46,6,top,other,490.46,273.838,236,122,0,
46,7,top,host,238.709,201.878,57,98,0,
46,7,top,other,482.17,279.43,236,122,0,
46,8,top,host,247.096,196.432,57,98,0,
46,8,top,other,473.88,285.022,236,122,0,
46,9,top,host,255.483,190.986,57,98,0,
46,9,top,other,465.59,290.614,236,122,0,
46,10,top,host,263.87,185.54,57,98,0,
46,10,top,other,457.3,296.206,236,122,0,
46,11,top,host,272.257,180.094,57,98,0,
46,11,top,other,449.01,301.798,236,122,0,
46,12,top,host,280.644,174.648,57,98,0,
46,12,top,other,440.72,307.39,236,122,0,
46,13,top,host,289.031,169.202,57,98,0,
46,13,top,other,432.43,312.982,236,122,0,
46,14,top,host,297.418,163.756,57,98,0,
46,14,top,other,424.14,318.574,236,122,0,
46,15,top,host,305.805,158.31,57,98,0,
46,15,top,other,415.85,324.166,236,122,0,
46,16,top,host,314.192,152.864,57,98,0,
46,16,top,other,407.56,329.758,236,122,0,
46,17,top,host,322.579,147.418,57,98,0,
46,17,top,other,399.27,335.35,236,122,0,
46,18,top,host,330.966,141.972,57,98,0,
46,18,top,other,390.98,340.942,236,122,0,
46,19,top,host,339.353,136.526,57,98,0,
46,19,top,other,382.69,346.534,236,122,0,
46,20,top,host,347.74,131.08,57,102,0,
46,20,top,other,374.4,352.126,236,123,0,
46,21,top,host,347.74,131.08,57,102,0,
46,21,top,other,374.4,352.126,236,123,0,
46,22,top,host,347.74,131.08,57,102,0,
46,22,top,other,374.4,352.126,236,123,0,
47,1,top,host,188.387,234.554,57,102,0,
47,1,top,other,530,240,270,123,0,
47,2,top,host,196.774,229.108,57,102,0,
47,2,top,other,520,240,270,123,0,
47,3,top,host,205.161,223.662,57,102,0,
47,3,top,other,510,240,270,123,0,
47,4,top,host,213.548,218.216,57,102,0,
47,4,top,other,500,240,270,123,0,
47,5,top,host,221.935,212.77,57,102,0,
47,5,top,other,490,240,270,123,0,
47,6,top,host,230.322,207.324,57,102,0,
47,6,top,other,480,240,270,123,0,
47,7,top,host,238.709,201.878,57,102,0,
47,7,top,other,470,240,270,123,0,
47,8,top,host,247.096,196.432,57,102,0,
47,8,top,other,460,240,270,123,0,
47,9,top,host,255.483,190.986,57,102,0,
47,9,top,other,450,240,270,123,0,
47,10,top,host,263.87,185.54,57,102,0,
47,10,top,other,440,240,270,123,0,
47,11,top,host,272.257,180.094,57,102,0,
47,11,top,other,430,240,270,123,0,
47,12,top,host,280.644,174.648,57,102,0,
47,12,top,other,420,240,270,123,0,
47,13,top,host,289.031,169.202,57,102,0,
47,13,top,other,410,240,270,123,0,
47,14,top,host,297.418,163.756,57,102,0,
47,14,top,other,400,240,270,123,0,
47,15,top,host,305.805,158.31,57,102,0,
47,15,top,other,397.076,249.563,197,123,0,
47,16,top,host,314.192,152.864,57,102,0,
47,16,top,other,394.152,259.126,197,123,0,
47,17,top,host,322.579,147.418,57,102,0,
47,17,top,other,403.549,262.546,110,123,0,
47,18,top,host,330.966,141.972,57,102,0,
47,18,top,other,410.24,255.115,42,123,0,
47,19,top,host,339.353,136.526,57,102,0,
47,19,top,other,405.545,246.286,332,123,0,
47,20,top,host,347.74,131.08,57,106,0,
47,20,top,other,395.668,247.85,261,124,0,
47,21,top,host,347.74,131.08,57,106,0,
47,21,top,other,386.105,250.774,253,124,0,
47,22,top,host,347.74,131.08,57,106,0,
47,22,top,other,383.855,260.518,193,124,0,
48,1,top,host,188.387,234.554,57,106,0,
48,1,top,other,531.71,245.592,236,124,0,
48,2,top,host,196.774,229.108,57,106,0,
48,2,top,other,523.42,251.184,236,124,0,
48,3,top,host,205.161,223.662,57,106,0,
48,3,top,other,515.13,256.776,236,124,0,
48,4,top,host,213.548,218.216,57,106,0,
48,4,top,other,506.84,262.368,236,124,0,
48,5,top,host,221.935,212.77,57,106,0,
48,5,top,other,498.55,267.96,236,124,0,
48,6,top,host,230.322,207.324,57,106,0,
48,6,top,other,490.26,273.552,236,124,0,
48,7,top,host,238.709,201.878,57,106,0,
48,7,top,other,481.97,279.144,236,124,0,
48,8,top,host,247.096,196.432,57,106,0,
48,8,top,other,473.68,284.736,236,124,0,
48,9,top,host,255.483,190.986,57,106,0,
48,9,top,other,465.39,290.328,236,124,0,
48,10,top,host,263.87,185.54,57,106,0,
48,10,top,other,457.1,295.92,236,124,0,
48,11,top,host,272.257,180.094,57,106,0,
48,11,top,other,448.81,301.512,236,124,0,
48,12,top,host,280.644,174.648,57,106,0,
48,12,top,other,440.52,307.104,236,124,0,
48,13,top,host,289.031,169.202,57,106,0,
48,13,top,other,432.23,312.696,236,124,0,
48,14,top,host,297.418,163.756,57,106,0,
48,14,top,other,423.94,318.288,236,124,0,
48,15,top,host,305.805,158.31,57,106,0,
48,15,top,other,415.65,323.88,236,124,0,
48,16,top,host,314.192,152.864,57,106,0,
48,16,top,other,407.36,329.472,236,124,0,
48,17,top,host,322.579,147.418,57,106,0,
48,17,top,other,415.346,323.454,53,124,0,
48,18,top,host,330.966,141.972,57,106,0,
48,18,top,other,409.468,331.544,216,124,0,
48,19,top,host,339.353,136.526,57,106,0,
48,19,top,other,416.899,324.853,48,124,0,
48,20,top,host,347.74,131.08,57,110,0,
48,20,top,other,409.019,331.01,232,125,0,
48,21,top,host,347.74,131.08,57,110,0,
48,21,top,other,411.775,340.623,164,125,0,
48,22,top,host,347.74,131.08,57,110,0,
48,22,top,other,411.077,330.647,356,125,0,
49,1,top,host,188.387,234.554,57,110,0,
49,1,top,other,541.045,230.055,6,125,0,
49,2,top,host,196.774,229.108,57,110,0,
49,2,top,other,541.917,240.017,175,125,0,
49,3,top,host,205.161,223.662,57,110,0,
49,3,top,other,541.394,250.003,183,125,0,
49,4,top,host,213.548,218.216,57,110,0,
49,4,top,other,538.975,259.706,194,125,0,
49,5,top,host,221.935,212.77,57,110,0,
49,5,top,other,536.556,250.003,346,125,0,
49,6,top,host,230.322,207.324,57,110,0,
49,6,top,other,531.11,241.616,327,125,0,
49,7,top,host,238.709,201.878,57,110,0,
49,7,top,other,525.092,249.602,217,125,0,
49,8,top,host,247.096,196.432,57,110,0,
49,8,top,other,519.214,241.512,324,125,0,
49,9,top,host,255.483,190.986,57,110,0,
49,9,top,other,514.988,250.575,205,125,0,
49,10,top,host,263.87,185.54,57,110,0,
49,10,top,other,509.542,242.188,327,125,0,
49,11,top,host,272.257,180.094,57,110,0,
49,11,top,other,501.995,248.749,229,125,0,
49,12,top,host,280.644,174.648,57,110,0,
49,12,top,other,492.659,245.165,291,125,0,
49,13,top,host,289.031,169.202,57,110,0,
49,13,top,other,485.839,252.479,223,125,0,
49,14,top,host,297.418,163.756,57,110,0,
49,14,top,other,478.408,245.788,312,125,0,
49,15,top,host,305.805,158.31,57,110,0,
49,15,top,other,470.118,251.38,236,125,0,
49,16,top,host,314.192,152.864,57,110,0,
49,16,top,other,463.047,244.309,315,125,0,
49,17,top,host,322.579,147.418,57,110,0,
49,17,top,other,455.854,251.256,226,125,0,
49,18,top,host,330.966,141.972,57,110,0,
49,18,top,other,449.293,243.709,319,125,0,
49,19,top,host,339.353,136.526,57,110,0,
49,19,top,other,444.293,252.369,210,125,0,
49,20,top,host,347.74,131.08,57,114,0,
49,20,top,other,440.547,243.097,338,126,0,
49,21,top,host,347.74,131.08,57,114,0,
49,21,top,other,436.163,252.085,206,126,0,
49,22,top,host,347.74,131.08,57,114,0,
49,22,top,other,431.779,261.073,206,126,0,
50,1,bottom,host,188.387,234.554,57,114,0,
50,1,bottom,other,531.71,245.592,236,126,0,
50,2,bottom,host,196.774,229.108,57,114,0,
50,2,bottom,other,523.323,251.038,237,126,0,
50,3,bottom,host,205.161,223.662,57,114,0,
50,3,bottom,other,514.936,256.484,237,126,0,
50,4,bottom,host,213.548,218.216,57,114,0,
50,4,bottom,other,506.549,261.93,237,126,0,
50,5,bottom,host,221.935,212.77,57,114,0,
50,5,bottom,other,498.259,267.522,236,126,0,
50,6,bottom,host,230.322,207.324,57,114,0,
50,6,bottom,other,489.969,273.114,236,126,0,
50,7,bottom,host,238.709,201.878,57,114,0,
50,7,bottom,other,481.679,278.706,236,126,0,
50,8,bottom,host,247.096,196.432,57,114,0,
50,8,bottom,other,473.389,284.298,236,126,0,
50,9,bottom,host,255.483,190.986,57,114,0,
50,9,bottom,other,465.099,289.89,236,126,0,
50,10,bottom,host,263.87,185.54,57,114,0,
50,10,bottom,other,456.809,295.482,236,126,0,
50,11,bottom,host,272.257,180.094,57,114,0,
50,11,bottom,other,448.422,300.928,237,126,0,
50,12,bottom,host,280.644,174.648,57,114,0,
50,12,bottom,other,440.035,306.374,237,126,0,
50,13,bottom,host,289.031,169.202,57,114,0,
50,13,bottom,other,431.945,312.252,234,126,0,
50,14,bottom,host,297.418,163.756,57,114,0,
50,14,bottom,other,423.855,318.13,234,126,0,
50,15,bottom,host,305.805,158.31,57,114,0,
50,15,bottom,other,415.765,324.008,234,126,0,
50,16,bottom,host,314.192,152.864,57,114,0,
50,16,bottom,other,407.475,329.6,236,126,0,
50,17,bottom,host,322.579,147.418,57,114,0,
50,17,bottom,other,399.385,335.478,234,126,0,
50,18,bottom,host,330.966,141.972,57,114,0,
50,18,bottom,other,391.295,341.356,234,126,0,
50,19,bottom,host,339.353,136.526,57,114,0,
50,19,bottom,other,383.005,346.948,236,126,0,
50,20,bottom,host,347.74,131.08,57,115,0,
50,20,bottom,other,374.715,352.54,236,130,0,
50,21,bottom,host,347.74,131.08,57,115,0,
50,21,bottom,other,374.715,352.54,236,130,0,
50,22,bottom,host,347.74,131.08,57,115,0,
50,22,bottom,other,374.715,352.54,236,130,0,
