1,1,bottom,host,188.192,245.736,125,0,0,
1,1,bottom,other,531.71,245.592,236,0,0,
1,2,bottom,host,196.384,251.472,125,0,0,
1,2,bottom,other,523.42,251.184,236,0,0,
1,3,bottom,host,204.576,257.208,125,0,0,
1,3,bottom,other,515.13,256.776,236,0,0,
1,4,bottom,host,212.768,262.944,125,0,0,
1,4,bottom,other,506.84,262.368,236,0,0,
1,5,bottom,host,220.96,268.68,125,0,0,
1,5,bottom,other,498.55,267.96,236,0,0,
1,6,bottom,host,229.152,274.416,125,0,0,
1,6,bottom,other,490.26,273.552,236,0,0,
1,7,bottom,host,237.344,280.152,125,0,0,
1,7,bottom,other,481.97,279.144,236,0,0,
1,8,bottom,host,245.536,285.888,125,0,0,
1,8,bottom,other,475.542,271.484,320,0,0,
1,9,bottom,host,253.728,291.624,125,0,0,
1,9,bottom,other,469.114,263.824,320,0,0,
1,10,bottom,host,261.92,297.36,125,0,0,
1,10,bottom,other,462.686,256.164,320,0,0,
1,11,bottom,host,270.112,303.096,125,0,0,
1,11,bottom,other,456.258,248.504,320,0,0,
1,12,bottom,host,278.304,308.832,125,0,0,
1,12,bottom,other,449.83,240.844,320,0,0,
1,13,bottom,host,286.496,314.568,125,0,0,
1,13,bottom,other,443.402,233.184,320,0,0,
1,14,bottom,host,294.688,320.304,125,0,0,
1,14,bottom,other,436.974,225.524,320,0,0,
1,15,bottom,host,302.88,326.04,125,0,0,
1,15,bottom,other,430.546,217.864,320,0,0,
1,16,bottom,host,311.072,331.776,125,0,0,
1,16,bottom,other,424.118,210.204,320,0,0,
1,17,bottom,host,319.264,337.512,125,0,0,
1,17,bottom,other,417.69,202.544,320,0,0,
1,18,bottom,host,327.456,343.248,125,0,0,
1,18,bottom,other,411.262,194.884,320,0,0,
1,19,bottom,host,335.648,348.984,125,0,0,
1,19,bottom,other,404.834,187.224,320,0,0,
1,20,bottom,host,343.84,354.72,125,4,0,
1,20,bottom,other,398.406,179.564,320,1,0,
1,21,bottom,host,343.84,354.72,125,4,0,
1,21,bottom,other,398.406,179.564,320,1,0,
1,22,bottom,host,343.84,354.72,125,4,0,
1,22,bottom,other,398.406,179.564,320,1,0,
2,1,top,host,188.387,234.554,57,4,0,
2,1,top,other,531.52,234.701,302,1,0,
2,2,top,host,196.774,229.108,57,4,0,
2,2,top,other,523.04,229.402,302,1,0,
2,3,top,host,205.161,223.662,57,4,0,
2,3,top,other,514.56,224.103,302,1,0,
2,4,top,host,213.548,218.216,57,4,0,
2,4,top,other,506.08,218.804,302,1,0,
2,5,top,host,221.935,212.77,57,4,0,
2,5,top,other,497.6,213.505,302,1,0,
2,6,top,host,230.322,207.324,57,4,0,
2,6,top,other,489.12,208.206,302,1,0,
2,7,top,host,238.709,201.878,57,4,0,
2,7,top,other,480.64,202.907,302,1,0,
2,8,top,host,247.096,196.432,57,4,0,
2,8,top,other,472.16,197.608,302,1,0,
2,9,top,host,255.483,190.986,57,4,0,
2,9,top,other,463.68,192.309,302,1,0,
2,10,top,host,263.87,185.54,57,4,0,
2,10,top,other,455.2,187.01,302,1,0,
2,11,top,host,272.257,180.094,57,4,0,
2,11,top,other,446.72,181.711,302,1,0,
2,12,top,host,280.644,174.648,57,4,0,
2,12,top,other,438.24,176.412,302,1,0,
2,13,top,host,289.031,169.202,57,4,0,
2,13,top,other,429.76,171.113,302,1,0,
2,14,top,host,297.418,163.756,57,4,0,
2,14,top,other,421.28,165.814,302,1,0,
2,15,top,host,305.805,158.31,57,4,0,
2,15,top,other,412.8,160.515,302,1,0,
2,16,top,host,314.192,152.864,57,4,0,
2,16,top,other,404.32,155.216,302,1,0,
2,17,top,host,322.579,147.418,57,4,0,
2,17,top,other,395.84,149.917,302,1,0,
2,18,top,host,330.966,141.972,57,4,0,
2,18,top,other,387.36,144.618,302,1,0,
2,19,top,host,339.353,136.526,57,4,0,
2,19,top,other,378.88,139.319,302,1,0,
2,20,top,host,347.74,131.08,57,4,0,
2,20,top,other,370.4,134.02,302,1,0,
2,21,top,host,347.74,131.08,57,4,0,
2,21,top,other,370.4,134.02,302,1,0,
2,22,top,host,347.74,131.08,57,4,0,
2,22,top,other,370.4,134.02,302,1,0,
3,1,bottom,host,188.387,245.446,123,4,0,
3,1,bottom,other,530,240,270,1,0,
3,2,bottom,host,196.774,250.892,123,4,0,
3,2,bottom,other,521.808,234.264,305,1,0,
3,3,bottom,host,205.161,256.338,123,4,0,
3,3,bottom,other,513.616,228.528,305,1,0,
3,4,bottom,host,213.548,261.784,123,4,0,
3,4,bottom,other,505.424,222.792,305,1,0,
3,5,bottom,host,221.935,267.23,123,4,0,
3,5,bottom,other,497.232,217.056,305,1,0,
3,6,bottom,host,230.322,272.676,123,4,0,
3,6,bottom,other,489.04,211.32,305,1,0,
3,7,bottom,host,238.709,278.122,123,4,0,
3,7,bottom,other,480.848,205.584,305,1,0,
3,8,bottom,host,247.096,283.568,123,4,0,
3,8,bottom,other,472.656,199.848,305,1,0,
3,9,bottom,host,255.483,289.014,123,4,0,
3,9,bottom,other,464.464,194.112,305,1,0,
3,10,bottom,host,263.87,294.46,123,4,0,
3,10,bottom,other,456.272,188.376,305,1,0,
3,11,bottom,host,272.257,299.906,123,4,0,
3,11,bottom,other,448.08,182.64,305,1,0,
3,12,bottom,host,280.644,305.352,123,4,0,
3,12,bottom,other,439.888,176.904,305,1,0,
3,13,bottom,host,289.031,310.798,123,4,0,
3,13,bottom,other,431.696,171.168,305,1,0,
3,14,bottom,host,297.418,316.244,123,4,0,
3,14,bottom,other,423.504,165.432,305,1,0,
3,15,bottom,host,305.805,321.69,123,4,0,
3,15,bottom,other,415.312,159.696,305,1,0,
3,16,bottom,host,314.192,327.136,123,4,0,
3,16,bottom,other,407.12,153.96,305,1,0,
3,17,bottom,host,322.579,332.582,123,4,0,
3,17,bottom,other,398.928,148.224,305,1,0,
3,18,bottom,host,330.966,338.028,123,4,0,
3,18,bottom,other,390.736,142.488,305,1,0,
3,19,bottom,host,339.353,343.474,123,4,0,
3,19,bottom,other,382.544,136.752,305,1,0,
3,20,bottom,host,347.74,348.92,123,8,0,
3,20,bottom,other,374.352,131.016,305,2,0,
3,21,bottom,host,347.74,348.92,123,8,0,
3,21,bottom,other,374.352,131.016,305,2,0,
3,22,bottom,host,347.74,348.92,123,8,0,
3,22,bottom,other,374.352,131.016,305,2,0,
4,1,top,host,188.387,234.554,57,8,0,
4,1,top,other,531.428,234.85,301,2,0,
4,2,top,host,196.774,229.108,57,8,0,
4,2,top,other,522.856,229.7,301,2,0,
4,3,top,host,205.161,223.662,57,8,0,
4,3,top,other,514.284,224.55,301,2,0,
4,4,top,host,213.548,218.216,57,8,0,
4,4,top,other,505.897,229.996,237,2,0,
4,5,top,host,221.935,212.77,57,8,0,
4,5,top,other,497.51,235.442,237,2,0,
4,6,top,host,230.322,207.324,57,8,0,
4,6,top,other,489.123,240.888,237,2,0,
4,7,top,host,238.709,201.878,57,8,0,
4,7,top,other,480.736,246.334,237,2,0,
4,8,top,host,247.096,196.432,57,8,0,
4,8,top,other,472.349,251.78,237,2,0,
4,9,top,host,255.483,190.986,57,8,0,
4,9,top,other,463.962,257.226,237,2,0,
4,10,top,host,263.87,185.54,57,8,0,
4,10,top,other,455.575,262.672,237,2,0,
4,11,top,host,272.257,180.094,57,8,0,
4,11,top,other,447.188,268.118,237,2,0,
4,12,top,host,280.644,174.648,57,8,0,
4,12,top,other,438.801,273.564,237,2,0,
4,13,top,host,289.031,169.202,57,8,0,
4,13,top,other,430.414,279.01,237,2,0,
4,14,top,host,297.418,163.756,57,8,0,
4,14,top,other,422.027,284.456,237,2,0,
4,15,top,host,305.805,158.31,57,8,0,
4,15,top,other,413.64,289.902,237,2,0,
4,16,top,host,314.192,152.864,57,8,0,
4,16,top,other,406.209,283.211,312,2,0,
4,17,top,host,322.579,147.418,57,8,0,
4,17,top,other,399.518,275.78,318,2,0,
4,18,top,host,330.966,141.972,57,8,0,
4,18,top,other,392.827,268.349,318,2,0,
4,19,top,host,339.353,136.526,57,8,0,
4,19,top,other,386.136,260.918,318,2,0,
4,20,top,host,347.74,131.08,57,12,0,
4,20,top,other,382.39,270.19,202,3,0,
4,21,top,host,347.74,131.08,57,12,0,
4,21,top,other,382.39,270.19,202,3,0,
4,22,top,host,347.74,131.08,57,12,0,
4,22,top,other,382.39,270.19,202,3,0,
5,1,bottom,host,188.192,245.736,125,12,0,
5,1,bottom,other,531.254,244.848,241,3,0,
5,2,bottom,host,196.384,251.472,125,12,0,
5,2,bottom,other,522.344,249.388,243,3,0,
5,3,bottom,host,204.576,257.208,125,12,0,
5,3,bottom,other,513.434,253.928,243,3,0,
5,4,bottom,host,212.768,262.944,125,12,0,
5,4,bottom,other,504.524,258.468,243,3,0,
5,5,bottom,host,220.96,268.68,125,12,0,
5,5,bottom,other,495.614,263.008,243,3,0,
5,6,bottom,host,229.152,274.416,125,12,0,
5,6,bottom,other,486.704,267.548,243,3,0,
5,7,bottom,host,237.344,280.152,125,12,0,
5,7,bottom,other,477.794,272.088,243,3,0,
5,8,bottom,host,245.536,285.888,125,12,0,
5,8,bottom,other,468.884,276.628,243,3,0,
5,9,bottom,host,253.728,291.624,125,12,0,
5,9,bottom,other,459.974,281.168,243,3,0,
5,10,bottom,host,261.92,297.36,125,12,0,
5,10,bottom,other,451.064,285.708,243,3,0,
5,11,bottom,host,270.112,303.096,125,12,0,
5,11,bottom,other,444.117,292.901,224,3,0,
5,12,bottom,host,278.304,308.832,125,12,0,
5,12,bottom,other,436.131,298.919,233,3,0,
5,13,bottom,host,286.496,314.568,125,12,0,
5,13,bottom,other,428.145,304.937,233,3,0,
5,14,bottom,host,294.688,320.304,125,12,0,
5,14,bottom,other,420.159,310.955,233,3,0,
5,15,bottom,host,302.88,326.04,125,12,0,
5,15,bottom,other,412.173,316.973,233,3,0,
5,16,bottom,host,311.072,331.776,125,12,0,
5,16,bottom,other,404.187,322.991,233,3,0,
5,17,bottom,host,319.264,337.512,125,12,0,
5,17,bottom,other,396.201,329.009,233,3,0,
5,18,bottom,host,327.456,343.248,125,12,0,
5,18,bottom,other,388.215,335.027,233,3,0,
5,19,bottom,host,335.648,348.984,125,12,0,
5,19,bottom,other,380.229,341.045,233,3,0,
5,20,bottom,host,343.84,354.72,125,12,0,
5,20,bottom,other,372.243,347.063,233,3,0,
5,21,bottom,host,343.84,354.72,125,12,0,
5,21,bottom,other,372.243,347.063,233,3,0,
5,22,bottom,host,343.84,354.72,125,12,0,
5,22,bottom,other,372.243,347.063,233,3,0,
6,1,top,host,188.48,234.701,58,12,0,
6,1,top,other,531.91,245.878,234,3,0,
6,2,top,host,196.96,229.402,58,12,0,
6,2,top,other,523.82,251.756,234,3,0,
6,3,top,host,205.44,224.103,58,12,0,
6,3,top,other,515.73,257.634,234,3,0,
6,4,top,host,213.92,218.804,58,12,0,
6,4,top,other,507.64,263.512,234,3,0,
6,5,top,host,222.4,213.505,58,12,0,
6,5,top,other,499.55,269.39,234,3,0,
6,6,top,host,230.88,208.206,58,12,0,
6,6,top,other,491.46,275.268,234,3,0,
6,7,top,host,239.36,202.907,58,12,0,
6,7,top,other,483.37,281.146,234,3,0,
6,8,top,host,247.84,197.608,58,12,0,
6,8,top,other,475.28,287.024,234,3,0,
6,9,top,host,256.32,192.309,58,12,0,
6,9,top,other,467.19,292.902,234,3,0,
6,10,top,host,264.8,187.01,58,12,0,
6,10,top,other,459.1,298.78,234,3,0,
6,11,top,host,273.28,181.711,58,12,0,
6,11,top,other,451.01,304.658,234,3,0,
6,12,top,host,281.76,176.412,58,12,0,
6,12,top,other,442.92,310.536,234,3,0,
6,13,top,host,290.24,171.113,58,12,0,
6,13,top,other,434.83,316.414,234,3,0,
6,14,top,host,298.72,165.814,58,12,0,
6,14,top,other,426.74,322.292,234,3,0,
6,15,top,host,307.2,160.515,58,12,0,
6,15,top,other,418.65,328.17,234,3,0,
6,16,top,host,315.68,155.216,58,12,0,
6,16,top,other,410.56,334.048,234,3,0,
6,17,top,host,324.16,149.917,58,12,0,
6,17,top,other,402.47,339.926,234,3,0,
6,18,top,host,332.64,144.618,58,12,0,
6,18,top,other,394.38,345.804,234,3,0,
6,19,top,host,341.12,139.319,58,12,0,
6,19,top,other,394.38,345.804,234,3,0,
6,20,top,host,349.6,134.02,58,16,0,
6,20,top,other,394.38,345.804,234,4,0,
6,21,top,host,349.6,134.02,58,16,0,
6,21,top,other,394.38,345.804,234,4,0,
6,22,top,host,349.6,134.02,58,16,0,
6,22,top,other,394.38,345.804,234,4,0,
7,1,top,host,188.387,234.554,57,16,0,
7,1,top,other,531.171,244.695,242,4,0,
7,2,top,host,196.774,229.108,57,16,0,
7,2,top,other,522.342,249.39,242,4,0,
7,3,top,host,205.161,223.662,57,16,0,
7,3,top,other,513.513,254.085,242,4,0,
7,4,top,host,213.548,218.216,57,16,0,
7,4,top,other,504.684,258.78,242,4,0,
7,5,top,host,221.935,212.77,57,16,0,
7,5,top,other,495.855,263.475,242,4,0,
7,6,top,host,230.322,207.324,57,16,0,
7,6,top,other,487.026,268.17,242,4,0,
7,7,top,host,238.709,201.878,57,16,0,
7,7,top,other,478.197,272.865,242,4,0,
7,8,top,host,247.096,196.432,57,16,0,
7,8,top,other,469.368,277.56,242,4,0,
7,9,top,host,255.483,190.986,57,16,0,
7,9,top,other,460.539,282.255,242,4,0,
7,10,top,host,263.87,185.54,57,16,0,
7,10,top,other,451.71,286.95,242,4,0,
7,11,top,host,272.257,180.094,57,16,0,
7,11,top,other,442.881,291.645,242,4,0,
7,12,top,host,280.644,174.648,57,16,0,
7,12,top,other,434.052,296.34,242,4,0,
7,13,top,host,289.031,169.202,57,16,0,
7,13,top,other,425.223,301.035,242,4,0,
7,14,top,host,297.418,163.756,57,16,0,
7,14,top,other,416.394,305.73,242,4,0,
7,15,top,host,305.805,158.31,57,16,0,
7,15,top,other,407.565,310.425,242,4,0,
7,16,top,host,314.192,152.864,57,16,0,
7,16,top,other,398.736,315.12,242,4,0,
7,17,top,host,322.579,147.418,57,16,0,
7,17,top,other,389.907,319.815,242,4,0,
7,18,top,host,330.966,141.972,57,16,0,
7,18,top,other,381.078,324.51,242,4,0,
7,19,top,host,339.353,136.526,57,16,0,
7,19,top,other,372.249,329.205,242,4,0,
7,20,top,host,347.74,131.08,57,20,0,
7,20,top,other,363.42,333.9,242,5,0,
7,21,top,host,347.74,131.08,57,20,0,
7,21,top,other,363.42,333.9,242,5,0,
7,22,top,host,347.74,131.08,57,20,0,
7,22,top,other,363.42,333.9,242,5,0,
8,1,bottom,host,188.29,245.592,124,20,0,
8,1,bottom,other,531.012,235.616,296,5,0,
8,2,bottom,host,196.58,251.184,124,20,0,
8,2,bottom,other,522.024,231.232,296,5,0,
8,3,bottom,host,204.87,256.776,124,20,0,
8,3,bottom,other,513.036,226.848,296,5,0,
8,4,bottom,host,213.16,262.368,124,20,0,
8,4,bottom,other,504.048,222.464,296,5,0,
8,5,bottom,host,221.45,267.96,124,20,0,
8,5,bottom,other,495.06,218.08,296,5,0,
8,6,bottom,host,229.74,273.552,124,20,0,
8,6,bottom,other,486.072,213.696,296,5,0,
8,7,bottom,host,238.03,279.144,124,20,0,
8,7,bottom,other,478.086,207.678,307,5,0,
8,8,bottom,host,246.32,284.736,124,20,0,
8,8,bottom,other,470.1,201.66,307,5,0,
8,9,bottom,host,254.61,290.328,124,20,0,
8,9,bottom,other,462.114,195.642,307,5,0,
8,10,bottom,host,262.9,295.92,124,20,0,
8,10,bottom,other,454.128,189.624,307,5,0,
8,11,bottom,host,271.19,301.512,124,20,0,
8,11,bottom,other,446.142,183.606,307,5,0,
8,12,bottom,host,279.48,307.104,124,20,0,
8,12,bottom,other,438.156,177.588,307,5,0,
8,13,bottom,host,287.77,312.696,124,20,0,
8,13,bottom,other,430.17,171.57,307,5,0,
8,14,bottom,host,296.06,318.288,124,20,0,
8,14,bottom,other,422.184,165.552,307,5,0,
8,15,bottom,host,304.35,323.88,124,20,0,
8,15,bottom,other,414.413,159.259,309,5,0,
8,16,bottom,host,312.64,329.472,124,20,0,
8,16,bottom,other,406.642,152.966,309,5,0,
8,17,bottom,host,320.93,335.064,124,20,0,
8,17,bottom,other,398.871,146.673,309,5,0,
8,18,bottom,host,329.22,340.656,124,20,0,
8,18,bottom,other,391.1,140.38,309,5,0,
8,19,bottom,host,337.51,346.248,124,20,0,
8,19,bottom,other,383.329,134.087,309,5,0,
8,20,bottom,host,345.8,351.84,124,24,0,
8,20,bottom,other,375.558,127.794,309,6,0,
8,21,bottom,host,345.8,351.84,124,24,0,
8,21,bottom,other,375.558,127.794,309,6,0,
8,22,bottom,host,345.8,351.84,124,24,0,
8,22,bottom,other,375.558,127.794,309,6,0,
9,1,bottom,host,188.29,245.592,124,24,0,
9,1,bottom,other,531.71,234.408,304,6,0,
9,2,bottom,host,196.58,251.184,124,24,0,
9,2,bottom,other,523.42,228.816,304,6,0,
9,3,bottom,host,204.87,256.776,124,24,0,
9,3,bottom,other,515.13,223.224,304,6,0,
9,4,bottom,host,213.16,262.368,124,24,0,
9,4,bottom,other,506.84,217.632,304,6,0,
9,5,bottom,host,221.45,267.96,124,24,0,
9,5,bottom,other,498.55,212.04,304,6,0,
9,6,bottom,host,229.74,273.552,124,24,0,
9,6,bottom,other,490.26,206.448,304,6,0,
9,7,bottom,host,238.03,279.144,124,24,0,
9,7,bottom,other,481.97,200.856,304,6,0,
9,8,bottom,host,246.32,284.736,124,24,0,
9,8,bottom,other,473.68,195.264,304,6,0,
9,9,bottom,host,254.61,290.328,124,24,0,
9,9,bottom,other,465.39,189.672,304,6,0,
9,10,bottom,host,262.9,295.92,124,24,0,
9,10,bottom,other,457.1,184.08,304,6,0,
9,11,bottom,host,271.19,301.512,124,24,0,
9,11,bottom,other,448.81,178.488,304,6,0,
9,12,bottom,host,279.48,307.104,124,24,0,
9,12,bottom,other,440.52,172.896,304,6,0,
9,13,bottom,host,287.77,312.696,124,24,0,
9,13,bottom,other,432.23,167.304,304,6,0,
9,14,bottom,host,296.06,318.288,124,24,0,
9,14,bottom,other,423.94,161.712,304,6,0,
9,15,bottom,host,304.35,323.88,124,24,0,
9,15,bottom,other,415.65,156.12,304,6,0,
9,16,bottom,host,312.64,329.472,124,24,0,
9,16,bottom,other,407.36,150.528,304,6,0,
9,17,bottom,host,320.93,335.064,124,24,0,
9,17,bottom,other,399.07,144.936,304,6,0,
9,18,bottom,host,329.22,340.656,124,24,0,
9,18,bottom,other,390.78,139.344,304,6,0,
9,19,bottom,host,337.51,346.248,124,24,0,
9,19,bottom,other,382.49,133.752,304,6,0,
9,20,bottom,host,345.8,351.84,124,28,0,
9,20,bottom,other,374.2,128.16,304,7,0,
9,21,bottom,host,345.8,351.84,124,28,0,
9,21,bottom,other,374.2,128.16,304,7,0,
9,22,bottom,host,345.8,351.84,124,28,0,
9,22,bottom,other,374.2,128.16,304,7,0,
10,1,top,host,188.29,234.408,56,28,0,
10,1,top,other,531.254,235.152,299,7,0,
10,2,top,host,196.58,228.816,56,28,0,
10,2,top,other,523.062,229.416,305,7,0,
10,3,top,host,204.87,223.224,56,28,0,
10,3,top,other,514.87,223.68,305,7,0,
10,4,top,host,213.16,217.632,56,28,0,
10,4,top,other,506.678,217.944,305,7,0,
10,5,top,host,221.45,212.04,56,28,0,
10,5,top,other,498.486,212.208,305,7,0,
10,6,top,host,229.74,206.448,56,28,0,
10,6,top,other,490.294,206.472,305,7,0,
10,7,top,host,238.03,200.856,56,28,0,
10,7,top,other,482.102,200.736,305,7,0,
10,8,top,host,246.32,195.264,56,28,0,
10,8,top,other,473.91,195,305,7,0,
10,9,top,host,254.61,189.672,56,28,0,
10,9,top,other,465.718,189.264,305,7,0,
10,10,top,host,262.9,184.08,56,28,0,
10,10,top,other,457.526,183.528,305,7,0,
10,11,top,host,271.19,178.488,56,28,0,
10,11,top,other,449.334,177.792,305,7,0,
10,12,top,host,279.48,172.896,56,28,0,
10,12,top,other,441.142,172.056,305,7,0,
10,13,top,host,287.77,167.304,56,28,0,
10,13,top,other,432.95,166.32,305,7,0,
10,14,top,host,296.06,161.712,56,28,0,
10,14,top,other,424.758,160.584,305,7,0,
10,15,top,host,304.35,156.12,56,28,0,
10,15,top,other,416.566,154.848,305,7,0,
10,16,top,host,312.64,150.528,56,28,0,
10,16,top,other,408.374,149.112,305,7,0,
10,17,top,host,320.93,144.936,56,28,0,
10,17,top,other,400.182,143.376,305,7,0,
10,18,top,host,329.22,139.344,56,28,0,
10,18,top,other,391.99,137.64,305,7,0,
10,19,top,host,337.51,133.752,56,28,0,
10,19,top,other,383.798,131.904,305,7,0,
10,20,top,host,345.8,128.16,56,28,0,
10,20,top,other,375.606,126.168,305,7,0,
10,21,top,host,345.8,128.16,56,28,0,
10,21,top,other,375.606,126.168,305,7,0,
10,22,top,host,345.8,128.16,56,28,0,
10,22,top,other,375.606,126.168,305,7,0,
11,1,bottom,host,188.387,245.446,123,28,0,
11,1,bottom,other,531.71,245.592,236,7,0,
11,2,bottom,host,196.774,250.892,123,28,0,
11,2,bottom,other,523.42,251.184,236,7,0,
11,3,bottom,host,205.161,256.338,123,28,0,
11,3,bottom,other,515.13,256.776,236,7,0,
11,4,bottom,host,213.548,261.784,123,28,0,
11,4,bottom,other,506.84,262.368,236,7,0,
11,5,bottom,host,221.935,267.23,123,28,0,
11,5,bottom,other,498.55,267.96,236,7,0,
11,6,bottom,host,230.322,272.676,123,28,0,
11,6,bottom,other,490.26,273.552,236,7,0,
11,7,bottom,host,238.709,278.122,123,28,0,
11,7,bottom,other,481.97,279.144,236,7,0,
11,8,bottom,host,247.096,283.568,123,28,0,
11,8,bottom,other,473.68,284.736,236,7,0,
11,9,bottom,host,255.483,289.014,123,28,0,
11,9,bottom,other,465.39,290.328,236,7,0,
11,10,bottom,host,263.87,294.46,123,28,0,
11,10,bottom,other,457.1,295.92,236,7,0,
11,11,bottom,host,272.257,299.906,123,28,0,
11,11,bottom,other,448.81,301.512,236,7,0,
11,12,bottom,host,280.644,305.352,123,28,0,
11,12,bottom,other,440.52,307.104,236,7,0,
11,13,bottom,host,289.031,310.798,123,28,0,
11,13,bottom,other,432.23,312.696,236,7,0,
11,14,bottom,host,297.418,316.244,123,28,0,
11,14,bottom,other,423.94,318.288,236,7,0,
11,15,bottom,host,305.805,321.69,123,28,0,
11,15,bottom,other,415.65,323.88,236,7,0,
11,16,bottom,host,314.192,327.136,123,28,0,
11,16,bottom,other,407.36,329.472,236,7,0,
11,17,bottom,host,322.579,332.582,123,28,0,
11,17,bottom,other,399.07,335.064,236,7,0,
11,18,bottom,host,330.966,338.028,123,28,0,
11,18,bottom,other,390.78,340.656,236,7,0,
11,19,bottom,host,339.353,343.474,123,28,0,
11,19,bottom,other,382.49,346.248,236,7,0,
11,20,bottom,host,347.74,348.92,123,28,0,
11,20,bottom,other,374.2,351.84,236,7,0,
11,21,bottom,host,347.74,348.92,123,28,0,
11,21,bottom,other,374.2,351.84,236,7,0,
11,22,bottom,host,347.74,348.92,123,28,0,
11,22,bottom,other,374.2,351.84,236,7,0,
12,1,bottom,host,188.192,245.736,125,28,0,
12,1,bottom,other,531.808,245.736,235,7,0,
12,2,bottom,host,196.384,251.472,125,28,0,
12,2,bottom,other,523.616,251.472,235,7,0,
12,3,bottom,host,204.576,257.208,125,28,0,
12,3,bottom,other,515.424,257.208,235,7,0,
12,4,bottom,host,212.768,262.944,125,28,0,
12,4,bottom,other,507.232,262.944,235,7,0,
12,5,bottom,host,220.96,268.68,125,28,0,
12,5,bottom,other,499.04,268.68,235,7,0,
12,6,bottom,host,229.152,274.416,125,28,0,
12,6,bottom,other,490.848,274.416,235,7,0,
12,7,bottom,host,237.344,280.152,125,28,0,
12,7,bottom,other,482.656,280.152,235,7,0,
12,8,bottom,host,245.536,285.888,125,28,0,
12,8,bottom,other,474.464,285.888,235,7,0,
12,9,bottom,host,253.728,291.624,125,28,0,
12,9,bottom,other,466.272,291.624,235,7,0,
12,10,bottom,host,261.92,297.36,125,28,0,
12,10,bottom,other,458.08,297.36,235,7,0,
12,11,bottom,host,270.112,303.096,125,28,0,
12,11,bottom,other,449.888,303.096,235,7,0,
12,12,bottom,host,278.304,308.832,125,28,0,
12,12,bottom,other,441.696,308.832,235,7,0,
12,13,bottom,host,286.496,314.568,125,28,0,
12,13,bottom,other,433.504,314.568,235,7,0,
12,14,bottom,host,294.688,320.304,125,28,0,
12,14,bottom,other,425.312,320.304,235,7,0,
12,15,bottom,host,302.88,326.04,125,28,0,
12,15,bottom,other,417.12,326.04,235,7,0,
12,16,bottom,host,311.072,331.776,125,28,0,
12,16,bottom,other,408.928,331.776,235,7,0,
12,17,bottom,host,319.264,337.512,125,28,0,
12,17,bottom,other,400.736,337.512,235,7,0,
12,18,bottom,host,327.456,343.248,125,28,0,
12,18,bottom,other,392.544,343.248,235,7,0,
12,19,bottom,host,335.648,348.984,125,28,0,
12,19,bottom,other,384.352,348.984,235,7,0,
12,20,bottom,host,343.84,354.72,125,28,0,
12,20,bottom,other,376.16,354.72,235,7,0,
12,21,bottom,host,343.84,354.72,125,28,0,
12,21,bottom,other,376.16,354.72,235,7,0,
12,22,bottom,host,343.84,354.72,125,28,0,
12,22,bottom,other,376.16,354.72,235,7,0,
13,1,bottom,host,188.29,245.592,124,28,0,
13,1,bottom,other,531.91,245.878,234,7,0,
13,2,bottom,host,196.58,251.184,124,28,0,
13,2,bottom,other,523.82,251.756,234,7,0,
13,3,bottom,host,204.87,256.776,124,28,0,
13,3,bottom,other,515.73,257.634,234,7,0,
13,4,bottom,host,213.16,262.368,124,28,0,
13,4,bottom,other,507.64,263.512,234,7,0,
13,5,bottom,host,221.45,267.96,124,28,0,
13,5,bottom,other,499.55,269.39,234,7,0,
13,6,bottom,host,229.74,273.552,124,28,0,
13,6,bottom,other,491.46,275.268,234,7,0,
13,7,bottom,host,238.03,279.144,124,28,0,
13,7,bottom,other,483.37,281.146,234,7,0,
13,8,bottom,host,246.32,284.736,124,28,0,
13,8,bottom,other,475.28,287.024,234,7,0,
13,9,bottom,host,254.61,290.328,124,28,0,
13,9,bottom,other,467.19,292.902,234,7,0,
13,10,bottom,host,262.9,295.92,124,28,0,
13,10,bottom,other,459.1,298.78,234,7,0,
13,11,bottom,host,271.19,301.512,124,28,0,
13,11,bottom,other,451.01,304.658,234,7,0,
13,12,bottom,host,279.48,307.104,124,28,0,
13,12,bottom,other,442.92,310.536,234,7,0,
13,13,bottom,host,287.77,312.696,124,28,0,
13,13,bottom,other,434.83,316.414,234,7,0,
13,14,bottom,host,296.06,318.288,124,28,0,
13,14,bottom,other,426.74,322.292,234,7,0,
13,15,bottom,host,304.35,323.88,124,28,0,
13,15,bottom,other,418.65,328.17,234,7,0,
13,16,bottom,host,312.64,329.472,124,28,0,
13,16,bottom,other,410.56,334.048,234,7,0,
13,17,bottom,host,320.93,335.064,124,28,0,
13,17,bottom,other,402.47,339.926,234,7,0,
13,18,bottom,host,329.22,340.656,124,28,0,
13,18,bottom,other,394.38,345.804,234,7,0,
13,19,bottom,host,337.51,346.248,124,28,0,
13,19,bottom,other,386.29,351.682,234,7,0,
13,20,bottom,host,345.8,351.84,124,28,0,
13,20,bottom,other,378.2,357.56,234,7,0,
13,21,bottom,host,345.8,351.84,124,28,0,
13,21,bottom,other,378.2,357.56,234,7,0,
13,22,bottom,host,345.8,351.84,124,28,0,
13,22,bottom,other,378.2,357.56,234,7,0,
14,1,top,host,188.29,234.408,56,28,0,
14,1,top,other,531.808,234.264,305,7,0,
14,2,top,host,196.58,228.816,56,28,0,
14,2,top,other,523.616,228.528,305,7,0,
14,3,top,host,204.87,223.224,56,28,0,
14,3,top,other,515.424,222.792,305,7,0,
14,4,top,host,213.16,217.632,56,28,0,
14,4,top,other,507.232,217.056,305,7,0,
14,5,top,host,221.45,212.04,56,28,0,
14,5,top,other,499.04,211.32,305,7,0,
14,6,top,host,229.74,206.448,56,28,0,
14,6,top,other,490.848,205.584,305,7,0,
14,7,top,host,238.03,200.856,56,28,0,
14,7,top,other,482.656,199.848,305,7,0,
14,8,top,host,246.32,195.264,56,28,0,
14,8,top,other,474.464,194.112,305,7,0,
14,9,top,host,254.61,189.672,56,28,0,
14,9,top,other,466.272,188.376,305,7,0,
14,10,top,host,262.9,184.08,56,28,0,
14,10,top,other,458.08,182.64,305,7,0,
14,11,top,host,271.19,178.488,56,28,0,
14,11,top,other,449.888,176.904,305,7,0,
14,12,top,host,279.48,172.896,56,28,0,
14,12,top,other,441.696,171.168,305,7,0,
14,13,top,host,287.77,167.304,56,28,0,
14,13,top,other,433.504,165.432,305,7,0,
14,14,top,host,296.06,161.712,56,28,0,
14,14,top,other,425.312,159.696,305,7,0,
14,15,top,host,304.35,156.12,56,28,0,
14,15,top,other,417.12,153.96,305,7,0,
14,16,top,host,312.64,150.528,56,28,0,
14,16,top,other,408.928,148.224,305,7,0,
14,17,top,host,320.93,144.936,56,28,0,
14,17,top,other,400.736,142.488,305,7,0,
14,18,top,host,329.22,139.344,56,28,0,
14,18,top,other,392.544,136.752,305,7,0,
14,19,top,host,337.51,133.752,56,28,0,
14,19,top,other,384.352,131.016,305,7,0,
14,20,top,host,345.8,128.16,56,28,0,
14,20,top,other,376.16,125.28,305,7,0,
14,21,top,host,345.8,128.16,56,28,0,
14,21,top,other,376.16,125.28,305,7,0,
14,22,top,host,345.8,128.16,56,28,0,
14,22,top,other,376.16,125.28,305,7,0,
15,1,bottom,host,188.29,245.592,124,28,0,
15,1,bottom,other,531.71,234.408,304,7,0,
15,2,bottom,host,196.58,251.184,124,28,0,
15,2,bottom,other,523.42,228.816,304,7,0,
15,3,bottom,host,204.87,256.776,124,28,0,
15,3,bottom,other,515.13,223.224,304,7,0,
15,4,bottom,host,213.16,262.368,124,28,0,
15,4,bottom,other,506.84,217.632,304,7,0,
15,5,bottom,host,221.45,267.96,124,28,0,
15,5,bottom,other,498.55,212.04,304,7,0,
15,6,bottom,host,229.74,273.552,124,28,0,
15,6,bottom,other,490.26,206.448,304,7,0,
15,7,bottom,host,238.03,279.144,124,28,0,
15,7,bottom,other,481.97,200.856,304,7,0,
15,8,bottom,host,246.32,284.736,124,28,0,
15,8,bottom,other,473.68,195.264,304,7,0,
15,9,bottom,host,254.61,290.328,124,28,0,
15,9,bottom,other,465.39,189.672,304,7,0,
15,10,bottom,host,262.9,295.92,124,28,0,
15,10,bottom,other,457.1,184.08,304,7,0,
15,11,bottom,host,271.19,301.512,124,28,0,
15,11,bottom,other,448.81,178.488,304,7,0,
15,12,bottom,host,279.48,307.104,124,28,0,
15,12,bottom,other,440.52,172.896,304,7,0,
15,13,bottom,host,287.77,312.696,124,28,0,
15,13,bottom,other,432.23,167.304,304,7,0,
15,14,bottom,host,296.06,318.288,124,28,0,
15,14,bottom,other,423.94,161.712,304,7,0,
15,15,bottom,host,304.35,323.88,124,28,0,
15,15,bottom,other,415.65,156.12,304,7,0,
15,16,bottom,host,312.64,329.472,124,28,0,
15,16,bottom,other,407.36,150.528,304,7,0,
15,17,bottom,host,320.93,335.064,124,28,0,
15,17,bottom,other,399.07,144.936,304,7,0,
15,18,bottom,host,329.22,340.656,124,28,0,
15,18,bottom,other,390.78,139.344,304,7,0,
15,19,bottom,host,337.51,346.248,124,28,0,
15,19,bottom,other,382.49,133.752,304,7,0,
15,20,bottom,host,345.8,351.84,124,32,0,
15,20,bottom,other,374.2,128.16,304,8,0,
15,21,bottom,host,345.8,351.84,124,32,0,
15,21,bottom,other,374.2,128.16,304,8,0,
15,22,bottom,host,345.8,351.84,124,32,0,
15,22,bottom,other,374.2,128.16,304,8,0,
16,1,bottom,host,188.29,245.592,124,32,0,
16,1,bottom,other,530,240,270,8,0,
16,2,bottom,host,196.58,251.184,124,32,0,
16,2,bottom,other,520,240,270,8,0,
16,3,bottom,host,204.87,256.776,124,32,0,
16,3,bottom,other,510,240,270,8,0,
16,4,bottom,host,213.16,262.368,124,32,0,
16,4,bottom,other,500,240,270,8,0,
16,5,bottom,host,221.45,267.96,124,32,0,
16,5,bottom,other,490,240,270,8,0,
16,6,bottom,host,229.74,273.552,124,32,0,
16,6,bottom,other,480,240,270,8,0,
16,7,bottom,host,238.03,279.144,124,32,0,
16,7,bottom,other,470,240,270,8,0,
16,8,bottom,host,246.32,284.736,124,32,0,
16,8,bottom,other,460,240,270,8,0,
16,9,bottom,host,254.61,290.328,124,32,0,
16,9,bottom,other,450,240,270,8,0,
16,10,bottom,host,262.9,295.92,124,32,0,
16,10,bottom,other,440,240,270,8,0,
16,11,bottom,host,271.19,301.512,124,32,0,
16,11,bottom,other,430,240,270,8,0,
16,12,bottom,host,279.48,307.104,124,32,0,
16,12,bottom,other,420,240,270,8,0,
16,13,bottom,host,287.77,312.696,124,32,0,
16,13,bottom,other,415.616,231.012,334,8,0,
16,14,bottom,host,296.06,318.288,124,32,0,
16,14,bottom,other,411.232,222.024,334,8,0,
16,15,bottom,host,304.35,323.88,124,32,0,
16,15,bottom,other,406.848,213.036,334,8,0,
16,16,bottom,host,312.64,329.472,124,32,0,
16,16,bottom,other,402.464,204.048,334,8,0,
16,17,bottom,host,320.93,335.064,124,32,0,
16,17,bottom,other,398.08,195.06,334,8,0,
16,18,bottom,host,329.22,340.656,124,32,0,
16,18,bottom,other,393.696,186.072,334,8,0,
16,19,bottom,host,337.51,346.248,124,32,0,
16,19,bottom,other,389.312,177.084,334,8,0,
16,20,bottom,host,345.8,351.84,124,36,0,
16,20,bottom,other,384.928,168.096,334,9,0,
16,21,bottom,host,345.8,351.84,124,36,0,
16,21,bottom,other,384.928,168.096,334,9,0,
16,22,bottom,host,345.8,351.84,124,36,0,
16,22,bottom,other,384.928,168.096,334,9,0,
17,1,top,host,188.387,234.554,57,36,0,
17,1,top,other,530,240,270,9,0,
17,2,top,host,196.774,229.108,57,36,0,
17,2,top,other,520,240,270,9,0,
17,3,top,host,205.161,223.662,57,36,0,
17,3,top,other,510,240,270,9,0,
17,4,top,host,213.548,218.216,57,36,0,
17,4,top,other,500,240,270,9,0,
17,5,top,host,221.935,212.77,57,36,0,
17,5,top,other,490.184,241.908,259,9,0,
17,6,top,host,230.322,207.324,57,36,0,
17,6,top,other,480.368,243.816,259,9,0,
17,7,top,host,238.709,201.878,57,36,0,
17,7,top,other,470.552,245.724,259,9,0,
17,8,top,host,247.096,196.432,57,36,0,
17,8,top,other,460.736,247.632,259,9,0,
17,9,top,host,255.483,190.986,57,36,0,
17,9,top,other,453.422,254.452,227,9,0,
17,10,top,host,263.87,185.54,57,36,0,
17,10,top,other,446.108,261.272,227,9,0,
17,11,top,host,272.257,180.094,57,36,0,
17,11,top,other,438.794,268.092,227,9,0,
17,12,top,host,280.644,174.648,57,36,0,
17,12,top,other,431.48,274.912,227,9,0,
17,13,top,host,289.031,169.202,57,36,0,
17,13,top,other,424.166,281.732,227,9,0,
17,14,top,host,297.418,163.756,57,36,0,
17,14,top,other,416.852,288.552,227,9,0,
17,15,top,host,305.805,158.31,57,36,0,
17,15,top,other,409.538,295.372,227,9,0,
17,16,top,host,314.192,152.864,57,36,0,
17,16,top,other,402.224,302.192,227,9,0,
17,17,top,host,322.579,147.418,57,36,0,
17,17,top,other,394.91,309.012,227,9,0,
17,18,top,host,330.966,141.972,57,36,0,
17,18,top,other,387.596,315.832,227,9,0,
17,19,top,host,339.353,136.526,57,36,0,
17,19,top,other,380.282,322.652,227,9,0,
17,20,top,host,347.74,131.08,57,40,0,
17,20,top,other,372.968,329.472,227,10,0,
17,21,top,host,347.74,131.08,57,40,0,
17,21,top,other,372.968,329.472,227,10,0,
17,22,top,host,347.74,131.08,57,40,0,
17,22,top,other,372.968,329.472,227,10,0,
18,1,bottom,host,188.29,245.592,124,40,0,
18,1,bottom,other,530,240,270,10,0,
18,2,bottom,host,196.58,251.184,124,40,0,
18,2,bottom,other,520,240,270,10,0,
18,3,bottom,host,204.87,256.776,124,40,0,
18,3,bottom,other,511.012,244.384,244,10,0,
18,4,bottom,host,213.16,262.368,124,40,0,
18,4,bottom,other,502.024,248.768,244,10,0,
18,5,bottom,host,221.45,267.96,124,40,0,
18,5,bottom,other,493.036,253.152,244,10,0,
18,6,bottom,host,229.74,273.552,124,40,0,
18,6,bottom,other,484.048,257.536,244,10,0,
18,7,bottom,host,238.03,279.144,124,40,0,
18,7,bottom,other,475.06,261.92,244,10,0,
18,8,bottom,host,246.32,284.736,124,40,0,
18,8,bottom,other,466.072,266.304,244,10,0,
18,9,bottom,host,254.61,290.328,124,40,0,
18,9,bottom,other,457.084,270.688,244,10,0,
18,10,bottom,host,262.9,295.92,124,40,0,
18,10,bottom,other,448.096,275.072,244,10,0,
18,11,bottom,host,271.19,301.512,124,40,0,
18,11,bottom,other,439.108,279.456,244,10,0,
18,12,bottom,host,279.48,307.104,124,40,0,
18,12,bottom,other,430.12,283.84,244,10,0,
18,13,bottom,host,287.77,312.696,124,40,0,
18,13,bottom,other,421.132,288.224,244,10,0,
18,14,bottom,host,296.06,318.288,124,40,0,
18,14,bottom,other,412.144,292.608,244,10,0,
18,15,bottom,host,304.35,323.88,124,40,0,
18,15,bottom,other,403.156,296.992,244,10,0,
18,16,bottom,host,312.64,329.472,124,40,0,
18,16,bottom,other,394.168,301.376,244,10,0,
18,17,bottom,host,320.93,335.064,124,40,0,
18,17,bottom,other,385.18,305.76,244,10,0,
18,18,bottom,host,329.22,340.656,124,40,0,
18,18,bottom,other,376.192,310.144,244,10,0,
18,19,bottom,host,337.51,346.248,124,40,0,
18,19,bottom,other,367.204,314.528,244,10,0,
18,20,bottom,host,345.8,351.84,124,40,0,
18,20,bottom,other,358.216,318.912,244,10,0,
18,21,bottom,host,345.8,351.84,124,40,0,
18,21,bottom,other,358.216,318.912,244,10,0,
18,22,bottom,host,345.8,351.84,124,40,0,
18,22,bottom,other,358.216,318.912,244,10,0,
19,1,top,host,188.29,234.408,56,40,0,
19,1,top,other,531.254,235.152,299,10,0,
19,2,top,host,196.58,228.816,56,40,0,
19,2,top,other,522.508,230.304,299,10,0,
19,3,top,host,204.87,223.224,56,40,0,
19,3,top,other,513.762,225.456,299,10,0,
19,4,top,host,213.16,217.632,56,40,0,
19,4,top,other,505.016,220.608,299,10,0,
19,5,top,host,221.45,212.04,56,40,0,
19,5,top,other,496.27,215.76,299,10,0,
19,6,top,host,229.74,206.448,56,40,0,
19,6,top,other,487.524,210.912,299,10,0,
19,7,top,host,238.03,200.856,56,40,0,
19,7,top,other,478.778,206.064,299,10,0,
19,8,top,host,246.32,195.264,56,40,0,
19,8,top,other,470.032,201.216,299,10,0,
19,9,top,host,254.61,189.672,56,40,0,
19,9,top,other,461.286,196.368,299,10,0,
19,10,top,host,262.9,184.08,56,40,0,
19,10,top,other,452.54,191.52,299,10,0,
19,11,top,host,271.19,178.488,56,40,0,
19,11,top,other,443.794,186.672,299,10,0,
19,12,top,host,279.48,172.896,56,40,0,
19,12,top,other,435.048,181.824,299,10,0,
19,13,top,host,287.77,167.304,56,40,0,
19,13,top,other,426.302,176.976,299,10,0,
19,14,top,host,296.06,161.712,56,40,0,
19,14,top,other,417.556,172.128,299,10,0,
19,15,top,host,304.35,156.12,56,40,0,
19,15,top,other,408.81,167.28,299,10,0,
19,16,top,host,312.64,150.528,56,40,0,
19,16,top,other,400.064,162.432,299,10,0,
19,17,top,host,320.93,144.936,56,40,0,
19,17,top,other,391.318,157.584,299,10,0,
19,18,top,host,329.22,139.344,56,40,0,
19,18,top,other,382.572,152.736,299,10,0,
19,19,top,host,337.51,133.752,56,40,0,
19,19,top,other,373.826,147.888,299,10,0,
19,20,top,host,345.8,128.16,56,40,0,
19,20,top,other,365.08,143.04,299,10,0,
19,21,top,host,345.8,128.16,56,40,0,
19,21,top,other,365.08,143.04,299,10,0,
19,22,top,host,345.8,128.16,56,40,0,
19,22,top,other,365.08,143.04,299,10,0,
20,1,bottom,host,188.387,245.446,123,40,0,
20,1,bottom,other,531.71,234.408,304,10,0,
20,2,bottom,host,196.774,250.892,123,40,0,
20,2,bottom,other,523.42,228.816,304,10,0,
20,3,bottom,host,205.161,256.338,123,40,0,
20,3,bottom,other,515.13,223.224,304,10,0,
20,4,bottom,host,213.548,261.784,123,40,0,
20,4,bottom,other,506.84,217.632,304,10,0,
20,5,bottom,host,221.935,267.23,123,40,0,
20,5,bottom,other,498.55,212.04,304,10,0,
20,6,bottom,host,230.322,272.676,123,40,0,
20,6,bottom,other,490.26,206.448,304,10,0,
20,7,bottom,host,238.709,278.122,123,40,0,
20,7,bottom,other,481.97,200.856,304,10,0,
20,8,bottom,host,247.096,283.568,123,40,0,
20,8,bottom,other,473.68,195.264,304,10,0,
20,9,bottom,host,255.483,289.014,123,40,0,
20,9,bottom,other,465.39,189.672,304,10,0,
20,10,bottom,host,263.87,294.46,123,40,0,
20,10,bottom,other,457.1,184.08,304,10,0,
20,11,bottom,host,272.257,299.906,123,40,0,
20,11,bottom,other,448.81,178.488,304,10,0,
20,12,bottom,host,280.644,305.352,123,40,0,
20,12,bottom,other,440.52,172.896,304,10,0,
20,13,bottom,host,289.031,310.798,123,40,0,
20,13,bottom,other,432.23,167.304,304,10,0,
20,14,bottom,host,297.418,316.244,123,40,0,
20,14,bottom,other,423.94,161.712,304,10,0,
20,15,bottom,host,305.805,321.69,123,40,0,
20,15,bottom,other,415.65,156.12,304,10,0,
20,16,bottom,host,314.192,327.136,123,40,0,
20,16,bottom,other,407.36,150.528,304,10,0,
20,17,bottom,host,322.579,332.582,123,40,0,
20,17,bottom,other,399.07,144.936,304,10,0,
20,18,bottom,host,330.966,338.028,123,40,0,
20,18,bottom,other,390.78,139.344,304,10,0,
20,19,bottom,host,339.353,343.474,123,40,0,
20,19,bottom,other,382.49,133.752,304,10,0,
20,20,bottom,host,347.74,348.92,123,44,0,
20,20,bottom,other,374.2,128.16,304,11,0,
20,21,bottom,host,347.74,348.92,123,44,0,
20,21,bottom,other,374.2,128.16,304,11,0,
20,22,bottom,host,347.74,348.92,123,44,0,
20,22,bottom,other,374.2,128.16,304,11,0,
21,1,top,host,188.29,234.408,56,44,0,
21,1,top,other,531.52,245.299,238,11,0,
21,2,top,host,196.58,228.816,56,44,0,
21,2,top,other,523.04,250.598,238,11,0,
21,3,top,host,204.87,223.224,56,44,0,
21,3,top,other,514.56,255.897,238,11,0,
21,4,top,host,213.16,217.632,56,44,0,
21,4,top,other,506.08,261.196,238,11,0,
21,5,top,host,221.45,212.04,56,44,0,
21,5,top,other,497.6,266.495,238,11,0,
21,6,top,host,229.74,206.448,56,44,0,
21,6,top,other,489.12,271.794,238,11,0,
21,7,top,host,238.03,200.856,56,44,0,
21,7,top,other,480.64,277.093,238,11,0,
21,8,top,host,246.32,195.264,56,44,0,
21,8,top,other,472.16,282.392,238,11,0,
21,9,top,host,254.61,189.672,56,44,0,
21,9,top,other,463.68,287.691,238,11,0,
21,10,top,host,262.9,184.08,56,44,0,
21,10,top,other,455.2,292.99,238,11,0,
21,11,top,host,271.19,178.488,56,44,0,
21,11,top,other,446.72,298.289,238,11,0,
21,12,top,host,279.48,172.896,56,44,0,
21,12,top,other,438.24,303.588,238,11,0,
21,13,top,host,287.77,167.304,56,44,0,
21,13,top,other,429.76,308.887,238,11,0,
21,14,top,host,296.06,161.712,56,44,0,
21,14,top,other,421.28,314.186,238,11,0,
21,15,top,host,304.35,156.12,56,44,0,
21,15,top,other,412.8,319.485,238,11,0,
21,16,top,host,312.64,150.528,56,44,0,
21,16,top,other,404.32,324.784,238,11,0,
21,17,top,host,320.93,144.936,56,44,0,
21,17,top,other,395.84,330.083,238,11,0,
21,18,top,host,329.22,139.344,56,44,0,
21,18,top,other,387.36,335.382,238,11,0,
21,19,top,host,337.51,133.752,56,44,0,
21,19,top,other,378.88,340.681,238,11,0,
21,20,top,host,345.8,128.16,56,48,0,
21,20,top,other,370.4,345.98,238,12,0,
21,21,top,host,345.8,128.16,56,48,0,
21,21,top,other,370.4,345.98,238,12,0,
21,22,top,host,345.8,128.16,56,48,0,
21,22,top,other,370.4,345.98,238,12,0,
22,1,bottom,host,188.29,245.592,124,48,0,
22,1,bottom,other,530.937,244.226,245,12,0,
22,2,bottom,host,196.58,251.184,124,48,0,
22,2,bottom,other,521.874,248.452,245,12,0,
22,3,bottom,host,204.87,256.776,124,48,0,
22,3,bottom,other,512.811,252.678,245,12,0,
22,4,bottom,host,213.16,262.368,124,48,0,
22,4,bottom,other,505.04,246.385,309,12,0,
22,5,bottom,host,221.45,267.96,124,48,0,
22,5,bottom,other,497.269,240.092,309,12,0,
22,6,bottom,host,229.74,273.552,124,48,0,
22,6,bottom,other,489.498,233.799,309,12,0,
22,7,bottom,host,238.03,279.144,124,48,0,
22,7,bottom,other,481.727,227.506,309,12,0,
22,8,bottom,host,246.32,284.736,124,48,0,
22,8,bottom,other,473.956,221.213,309,12,0,
22,9,bottom,host,254.61,290.328,124,48,0,
22,9,bottom,other,466.185,214.92,309,12,0,
22,10,bottom,host,262.9,295.92,124,48,0,
22,10,bottom,other,458.414,208.627,309,12,0,
22,11,bottom,host,271.19,301.512,124,48,0,
22,11,bottom,other,450.643,202.334,309,12,0,
22,12,bottom,host,279.48,307.104,124,48,0,
22,12,bottom,other,442.872,196.041,309,12,0,
22,13,bottom,host,287.77,312.696,124,48,0,
22,13,bottom,other,435.101,189.748,309,12,0,
22,14,bottom,host,296.06,318.288,124,48,0,
22,14,bottom,other,427.33,183.455,309,12,0,
22,15,bottom,host,304.35,323.88,124,48,0,
22,15,bottom,other,419.559,177.162,309,12,0,
22,16,bottom,host,312.64,329.472,124,48,0,
22,16,bottom,other,411.788,170.869,309,12,0,
22,17,bottom,host,320.93,335.064,124,48,0,
22,17,bottom,other,404.017,164.576,309,12,0,
22,18,bottom,host,329.22,340.656,124,48,0,
22,18,bottom,other,396.246,158.283,309,12,0,
22,19,bottom,host,337.51,346.248,124,48,0,
22,19,bottom,other,388.475,151.99,309,12,0,
22,20,bottom,host,345.8,351.84,124,52,0,
22,20,bottom,other,380.704,145.697,309,13,0,
22,21,bottom,host,345.8,351.84,124,52,0,
22,21,bottom,other,380.704,145.697,309,13,0,
22,22,bottom,host,345.8,351.84,124,52,0,
22,22,bottom,other,380.704,145.697,309,13,0,
23,1,bottom,host,188.29,245.592,124,52,0,
23,1,bottom,other,532.014,233.982,307,13,0,
23,2,bottom,host,196.58,251.184,124,52,0,
23,2,bottom,other,524.028,227.964,307,13,0,
23,3,bottom,host,204.87,256.776,124,52,0,
23,3,bottom,other,516.042,221.946,307,13,0,
23,4,bottom,host,213.16,262.368,124,52,0,
23,4,bottom,other,508.056,215.928,307,13,0,
23,5,bottom,host,221.45,267.96,124,52,0,
23,5,bottom,other,500.07,209.91,307,13,0,
23,6,bottom,host,229.74,273.552,124,52,0,
23,6,bottom,other,492.084,203.892,307,13,0,
23,7,bottom,host,238.03,279.144,124,52,0,
23,7,bottom,other,484.098,197.874,307,13,0,
23,8,bottom,host,246.32,284.736,124,52,0,
23,8,bottom,other,476.112,191.856,307,13,0,
23,9,bottom,host,254.61,290.328,124,52,0,
23,9,bottom,other,468.126,185.838,307,13,0,
23,10,bottom,host,262.9,295.92,124,52,0,
23,10,bottom,other,460.14,179.82,307,13,0,
23,11,bottom,host,271.19,301.512,124,52,0,
23,11,bottom,other,452.154,173.802,307,13,0,
23,12,bottom,host,279.48,307.104,124,52,0,
23,12,bottom,other,444.168,167.784,307,13,0,
23,13,bottom,host,287.77,312.696,124,52,0,
23,13,bottom,other,436.182,161.766,307,13,0,
23,14,bottom,host,296.06,318.288,124,52,0,
23,14,bottom,other,428.196,155.748,307,13,0,
23,15,bottom,host,304.35,323.88,124,52,0,
23,15,bottom,other,420.21,149.73,307,13,0,
23,16,bottom,host,312.64,329.472,124,52,0,
23,16,bottom,other,412.224,143.712,307,13,0,
23,17,bottom,host,320.93,335.064,124,52,0,
23,17,bottom,other,404.238,137.694,307,13,0,
23,18,bottom,host,329.22,340.656,124,52,0,
23,18,bottom,other,396.252,131.676,307,13,0,
23,19,bottom,host,337.51,346.248,124,52,0,
23,19,bottom,other,388.266,125.658,307,13,0,
23,20,bottom,host,345.8,351.84,124,56,0,
23,20,bottom,other,380.28,119.64,307,14,0,
23,21,bottom,host,345.8,351.84,124,56,0,
23,21,bottom,other,380.28,119.64,307,14,0,
23,22,bottom,host,345.8,351.84,124,56,0,
23,22,bottom,other,380.28,119.64,307,14,0,
24,1,top,host,188.387,234.554,57,56,0,
24,1,top,other,530,240,270,14,0,
24,2,top,host,196.774,229.108,57,56,0,
24,2,top,other,520,240,270,14,0,
24,3,top,host,205.161,223.662,57,56,0,
24,3,top,other,510,240,270,14,0,
24,4,top,host,213.548,218.216,57,56,0,
24,4,top,other,502.014,246.018,233,14,0,
24,5,top,host,221.935,212.77,57,56,0,
24,5,top,other,494.028,252.036,233,14,0,
24,6,top,host,230.322,207.324,57,56,0,
24,6,top,other,486.042,258.054,233,14,0,
24,7,top,host,238.709,201.878,57,56,0,
24,7,top,other,478.056,264.072,233,14,0,
24,8,top,host,247.096,196.432,57,56,0,
24,8,top,other,470.07,270.09,233,14,0,
24,9,top,host,255.483,190.986,57,56,0,
24,9,top,other,462.084,276.108,233,14,0,
24,10,top,host,263.87,185.54,57,56,0,
24,10,top,other,454.098,282.126,233,14,0,
24,11,top,host,272.257,180.094,57,56,0,
24,11,top,other,446.112,288.144,233,14,0,
24,12,top,host,280.644,174.648,57,56,0,
24,12,top,other,438.126,294.162,233,14,0,
24,13,top,host,289.031,169.202,57,56,0,
24,13,top,other,430.14,300.18,233,14,0,
24,14,top,host,297.418,163.756,57,56,0,
24,14,top,other,422.154,306.198,233,14,0,
24,15,top,host,305.805,158.31,57,56,0,
24,15,top,other,414.168,312.216,233,14,0,
24,16,top,host,314.192,152.864,57,56,0,
24,16,top,other,406.182,318.234,233,14,0,
24,17,top,host,322.579,147.418,57,56,0,
24,17,top,other,398.196,324.252,233,14,0,
24,18,top,host,330.966,141.972,57,56,0,
24,18,top,other,390.21,330.27,233,14,0,
24,19,top,host,339.353,136.526,57,56,0,
24,19,top,other,382.224,336.288,233,14,0,
24,20,top,host,347.74,131.08,57,60,0,
24,20,top,other,374.238,342.306,233,15,0,
24,21,top,host,347.74,131.08,57,60,0,
24,21,top,other,374.238,342.306,233,15,0,
24,22,top,host,347.74,131.08,57,60,0,
24,22,top,other,374.238,342.306,233,15,0,
25,1,bottom,host,188.192,245.736,125,60,0,
25,1,bottom,other,530,240,270,15,0,
25,2,bottom,host,196.384,251.472,125,60,0,
25,2,bottom,other,521.613,234.554,303,15,0,
25,3,bottom,host,204.576,257.208,125,60,0,
25,3,bottom,other,513.226,229.108,303,15,0,
25,4,bottom,host,212.768,262.944,125,60,0,
25,4,bottom,other,504.839,223.662,303,15,0,
25,5,bottom,host,220.96,268.68,125,60,0,
25,5,bottom,other,496.452,218.216,303,15,0,
25,6,bottom,host,229.152,274.416,125,60,0,
25,6,bottom,other,488.065,212.77,303,15,0,
25,7,bottom,host,237.344,280.152,125,60,0,
25,7,bottom,other,479.678,207.324,303,15,0,
25,8,bottom,host,245.536,285.888,125,60,0,
25,8,bottom,other,471.291,201.878,303,15,0,
25,9,bottom,host,253.728,291.624,125,60,0,
25,9,bottom,other,462.904,196.432,303,15,0,
25,10,bottom,host,261.92,297.36,125,60,0,
25,10,bottom,other,454.517,190.986,303,15,0,
25,11,bottom,host,270.112,303.096,125,60,0,
25,11,bottom,other,446.13,185.54,303,15,0,
25,12,bottom,host,278.304,308.832,125,60,0,
25,12,bottom,other,437.743,180.094,303,15,0,
25,13,bottom,host,286.496,314.568,125,60,0,
25,13,bottom,other,429.356,174.648,303,15,0,
25,14,bottom,host,294.688,320.304,125,60,0,
25,14,bottom,other,420.969,169.202,303,15,0,
25,15,bottom,host,302.88,326.04,125,60,0,
25,15,bottom,other,412.582,163.756,303,15,0,
25,16,bottom,host,311.072,331.776,125,60,0,
25,16,bottom,other,404.195,158.31,303,15,0,
25,17,bottom,host,319.264,337.512,125,60,0,
25,17,bottom,other,395.808,152.864,303,15,0,
25,18,bottom,host,327.456,343.248,125,60,0,
25,18,bottom,other,387.421,147.418,303,15,0,
25,19,bottom,host,335.648,348.984,125,60,0,
25,19,bottom,other,379.034,141.972,303,15,0,
25,20,bottom,host,343.84,354.72,125,64,0,
25,20,bottom,other,370.647,136.526,303,16,0,
25,21,bottom,host,343.84,354.72,125,64,0,
25,21,bottom,other,370.647,136.526,303,16,0,
25,22,bottom,host,343.84,354.72,125,64,0,
25,22,bottom,other,370.647,136.526,303,16,0,
26,1,top,host,188.387,234.554,57,64,0,
26,1,top,other,531.71,245.592,236,16,0,
26,2,top,host,196.774,229.108,57,64,0,
26,2,top,other,523.42,251.184,236,16,0,
26,3,top,host,205.161,223.662,57,64,0,
26,3,top,other,515.13,256.776,236,16,0,
26,4,top,host,213.548,218.216,57,64,0,
26,4,top,other,506.84,262.368,236,16,0,
26,5,top,host,221.935,212.77,57,64,0,
26,5,top,other,498.55,267.96,236,16,0,
26,6,top,host,230.322,207.324,57,64,0,
26,6,top,other,490.26,273.552,236,16,0,
26,7,top,host,238.709,201.878,57,64,0,
26,7,top,other,481.97,279.144,236,16,0,
26,8,top,host,247.096,196.432,57,64,0,
26,8,top,other,473.68,284.736,236,16,0,
26,9,top,host,255.483,190.986,57,64,0,
26,9,top,other,465.39,290.328,236,16,0,
26,10,top,host,263.87,185.54,57,64,0,
26,10,top,other,457.1,295.92,236,16,0,
26,11,top,host,272.257,180.094,57,64,0,
26,11,top,other,448.81,301.512,236,16,0,
26,12,top,host,280.644,174.648,57,64,0,
26,12,top,other,440.52,307.104,236,16,0,
26,13,top,host,289.031,169.202,57,64,0,
26,13,top,other,432.23,312.696,236,16,0,
26,14,top,host,297.418,163.756,57,64,0,
26,14,top,other,423.94,318.288,236,16,0,
26,15,top,host,305.805,158.31,57,64,0,
26,15,top,other,415.65,323.88,236,16,0,
26,16,top,host,314.192,152.864,57,64,0,
26,16,top,other,407.36,329.472,236,16,0,
26,17,top,host,322.579,147.418,57,64,0,
26,17,top,other,399.07,335.064,236,16,0,
26,18,top,host,330.966,141.972,57,64,0,
26,18,top,other,390.78,340.656,236,16,0,
26,19,top,host,339.353,136.526,57,64,0,
26,19,top,other,382.49,346.248,236,16,0,
26,20,top,host,347.74,131.08,57,68,0,
26,20,top,other,374.2,351.84,236,17,0,
26,21,top,host,347.74,131.08,57,68,0,
26,21,top,other,374.2,351.84,236,17,0,
26,22,top,host,347.74,131.08,57,68,0,
26,22,top,other,374.2,351.84,236,17,0,
27,1,bottom,host,188.29,245.592,124,68,0,
27,1,bottom,other,531.71,234.408,304,17,0,
27,2,bottom,host,196.58,251.184,124,68,0,
27,2,bottom,other,523.42,228.816,304,17,0,
27,3,bottom,host,204.87,256.776,124,68,0,
27,3,bottom,other,515.13,223.224,304,17,0,
27,4,bottom,host,213.16,262.368,124,68,0,
27,4,bottom,other,506.84,217.632,304,17,0,
27,5,bottom,host,221.45,267.96,124,68,0,
27,5,bottom,other,498.55,212.04,304,17,0,
27,6,bottom,host,229.74,273.552,124,68,0,
27,6,bottom,other,490.26,206.448,304,17,0,
27,7,bottom,host,238.03,279.144,124,68,0,
27,7,bottom,other,481.97,200.856,304,17,0,
27,8,bottom,host,246.32,284.736,124,68,0,
27,8,bottom,other,473.68,195.264,304,17,0,
27,9,bottom,host,254.61,290.328,124,68,0,
27,9,bottom,other,465.39,189.672,304,17,0,
27,10,bottom,host,262.9,295.92,124,68,0,
27,10,bottom,other,457.1,184.08,304,17,0,
27,11,bottom,host,271.19,301.512,124,68,0,
27,11,bottom,other,448.81,178.488,304,17,0,
27,12,bottom,host,279.48,307.104,124,68,0,
27,12,bottom,other,440.52,172.896,304,17,0,
27,13,bottom,host,287.77,312.696,124,68,0,
27,13,bottom,other,432.23,167.304,304,17,0,
27,14,bottom,host,296.06,318.288,124,68,0,
27,14,bottom,other,423.94,161.712,304,17,0,
27,15,bottom,host,304.35,323.88,124,68,0,
27,15,bottom,other,415.65,156.12,304,17,0,
27,16,bottom,host,312.64,329.472,124,68,0,
27,16,bottom,other,407.36,150.528,304,17,0,
27,17,bottom,host,320.93,335.064,124,68,0,
27,17,bottom,other,399.07,144.936,304,17,0,
27,18,bottom,host,329.22,340.656,124,68,0,
27,18,bottom,other,390.78,139.344,304,17,0,
27,19,bottom,host,337.51,346.248,124,68,0,
27,19,bottom,other,382.49,133.752,304,17,0,
27,20,bottom,host,345.8,351.84,124,72,0,
27,20,bottom,other,374.2,128.16,304,18,0,
27,21,bottom,host,345.8,351.84,124,72,0,
27,21,bottom,other,374.2,128.16,304,18,0,
27,22,bottom,host,345.8,351.84,124,72,0,
27,22,bottom,other,374.2,128.16,304,18,0,
28,1,top,host,188.387,234.554,57,72,0,
28,1,top,other,530,240,270,18,0,
28,2,top,host,196.774,229.108,57,72,0,
28,2,top,other,520,240,270,18,0,
28,3,top,host,205.161,223.662,57,72,0,
28,3,top,other,510,240,270,18,0,
28,4,top,host,213.548,218.216,57,72,0,
28,4,top,other,502.453,246.561,229,18,0,
28,5,top,host,221.935,212.77,57,72,0,
28,5,top,other,494.906,253.122,229,18,0,
28,6,top,host,230.322,207.324,57,72,0,
28,6,top,other,487.359,259.683,229,18,0,
28,7,top,host,238.709,201.878,57,72,0,
28,7,top,other,479.812,266.244,229,18,0,
28,8,top,host,247.096,196.432,57,72,0,
28,8,top,other,472.265,272.805,229,18,0,
28,9,top,host,255.483,190.986,57,72,0,
28,9,top,other,464.718,279.366,229,18,0,
28,10,top,host,263.87,185.54,57,72,0,
28,10,top,other,457.171,285.927,229,18,0,
28,11,top,host,272.257,180.094,57,72,0,
28,11,top,other,449.624,292.488,229,18,0,
28,12,top,host,280.644,174.648,57,72,0,
28,12,top,other,442.077,299.049,229,18,0,
28,13,top,host,289.031,169.202,57,72,0,
28,13,top,other,434.53,305.61,229,18,0,
28,14,top,host,297.418,163.756,57,72,0,
28,14,top,other,426.983,312.171,229,18,0,
28,15,top,host,305.805,158.31,57,72,0,
28,15,top,other,419.436,318.732,229,18,0,
28,16,top,host,314.192,152.864,57,72,0,
28,16,top,other,411.889,325.293,229,18,0,
28,17,top,host,322.579,147.418,57,72,0,
28,17,top,other,404.342,331.854,229,18,0,
28,18,top,host,330.966,141.972,57,72,0,
28,18,top,other,396.795,338.415,229,18,0,
28,19,top,host,339.353,136.526,57,72,0,
28,19,top,other,389.248,344.976,229,18,0,
28,20,top,host,347.74,131.08,57,76,0,
28,20,top,other,381.701,351.537,229,19,0,
28,21,top,host,347.74,131.08,57,76,0,
28,21,top,other,381.701,351.537,229,19,0,
28,22,top,host,347.74,131.08,57,76,0,
28,22,top,other,381.701,351.537,229,19,0,
29,1,bottom,host,188.29,245.592,124,76,0,
29,1,bottom,other,530,240,270,19,0,
29,2,bottom,host,196.58,251.184,124,76,0,
29,2,bottom,other,520,240,270,19,0,
29,3,bottom,host,204.87,256.776,124,76,0,
29,3,bottom,other,510,240,270,19,0,
29,4,bottom,host,213.16,262.368,124,76,0,
29,4,bottom,other,500,240,270,19,0,
29,5,bottom,host,221.45,267.96,124,76,0,
29,5,bottom,other,490,240,270,19,0,
29,6,bottom,host,229.74,273.552,124,76,0,
29,6,bottom,other,482.807,233.053,314,19,0,
29,7,bottom,host,238.03,279.144,124,76,0,
29,7,bottom,other,475.614,226.106,314,19,0,
29,8,bottom,host,246.32,284.736,124,76,0,
29,8,bottom,other,468.421,219.159,314,19,0,
29,9,bottom,host,254.61,290.328,124,76,0,
29,9,bottom,other,461.107,212.339,313,19,0,
29,10,bottom,host,262.9,295.92,124,76,0,
29,10,bottom,other,453.793,205.519,313,19,0,
29,11,bottom,host,271.19,301.512,124,76,0,
29,11,bottom,other,446.479,198.699,313,19,0,
29,12,bottom,host,279.48,307.104,124,76,0,
29,12,bottom,other,439.165,191.879,313,19,0,
29,13,bottom,host,287.77,312.696,124,76,0,
29,13,bottom,other,431.851,185.059,313,19,0,
29,14,bottom,host,296.06,318.288,124,76,0,
29,14,bottom,other,424.537,178.239,313,19,0,
29,15,bottom,host,304.35,323.88,124,76,0,
29,15,bottom,other,417.223,171.419,313,19,0,
29,16,bottom,host,312.64,329.472,124,76,0,
29,16,bottom,other,409.909,164.599,313,19,0,
29,17,bottom,host,320.93,335.064,124,76,0,
29,17,bottom,other,402.595,157.779,313,19,0,
29,18,bottom,host,329.22,340.656,124,76,0,
29,18,bottom,other,395.281,150.959,313,19,0,
29,19,bottom,host,337.51,346.248,124,76,0,
29,19,bottom,other,387.967,144.139,313,19,0,
29,20,bottom,host,345.8,351.84,124,80,0,
29,20,bottom,other,380.653,137.319,313,20,0,
29,21,bottom,host,345.8,351.84,124,80,0,
29,21,bottom,other,380.653,137.319,313,20,0,
29,22,bottom,host,345.8,351.84,124,80,0,
29,22,bottom,other,380.653,137.319,313,20,0,
30,1,bottom,host,188.192,245.736,125,80,0,
30,1,bottom,other,531.808,234.264,305,20,0,
30,2,bottom,host,196.384,251.472,125,80,0,
30,2,bottom,other,523.616,228.528,305,20,0,
30,3,bottom,host,204.576,257.208,125,80,0,
30,3,bottom,other,515.424,222.792,305,20,0,
30,4,bottom,host,212.768,262.944,125,80,0,
30,4,bottom,other,507.232,217.056,305,20,0,
30,5,bottom,host,220.96,268.68,125,80,0,
30,5,bottom,other,499.04,211.32,305,20,0,
30,6,bottom,host,229.152,274.416,125,80,0,
30,6,bottom,other,490.848,205.584,305,20,0,
30,7,bottom,host,237.344,280.152,125,80,0,
30,7,bottom,other,482.656,199.848,305,20,0,
30,8,bottom,host,245.536,285.888,125,80,0,
30,8,bottom,other,474.464,194.112,305,20,0,
30,9,bottom,host,253.728,291.624,125,80,0,
30,9,bottom,other,466.272,188.376,305,20,0,
30,10,bottom,host,261.92,297.36,125,80,0,
30,10,bottom,other,458.08,182.64,305,20,0,
30,11,bottom,host,270.112,303.096,125,80,0,
30,11,bottom,other,449.888,176.904,305,20,0,
30,12,bottom,host,278.304,308.832,125,80,0,
30,12,bottom,other,441.696,171.168,305,20,0,
30,13,bottom,host,286.496,314.568,125,80,0,
30,13,bottom,other,433.504,165.432,305,20,0,
30,14,bottom,host,294.688,320.304,125,80,0,
30,14,bottom,other,425.312,159.696,305,20,0,
30,15,bottom,host,302.88,326.04,125,80,0,
30,15,bottom,other,417.12,153.96,305,20,0,
30,16,bottom,host,311.072,331.776,125,80,0,
30,16,bottom,other,408.928,148.224,305,20,0,
30,17,bottom,host,319.264,337.512,125,80,0,
30,17,bottom,other,400.736,142.488,305,20,0,
30,18,bottom,host,327.456,343.248,125,80,0,
30,18,bottom,other,392.544,136.752,305,20,0,
30,19,bottom,host,335.648,348.984,125,80,0,
30,19,bottom,other,384.352,131.016,305,20,0,
30,20,bottom,host,343.84,354.72,125,84,0,
30,20,bottom,other,376.16,125.28,305,21,0,
30,21,bottom,host,343.84,354.72,125,84,0,
30,21,bottom,other,376.16,125.28,305,21,0,
30,22,bottom,host,343.84,354.72,125,84,0,
30,22,bottom,other,376.16,125.28,305,21,0,
31,1,top,host,188.387,234.554,57,84,0,
31,1,top,other,532.12,246.157,232,21,0,
31,2,top,host,196.774,229.108,57,84,0,
31,2,top,other,524.24,252.314,232,21,0,
31,3,top,host,205.161,223.662,57,84,0,
31,3,top,other,516.36,258.471,232,21,0,
31,4,top,host,213.548,218.216,57,84,0,
31,4,top,other,508.48,264.628,232,21,0,
31,5,top,host,221.935,212.77,57,84,0,
31,5,top,other,500.6,270.785,232,21,0,
31,6,top,host,230.322,207.324,57,84,0,
31,6,top,other,492.72,276.942,232,21,0,
31,7,top,host,238.709,201.878,57,84,0,
31,7,top,other,484.84,283.099,232,21,0,
31,8,top,host,247.096,196.432,57,84,0,
31,8,top,other,476.96,289.256,232,21,0,
31,9,top,host,255.483,190.986,57,84,0,
31,9,top,other,469.08,295.413,232,21,0,
31,10,top,host,263.87,185.54,57,84,0,
31,10,top,other,461.2,301.57,232,21,0,
31,11,top,host,272.257,180.094,57,84,0,
31,11,top,other,453.32,307.727,232,21,0,
31,12,top,host,280.644,174.648,57,84,0,
31,12,top,other,445.44,313.884,232,21,0,
31,13,top,host,289.031,169.202,57,84,0,
31,13,top,other,437.56,320.041,232,21,0,
31,14,top,host,297.418,163.756,57,84,0,
31,14,top,other,429.68,326.198,232,21,0,
31,15,top,host,305.805,158.31,57,84,0,
31,15,top,other,421.8,332.355,232,21,0,
31,16,top,host,314.192,152.864,57,84,0,
31,16,top,other,413.92,338.512,232,21,0,
31,17,top,host,322.579,147.418,57,84,0,
31,17,top,other,406.04,344.669,232,21,0,
31,18,top,host,330.966,141.972,57,84,0,
31,18,top,other,398.16,350.826,232,21,0,
31,19,top,host,339.353,136.526,57,84,0,
31,19,top,other,390.28,356.983,232,21,0,
31,20,top,host,347.74,131.08,57,88,0,
31,20,top,other,382.4,363.14,232,22,0,
31,21,top,host,347.74,131.08,57,88,0,
31,21,top,other,382.4,363.14,232,22,0,
31,22,top,host,347.74,131.08,57,88,0,
31,22,top,other,382.4,363.14,232,22,0,
32,1,top,host,188.29,234.408,56,88,0,
32,1,top,other,531.71,245.592,236,22,0,
32,2,top,host,196.58,228.816,56,88,0,
32,2,top,other,523.42,251.184,236,22,0,
32,3,top,host,204.87,223.224,56,88,0,
32,3,top,other,515.13,256.776,236,22,0,
32,4,top,host,213.16,217.632,56,88,0,
32,4,top,other,506.84,262.368,236,22,0,
32,5,top,host,221.45,212.04,56,88,0,
32,5,top,other,498.55,267.96,236,22,0,
32,6,top,host,229.74,206.448,56,88,0,
32,6,top,other,490.26,273.552,236,22,0,
32,7,top,host,238.03,200.856,56,88,0,
32,7,top,other,481.97,279.144,236,22,0,
32,8,top,host,246.32,195.264,56,88,0,
32,8,top,other,473.68,284.736,236,22,0,
32,9,top,host,254.61,189.672,56,88,0,
32,9,top,other,465.39,290.328,236,22,0,
32,10,top,host,262.9,184.08,56,88,0,
32,10,top,other,457.1,295.92,236,22,0,
32,11,top,host,271.19,178.488,56,88,0,
32,11,top,other,448.81,301.512,236,22,0,
32,12,top,host,279.48,172.896,56,88,0,
32,12,top,other,440.52,307.104,236,22,0,
32,13,top,host,287.77,167.304,56,88,0,
32,13,top,other,432.23,312.696,236,22,0,
32,14,top,host,296.06,161.712,56,88,0,
32,14,top,other,423.94,318.288,236,22,0,
32,15,top,host,304.35,156.12,56,88,0,
32,15,top,other,415.65,323.88,236,22,0,
32,16,top,host,312.64,150.528,56,88,0,
32,16,top,other,407.36,329.472,236,22,0,
32,17,top,host,320.93,144.936,56,88,0,
32,17,top,other,399.07,335.064,236,22,0,
32,18,top,host,329.22,139.344,56,88,0,
32,18,top,other,390.78,340.656,236,22,0,
32,19,top,host,337.51,133.752,56,88,0,
32,19,top,other,382.49,346.248,236,22,0,
32,20,top,host,345.8,128.16,56,92,0,
32,20,top,other,374.2,351.84,236,23,0,
32,21,top,host,345.8,128.16,56,92,0,
32,21,top,other,374.2,351.84,236,23,0,
32,22,top,host,345.8,128.16,56,92,0,
32,22,top,other,374.2,351.84,236,23,0,
33,1,bottom,host,188.29,245.592,124,92,0,
33,1,bottom,other,530,240,270,23,0,
33,2,bottom,host,196.58,251.184,124,92,0,
33,2,bottom,other,520,240,270,23,0,
33,3,bottom,host,204.87,256.776,124,92,0,
33,3,bottom,other,510,240,270,23,0,
33,4,bottom,host,213.16,262.368,124,92,0,
33,4,bottom,other,500,240,270,23,0,
33,5,bottom,host,221.45,267.96,124,92,0,
33,5,bottom,other,490,240,270,23,0,
33,6,bottom,host,229.74,273.552,124,92,0,
33,6,bottom,other,480,240,270,23,0,
33,7,bottom,host,238.03,279.144,124,92,0,
33,7,bottom,other,470,240,270,23,0,
33,8,bottom,host,246.32,284.736,124,92,0,
33,8,bottom,other,460,240,270,23,0,
33,9,bottom,host,254.61,290.328,124,92,0,
33,9,bottom,other,450,240,270,23,0,
33,10,bottom,host,262.9,295.92,124,92,0,
33,10,bottom,other,440,240,270,23,0,
33,11,bottom,host,271.19,301.512,124,92,0,
33,11,bottom,other,430,240,270,23,0,
33,12,bottom,host,279.48,307.104,124,92,0,
33,12,bottom,other,420,240,270,23,0,
33,13,bottom,host,287.77,312.696,124,92,0,
33,13,bottom,other,410,240,270,23,0,
33,14,bottom,host,296.06,318.288,124,92,0,
33,14,bottom,other,400,240,270,23,0,
33,15,bottom,host,304.35,323.88,124,92,0,
33,15,bottom,other,390,240,270,23,0,
33,16,bottom,host,312.64,329.472,124,92,0,
33,16,bottom,other,380,240,270,23,0,
33,17,bottom,host,320.93,335.064,124,92,0,
33,17,bottom,other,370,240,270,23,0,
33,18,bottom,host,329.22,340.656,124,92,0,
33,18,bottom,other,367.412,230.341,345,23,0,
33,19,bottom,host,337.51,346.248,124,92,0,
33,19,bottom,other,364.824,220.682,345,23,0,
33,20,bottom,host,345.8,351.84,124,96,0,
33,20,bottom,other,362.236,211.023,345,24,0,
33,21,bottom,host,345.8,351.84,124,96,0,
33,21,bottom,other,362.236,211.023,345,24,0,
33,22,bottom,host,345.8,351.84,124,96,0,
33,22,bottom,other,362.236,211.023,345,24,0,
34,1,top,host,188.29,234.408,56,96,0,
34,1,top,other,532.12,246.157,232,24,0,
34,2,top,host,196.58,228.816,56,96,0,
34,2,top,other,524.24,252.314,232,24,0,
34,3,top,host,204.87,223.224,56,96,0,
34,3,top,other,516.36,258.471,232,24,0,
34,4,top,host,213.16,217.632,56,96,0,
34,4,top,other,508.48,264.628,232,24,0,
34,5,top,host,221.45,212.04,56,96,0,
34,5,top,other,500.6,270.785,232,24,0,
34,6,top,host,229.74,206.448,56,96,0,
34,6,top,other,492.72,276.942,232,24,0,
34,7,top,host,238.03,200.856,56,96,0,
34,7,top,other,484.84,283.099,232,24,0,
34,8,top,host,246.32,195.264,56,96,0,
34,8,top,other,476.96,289.256,232,24,0,
34,9,top,host,254.61,189.672,56,96,0,
34,9,top,other,469.08,295.413,232,24,0,
34,10,top,host,262.9,184.08,56,96,0,
34,10,top,other,461.2,301.57,232,24,0,
34,11,top,host,271.19,178.488,56,96,0,
34,11,top,other,453.32,307.727,232,24,0,
34,12,top,host,279.48,172.896,56,96,0,
34,12,top,other,445.44,313.884,232,24,0,
34,13,top,host,287.77,167.304,56,96,0,
34,13,top,other,437.56,320.041,232,24,0,
34,14,top,host,296.06,161.712,56,96,0,
34,14,top,other,429.68,326.198,232,24,0,
34,15,top,host,304.35,156.12,56,96,0,
34,15,top,other,421.8,332.355,232,24,0,
34,16,top,host,312.64,150.528,56,96,0,
34,16,top,other,413.92,338.512,232,24,0,
34,17,top,host,320.93,144.936,56,96,0,
34,17,top,other,406.04,344.669,232,24,0,
34,18,top,host,329.22,139.344,56,96,0,
34,18,top,other,398.16,350.826,232,24,0,
34,19,top,host,337.51,133.752,56,96,0,
34,19,top,other,390.28,356.983,232,24,0,
34,20,top,host,345.8,128.16,56,100,0,
34,20,top,other,382.4,363.14,232,25,0,
34,21,top,host,345.8,128.16,56,100,0,
34,21,top,other,382.4,363.14,232,25,0,
34,22,top,host,345.8,128.16,56,100,0,
34,22,top,other,382.4,363.14,232,25,0,
35,1,bottom,host,188.387,245.446,123,100,0,
35,1,bottom,other,531.428,234.85,301,25,0,
35,2,bottom,host,196.774,250.892,123,100,0,
35,2,bottom,other,522.856,229.7,301,25,0,
35,3,bottom,host,205.161,256.338,123,100,0,
35,3,bottom,other,514.284,224.55,301,25,0,
35,4,bottom,host,213.548,261.784,123,100,0,
35,4,bottom,other,505.712,219.4,301,25,0,
35,5,bottom,host,221.935,267.23,123,100,0,
35,5,bottom,other,497.14,214.25,301,25,0,
35,6,bottom,host,230.322,272.676,123,100,0,
35,6,bottom,other,488.568,209.1,301,25,0,
35,7,bottom,host,238.709,278.122,123,100,0,
35,7,bottom,other,479.996,203.95,301,25,0,
35,8,bottom,host,247.096,283.568,123,100,0,
35,8,bottom,other,471.424,198.8,301,25,0,
35,9,bottom,host,255.483,289.014,123,100,0,
35,9,bottom,other,462.852,193.65,301,25,0,
35,10,bottom,host,263.87,294.46,123,100,0,
35,10,bottom,other,454.28,188.5,301,25,0,
35,11,bottom,host,272.257,299.906,123,100,0,
35,11,bottom,other,445.708,183.35,301,25,0,
35,12,bottom,host,280.644,305.352,123,100,0,
35,12,bottom,other,437.136,178.2,301,25,0,
35,13,bottom,host,289.031,310.798,123,100,0,
35,13,bottom,other,428.564,173.05,301,25,0,
35,14,bottom,host,297.418,316.244,123,100,0,
35,14,bottom,other,419.992,167.9,301,25,0,
35,15,bottom,host,305.805,321.69,123,100,0,
35,15,bottom,other,411.42,162.75,301,25,0,
35,16,bottom,host,314.192,327.136,123,100,0,
35,16,bottom,other,402.848,157.6,301,25,0,
35,17,bottom,host,322.579,332.582,123,100,0,
35,17,bottom,other,394.276,152.45,301,25,0,
35,18,bottom,host,330.966,338.028,123,100,0,
35,18,bottom,other,385.704,147.3,301,25,0,
35,19,bottom,host,339.353,343.474,123,100,0,
35,19,bottom,other,377.132,142.15,301,25,0,
35,20,bottom,host,347.74,348.92,123,104,0,
35,20,bottom,other,368.56,137,301,26,0,
35,21,bottom,host,347.74,348.92,123,104,0,
35,21,bottom,other,368.56,137,301,26,0,
35,22,bottom,host,347.74,348.92,123,104,0,
35,22,bottom,other,368.56,137,301,26,0,
36,1,bottom,host,188.192,245.736,125,104,0,
36,1,bottom,other,530,240,270,26,0,
36,2,bottom,host,196.384,251.472,125,104,0,
36,2,bottom,other,520,240,270,26,0,
36,3,bottom,host,204.576,257.208,125,104,0,
36,3,bottom,other,510,240,270,26,0,
36,4,bottom,host,212.768,262.944,125,104,0,
36,4,bottom,other,500,240,270,26,0,
36,5,bottom,host,220.96,268.68,125,104,0,
36,5,bottom,other,490,240,270,26,0,
36,6,bottom,host,229.152,274.416,125,104,0,
36,6,bottom,other,482.929,232.929,315,26,0,
36,7,bottom,host,237.344,280.152,125,104,0,
36,7,bottom,other,475.858,225.858,315,26,0,
36,8,bottom,host,245.536,285.888,125,104,0,
36,8,bottom,other,468.787,218.787,315,26,0,
36,9,bottom,host,253.728,291.624,125,104,0,
36,9,bottom,other,461.716,211.716,315,26,0,
36,10,bottom,host,261.92,297.36,125,104,0,
36,10,bottom,other,454.645,204.645,315,26,0,
36,11,bottom,host,270.112,303.096,125,104,0,
36,11,bottom,other,447.574,197.574,315,26,0,
36,12,bottom,host,278.304,308.832,125,104,0,
36,12,bottom,other,440.503,190.503,315,26,0,
36,13,bottom,host,286.496,314.568,125,104,0,
36,13,bottom,other,433.432,183.432,315,26,0,
36,14,bottom,host,294.688,320.304,125,104,0,
36,14,bottom,other,426.361,176.361,315,26,0,
36,15,bottom,host,302.88,326.04,125,104,0,
36,15,bottom,other,419.29,169.29,315,26,0,
36,16,bottom,host,311.072,331.776,125,104,0,
36,16,bottom,other,412.219,162.219,315,26,0,
36,17,bottom,host,319.264,337.512,125,104,0,
36,17,bottom,other,405.148,155.148,315,26,0,
36,18,bottom,host,327.456,343.248,125,104,0,
36,18,bottom,other,398.077,148.077,315,26,0,
36,19,bottom,host,335.648,348.984,125,104,0,
36,19,bottom,other,391.006,141.006,315,26,0,
36,20,bottom,host,343.84,354.72,125,108,0,
36,20,bottom,other,383.935,133.935,315,27,0,
36,21,bottom,host,343.84,354.72,125,108,0,
36,21,bottom,other,383.935,133.935,315,27,0,
36,22,bottom,host,343.84,354.72,125,108,0,
36,22,bottom,other,383.935,133.935,315,27,0,
37,1,bottom,host,188.29,245.592,124,108,0,
37,1,bottom,other,531.613,234.554,303,27,0,
37,2,bottom,host,196.58,251.184,124,108,0,
37,2,bottom,other,523.226,229.108,303,27,0,
37,3,bottom,host,204.87,256.776,124,108,0,
37,3,bottom,other,514.839,223.662,303,27,0,
37,4,bottom,host,213.16,262.368,124,108,0,
37,4,bottom,other,506.452,218.216,303,27,0,
37,5,bottom,host,221.45,267.96,124,108,0,
37,5,bottom,other,498.065,212.77,303,27,0,
37,6,bottom,host,229.74,273.552,124,108,0,
37,6,bottom,other,489.678,207.324,303,27,0,
37,7,bottom,host,238.03,279.144,124,108,0,
37,7,bottom,other,481.291,201.878,303,27,0,
37,8,bottom,host,246.32,284.736,124,108,0,
37,8,bottom,other,472.904,196.432,303,27,0,
37,9,bottom,host,254.61,290.328,124,108,0,
37,9,bottom,other,464.517,190.986,303,27,0,
37,10,bottom,host,262.9,295.92,124,108,0,
37,10,bottom,other,456.13,185.54,303,27,0,
37,11,bottom,host,271.19,301.512,124,108,0,
37,11,bottom,other,447.743,180.094,303,27,0,
37,12,bottom,host,279.48,307.104,124,108,0,
37,12,bottom,other,439.356,174.648,303,27,0,
37,13,bottom,host,287.77,312.696,124,108,0,
37,13,bottom,other,430.969,169.202,303,27,0,
37,14,bottom,host,296.06,318.288,124,108,0,
37,14,bottom,other,422.582,163.756,303,27,0,
37,15,bottom,host,304.35,323.88,124,108,0,
37,15,bottom,other,414.195,158.31,303,27,0,
37,16,bottom,host,312.64,329.472,124,108,0,
37,16,bottom,other,405.808,152.864,303,27,0,
37,17,bottom,host,320.93,335.064,124,108,0,
37,17,bottom,other,397.421,147.418,303,27,0,
37,18,bottom,host,329.22,340.656,124,108,0,
37,18,bottom,other,389.034,141.972,303,27,0,
37,19,bottom,host,337.51,346.248,124,108,0,
37,19,bottom,other,380.647,136.526,303,27,0,
37,20,bottom,host,345.8,351.84,124,112,0,
37,20,bottom,other,372.26,131.08,303,28,0,
37,21,bottom,host,345.8,351.84,124,112,0,
37,21,bottom,other,372.26,131.08,303,28,0,
37,22,bottom,host,345.8,351.84,124,112,0,
37,22,bottom,other,372.26,131.08,303,28,0,
38,1,top,host,188.29,234.408,56,112,0,
38,1,top,other,531.613,245.446,237,28,0,
38,2,top,host,196.58,228.816,56,112,0,
38,2,top,other,523.226,250.892,237,28,0,
38,3,top,host,204.87,223.224,56,112,0,
38,3,top,other,514.839,256.338,237,28,0,
38,4,top,host,213.16,217.632,56,112,0,
38,4,top,other,506.452,261.784,237,28,0,
38,5,top,host,221.45,212.04,56,112,0,
38,5,top,other,498.065,267.23,237,28,0,
38,6,top,host,229.74,206.448,56,112,0,
38,6,top,other,489.678,272.676,237,28,0,
38,7,top,host,238.03,200.856,56,112,0,
38,7,top,other,481.798,266.519,308,28,0,
38,8,top,host,246.32,195.264,56,112,0,
38,8,top,other,473.508,260.927,304,28,0,
38,9,top,host,254.61,189.672,56,112,0,
38,9,top,other,465.218,255.335,304,28,0,
38,10,top,host,262.9,184.08,56,112,0,
38,10,top,other,455.707,252.245,288,28,0,
38,11,top,host,271.19,178.488,56,112,0,
38,11,top,other,446.094,249.489,286,28,0,
38,12,top,host,279.48,172.896,56,112,0,
38,12,top,other,436.583,246.399,288,28,0,
38,13,top,host,287.77,167.304,56,112,0,
38,13,top,other,431.137,254.786,213,28,0,
38,14,top,host,296.06,161.712,56,112,0,
38,14,top,other,425.691,263.173,213,28,0,
38,15,top,host,304.35,156.12,56,112,0,
38,15,top,other,420.245,271.56,213,28,0,
38,16,top,host,312.64,150.528,56,112,0,
38,16,top,other,414.799,279.947,213,28,0,
38,17,top,host,320.93,144.936,56,112,0,
38,17,top,other,409.353,288.334,213,28,0,
38,18,top,host,329.22,139.344,56,112,0,
38,18,top,other,403.907,296.721,213,28,0,
38,19,top,host,337.51,133.752,56,112,0,
38,19,top,other,398.461,305.108,213,28,0,
38,20,top,host,345.8,128.16,56,116,0,
38,20,top,other,393.015,313.495,213,29,0,
38,21,top,host,345.8,128.16,56,116,0,
38,21,top,other,393.015,313.495,213,29,0,
38,22,top,host,345.8,128.16,56,116,0,
38,22,top,other,393.015,313.495,213,29,0,
39,1,top,host,188.387,234.554,57,116,0,
39,1,top,other,532.34,246.428,230,29,0,
39,2,top,host,196.774,229.108,57,116,0,
39,2,top,other,524.68,252.856,230,29,0,
39,3,top,host,205.161,223.662,57,116,0,
39,3,top,other,517.02,259.284,230,29,0,
39,4,top,host,213.548,218.216,57,116,0,
39,4,top,other,509.36,265.712,230,29,0,
39,5,top,host,221.935,212.77,57,116,0,
39,5,top,other,501.7,272.14,230,29,0,
39,6,top,host,230.322,207.324,57,116,0,
39,6,top,other,494.04,278.568,230,29,0,
39,7,top,host,238.709,201.878,57,116,0,
39,7,top,other,486.38,284.996,230,29,0,
39,8,top,host,247.096,196.432,57,116,0,
39,8,top,other,478.72,291.424,230,29,0,
39,9,top,host,255.483,190.986,57,116,0,
39,9,top,other,471.06,297.852,230,29,0,
39,10,top,host,263.87,185.54,57,116,0,
39,10,top,other,463.4,304.28,230,29,0,
39,11,top,host,272.257,180.094,57,116,0,
39,11,top,other,455.74,310.708,230,29,0,
39,12,top,host,280.644,174.648,57,116,0,
39,12,top,other,448.08,317.136,230,29,0,
39,13,top,host,289.031,169.202,57,116,0,
39,13,top,other,440.42,323.564,230,29,0,
39,14,top,host,297.418,163.756,57,116,0,
39,14,top,other,432.76,329.992,230,29,0,
39,15,top,host,305.805,158.31,57,116,0,
39,15,top,other,425.1,336.42,230,29,0,
39,16,top,host,314.192,152.864,57,116,0,
39,16,top,other,417.44,342.848,230,29,0,
39,17,top,host,322.579,147.418,57,116,0,
39,17,top,other,409.78,349.276,230,29,0,
39,18,top,host,330.966,141.972,57,116,0,
39,18,top,other,402.12,355.704,230,29,0,
39,19,top,host,339.353,136.526,57,116,0,
39,19,top,other,394.46,362.132,230,29,0,
39,20,top,host,347.74,131.08,57,120,0,
39,20,top,other,394.46,362.132,230,30,0,
39,21,top,host,347.74,131.08,57,120,0,
39,21,top,other,394.46,362.132,230,30,0,
39,22,top,host,347.74,131.08,57,120,0,
39,22,top,other,394.46,362.132,230,30,0,
40,1,bottom,host,188.387,245.446,123,120,0,
40,1,bottom,other,530,240,270,30,0,
40,2,bottom,host,196.774,250.892,123,120,0,
40,2,bottom,other,521.71,234.408,304,30,0,
40,3,bottom,host,205.161,256.338,123,120,0,
40,3,bottom,other,513.42,228.816,304,30,0,
40,4,bottom,host,213.548,261.784,123,120,0,
40,4,bottom,other,505.13,223.224,304,30,0,
40,5,bottom,host,221.935,267.23,123,120,0,
40,5,bottom,other,496.84,217.632,304,30,0,
40,6,bottom,host,230.322,272.676,123,120,0,
40,6,bottom,other,488.55,212.04,304,30,0,
40,7,bottom,host,238.709,278.122,123,120,0,
40,7,bottom,other,480.26,206.448,304,30,0,
40,8,bottom,host,247.096,283.568,123,120,0,
40,8,bottom,other,471.97,200.856,304,30,0,
40,9,bottom,host,255.483,289.014,123,120,0,
40,9,bottom,other,463.68,195.264,304,30,0,
40,10,bottom,host,263.87,294.46,123,120,0,
40,10,bottom,other,455.39,189.672,304,30,0,
40,11,bottom,host,272.257,299.906,123,120,0,
40,11,bottom,other,447.1,184.08,304,30,0,
40,12,bottom,host,280.644,305.352,123,120,0,
40,12,bottom,other,438.81,178.488,304,30,0,
40,13,bottom,host,289.031,310.798,123,120,0,
40,13,bottom,other,430.52,172.896,304,30,0,
40,14,bottom,host,297.418,316.244,123,120,0,
40,14,bottom,other,422.23,167.304,304,30,0,
40,15,bottom,host,305.805,321.69,123,120,0,
40,15,bottom,other,413.94,161.712,304,30,0,
40,16,bottom,host,314.192,327.136,123,120,0,
40,16,bottom,other,405.65,156.12,304,30,0,
40,17,bottom,host,322.579,332.582,123,120,0,
40,17,bottom,other,397.36,150.528,304,30,0,
40,18,bottom,host,330.966,338.028,123,120,0,
40,18,bottom,other,389.07,144.936,304,30,0,
40,19,bottom,host,339.353,343.474,123,120,0,
40,19,bottom,other,380.78,139.344,304,30,0,
40,20,bottom,host,347.74,348.92,123,124,0,
40,20,bottom,other,372.49,133.752,304,31,0,
40,21,bottom,host,347.74,348.92,123,124,0,
40,21,bottom,other,372.49,133.752,304,31,0,
40,22,bottom,host,347.74,348.92,123,124,0,
40,22,bottom,other,372.49,133.752,304,31,0,
41,1,top,host,188.29,234.408,56,124,0,
41,1,top,other,532.014,246.018,233,31,0,
41,2,top,host,196.58,228.816,56,124,0,
41,2,top,other,524.028,252.036,233,31,0,
41,3,top,host,204.87,223.224,56,124,0,
41,3,top,other,516.042,258.054,233,31,0,
41,4,top,host,213.16,217.632,56,124,0,
41,4,top,other,508.056,264.072,233,31,0,
41,5,top,host,221.45,212.04,56,124,0,
41,5,top,other,500.07,270.09,233,31,0,
41,6,top,host,229.74,206.448,56,124,0,
41,6,top,other,492.084,276.108,233,31,0,
41,7,top,host,238.03,200.856,56,124,0,
41,7,top,other,484.098,282.126,233,31,0,
41,8,top,host,246.32,195.264,56,124,0,
41,8,top,other,476.112,288.144,233,31,0,
41,9,top,host,254.61,189.672,56,124,0,
41,9,top,other,468.126,294.162,233,31,0,
41,10,top,host,262.9,184.08,56,124,0,
41,10,top,other,460.14,300.18,233,31,0,
41,11,top,host,271.19,178.488,56,124,0,
41,11,top,other,452.154,306.198,233,31,0,
41,12,top,host,279.48,172.896,56,124,0,
41,12,top,other,444.168,312.216,233,31,0,
41,13,top,host,287.77,167.304,56,124,0,
41,13,top,other,436.182,318.234,233,31,0,
41,14,top,host,296.06,161.712,56,124,0,
41,14,top,other,428.196,324.252,233,31,0,
41,15,top,host,304.35,156.12,56,124,0,
41,15,top,other,420.21,330.27,233,31,0,
41,16,top,host,312.64,150.528,56,124,0,
41,16,top,other,412.224,336.288,233,31,0,
41,17,top,host,320.93,144.936,56,124,0,
41,17,top,other,404.238,342.306,233,31,0,
41,18,top,host,329.22,139.344,56,124,0,
41,18,top,other,396.252,348.324,233,31,0,
41,19,top,host,337.51,133.752,56,124,0,
41,19,top,other,388.266,354.342,233,31,0,
41,20,top,host,345.8,128.16,56,128,0,
41,20,top,other,380.28,360.36,233,32,0,
41,21,top,host,345.8,128.16,56,128,0,
41,21,top,other,380.28,360.36,233,32,0,
41,22,top,host,345.8,128.16,56,128,0,
41,22,top,other,380.28,360.36,233,32,0,
42,1,top,host,188.29,234.408,56,128,0,
42,1,top,other,530,240,270,32,0,
42,2,top,host,196.58,228.816,56,128,0,
42,2,top,other,520,240,270,32,0,
42,3,top,host,204.87,223.224,56,128,0,
42,3,top,other,510,240,270,32,0,
42,4,top,host,213.16,217.632,56,128,0,
42,4,top,other,500,240,270,32,0,
42,5,top,host,221.45,212.04,56,128,0,
42,5,top,other,490,240,270,32,0,
42,6,top,host,229.74,206.448,56,128,0,
42,6,top,other,480,240,270,32,0,
42,7,top,host,238.03,200.856,56,128,0,
42,7,top,other,472.34,246.428,230,32,0,
42,8,top,host,246.32,195.264,56,128,0,
42,8,top,other,464.68,252.856,230,32,0,
42,9,top,host,254.61,189.672,56,128,0,
42,9,top,other,457.02,259.284,230,32,0,
42,10,top,host,262.9,184.08,56,128,0,
42,10,top,other,449.36,265.712,230,32,0,
42,11,top,host,271.19,178.488,56,128,0,
42,11,top,other,441.7,272.14,230,32,0,
42,12,top,host,279.48,172.896,56,128,0,
42,12,top,other,434.04,278.568,230,32,0,
42,13,top,host,287.77,167.304,56,128,0,
42,13,top,other,426.38,284.996,230,32,0,
42,14,top,host,296.06,161.712,56,128,0,
42,14,top,other,418.72,291.424,230,32,0,
42,15,top,host,304.35,156.12,56,128,0,
42,15,top,other,411.06,297.852,230,32,0,
42,16,top,host,312.64,150.528,56,128,0,
42,16,top,other,403.4,304.28,230,32,0,
42,17,top,host,320.93,144.936,56,128,0,
42,17,top,other,395.74,310.708,230,32,0,
42,18,top,host,329.22,139.344,56,128,0,
42,18,top,other,388.08,317.136,230,32,0,
42,19,top,host,337.51,133.752,56,128,0,
42,19,top,other,380.42,323.564,230,32,0,
42,20,top,host,345.8,128.16,56,132,0,
42,20,top,other,372.76,329.992,230,33,0,
42,21,top,host,345.8,128.16,56,132,0,
42,21,top,other,372.76,329.992,230,33,0,
42,22,top,host,345.8,128.16,56,132,0,
42,22,top,other,372.76,329.992,230,33,0,
43,1,bottom,host,188.29,245.592,124,132,0,
43,1,bottom,other,530,240,270,33,0,
43,2,bottom,host,196.58,251.184,124,132,0,
43,2,bottom,other,520,240,270,33,0,
43,3,bottom,host,204.87,256.776,124,132,0,
43,3,bottom,other,510,240,270,33,0,
43,4,bottom,host,213.16,262.368,124,132,0,
43,4,bottom,other,500,240,270,33,0,
43,5,bottom,host,221.45,267.96,124,132,0,
43,5,bottom,other,490,240,270,33,0,
43,6,bottom,host,229.74,273.552,124,132,0,
43,6,bottom,other,480,240,270,33,0,
43,7,bottom,host,238.03,279.144,124,132,0,
43,7,bottom,other,470,240,270,33,0,
43,8,bottom,host,246.32,284.736,124,132,0,
43,8,bottom,other,460,240,270,33,0,
43,9,bottom,host,254.61,290.328,124,132,0,
43,9,bottom,other,453.982,232.014,323,33,0,
43,10,bottom,host,262.9,295.92,124,132,0,
43,10,bottom,other,447.964,224.028,323,33,0,
43,11,bottom,host,271.19,301.512,124,132,0,
43,11,bottom,other,441.946,216.042,323,33,0,
43,12,bottom,host,279.48,307.104,124,132,0,
43,12,bottom,other,435.928,208.056,323,33,0,
43,13,bottom,host,287.77,312.696,124,132,0,
43,13,bottom,other,429.91,200.07,323,33,0,
43,14,bottom,host,296.06,318.288,124,132,0,
43,14,bottom,other,423.892,192.084,323,33,0,
43,15,bottom,host,304.35,323.88,124,132,0,
43,15,bottom,other,417.874,184.098,323,33,0,
43,16,bottom,host,312.64,329.472,124,132,0,
43,16,bottom,other,411.856,176.112,323,33,0,
43,17,bottom,host,320.93,335.064,124,132,0,
43,17,bottom,other,405.838,168.126,323,33,0,
43,18,bottom,host,329.22,340.656,124,132,0,
43,18,bottom,other,399.82,160.14,323,33,0,
43,19,bottom,host,337.51,346.248,124,132,0,
43,19,bottom,other,393.802,152.154,323,33,0,
43,20,bottom,host,345.8,351.84,124,136,0,
43,20,bottom,other,387.784,144.168,323,34,0,
43,21,bottom,host,345.8,351.84,124,136,0,
43,21,bottom,other,387.784,144.168,323,34,0,
43,22,bottom,host,345.8,351.84,124,136,0,
43,22,bottom,other,387.784,144.168,323,34,0,
44,1,bottom,host,188.29,245.592,124,136,0,
44,1,bottom,other,531.52,234.701,302,34,0,
44,2,bottom,host,196.58,251.184,124,136,0,
44,2,bottom,other,523.04,229.402,302,34,0,
44,3,bottom,host,204.87,256.776,124,136,0,
44,3,bottom,other,514.56,224.103,302,34,0,
44,4,bottom,host,213.16,262.368,124,136,0,
44,4,bottom,other,506.08,218.804,302,34,0,
44,5,bottom,host,221.45,267.96,124,136,0,
44,5,bottom,other,497.6,213.505,302,34,0,
44,6,bottom,host,229.74,273.552,124,136,0,
44,6,bottom,other,489.12,208.206,302,34,0,
44,7,bottom,host,238.03,279.144,124,136,0,
44,7,bottom,other,480.64,202.907,302,34,0,
44,8,bottom,host,246.32,284.736,124,136,0,
44,8,bottom,other,472.16,197.608,302,34,0,
44,9,bottom,host,254.61,290.328,124,136,0,
44,9,bottom,other,463.68,192.309,302,34,0,
44,10,bottom,host,262.9,295.92,124,136,0,
44,10,bottom,other,455.2,187.01,302,34,0,
44,11,bottom,host,271.19,301.512,124,136,0,
44,11,bottom,other,446.72,181.711,302,34,0,
44,12,bottom,host,279.48,307.104,124,136,0,
44,12,bottom,other,438.24,176.412,302,34,0,
44,13,bottom,host,287.77,312.696,124,136,0,
44,13,bottom,other,429.76,171.113,302,34,0,
44,14,bottom,host,296.06,318.288,124,136,0,
44,14,bottom,other,421.28,165.814,302,34,0,
44,15,bottom,host,304.35,323.88,124,136,0,
44,15,bottom,other,412.8,160.515,302,34,0,
44,16,bottom,host,312.64,329.472,124,136,0,
44,16,bottom,other,404.32,155.216,302,34,0,
44,17,bottom,host,320.93,335.064,124,136,0,
44,17,bottom,other,395.84,149.917,302,34,0,
44,18,bottom,host,329.22,340.656,124,136,0,
44,18,bottom,other,387.36,144.618,302,34,0,
44,19,bottom,host,337.51,346.248,124,136,0,
44,19,bottom,other,378.88,139.319,302,34,0,
44,20,bottom,host,345.8,351.84,124,140,0,
44,20,bottom,other,370.4,134.02,302,35,0,
44,21,bottom,host,345.8,351.84,124,140,0,
44,21,bottom,other,370.4,134.02,302,35,0,
44,22,bottom,host,345.8,351.84,124,140,0,
44,22,bottom,other,370.4,134.02,302,35,0,
45,1,top,host,188.387,234.554,57,140,0,
45,1,top,other,532.12,246.157,232,35,0,
45,2,top,host,196.774,229.108,57,140,0,
45,2,top,other,524.24,252.314,232,35,0,
45,3,top,host,205.161,223.662,57,140,0,
45,3,top,other,516.36,258.471,232,35,0,
45,4,top,host,213.548,218.216,57,140,0,
45,4,top,other,508.48,264.628,232,35,0,
45,5,top,host,221.935,212.77,57,140,0,
45,5,top,other,500.6,270.785,232,35,0,
45,6,top,host,230.322,207.324,57,140,0,
45,6,top,other,492.72,276.942,232,35,0,
45,7,top,host,238.709,201.878,57,140,0,
45,7,top,other,484.84,283.099,232,35,0,
45,8,top,host,247.096,196.432,57,140,0,
45,8,top,other,476.96,289.256,232,35,0,
45,9,top,host,255.483,190.986,57,140,0,
45,9,top,other,469.08,295.413,232,35,0,
45,10,top,host,263.87,185.54,57,140,0,
45,10,top,other,461.2,301.57,232,35,0,
45,11,top,host,272.257,180.094,57,140,0,
45,11,top,other,453.32,307.727,232,35,0,
45,12,top,host,280.644,174.648,57,140,0,
45,12,top,other,445.44,313.884,232,35,0,
45,13,top,host,289.031,169.202,57,140,0,
45,13,top,other,437.56,320.041,232,35,0,
45,14,top,host,297.418,163.756,57,140,0,
45,14,top,other,429.68,326.198,232,35,0,
45,15,top,host,305.805,158.31,57,140,0,
45,15,top,other,421.8,332.355,232,35,0,
45,16,top,host,314.192,152.864,57,140,0,
45,16,top,other,413.92,338.512,232,35,0,
45,17,top,host,322.579,147.418,57,140,0,
45,17,top,other,406.04,344.669,232,35,0,
45,18,top,host,330.966,141.972,57,140,0,
45,18,top,other,398.16,350.826,232,35,0,
45,19,top,host,339.353,136.526,57,140,0,
45,19,top,other,390.28,356.983,232,35,0,
45,20,top,host,347.74,131.08,57,144,0,
45,20,top,other,382.4,363.14,232,36,0,
45,21,top,host,347.74,131.08,57,144,0,
45,21,top,other,382.4,363.14,232,36,0,
45,22,top,host,347.74,131.08,57,144,0,
45,22,top,other,382.4,363.14,232,36,0,
46,1,bottom,host,188.29,245.592,124,144,0,
46,1,bottom,other,531.34,235,300,36,0,
46,2,bottom,host,196.58,251.184,124,144,0,
46,2,bottom,other,522.68,230,300,36,0,
46,3,bottom,host,204.87,256.776,124,144,0,
46,3,bottom,other,514.02,225,300,36,0,
46,4,bottom,host,213.16,262.368,124,144,0,
46,4,bottom,other,505.36,220,300,36,0,
46,5,bottom,host,221.45,267.96,124,144,0,
46,5,bottom,other,496.7,215,300,36,0,
46,6,bottom,host,229.74,273.552,124,144,0,
46,6,bottom,other,488.04,210,300,36,0,
46,7,bottom,host,238.03,279.144,124,144,0,
46,7,bottom,other,479.38,205,300,36,0,
46,8,bottom,host,246.32,284.736,124,144,0,
46,8,bottom,other,470.72,200,300,36,0,
46,9,bottom,host,254.61,290.328,124,144,0,
46,9,bottom,other,462.06,195,300,36,0,
46,10,bottom,host,262.9,295.92,124,144,0,
46,10,bottom,other,453.4,190,300,36,0,
46,11,bottom,host,271.19,301.512,124,144,0,
46,11,bottom,other,444.74,185,300,36,0,
46,12,bottom,host,279.48,307.104,124,144,0,
46,12,bottom,other,436.08,180,300,36,0,
46,13,bottom,host,287.77,312.696,124,144,0,
46,13,bottom,other,427.42,175,300,36,0,
46,14,bottom,host,296.06,318.288,124,144,0,
46,14,bottom,other,418.76,170,300,36,0,
46,15,bottom,host,304.35,323.88,124,144,0,
46,15,bottom,other,410.1,165,300,36,0,
46,16,bottom,host,312.64,329.472,124,144,0,
46,16,bottom,other,401.44,160,300,36,0,
46,17,bottom,host,320.93,335.064,124,144,0,
46,17,bottom,other,392.78,155,300,36,0,
46,18,bottom,host,329.22,340.656,124,144,0,
46,18,bottom,other,384.12,150,300,36,0,
46,19,bottom,host,337.51,346.248,124,144,0,
46,19,bottom,other,375.46,145,300,36,0,
46,20,bottom,host,345.8,351.84,124,148,0,
46,20,bottom,other,366.8,140,300,37,0,
46,21,bottom,host,345.8,351.84,124,148,0,
46,21,bottom,other,366.8,140,300,37,0,
46,22,bottom,host,345.8,351.84,124,148,0,
46,22,bottom,other,366.8,140,300,37,0,
47,1,top,host,188.387,234.554,57,148,0,
47,1,top,other,531.34,245,240,37,0,
47,2,top,host,196.774,229.108,57,148,0,
47,2,top,other,522.68,250,240,37,0,
47,3,top,host,205.161,223.662,57,148,0,
47,3,top,other,514.02,255,240,37,0,
47,4,top,host,213.548,218.216,57,148,0,
47,4,top,other,505.36,260,240,37,0,
47,5,top,host,221.935,212.77,57,148,0,
47,5,top,other,496.7,265,240,37,0,
47,6,top,host,230.322,207.324,57,148,0,
47,6,top,other,488.04,270,240,37,0,
47,7,top,host,238.709,201.878,57,148,0,
47,7,top,other,479.38,275,240,37,0,
47,8,top,host,247.096,196.432,57,148,0,
47,8,top,other,470.72,280,240,37,0,
47,9,top,host,255.483,190.986,57,148,0,
47,9,top,other,462.06,285,240,37,0,
47,10,top,host,263.87,185.54,57,148,0,
47,10,top,other,453.4,290,240,37,0,
47,11,top,host,272.257,180.094,57,148,0,
47,11,top,other,444.74,295,240,37,0,
47,12,top,host,280.644,174.648,57,148,0,
47,12,top,other,436.08,300,240,37,0,
47,13,top,host,289.031,169.202,57,148,0,
47,13,top,other,427.42,305,240,37,0,
47,14,top,host,297.418,163.756,57,148,0,
47,14,top,other,418.76,310,240,37,0,
47,15,top,host,305.805,158.31,57,148,0,
47,15,top,other,410.1,315,240,37,0,
47,16,top,host,314.192,152.864,57,148,0,
47,16,top,other,401.44,320,240,37,0,
47,17,top,host,322.579,147.418,57,148,0,
47,17,top,other,392.78,325,240,37,0,
47,18,top,host,330.966,141.972,57,148,0,
47,18,top,other,384.12,330,240,37,0,
47,19,top,host,339.353,136.526,57,148,0,
47,19,top,other,375.46,335,240,37,0,
47,20,top,host,347.74,131.08,57,152,0,
47,20,top,other,375.46,335,240,38,0,
47,21,top,host,347.74,131.08,57,152,0,
47,21,top,other,375.46,335,240,38,0,
47,22,top,host,347.74,131.08,57,152,0,
47,22,top,other,375.46,335,240,38,0,
48,1,bottom,host,188.29,245.592,124,152,0,
48,1,bottom,other,530,240,270,38,0,
48,2,bottom,host,196.58,251.184,124,152,0,
48,2,bottom,other,520,240,270,38,0,
48,3,bottom,host,204.87,256.776,124,152,0,
48,3,bottom,other,510,240,270,38,0,
48,4,bottom,host,213.16,262.368,124,152,0,
48,4,bottom,other,500,240,270,38,0,
48,5,bottom,host,221.45,267.96,124,152,0,
48,5,bottom,other,490,240,270,38,0,
48,6,bottom,host,229.74,273.552,124,152,0,
48,6,bottom,other,480,240,270,38,0,
48,7,bottom,host,238.03,279.144,124,152,0,
48,7,bottom,other,473.309,232.569,318,38,0,
48,8,bottom,host,246.32,284.736,124,152,0,
48,8,bottom,other,466.618,225.138,318,38,0,
48,9,bottom,host,254.61,290.328,124,152,0,
48,9,bottom,other,459.927,217.707,318,38,0,
48,10,bottom,host,262.9,295.92,124,152,0,
48,10,bottom,other,453.236,210.276,318,38,0,
48,11,bottom,host,271.19,301.512,124,152,0,
48,11,bottom,other,446.545,202.845,318,38,0,
48,12,bottom,host,279.48,307.104,124,152,0,
48,12,bottom,other,439.854,195.414,318,38,0,
48,13,bottom,host,287.77,312.696,124,152,0,
48,13,bottom,other,433.163,187.983,318,38,0,
48,14,bottom,host,296.06,318.288,124,152,0,
48,14,bottom,other,426.472,180.552,318,38,0,
48,15,bottom,host,304.35,323.88,124,152,0,
48,15,bottom,other,419.781,173.121,318,38,0,
48,16,bottom,host,312.64,329.472,124,152,0,
48,16,bottom,other,413.09,165.69,318,38,0,
48,17,bottom,host,320.93,335.064,124,152,0,
48,17,bottom,other,406.399,158.259,318,38,0,
48,18,bottom,host,329.22,340.656,124,152,0,
48,18,bottom,other,399.708,150.828,318,38,0,
48,19,bottom,host,337.51,346.248,124,152,0,
48,19,bottom,other,393.017,143.397,318,38,0,
48,20,bottom,host,345.8,351.84,124,156,0,
48,20,bottom,other,386.326,135.966,318,39,0,
48,21,bottom,host,345.8,351.84,124,156,0,
48,21,bottom,other,386.326,135.966,318,39,0,
48,22,bottom,host,345.8,351.84,124,156,0,
48,22,bottom,other,386.326,135.966,318,39,0,
49,1,bottom,host,188.29,245.592,124,156,0,
49,1,bottom,other,530,240,270,39,0,
49,2,bottom,host,196.58,251.184,124,156,0,
49,2,bottom,other,520,240,270,39,0,
49,3,bottom,host,204.87,256.776,124,156,0,
49,3,bottom,other,510,240,270,39,0,
49,4,bottom,host,213.16,262.368,124,156,0,
49,4,bottom,other,500,240,270,39,0,
49,5,bottom,host,221.45,267.96,124,156,0,
49,5,bottom,other,492.453,233.439,311,39,0,
49,6,bottom,host,229.74,273.552,124,156,0,
49,6,bottom,other,484.906,226.878,311,39,0,
49,7,bottom,host,238.03,279.144,124,156,0,
49,7,bottom,other,477.359,220.317,311,39,0,
49,8,bottom,host,246.32,284.736,124,156,0,
49,8,bottom,other,469.812,213.756,311,39,0,
49,9,bottom,host,254.61,290.328,124,156,0,
49,9,bottom,other,462.265,207.195,311,39,0,
49,10,bottom,host,262.9,295.92,124,156,0,
49,10,bottom,other,454.718,200.634,311,39,0,
49,11,bottom,host,271.19,301.512,124,156,0,
49,11,bottom,other,447.171,194.073,311,39,0,
49,12,bottom,host,279.48,307.104,124,156,0,
49,12,bottom,other,439.624,187.512,311,39,0,
49,13,bottom,host,287.77,312.696,124,156,0,
49,13,bottom,other,432.077,180.951,311,39,0,
49,14,bottom,host,296.06,318.288,124,156,0,
49,14,bottom,other,424.53,174.39,311,39,0,
49,15,bottom,host,304.35,323.88,124,156,0,
49,15,bottom,other,416.983,167.829,311,39,0,
49,16,bottom,host,312.64,329.472,124,156,0,
49,16,bottom,other,409.436,161.268,311,39,0,
49,17,bottom,host,320.93,335.064,124,156,0,
49,17,bottom,other,401.889,154.707,311,39,0,
49,18,bottom,host,329.22,340.656,124,156,0,
49,18,bottom,other,394.342,148.146,311,39,0,
49,19,bottom,host,337.51,346.248,124,156,0,
49,19,bottom,other,386.795,141.585,311,39,0,
49,20,bottom,host,345.8,351.84,124,160,0,
49,20,bottom,other,379.248,135.024,311,40,0,
49,21,bottom,host,345.8,351.84,124,160,0,
49,21,bottom,other,379.248,135.024,311,40,0,
49,22,bottom,host,345.8,351.84,124,160,0,
49,22,bottom,other,379.248,135.024,311,40,0,
50,1,bottom,host,188.29,245.592,124,160,0,
50,1,bottom,other,531.428,234.85,301,40,0,
50,2,bottom,host,196.58,251.184,124,160,0,
50,2,bottom,other,522.856,229.7,301,40,0,
50,3,bottom,host,204.87,256.776,124,160,0,
50,3,bottom,other,514.284,224.55,301,40,0,
50,4,bottom,host,213.16,262.368,124,160,0,
50,4,bottom,other,505.712,219.4,301,40,0,
50,5,bottom,host,221.45,267.96,124,160,0,
50,5,bottom,other,497.14,214.25,301,40,0,
50,6,bottom,host,229.74,273.552,124,160,0,
50,6,bottom,other,488.568,209.1,301,40,0,
50,7,bottom,host,238.03,279.144,124,160,0,
50,7,bottom,other,479.996,203.95,301,40,0,
50,8,bottom,host,246.32,284.736,124,160,0,
50,8,bottom,other,471.424,198.8,301,40,0,
50,9,bottom,host,254.61,290.328,124,160,0,
50,9,bottom,other,462.852,193.65,301,40,0,
50,10,bottom,host,262.9,295.92,124,160,0,
50,10,bottom,other,454.28,188.5,301,40,0,
50,11,bottom,host,271.19,301.512,124,160,0,
50,11,bottom,other,445.708,183.35,301,40,0,
50,12,bottom,host,279.48,307.104,124,160,0,
50,12,bottom,other,437.136,178.2,301,40,0,
50,13,bottom,host,287.77,312.696,124,160,0,
50,13,bottom,other,428.564,173.05,301,40,0,
50,14,bottom,host,296.06,318.288,124,160,0,
50,14,bottom,other,419.992,167.9,301,40,0,
50,15,bottom,host,304.35,323.88,124,160,0,
50,15,bottom,other,411.42,162.75,301,40,0,
50,16,bottom,host,312.64,329.472,124,160,0,
50,16,bottom,other,402.848,157.6,301,40,0,
50,17,bottom,host,320.93,335.064,124,160,0,
50,17,bottom,other,394.276,152.45,301,40,0,
50,18,bottom,host,329.22,340.656,124,160,0,
50,18,bottom,other,385.704,147.3,301,40,0,
50,19,bottom,host,337.51,346.248,124,160,0,
50,19,bottom,other,377.132,142.15,301,40,0,
50,20,bottom,host,345.8,351.84,124,164,0,
50,20,bottom,other,368.56,137,301,41,0,
50,21,bottom,host,345.8,351.84,124,164,0,
50,21,bottom,other,368.56,137,301,41,0,
50,22,bottom,host,345.8,351.84,124,164,0,
50,22,bottom,other,368.56,137,301,41,0,
