1,1,top,host,188.29,234.408,56,0,0.00,
1,1,top,other,530,240,270,0,0.00,
1,2,top,host,196.58,228.816,56,0,0.00,
1,2,top,other,520,240,270,0,0.00,
1,3,top,host,204.87,223.224,56,0,0.00,
1,3,top,other,510,240,270,0,0.00,
1,4,top,host,213.16,217.632,56,0,0.00,
1,4,top,other,500,240,270,0,0.00,
1,5,top,host,221.45,212.04,56,0,0.00,
1,5,top,other,490,240,270,0,0.00,
1,6,top,host,229.74,206.448,56,0,0.00,
1,6,top,other,480,240,270,0,0.00,
1,7,top,host,238.03,200.856,56,0,0.00,
1,7,top,other,470,240,270,0,0.00,
1,8,top,host,246.32,195.264,56,0,0.00,
1,8,top,other,460,240,270,0,0.00,
1,9,top,host,254.61,189.672,56,0,0.00,
1,9,top,other,450,240,270,0,0.00,
1,10,top,host,262.9,184.08,56,0,0.00,
1,10,top,other,440,240,270,0,0.00,
1,11,top,host,271.472,178.93,59,0,0.00,
1,11,top,other,431.808,234.264,305,0,0.00,
1,12,top,host,280.044,173.78,59,0,0.00,
1,12,top,other,423.616,228.528,305,0,0.00,
1,13,top,host,288.431,168.334,57,0,0.00,
1,13,top,other,415.424,222.792,305,0,0.00,
1,14,top,host,296.818,162.888,57,0,0.00,
1,14,top,other,407.232,217.056,305,0,0.00,
1,15,top,host,305.205,157.442,57,0,0.00,
1,15,top,other,402.692,208.146,333,0,0.00,
1,16,top,host,313.592,151.996,57,0,0.00,
1,16,top,other,399.436,198.691,341,0,0.00,
1,17,top,host,321.979,146.55,57,0,0.00,
1,17,top,other,396.346,189.18,342,0,0.00,
1,18,top,host,330.366,141.104,57,0,0.00,
1,18,top,other,393.256,179.669,342,0,0.00,
1,19,top,host,338.753,135.658,57,0,0.00,
1,19,top,other,390.166,170.158,342,0,0.00,
1,20,top,host,347.14,130.212,57,0,0.00,
1,20,top,other,385.318,161.412,331,0,0.00,
1,21,top,host,347.14,130.212,57,0,0.00,
1,21,top,other,380.778,152.502,333,0,0.00,
1,22,top,host,347.14,130.212,57,0,0.00,
1,22,top,other,376.238,143.592,333,0,0.00,
2,1,top,host,188.29,234.408,56,0,0.00,
2,1,top,other,530,240,270,0,0.00,
2,2,top,host,196.58,228.816,56,0,0.00,
2,2,top,other,520,240,270,0,0.00,
2,3,top,host,204.87,223.224,56,0,0.00,
2,3,top,other,510,240,270,0,0.00,
2,4,top,host,213.16,217.632,56,0,0.00,
2,4,top,other,500,240,270,0,0.00,
2,5,top,host,221.45,212.04,56,0,0.00,
2,5,top,other,490,240,270,0,0.00,
2,6,top,host,229.74,206.448,56,0,0.00,
2,6,top,other,480,240,270,0,0.00,
2,7,top,host,238.03,200.856,56,0,0.00,
2,7,top,other,470,240,270,0,0.00,
2,8,top,host,246.32,195.264,56,0,0.00,
2,8,top,other,460,240,270,0,0.00,
2,9,top,host,254.61,189.672,56,0,0.00,
2,9,top,other,451.808,234.264,305,0,0.00,
2,10,top,host,262.9,184.08,56,0,0.00,
2,10,top,other,443.616,228.528,305,0,0.00,
2,11,top,host,271.19,178.488,56,0,0.00,
2,11,top,other,435.424,222.792,305,0,0.00,
2,12,top,host,279.48,172.896,56,0,0.00,
2,12,top,other,427.232,217.056,305,0,0.00,
2,13,top,host,287.77,167.304,56,0,0.00,
2,13,top,other,419.04,211.32,305,0,0.00,
2,14,top,host,296.06,161.712,56,0,0.00,
2,14,top,other,428.376,214.904,111,0,0.00,
2,15,top,host,304.35,156.12,56,0,0.00,
2,15,top,other,437.712,218.488,111,0,0.00,
2,16,top,host,312.64,150.528,56,0,0.00,
2,16,top,other,447.048,222.072,111,0,0.00,
2,17,top,host,320.93,144.936,56,0,0.00,
2,17,top,other,438.476,216.922,301,0,0.00,
2,18,top,host,329.22,139.344,56,0,0.00,
2,18,top,other,429.904,211.772,301,0,0.00,
2,19,top,host,337.51,133.752,56,0,0.00,
2,19,top,other,421.712,206.036,305,0,0.00,
2,20,top,host,345.8,128.16,56,4,0.00,
2,20,top,other,413.52,200.3,305,1,0.00,
2,21,top,host,345.8,128.16,56,4,0.00,
2,21,top,other,413.52,200.3,305,1,0.00,
2,22,top,host,345.8,128.16,56,4,0.00,
2,22,top,other,405.749,194.007,309,1,0.00,
3,1,bottom,host,188.387,245.446,123,4,0.00,
3,1,bottom,other,531.808,234.264,305,1,0.00,
3,2,bottom,host,196.774,250.892,123,4,0.00,
3,2,bottom,other,523.616,228.528,305,1,0.00,
3,3,bottom,host,205.161,256.338,123,4,0.00,
3,3,bottom,other,515.424,222.792,305,1,0.00,
3,4,bottom,host,213.548,261.784,123,4,0.00,
3,4,bottom,other,507.232,217.056,305,1,0.00,
3,5,bottom,host,221.935,267.23,123,4,0.00,
3,5,bottom,other,499.04,211.32,305,1,0.00,
3,6,bottom,host,230.322,272.676,123,4,0.00,
3,6,bottom,other,490.848,205.584,305,1,0.00,
3,7,bottom,host,238.709,278.122,123,4,0.00,
3,7,bottom,other,482.656,199.848,305,1,0.00,
3,8,bottom,host,247.096,283.568,123,4,0.00,
3,8,bottom,other,474.464,194.112,305,1,0.00,
3,9,bottom,host,255.483,289.014,123,4,0.00,
3,9,bottom,other,466.272,188.376,305,1,0.00,
3,10,bottom,host,263.87,294.46,123,4,0.00,
3,10,bottom,other,458.08,182.64,305,1,0.00,
3,11,bottom,host,272.257,299.906,123,4,0.00,
3,11,bottom,other,449.888,176.904,305,1,0.00,
3,12,bottom,host,280.644,305.352,123,4,0.00,
3,12,bottom,other,444.888,185.564,210,1,0.00,
3,13,bottom,host,289.031,310.798,123,4,0.00,
3,13,bottom,other,439.888,194.224,210,1,0.00,
3,14,bottom,host,297.418,316.244,123,4,0.00,
3,14,bottom,other,434.888,202.884,210,1,0.00,
3,15,bottom,host,305.805,321.69,123,4,0.00,
3,15,bottom,other,429.888,211.544,210,1,0.00,
3,16,bottom,host,314.192,327.136,123,4,0.00,
3,16,bottom,other,424.888,220.204,210,1,0.00,
3,17,bottom,host,322.579,332.582,123,4,0.00,
3,17,bottom,other,419.888,228.864,210,1,0.00,
3,18,bottom,host,330.966,338.028,123,4,0.00,
3,18,bottom,other,414.888,237.524,210,1,0.00,
3,19,bottom,host,339.353,343.474,123,4,0.00,
3,19,bottom,other,409.888,246.184,210,1,0.00,
3,20,bottom,host,347.74,348.92,123,8,0.00,
3,20,bottom,other,404.888,254.844,210,2,0.00,
3,21,bottom,host,347.74,348.92,123,8,0.00,
3,21,bottom,other,404.888,254.844,210,2,0.00,
3,22,bottom,host,347.74,348.92,123,8,0.00,
3,22,bottom,other,404.888,254.844,210,2,0.00,
4,1,bottom,host,188.29,245.592,124,8,0.00,
4,1,bottom,other,531.613,234.554,303,2,0.00,
4,2,bottom,host,196.58,251.184,124,8,0.00,
4,2,bottom,other,523.226,229.108,303,2,0.00,
4,3,bottom,host,204.87,256.776,124,8,0.00,
4,3,bottom,other,514.839,223.662,303,2,0.00,
4,4,bottom,host,213.16,262.368,124,8,0.00,
4,4,bottom,other,506.452,218.216,303,2,0.00,
4,5,bottom,host,221.45,267.96,124,8,0.00,
4,5,bottom,other,498.065,212.77,303,2,0.00,
4,6,bottom,host,229.74,273.552,124,8,0.00,
4,6,bottom,other,489.678,207.324,303,2,0.00,
4,7,bottom,host,238.03,279.144,124,8,0.00,
4,7,bottom,other,481.291,201.878,303,2,0.00,
4,8,bottom,host,246.32,284.736,124,8,0.00,
4,8,bottom,other,472.904,196.432,303,2,0.00,
4,9,bottom,host,254.61,290.328,124,8,0.00,
4,9,bottom,other,464.517,190.986,303,2,0.00,
4,10,bottom,host,262.9,295.92,124,8,0.00,
4,10,bottom,other,456.13,185.54,303,2,0.00,
4,11,bottom,host,271.19,301.512,124,8,0.00,
4,11,bottom,other,447.743,180.094,303,2,0.00,
4,12,bottom,host,279.48,307.104,124,8,0.00,
4,12,bottom,other,439.356,174.648,303,2,0.00,
4,13,bottom,host,287.77,312.696,124,8,0.00,
4,13,bottom,other,430.969,169.202,303,2,0.00,
4,14,bottom,host,296.06,318.288,124,8,0.00,
4,14,bottom,other,422.582,163.756,303,2,0.00,
4,15,bottom,host,304.35,323.88,124,8,0.00,
4,15,bottom,other,414.195,158.31,303,2,0.00,
4,16,bottom,host,312.64,329.472,124,8,0.00,
4,16,bottom,other,405.808,152.864,303,2,0.00,
4,17,bottom,host,320.93,335.064,124,8,0.00,
4,17,bottom,other,397.421,147.418,303,2,0.00,
4,18,bottom,host,329.22,340.656,124,8,0.00,
4,18,bottom,other,389.034,141.972,303,2,0.00,
4,19,bottom,host,337.51,346.248,124,8,0.00,
4,19,bottom,other,380.647,136.526,303,2,0.00,
4,20,bottom,host,345.8,351.84,124,12,0.00,
4,20,bottom,other,372.26,131.08,303,3,0.00,
4,21,bottom,host,345.8,351.84,124,12,0.00,
4,21,bottom,other,372.26,131.08,303,3,0.00,
4,22,bottom,host,345.8,351.84,124,12,0.00,
4,22,bottom,other,372.26,131.08,303,3,0.00,
5,1,bottom,host,188.29,245.592,124,12,0.00,
5,1,bottom,other,530,240,270,3,0.00,
5,2,bottom,host,196.58,251.184,124,12,0.00,
5,2,bottom,other,520,240,270,3,0.00,
5,3,bottom,host,204.87,256.776,124,12,0.00,
5,3,bottom,other,510,240,270,3,0.00,
5,4,bottom,host,213.16,262.368,124,12,0.00,
5,4,bottom,other,500,240,270,3,0.00,
5,5,bottom,host,221.45,267.96,124,12,0.00,
5,5,bottom,other,490,240,270,3,0.00,
5,6,bottom,host,229.74,273.552,124,12,0.00,
5,6,bottom,other,482.569,233.309,312,3,0.00,
5,7,bottom,host,238.03,279.144,124,12,0.00,
5,7,bottom,other,475.138,226.618,312,3,0.00,
5,8,bottom,host,246.32,284.736,124,12,0.00,
5,8,bottom,other,467.707,219.927,312,3,0.00,
5,9,bottom,host,254.61,290.328,124,12,0.00,
5,9,bottom,other,460.276,213.236,312,3,0.00,
5,10,bottom,host,262.9,295.92,124,12,0.00,
5,10,bottom,other,452.845,206.545,312,3,0.00,
5,11,bottom,host,271.19,301.512,124,12,0.00,
5,11,bottom,other,445.414,199.854,312,3,0.00,
5,12,bottom,host,279.48,307.104,124,12,0.00,
5,12,bottom,other,437.983,193.163,312,3,0.00,
5,13,bottom,host,287.77,312.696,124,12,0.00,
5,13,bottom,other,430.552,186.472,312,3,0.00,
5,14,bottom,host,296.06,318.288,124,12,0.00,
5,14,bottom,other,423.121,179.781,312,3,0.00,
5,15,bottom,host,304.35,323.88,124,12,0.00,
5,15,bottom,other,415.69,173.09,312,3,0.00,
5,16,bottom,host,312.64,329.472,124,12,0.00,
5,16,bottom,other,408.259,166.399,312,3,0.00,
5,17,bottom,host,320.93,335.064,124,12,0.00,
5,17,bottom,other,400.828,159.708,312,3,0.00,
5,18,bottom,host,329.22,340.656,124,12,0.00,
5,18,bottom,other,393.397,153.017,312,3,0.00,
5,19,bottom,host,337.51,346.248,124,12,0.00,
5,19,bottom,other,385.966,146.326,312,3,0.00,
5,20,bottom,host,345.8,351.84,124,16,0.00,
5,20,bottom,other,378.535,139.635,312,4,0.00,
5,21,bottom,host,345.8,351.84,124,16,0.00,
5,21,bottom,other,378.535,139.635,312,4,0.00,
5,22,bottom,host,345.8,351.84,124,16,0.00,
5,22,bottom,other,378.535,139.635,312,4,0.00,
6,1,bottom,host,188.29,245.592,124,16,0.00,
6,1,bottom,other,531.91,245.878,234,4,0.00,
6,2,bottom,host,196.58,251.184,124,16,0.00,
6,2,bottom,other,523.82,251.756,234,4,0.00,
6,3,bottom,host,204.87,256.776,124,16,0.00,
6,3,bottom,other,515.73,257.634,234,4,0.00,
6,4,bottom,host,213.16,262.368,124,16,0.00,
6,4,bottom,other,507.64,263.512,234,4,0.00,
6,5,bottom,host,221.45,267.96,124,16,0.00,
6,5,bottom,other,499.55,269.39,234,4,0.00,
6,6,bottom,host,229.74,273.552,124,16,0.00,
6,6,bottom,other,491.46,275.268,234,4,0.00,
6,7,bottom,host,238.03,279.144,124,16,0.00,
6,7,bottom,other,483.37,281.146,234,4,0.00,
6,8,bottom,host,246.32,284.736,124,16,0.00,
6,8,bottom,other,475.28,287.024,234,4,0.00,
6,9,bottom,host,254.61,290.328,124,16,0.00,
6,9,bottom,other,467.19,292.902,234,4,0.00,
6,10,bottom,host,262.9,295.92,124,16,0.00,
6,10,bottom,other,459.1,298.78,234,4,0.00,
6,11,bottom,host,271.19,301.512,124,16,0.00,
6,11,bottom,other,451.01,304.658,234,4,0.00,
6,12,bottom,host,279.48,307.104,124,16,0.00,
6,12,bottom,other,442.92,310.536,234,4,0.00,
6,13,bottom,host,287.77,312.696,124,16,0.00,
6,13,bottom,other,434.83,316.414,234,4,0.00,
6,14,bottom,host,296.06,318.288,124,16,0.00,
6,14,bottom,other,426.74,322.292,234,4,0.00,
6,15,bottom,host,304.35,323.88,124,16,0.00,
6,15,bottom,other,418.65,328.17,234,4,0.00,
6,16,bottom,host,312.64,329.472,124,16,0.00,
6,16,bottom,other,410.56,334.048,234,4,0.00,
6,17,bottom,host,320.93,335.064,124,16,0.00,
6,17,bottom,other,402.47,339.926,234,4,0.00,
6,18,bottom,host,329.22,340.656,124,16,0.00,
6,18,bottom,other,394.38,345.804,234,4,0.00,
6,19,bottom,host,337.51,346.248,124,16,0.00,
6,19,bottom,other,386.29,351.682,234,4,0.00,
6,20,bottom,host,345.8,351.84,124,16,0.00,
6,20,bottom,other,378.2,357.56,234,4,0.00,
6,21,bottom,host,345.8,351.84,124,16,0.00,
6,21,bottom,other,378.2,357.56,234,4,0.00,
6,22,bottom,host,345.8,351.84,124,16,0.00,
6,22,bottom,other,378.2,357.56,234,4,0.00,
7,1,top,host,188.29,234.408,56,16,0.00,
7,1,top,other,530,240,270,4,0.00,
7,2,top,host,196.58,228.816,56,16,0.00,
7,2,top,other,520,240,270,4,0.00,
7,3,top,host,204.87,223.224,56,16,0.00,
7,3,top,other,511.808,234.264,305,4,0.00,
7,4,top,host,213.16,217.632,56,16,0.00,
7,4,top,other,503.616,228.528,305,4,0.00,
7,5,top,host,221.45,212.04,56,16,0.00,
7,5,top,other,495.424,222.792,305,4,0.00,
7,6,top,host,229.74,206.448,56,16,0.00,
7,6,top,other,487.232,217.056,305,4,0.00,
7,7,top,host,238.03,200.856,56,16,0.00,
7,7,top,other,479.04,211.32,305,4,0.00,
7,8,top,host,246.32,195.264,56,16,0.00,
7,8,top,other,470.848,205.584,305,4,0.00,
7,9,top,host,254.61,189.672,56,16,0.00,
7,9,top,other,462.656,199.848,305,4,0.00,
7,10,top,host,262.9,184.08,56,16,0.00,
7,10,top,other,454.464,194.112,305,4,0.00,
7,11,top,host,271.19,178.488,56,16,0.00,
7,11,top,other,446.272,188.376,305,4,0.00,
7,12,top,host,279.48,172.896,56,16,0.00,
7,12,top,other,438.08,182.64,305,4,0.00,
7,13,top,host,287.77,167.304,56,16,0.00,
7,13,top,other,429.888,176.904,305,4,0.00,
7,14,top,host,296.06,161.712,56,16,0.00,
7,14,top,other,421.696,171.168,305,4,0.00,
7,15,top,host,304.35,156.12,56,16,0.00,
7,15,top,other,413.504,165.432,305,4,0.00,
7,16,top,host,312.64,150.528,56,16,0.00,
7,16,top,other,405.312,159.696,305,4,0.00,
7,17,top,host,320.93,144.936,56,16,0.00,
7,17,top,other,397.12,153.96,305,4,0.00,
7,18,top,host,329.22,139.344,56,16,0.00,
7,18,top,other,388.928,148.224,305,4,0.00,
7,19,top,host,337.51,133.752,56,16,0.00,
7,19,top,other,380.736,142.488,305,4,0.00,
7,20,top,host,345.8,128.16,56,16,0.00,
7,20,top,other,372.544,136.752,305,4,0.00,
7,21,top,host,345.8,128.16,56,16,0.00,
7,21,top,other,372.544,136.752,305,4,0.00,
7,22,top,host,345.8,128.16,56,16,0.00,
7,22,top,other,372.544,136.752,305,4,0.00,
8,1,top,host,188.29,234.408,56,16,0.00,
8,1,top,other,531.808,245.736,235,4,0.00,
8,2,top,host,196.58,228.816,56,16,0.00,
8,2,top,other,523.616,251.472,235,4,0.00,
8,3,top,host,204.87,223.224,56,16,0.00,
8,3,top,other,515.424,257.208,235,4,0.00,
8,4,top,host,213.16,217.632,56,16,0.00,
8,4,top,other,507.232,262.944,235,4,0.00,
8,5,top,host,221.45,212.04,56,16,0.00,
8,5,top,other,499.04,268.68,235,4,0.00,
8,6,top,host,229.74,206.448,56,16,0.00,
8,6,top,other,490.848,274.416,235,4,0.00,
8,7,top,host,238.03,200.856,56,16,0.00,
8,7,top,other,482.656,280.152,235,4,0.00,
8,8,top,host,246.32,195.264,56,16,0.00,
8,8,top,other,474.464,285.888,235,4,0.00,
8,9,top,host,254.61,189.672,56,16,0.00,
8,9,top,other,466.272,291.624,235,4,0.00,
8,10,top,host,262.9,184.08,56,16,0.00,
8,10,top,other,458.08,297.36,235,4,0.00,
8,11,top,host,271.19,178.488,56,16,0.00,
8,11,top,other,449.888,303.096,235,4,0.00,
8,12,top,host,279.48,172.896,56,16,0.00,
8,12,top,other,441.696,308.832,235,4,0.00,
8,13,top,host,287.77,167.304,56,16,0.00,
8,13,top,other,433.504,314.568,235,4,0.00,
8,14,top,host,296.06,161.712,56,16,0.00,
8,14,top,other,425.312,320.304,235,4,0.00,
8,15,top,host,304.35,156.12,56,16,0.00,
8,15,top,other,417.12,326.04,235,4,0.00,
8,16,top,host,312.64,150.528,56,16,0.00,
8,16,top,other,408.928,331.776,235,4,0.00,
8,17,top,host,320.93,144.936,56,16,0.00,
8,17,top,other,400.736,337.512,235,4,0.00,
8,18,top,host,329.22,139.344,56,16,0.00,
8,18,top,other,392.544,343.248,235,4,0.00,
8,19,top,host,337.51,133.752,56,16,0.00,
8,19,top,other,384.352,348.984,235,4,0.00,
8,20,top,host,345.8,128.16,56,20,0.00,
8,20,top,other,376.16,354.72,235,5,0.00,
8,21,top,host,345.8,128.16,56,20,0.00,
8,21,top,other,376.16,354.72,235,5,0.00,
8,22,top,host,345.8,128.16,56,20,0.00,
8,22,top,other,376.16,354.72,235,5,0.00,
9,1,top,host,188.29,234.408,56,20,0.00,
9,1,top,other,530,240,270,5,0.00,
9,2,top,host,196.58,228.816,56,20,0.00,
9,2,top,other,521.71,245.592,236,5,0.00,
9,3,top,host,204.87,223.224,56,20,0.00,
9,3,top,other,513.42,251.184,236,5,0.00,
9,4,top,host,213.16,217.632,56,20,0.00,
9,4,top,other,505.13,256.776,236,5,0.00,
9,5,top,host,221.45,212.04,56,20,0.00,
9,5,top,other,496.84,262.368,236,5,0.00,
9,6,top,host,229.74,206.448,56,20,0.00,
9,6,top,other,488.55,267.96,236,5,0.00,
9,7,top,host,238.03,200.856,56,20,0.00,
9,7,top,other,480.46,262.082,306,5,0.00,
9,8,top,host,246.32,195.264,56,20,0.00,
9,8,top,other,472.37,256.204,306,5,0.00,
9,9,top,host,254.61,189.672,56,20,0.00,
9,9,top,other,464.28,250.326,306,5,0.00,
9,10,top,host,262.9,184.08,56,20,0.00,
9,10,top,other,457.589,257.757,222,5,0.00,
9,11,top,host,271.19,178.488,56,20,0.00,
9,11,top,other,450.898,265.188,222,5,0.00,
9,12,top,host,279.48,172.896,56,20,0.00,
9,12,top,other,444.207,272.619,222,5,0.00,
9,13,top,host,287.77,167.304,56,20,0.00,
9,13,top,other,437.516,280.05,222,5,0.00,
9,14,top,host,296.06,161.712,56,20,0.00,
9,14,top,other,430.825,287.481,222,5,0.00,
9,15,top,host,304.35,156.12,56,20,0.00,
9,15,top,other,424.134,294.912,222,5,0.00,
9,16,top,host,312.64,150.528,56,20,0.00,
9,16,top,other,417.443,302.343,222,5,0.00,
9,17,top,host,320.93,144.936,56,20,0.00,
9,17,top,other,410.752,309.774,222,5,0.00,
9,18,top,host,329.22,139.344,56,20,0.00,
9,18,top,other,404.061,317.205,222,5,0.00,
9,19,top,host,337.51,133.752,56,20,0.00,
9,19,top,other,397.37,324.636,222,5,0.00,
9,20,top,host,345.8,128.16,56,24,0.00,
9,20,top,other,390.679,332.067,222,6,0.00,
9,21,top,host,345.8,128.16,56,24,0.00,
9,21,top,other,390.679,332.067,222,6,0.00,
9,22,top,host,345.8,128.16,56,24,0.00,
9,22,top,other,390.679,332.067,222,6,0.00,
10,1,bottom,host,188.29,245.592,124,24,0.00,
10,1,bottom,other,530,240,270,6,0.00,
10,2,bottom,host,196.58,251.184,124,24,0.00,
10,2,bottom,other,520,240,270,6,0.00,
10,3,bottom,host,204.87,256.776,124,24,0.00,
10,3,bottom,other,510,240,270,6,0.00,
10,4,bottom,host,213.16,262.368,124,24,0.00,
10,4,bottom,other,502.34,233.572,310,6,0.00,
10,5,bottom,host,221.45,267.96,124,24,0.00,
10,5,bottom,other,494.68,227.144,310,6,0.00,
10,6,bottom,host,229.74,273.552,124,24,0.00,
10,6,bottom,other,487.02,220.716,310,6,0.00,
10,7,bottom,host,238.03,279.144,124,24,0.00,
10,7,bottom,other,479.36,214.288,310,6,0.00,
10,8,bottom,host,246.32,284.736,124,24,0.00,
10,8,bottom,other,471.7,207.86,310,6,0.00,
10,9,bottom,host,254.61,290.328,124,24,0.00,
10,9,bottom,other,464.04,201.432,310,6,0.00,
10,10,bottom,host,262.9,295.92,124,24,0.00,
10,10,bottom,other,456.38,195.004,310,6,0.00,
10,11,bottom,host,271.19,301.512,124,24,0.00,
10,11,bottom,other,448.72,188.576,310,6,0.00,
10,12,bottom,host,279.48,307.104,124,24,0.00,
10,12,bottom,other,441.06,182.148,310,6,0.00,
10,13,bottom,host,287.77,312.696,124,24,0.00,
10,13,bottom,other,433.4,175.72,310,6,0.00,
10,14,bottom,host,296.06,318.288,124,24,0.00,
10,14,bottom,other,425.74,169.292,310,6,0.00,
10,15,bottom,host,304.35,323.88,124,24,0.00,
10,15,bottom,other,418.08,162.864,310,6,0.00,
10,16,bottom,host,312.64,329.472,124,24,0.00,
10,16,bottom,other,410.42,156.436,310,6,0.00,
10,17,bottom,host,320.93,335.064,124,24,0.00,
10,17,bottom,other,402.76,150.008,310,6,0.00,
10,18,bottom,host,329.22,340.656,124,24,0.00,
10,18,bottom,other,395.1,143.58,310,6,0.00,
10,19,bottom,host,337.51,346.248,124,24,0.00,
10,19,bottom,other,387.44,137.152,310,6,0.00,
10,20,bottom,host,345.8,351.84,124,28,0.00,
10,20,bottom,other,379.78,130.724,310,7,0.00,
10,21,bottom,host,345.8,351.84,124,28,0.00,
10,21,bottom,other,379.78,130.724,310,7,0.00,
10,22,bottom,host,345.8,351.84,124,28,0.00,
10,22,bottom,other,379.78,130.724,310,7,0.00,
11,1,bottom,host,188.29,245.592,124,28,0.00,
11,1,bottom,other,530,240,270,7,0.00,
11,2,bottom,host,196.58,251.184,124,28,0.00,
11,2,bottom,other,520,240,270,7,0.00,
11,3,bottom,host,204.87,256.776,124,28,0.00,
11,3,bottom,other,510,240,270,7,0.00,
11,4,bottom,host,213.16,262.368,124,28,0.00,
11,4,bottom,other,500,240,270,7,0.00,
11,5,bottom,host,221.45,267.96,124,28,0.00,
11,5,bottom,other,490,240,270,7,0.00,
11,6,bottom,host,229.74,273.552,124,28,0.00,
11,6,bottom,other,480,240,270,7,0.00,
11,7,bottom,host,238.03,279.144,124,28,0.00,
11,7,bottom,other,472.686,233.18,313,7,0.00,
11,8,bottom,host,246.32,284.736,124,28,0.00,
11,8,bottom,other,465.372,226.36,313,7,0.00,
11,9,bottom,host,254.61,290.328,124,28,0.00,
11,9,bottom,other,458.058,219.54,313,7,0.00,
11,10,bottom,host,262.9,295.92,124,28,0.00,
11,10,bottom,other,450.744,212.72,313,7,0.00,
11,11,bottom,host,271.19,301.512,124,28,0.00,
11,11,bottom,other,443.43,205.9,313,7,0.00,
11,12,bottom,host,279.48,307.104,124,28,0.00,
11,12,bottom,other,436.116,199.08,313,7,0.00,
11,13,bottom,host,287.77,312.696,124,28,0.00,
11,13,bottom,other,428.802,192.26,313,7,0.00,
11,14,bottom,host,296.06,318.288,124,28,0.00,
11,14,bottom,other,421.488,185.44,313,7,0.00,
11,15,bottom,host,304.35,323.88,124,28,0.00,
11,15,bottom,other,414.174,178.62,313,7,0.00,
11,16,bottom,host,312.64,329.472,124,28,0.00,
11,16,bottom,other,406.86,171.8,313,7,0.00,
11,17,bottom,host,320.93,335.064,124,28,0.00,
11,17,bottom,other,399.546,164.98,313,7,0.00,
11,18,bottom,host,329.22,340.656,124,28,0.00,
11,18,bottom,other,392.232,158.16,313,7,0.00,
11,19,bottom,host,337.51,346.248,124,28,0.00,
11,19,bottom,other,384.918,151.34,313,7,0.00,
11,20,bottom,host,345.8,351.84,124,32,0.00,
11,20,bottom,other,377.604,144.52,313,8,0.00,
11,21,bottom,host,345.8,351.84,124,32,0.00,
11,21,bottom,other,377.604,144.52,313,8,0.00,
11,22,bottom,host,345.8,351.84,124,32,0.00,
11,22,bottom,other,377.604,144.52,313,8,0.00,
12,1,top,host,188.29,234.408,56,32,0.00,
12,1,top,other,531.71,234.408,304,8,0.00,
12,2,top,host,196.58,228.816,56,32,0.00,
12,2,top,other,523.42,228.816,304,8,0.00,
12,3,top,host,204.87,223.224,56,32,0.00,
12,3,top,other,515.13,223.224,304,8,0.00,
12,4,top,host,213.16,217.632,56,32,0.00,
12,4,top,other,506.84,217.632,304,8,0.00,
12,5,top,host,221.45,212.04,56,32,0.00,
12,5,top,other,496.915,218.851,263,8,0.00,
12,6,top,host,229.74,206.448,56,32,0.00,
12,6,top,other,486.99,220.07,263,8,0.00,
12,7,top,host,238.03,200.856,56,32,0.00,
12,7,top,other,479.11,213.913,308,8,0.00,
12,8,top,host,246.32,195.264,56,32,0.00,
12,8,top,other,471.23,207.756,308,8,0.00,
12,9,top,host,254.61,189.672,56,32,0.00,
12,9,top,other,463.35,201.599,308,8,0.00,
12,10,top,host,262.9,184.08,56,32,0.00,
12,10,top,other,455.47,195.442,308,8,0.00,
12,11,top,host,271.19,178.488,56,32,0.00,
12,11,top,other,450.024,203.829,213,8,0.00,
12,12,top,host,279.48,172.896,56,32,0.00,
12,12,top,other,444.578,212.216,213,8,0.00,
12,13,top,host,287.77,167.304,56,32,0.00,
12,13,top,other,439.132,220.603,213,8,0.00,
12,14,top,host,296.06,161.712,56,32,0.00,
12,14,top,other,433.686,228.99,213,8,0.00,
12,15,top,host,304.35,156.12,56,32,0.00,
12,15,top,other,428.24,237.377,213,8,0.00,
12,16,top,host,312.64,150.528,56,32,0.00,
12,16,top,other,422.794,245.764,213,8,0.00,
12,17,top,host,320.93,144.936,56,32,0.00,
12,17,top,other,417.348,254.151,213,8,0.00,
12,18,top,host,329.22,139.344,56,32,0.00,
12,18,top,other,411.902,262.538,213,8,0.00,
12,19,top,host,337.51,133.752,56,32,0.00,
12,19,top,other,406.456,270.925,213,8,0.00,
12,20,top,host,345.8,128.16,56,36,0.00,
12,20,top,other,401.01,279.312,213,9,0.00,
12,21,top,host,345.8,128.16,56,36,0.00,
12,21,top,other,401.01,279.312,213,9,0.00,
12,22,top,host,345.8,128.16,56,36,0.00,
12,22,top,other,401.01,279.312,213,9,0.00,
13,1,top,host,188.387,234.554,57,36,0.00,
13,1,top,other,530,240,270,9,0.00,
13,2,top,host,196.774,229.108,57,36,0.00,
13,2,top,other,520,240,270,9,0.00,
13,3,top,host,205.161,223.662,57,36,0.00,
13,3,top,other,510,240,270,9,0.00,
13,4,top,host,213.548,218.216,57,36,0.00,
13,4,top,other,500,240,270,9,0.00,
13,5,top,host,221.935,212.77,57,36,0.00,
13,5,top,other,490,240,270,9,0.00,
13,6,top,host,230.322,207.324,57,36,0.00,
13,6,top,other,480,240,270,9,0.00,
13,7,top,host,238.709,201.878,57,36,0.00,
13,7,top,other,470,240,270,9,0.00,
13,8,top,host,247.096,196.432,57,36,0.00,
13,8,top,other,460,240,270,9,0.00,
13,9,top,host,255.483,190.986,57,36,0.00,
13,9,top,other,450,240,270,9,0.00,
13,10,top,host,263.87,185.54,57,36,0.00,
13,10,top,other,440,240,270,9,0.00,
13,11,top,host,272.257,180.094,57,36,0.00,
13,11,top,other,430,240,270,9,0.00,
13,12,top,host,280.644,174.648,57,36,0.00,
13,12,top,other,420,240,270,9,0.00,
13,13,top,host,289.031,169.202,57,36,0.00,
13,13,top,other,410,240,270,9,0.00,
13,14,top,host,297.418,163.756,57,36,0.00,
13,14,top,other,400,240,270,9,0.00,
13,15,top,host,305.805,158.31,57,36,0.00,
13,15,top,other,390,240,270,9,0.00,
13,16,top,host,314.192,152.864,57,36,0.00,
13,16,top,other,386.744,249.455,199,9,0.00,
13,17,top,host,322.579,147.418,57,36,0.00,
13,17,top,other,383.488,258.91,199,9,0.00,
13,18,top,host,330.966,141.972,57,36,0.00,
13,18,top,other,380.232,268.365,199,9,0.00,
13,19,top,host,339.353,136.526,57,36,0.00,
13,19,top,other,376.976,277.82,199,9,0.00,
13,20,top,host,347.74,131.08,57,40,0.00,
13,20,top,other,373.72,287.275,199,10,0.00,
13,21,top,host,347.74,131.08,57,40,0.00,
13,21,top,other,373.72,287.275,199,10,0.00,
13,22,top,host,347.74,131.08,57,40,0.00,
13,22,top,other,373.72,287.275,199,10,0.00,
14,1,bottom,host,188.29,245.592,124,40,0.00,
14,1,bottom,other,530,240,270,10,0.00,
14,2,bottom,host,196.58,251.184,124,40,0.00,
14,2,bottom,other,520,240,270,10,0.00,
14,3,bottom,host,204.87,256.776,124,40,0.00,
14,3,bottom,other,510,240,270,10,0.00,
14,4,bottom,host,213.16,262.368,124,40,0.00,
14,4,bottom,other,502.229,246.293,231,10,0.00,
14,5,bottom,host,221.45,267.96,124,40,0.00,
14,5,bottom,other,494.458,252.586,231,10,0.00,
14,6,bottom,host,229.74,273.552,124,40,0.00,
14,6,bottom,other,486.687,258.879,231,10,0.00,
14,7,bottom,host,238.03,279.144,124,40,0.00,
14,7,bottom,other,478.916,265.172,231,10,0.00,
14,8,bottom,host,246.32,284.736,124,40,0.00,
14,8,bottom,other,471.145,271.465,231,10,0.00,
14,9,bottom,host,254.61,290.328,124,40,0.00,
14,9,bottom,other,463.374,277.758,231,10,0.00,
14,10,bottom,host,262.9,295.92,124,40,0.00,
14,10,bottom,other,455.603,284.051,231,10,0.00,
14,11,bottom,host,271.19,301.512,124,40,0.00,
14,11,bottom,other,447.832,290.344,231,10,0.00,
14,12,bottom,host,279.48,307.104,124,40,0.00,
14,12,bottom,other,440.061,296.637,231,10,0.00,
14,13,bottom,host,287.77,312.696,124,40,0.00,
14,13,bottom,other,432.29,302.93,231,10,0.00,
14,14,bottom,host,296.06,318.288,124,40,0.00,
14,14,bottom,other,424.519,309.223,231,10,0.00,
14,15,bottom,host,304.35,323.88,124,40,0.00,
14,15,bottom,other,416.748,315.516,231,10,0.00,
14,16,bottom,host,312.64,329.472,124,40,0.00,
14,16,bottom,other,408.977,321.809,231,10,0.00,
14,17,bottom,host,320.93,335.064,124,40,0.00,
14,17,bottom,other,401.206,328.102,231,10,0.00,
14,18,bottom,host,329.22,340.656,124,40,0.00,
14,18,bottom,other,393.435,334.395,231,10,0.00,
14,19,bottom,host,337.51,346.248,124,40,0.00,
14,19,bottom,other,385.664,340.688,231,10,0.00,
14,20,bottom,host,345.8,351.84,124,40,0.00,
14,20,bottom,other,377.893,346.981,231,10,0.00,
14,21,bottom,host,345.8,351.84,124,40,0.00,
14,21,bottom,other,377.893,346.981,231,10,0.00,
14,22,bottom,host,345.8,351.84,124,40,0.00,
14,22,bottom,other,377.893,346.981,231,10,0.00,
15,1,top,host,188.387,234.554,57,40,0.00,
15,1,top,other,531.613,245.446,237,10,0.00,
15,2,top,host,196.774,229.108,57,40,0.00,
15,2,top,other,523.523,251.324,234,10,0.00,
15,3,top,host,205.161,223.662,57,40,0.00,
15,3,top,other,515.433,257.202,234,10,0.00,
15,4,top,host,213.548,218.216,57,40,0.00,
15,4,top,other,507.343,263.08,234,10,0.00,
15,5,top,host,221.935,212.77,57,40,0.00,
15,5,top,other,499.253,268.958,234,10,0.00,
15,6,top,host,230.322,207.324,57,40,0.00,
15,6,top,other,491.163,274.836,234,10,0.00,
15,7,top,host,238.709,201.878,57,40,0.00,
15,7,top,other,483.073,280.714,234,10,0.00,
15,8,top,host,247.096,196.432,57,40,0.00,
15,8,top,other,474.983,286.592,234,10,0.00,
15,9,top,host,255.483,190.986,57,40,0.00,
15,9,top,other,466.893,292.47,234,10,0.00,
15,10,top,host,263.87,185.54,57,40,0.00,
15,10,top,other,458.803,298.348,234,10,0.00,
15,11,top,host,272.257,180.094,57,40,0.00,
15,11,top,other,450.713,304.226,234,10,0.00,
15,12,top,host,280.644,174.648,57,40,0.00,
15,12,top,other,442.623,310.104,234,10,0.00,
15,13,top,host,289.031,169.202,57,40,0.00,
15,13,top,other,434.533,315.982,234,10,0.00,
15,14,top,host,297.418,163.756,57,40,0.00,
15,14,top,other,426.443,321.86,234,10,0.00,
15,15,top,host,305.805,158.31,57,40,0.00,
15,15,top,other,418.353,327.738,234,10,0.00,
15,16,top,host,314.192,152.864,57,40,0.00,
15,16,top,other,410.263,333.616,234,10,0.00,
15,17,top,host,322.579,147.418,57,40,0.00,
15,17,top,other,402.173,339.494,234,10,0.00,
15,18,top,host,330.966,141.972,57,40,0.00,
15,18,top,other,394.083,345.372,234,10,0.00,
15,19,top,host,339.353,136.526,57,40,0.00,
15,19,top,other,385.993,351.25,234,10,0.00,
15,20,top,host,347.74,131.08,57,44,0.00,
15,20,top,other,377.903,357.128,234,11,0.00,
15,21,top,host,347.74,131.08,57,44,0.00,
15,21,top,other,377.903,357.128,234,11,0.00,
15,22,top,host,347.74,131.08,57,44,0.00,
15,22,top,other,377.903,357.128,234,11,0.00,
16,1,top,host,188.387,234.554,57,44,0.00,
16,1,top,other,530,240,270,11,0.00,
16,2,top,host,196.774,229.108,57,44,0.00,
16,2,top,other,520,240,270,11,0.00,
16,3,top,host,205.161,223.662,57,44,0.00,
16,3,top,other,511.91,234.122,306,11,0.00,
16,4,top,host,213.548,218.216,57,44,0.00,
16,4,top,other,503.82,228.244,306,11,0.00,
16,5,top,host,221.935,212.77,57,44,0.00,
16,5,top,other,495.73,222.366,306,11,0.00,
16,6,top,host,230.322,207.324,57,44,0.00,
16,6,top,other,487.64,216.488,306,11,0.00,
16,7,top,host,238.709,201.878,57,44,0.00,
16,7,top,other,479.55,210.61,306,11,0.00,
16,8,top,host,247.096,196.432,57,44,0.00,
16,8,top,other,471.46,204.732,306,11,0.00,
16,9,top,host,255.483,190.986,57,44,0.00,
16,9,top,other,463.37,198.854,306,11,0.00,
16,10,top,host,263.87,185.54,57,44,0.00,
16,10,top,other,455.28,192.976,306,11,0.00,
16,11,top,host,272.257,180.094,57,44,0.00,
16,11,top,other,447.19,187.098,306,11,0.00,
16,12,top,host,280.644,174.648,57,44,0.00,
16,12,top,other,439.1,181.22,306,11,0.00,
16,13,top,host,289.031,169.202,57,44,0.00,
16,13,top,other,431.01,175.342,306,11,0.00,
16,14,top,host,297.418,163.756,57,44,0.00,
16,14,top,other,422.92,169.464,306,11,0.00,
16,15,top,host,305.805,158.31,57,44,0.00,
16,15,top,other,414.83,163.586,306,11,0.00,
16,16,top,host,314.192,152.864,57,44,0.00,
16,16,top,other,406.74,157.708,306,11,0.00,
16,17,top,host,322.579,147.418,57,44,0.00,
16,17,top,other,398.65,151.83,306,11,0.00,
16,18,top,host,330.966,141.972,57,44,0.00,
16,18,top,other,390.56,145.952,306,11,0.00,
16,19,top,host,339.353,136.526,57,44,0.00,
16,19,top,other,382.47,140.074,306,11,0.00,
16,20,top,host,347.74,131.08,57,44,0.00,
16,20,top,other,374.38,134.196,306,11,0.00,
16,21,top,host,347.74,131.08,57,44,0.00,
16,21,top,other,374.38,134.196,306,11,0.00,
16,22,top,host,347.74,131.08,57,44,0.00,
16,22,top,other,374.38,134.196,306,11,0.00,
17,1,top,host,190,240,90,44,0.00,
17,1,top,other,531.71,245.592,236,11,0.00,
17,2,top,host,200,240,90,44,0.00,
17,2,top,other,523.42,251.184,236,11,0.00,
17,3,top,host,207.88,233.843,52,44,0.00,
17,3,top,other,515.13,256.776,236,11,0.00,
17,4,top,host,215.76,227.686,52,44,0.00,
17,4,top,other,506.84,262.368,236,11,0.00,
17,5,top,host,223.64,221.529,52,44,0.00,
17,5,top,other,498.55,267.96,236,11,0.00,
17,6,top,host,231.52,215.372,52,44,0.00,
17,6,top,other,490.26,273.552,236,11,0.00,
17,7,top,host,239.4,209.215,52,44,0.00,
17,7,top,other,481.97,279.144,236,11,0.00,
17,8,top,host,247.28,203.058,52,44,0.00,
17,8,top,other,473.68,284.736,236,11,0.00,
17,9,top,host,255.16,196.901,52,44,0.00,
17,9,top,other,465.39,290.328,236,11,0.00,
17,10,top,host,263.04,190.744,52,44,0.00,
17,10,top,other,457.1,295.92,236,11,0.00,
17,11,top,host,270.92,184.587,52,44,0.00,
17,11,top,other,448.81,301.512,236,11,0.00,
17,12,top,host,278.8,178.43,52,44,0.00,
17,12,top,other,440.52,307.104,236,11,0.00,
17,13,top,host,286.68,172.273,52,44,0.00,
17,13,top,other,432.23,312.696,236,11,0.00,
17,14,top,host,294.56,166.116,52,44,0.00,
17,14,top,other,423.94,318.288,236,11,0.00,
17,15,top,host,302.44,159.959,52,44,0.00,
17,15,top,other,415.65,323.88,236,11,0.00,
17,16,top,host,310.32,153.802,52,44,0.00,
17,16,top,other,407.36,329.472,236,11,0.00,
17,17,top,host,318.2,147.645,52,44,0.00,
17,17,top,other,399.07,335.064,236,11,0.00,
17,18,top,host,326.08,141.488,52,44,0.00,
17,18,top,other,390.78,340.656,236,11,0.00,
17,19,top,host,333.96,135.331,52,44,0.00,
17,19,top,other,382.49,346.248,236,11,0.00,
17,20,top,host,341.84,129.174,52,48,0.00,
17,20,top,other,374.2,351.84,236,12,0.00,
17,21,top,host,341.84,129.174,52,48,0.00,
17,21,top,other,374.2,351.84,236,12,0.00,
17,22,top,host,341.84,129.174,52,48,0.00,
17,22,top,other,374.2,351.84,236,12,0.00,
18,1,bottom,host,188.29,245.592,124,48,0.00,
18,1,bottom,other,530,240,270,12,0.00,
18,2,bottom,host,196.58,251.184,124,48,0.00,
18,2,bottom,other,520,240,270,12,0.00,
18,3,bottom,host,204.87,256.776,124,48,0.00,
18,3,bottom,other,510,240,270,12,0.00,
18,4,bottom,host,213.16,262.368,124,48,0.00,
18,4,bottom,other,501.71,245.592,236,12,0.00,
18,5,bottom,host,221.45,267.96,124,48,0.00,
18,5,bottom,other,493.724,251.61,233,12,0.00,
18,6,bottom,host,229.74,273.552,124,48,0.00,
18,6,bottom,other,485.738,257.628,233,12,0.00,
18,7,bottom,host,238.03,279.144,124,48,0.00,
18,7,bottom,other,477.752,263.646,233,12,0.00,
18,8,bottom,host,246.32,284.736,124,48,0.00,
18,8,bottom,other,469.766,269.664,233,12,0.00,
18,9,bottom,host,254.61,290.328,124,48,0.00,
18,9,bottom,other,461.78,275.682,233,12,0.00,
18,10,bottom,host,262.9,295.92,124,48,0.00,
18,10,bottom,other,453.794,281.7,233,12,0.00,
18,11,bottom,host,271.19,301.512,124,48,0.00,
18,11,bottom,other,445.808,287.718,233,12,0.00,
18,12,bottom,host,279.48,307.104,124,48,0.00,
18,12,bottom,other,437.822,293.736,233,12,0.00,
18,13,bottom,host,287.77,312.696,124,48,0.00,
18,13,bottom,other,429.836,299.754,233,12,0.00,
18,14,bottom,host,296.06,318.288,124,48,0.00,
18,14,bottom,other,421.85,305.772,233,12,0.00,
18,15,bottom,host,304.35,323.88,124,48,0.00,
18,15,bottom,other,413.864,311.79,233,12,0.00,
18,16,bottom,host,312.64,329.472,124,48,0.00,
18,16,bottom,other,405.878,317.808,233,12,0.00,
18,17,bottom,host,320.93,335.064,124,48,0.00,
18,17,bottom,other,397.892,323.826,233,12,0.00,
18,18,bottom,host,329.22,340.656,124,48,0.00,
18,18,bottom,other,389.906,329.844,233,12,0.00,
18,19,bottom,host,337.51,346.248,124,48,0.00,
18,19,bottom,other,389.906,329.844,233,12,0.00,
18,20,bottom,host,345.8,351.84,124,48,0.00,
18,20,bottom,other,389.906,329.844,233,12,0.00,
18,21,bottom,host,345.8,351.84,124,48,0.00,
18,21,bottom,other,389.906,329.844,233,12,0.00,
18,22,bottom,host,345.8,351.84,124,48,0.00,
18,22,bottom,other,389.906,329.844,233,12,0.00,
19,1,top,host,188.387,234.554,57,48,0.00,
19,1,top,other,530,240,270,12,0.00,
19,2,top,host,196.774,229.108,57,48,0.00,
19,2,top,other,521.808,245.736,235,12,0.00,
19,3,top,host,205.161,223.662,57,48,0.00,
19,3,top,other,513.616,251.472,235,12,0.00,
19,4,top,host,213.548,218.216,57,48,0.00,
19,4,top,other,505.424,257.208,235,12,0.00,
19,5,top,host,221.935,212.77,57,48,0.00,
19,5,top,other,497.232,262.944,235,12,0.00,
19,6,top,host,230.322,207.324,57,48,0.00,
19,6,top,other,489.04,268.68,235,12,0.00,
19,7,top,host,238.709,201.878,57,48,0.00,
19,7,top,other,480.848,274.416,235,12,0.00,
19,8,top,host,247.096,196.432,57,48,0.00,
19,8,top,other,472.656,280.152,235,12,0.00,
19,9,top,host,255.483,190.986,57,48,0.00,
19,9,top,other,464.464,285.888,235,12,0.00,
19,10,top,host,263.87,185.54,57,48,0.00,
19,10,top,other,456.272,291.624,235,12,0.00,
19,11,top,host,272.257,180.094,57,48,0.00,
19,11,top,other,448.08,297.36,235,12,0.00,
19,12,top,host,280.644,174.648,57,48,0.00,
19,12,top,other,439.888,303.096,235,12,0.00,
19,13,top,host,289.031,169.202,57,48,0.00,
19,13,top,other,432.941,295.903,316,12,0.00,
19,14,top,host,297.418,163.756,57,48,0.00,
19,14,top,other,425.994,288.71,316,12,0.00,
19,15,top,host,305.805,158.31,57,48,0.00,
19,15,top,other,419.047,281.517,316,12,0.00,
19,16,top,host,314.192,152.864,57,48,0.00,
19,16,top,other,412.227,288.831,223,12,0.00,
19,17,top,host,322.579,147.418,57,48,0.00,
19,17,top,other,405.407,296.145,223,12,0.00,
19,18,top,host,330.966,141.972,57,48,0.00,
19,18,top,other,398.587,303.459,223,12,0.00,
19,19,top,host,339.353,136.526,57,48,0.00,
19,19,top,other,391.767,310.773,223,12,0.00,
19,20,top,host,347.74,131.08,57,52,0.00,
19,20,top,other,384.947,318.087,223,13,0.00,
19,21,top,host,347.74,131.08,57,52,0.00,
19,21,top,other,384.947,318.087,223,13,0.00,
19,22,top,host,347.74,131.08,57,52,0.00,
19,22,top,other,384.947,318.087,223,13,0.00,
20,1,top,host,188.29,234.408,56,52,0.00,
20,1,top,other,531.808,245.736,235,13,0.00,
20,2,top,host,196.58,228.816,56,52,0.00,
20,2,top,other,523.616,251.472,235,13,0.00,
20,3,top,host,204.87,223.224,56,52,0.00,
20,3,top,other,515.424,257.208,235,13,0.00,
20,4,top,host,213.16,217.632,56,52,0.00,
20,4,top,other,507.232,262.944,235,13,0.00,
20,5,top,host,221.45,212.04,56,52,0.00,
20,5,top,other,499.04,268.68,235,13,0.00,
20,6,top,host,229.74,206.448,56,52,0.00,
20,6,top,other,490.848,274.416,235,13,0.00,
20,7,top,host,238.03,200.856,56,52,0.00,
20,7,top,other,482.656,280.152,235,13,0.00,
20,8,top,host,246.32,195.264,56,52,0.00,
20,8,top,other,474.464,285.888,235,13,0.00,
20,9,top,host,254.61,189.672,56,52,0.00,
20,9,top,other,466.272,291.624,235,13,0.00,
20,10,top,host,262.9,184.08,56,52,0.00,
20,10,top,other,458.08,297.36,235,13,0.00,
20,11,top,host,271.19,178.488,56,52,0.00,
20,11,top,other,449.888,303.096,235,13,0.00,
20,12,top,host,279.48,172.896,56,52,0.00,
20,12,top,other,441.696,308.832,235,13,0.00,
20,13,top,host,287.77,167.304,56,52,0.00,
20,13,top,other,433.504,314.568,235,13,0.00,
20,14,top,host,296.06,161.712,56,52,0.00,
20,14,top,other,425.312,320.304,235,13,0.00,
20,15,top,host,304.35,156.12,56,52,0.00,
20,15,top,other,417.12,326.04,235,13,0.00,
20,16,top,host,312.64,150.528,56,52,0.00,
20,16,top,other,408.928,331.776,235,13,0.00,
20,17,top,host,320.93,144.936,56,52,0.00,
20,17,top,other,400.736,337.512,235,13,0.00,
20,18,top,host,329.22,139.344,56,52,0.00,
20,18,top,other,392.544,343.248,235,13,0.00,
20,19,top,host,337.51,133.752,56,52,0.00,
20,19,top,other,384.352,348.984,235,13,0.00,
20,20,top,host,345.8,128.16,56,56,0.00,
20,20,top,other,376.16,354.72,235,14,0.00,
20,21,top,host,345.8,128.16,56,56,0.00,
20,21,top,other,376.16,354.72,235,14,0.00,
20,22,top,host,345.8,128.16,56,56,0.00,
20,22,top,other,376.16,354.72,235,14,0.00,
21,1,top,host,188.29,234.408,56,56,0.00,
21,1,top,other,531.808,234.264,305,14,0.00,
21,2,top,host,196.58,228.816,56,56,0.00,
21,2,top,other,523.616,228.528,305,14,0.00,
21,3,top,host,204.87,223.224,56,56,0.00,
21,3,top,other,515.424,222.792,305,14,0.00,
21,4,top,host,213.16,217.632,56,56,0.00,
21,4,top,other,507.232,217.056,305,14,0.00,
21,5,top,host,221.45,212.04,56,56,0.00,
21,5,top,other,499.04,211.32,305,14,0.00,
21,6,top,host,229.74,206.448,56,56,0.00,
21,6,top,other,490.848,205.584,305,14,0.00,
21,7,top,host,238.03,200.856,56,56,0.00,
21,7,top,other,482.656,199.848,305,14,0.00,
21,8,top,host,246.32,195.264,56,56,0.00,
21,8,top,other,474.464,194.112,305,14,0.00,
21,9,top,host,254.61,189.672,56,56,0.00,
21,9,top,other,466.272,188.376,305,14,0.00,
21,10,top,host,262.9,184.08,56,56,0.00,
21,10,top,other,458.08,182.64,305,14,0.00,
21,11,top,host,271.19,178.488,56,56,0.00,
21,11,top,other,449.888,176.904,305,14,0.00,
21,12,top,host,279.48,172.896,56,56,0.00,
21,12,top,other,441.696,171.168,305,14,0.00,
21,13,top,host,287.77,167.304,56,56,0.00,
21,13,top,other,433.504,165.432,305,14,0.00,
21,14,top,host,296.06,161.712,56,56,0.00,
21,14,top,other,425.312,159.696,305,14,0.00,
21,15,top,host,304.35,156.12,56,56,0.00,
21,15,top,other,417.12,153.96,305,14,0.00,
21,16,top,host,312.64,150.528,56,56,0.00,
21,16,top,other,408.928,148.224,305,14,0.00,
21,17,top,host,320.93,144.936,56,56,0.00,
21,17,top,other,400.736,142.488,305,14,0.00,
21,18,top,host,329.22,139.344,56,56,0.00,
21,18,top,other,392.544,136.752,305,14,0.00,
21,19,top,host,337.51,133.752,56,56,0.00,
21,19,top,other,384.352,131.016,305,14,0.00,
21,20,top,host,345.8,128.16,56,56,0.00,
21,20,top,other,376.16,125.28,305,14,0.00,
21,21,top,host,345.8,128.16,56,56,0.00,
21,21,top,other,376.16,125.28,305,14,0.00,
21,22,top,host,345.8,128.16,56,56,0.00,
21,22,top,other,376.16,125.28,305,14,0.00,
22,1,top,host,188.29,234.408,56,56,0.00,
22,1,top,other,530,240,270,14,0.00,
22,2,top,host,196.58,228.816,56,56,0.00,
22,2,top,other,520,240,270,14,0.00,
22,3,top,host,204.87,223.224,56,56,0.00,
22,3,top,other,510,240,270,14,0.00,
22,4,top,host,213.16,217.632,56,56,0.00,
22,4,top,other,500,240,270,14,0.00,
22,5,top,host,221.45,212.04,56,56,0.00,
22,5,top,other,492.453,246.561,229,14,0.00,
22,6,top,host,229.74,206.448,56,56,0.00,
22,6,top,other,484.906,253.122,229,14,0.00,
22,7,top,host,238.03,200.856,56,56,0.00,
22,7,top,other,477.359,259.683,229,14,0.00,
22,8,top,host,246.32,195.264,56,56,0.00,
22,8,top,other,469.812,266.244,229,14,0.00,
22,9,top,host,254.61,189.672,56,56,0.00,
22,9,top,other,462.265,272.805,229,14,0.00,
22,10,top,host,262.9,184.08,56,56,0.00,
22,10,top,other,454.718,279.366,229,14,0.00,
22,11,top,host,271.19,178.488,56,56,0.00,
22,11,top,other,447.171,285.927,229,14,0.00,
22,12,top,host,279.48,172.896,56,56,0.00,
22,12,top,other,439.624,292.488,229,14,0.00,
22,13,top,host,287.77,167.304,56,56,0.00,
22,13,top,other,432.077,299.049,229,14,0.00,
22,14,top,host,296.06,161.712,56,56,0.00,
22,14,top,other,424.53,305.61,229,14,0.00,
22,15,top,host,304.35,156.12,56,56,0.00,
22,15,top,other,416.983,312.171,229,14,0.00,
22,16,top,host,312.64,150.528,56,56,0.00,
22,16,top,other,409.436,318.732,229,14,0.00,
22,17,top,host,320.93,144.936,56,56,0.00,
22,17,top,other,401.889,325.293,229,14,0.00,
22,18,top,host,329.22,139.344,56,56,0.00,
22,18,top,other,394.342,331.854,229,14,0.00,
22,19,top,host,337.51,133.752,56,56,0.00,
22,19,top,other,386.795,338.415,229,14,0.00,
22,20,top,host,345.8,128.16,56,60,0.00,
22,20,top,other,379.248,344.976,229,15,0.00,
22,21,top,host,345.8,128.16,56,60,0.00,
22,21,top,other,379.248,344.976,229,15,0.00,
22,22,top,host,345.8,128.16,56,60,0.00,
22,22,top,other,379.248,344.976,229,15,0.00,
23,1,top,host,188.387,234.554,57,60,0.00,
23,1,top,other,531.71,245.592,236,15,0.00,
23,2,top,host,196.774,229.108,57,60,0.00,
23,2,top,other,523.42,251.184,236,15,0.00,
23,3,top,other,515.13,256.776,236,15,0.00,
23,3,top,host,205.161,223.662,57,60,0.00,
23,4,top,host,213.548,218.216,57,60,0.00,
23,4,top,other,506.84,262.368,236,15,0.00,
23,5,top,host,221.935,212.77,57,60,0.00,
23,5,top,other,498.55,267.96,236,15,0.00,
23,6,top,host,230.322,207.324,57,60,0.00,
23,6,top,other,490.26,273.552,236,15,0.00,
23,7,top,host,238.709,201.878,57,60,0.00,
23,7,top,other,481.97,279.144,236,15,0.00,
23,8,top,host,247.096,196.432,57,60,0.00,
23,8,top,other,473.68,284.736,236,15,0.00,
23,9,top,host,255.483,190.986,57,60,0.00,
23,9,top,other,465.39,290.328,236,15,0.00,
23,10,top,host,263.87,185.54,57,60,0.00,
23,10,top,other,457.1,295.92,236,15,0.00,
23,11,top,host,272.257,180.094,57,60,0.00,
23,11,top,other,448.81,301.512,236,15,0.00,
23,12,top,host,280.644,174.648,57,60,0.00,
23,12,top,other,440.52,307.104,236,15,0.00,
23,13,top,host,289.031,169.202,57,60,0.00,
23,13,top,other,432.23,312.696,236,15,0.00,
23,14,top,host,297.418,163.756,57,60,0.00,
23,14,top,other,423.94,318.288,236,15,0.00,
23,15,top,host,305.805,158.31,57,60,0.00,
23,15,top,other,415.65,323.88,236,15,0.00,
23,16,top,host,314.192,152.864,57,60,0.00,
23,16,top,other,407.36,329.472,236,15,0.00,
23,17,top,host,322.579,147.418,57,60,0.00,
23,17,top,other,399.07,335.064,236,15,0.00,
23,18,top,host,330.966,141.972,57,60,0.00,
23,18,top,other,390.78,340.656,236,15,0.00,
23,19,top,host,339.353,136.526,57,60,0.00,
23,19,top,other,382.49,346.248,236,15,0.00,
23,20,top,host,347.74,131.08,57,64,0.00,
23,20,top,other,374.2,351.84,236,16,0.00,
23,21,top,host,347.74,131.08,57,64,0.00,
23,21,top,other,374.2,351.84,236,16,0.00,
23,22,top,host,347.74,131.08,57,64,0.00,
23,22,top,other,374.2,351.84,236,16,0.00,
24,1,top,host,188.29,234.408,56,64,0.00,
24,1,top,other,530,240,270,16,0.00,
24,2,top,host,196.58,228.816,56,64,0.00,
24,2,top,other,521.808,234.264,305,16,0.00,
24,3,top,host,204.87,223.224,56,64,0.00,
24,3,top,other,513.616,228.528,305,16,0.00,
24,4,top,host,213.16,217.632,56,64,0.00,
24,4,top,other,505.424,222.792,305,16,0.00,
24,5,top,host,221.45,212.04,56,64,0.00,
24,5,top,other,497.232,217.056,305,16,0.00,
24,6,top,host,229.74,206.448,56,64,0.00,
24,6,top,other,489.04,211.32,305,16,0.00,
24,7,top,host,238.03,200.856,56,64,0.00,
24,7,top,other,480.848,205.584,305,16,0.00,
24,8,top,host,246.32,195.264,56,64,0.00,
24,8,top,other,472.656,199.848,305,16,0.00,
24,9,top,host,254.61,189.672,56,64,0.00,
24,9,top,other,464.464,194.112,305,16,0.00,
24,10,top,host,262.9,184.08,56,64,0.00,
24,10,top,other,456.272,188.376,305,16,0.00,
24,11,top,host,271.19,178.488,56,64,0.00,
24,11,top,other,448.08,182.64,305,16,0.00,
24,12,top,host,279.48,172.896,56,64,0.00,
24,12,top,other,439.888,176.904,305,16,0.00,
24,13,top,host,287.77,167.304,56,64,0.00,
24,13,top,other,431.696,171.168,305,16,0.00,
24,14,top,host,296.06,161.712,56,64,0.00,
24,14,top,other,423.504,165.432,305,16,0.00,
24,15,top,host,304.35,156.12,56,64,0.00,
24,15,top,other,415.312,159.696,305,16,0.00,
24,16,top,host,312.64,150.528,56,64,0.00,
24,16,top,other,407.12,153.96,305,16,0.00,
24,17,top,host,320.93,144.936,56,64,0.00,
24,17,top,other,398.928,148.224,305,16,0.00,
24,18,top,host,329.22,139.344,56,64,0.00,
24,18,top,other,390.736,142.488,305,16,0.00,
24,19,top,host,337.51,133.752,56,64,0.00,
24,19,top,other,382.544,136.752,305,16,0.00,
24,20,top,host,345.8,128.16,56,64,0.00,
24,20,top,other,374.352,131.016,305,16,0.00,
24,21,top,host,345.8,128.16,56,64,0.00,
24,21,top,other,374.352,131.016,305,16,0.00,
24,22,top,host,345.8,128.16,56,64,0.00,
24,22,top,other,374.352,131.016,305,16,0.00,
25,1,top,host,188.29,234.408,56,64,0.00,
25,1,top,other,530,240,270,16,0.00,
25,2,top,host,196.58,228.816,56,64,0.00,
25,2,top,other,520,240,270,16,0.00,
25,3,top,host,204.87,223.224,56,64,0.00,
25,3,top,other,511.808,245.736,235,16,0.00,
25,4,top,host,213.16,217.632,56,64,0.00,
25,4,top,other,503.616,251.472,235,16,0.00,
25,5,top,host,221.45,212.04,56,64,0.00,
25,5,top,other,495.424,257.208,235,16,0.00,
25,6,top,host,229.74,206.448,56,64,0.00,
25,6,top,other,487.232,262.944,235,16,0.00,
25,7,top,host,238.03,200.856,56,64,0.00,
25,7,top,other,479.04,268.68,235,16,0.00,
25,8,top,host,246.32,195.264,56,64,0.00,
25,8,top,other,470.848,274.416,235,16,0.00,
25,9,top,host,254.61,189.672,56,64,0.00,
25,9,top,other,462.656,280.152,235,16,0.00,
25,10,top,host,262.9,184.08,56,64,0.00,
25,10,top,other,454.464,285.888,235,16,0.00,
25,11,top,host,271.19,178.488,56,64,0.00,
25,11,top,other,446.272,291.624,235,16,0.00,
25,12,top,host,279.48,172.896,56,64,0.00,
25,12,top,other,438.08,297.36,235,16,0.00,
25,13,top,host,287.77,167.304,56,64,0.00,
25,13,top,other,429.888,303.096,235,16,0.00,
25,14,top,host,296.06,161.712,56,64,0.00,
25,14,top,other,421.696,308.832,235,16,0.00,
25,15,top,host,304.35,156.12,56,64,0.00,
25,15,top,other,413.504,314.568,235,16,0.00,
25,16,top,host,312.64,150.528,56,64,0.00,
25,16,top,other,405.312,320.304,235,16,0.00,
25,17,top,host,320.93,144.936,56,64,0.00,
25,17,top,other,397.12,326.04,235,16,0.00,
25,18,top,host,329.22,139.344,56,64,0.00,
25,18,top,other,388.928,331.776,235,16,0.00,
25,19,top,host,337.51,133.752,56,64,0.00,
25,19,top,other,380.736,337.512,235,16,0.00,
25,20,top,host,345.8,128.16,56,68,0.00,
25,20,top,other,372.544,343.248,235,17,0.00,
25,21,top,host,345.8,128.16,56,68,0.00,
25,21,top,other,372.544,343.248,235,17,0.00,
25,22,top,host,345.8,128.16,56,68,0.00,
25,22,top,other,372.544,343.248,235,17,0.00,
26,1,top,host,188.387,234.554,57,68,0.00,
26,1,top,other,530,240,270,17,0.00,
26,2,top,host,196.774,229.108,57,68,0.00,
26,2,top,other,520,240,270,17,0.00,
26,3,top,host,205.161,223.662,57,68,0.00,
26,3,top,other,510,240,270,17,0.00,
26,4,top,host,213.548,218.216,57,68,0.00,
26,4,top,other,500,240,270,17,0.00,
26,5,top,host,221.935,212.77,57,68,0.00,
26,5,top,other,490,240,270,17,0.00,
26,6,top,host,230.322,207.324,57,68,0.00,
26,6,top,other,480,240,270,17,0.00,
26,7,top,host,238.709,201.878,57,68,0.00,
26,7,top,other,470,240,270,17,0.00,
26,8,top,host,247.096,196.432,57,68,0.00,
26,8,top,other,460,240,270,17,0.00,
26,9,top,host,255.483,190.986,57,68,0.00,
26,9,top,other,450,240,270,17,0.00,
26,10,top,host,263.87,185.54,57,68,0.00,
26,10,top,other,440,240,270,17,0.00,
26,11,top,host,272.257,180.094,57,68,0.00,
26,11,top,other,430,240,270,17,0.00,
26,12,top,host,280.644,174.648,57,68,0.00,
26,12,top,other,420,240,270,17,0.00,
26,13,top,host,289.031,169.202,57,68,0.00,
26,13,top,other,410,240,270,17,0.00,
26,14,top,host,297.418,163.756,57,68,0.00,
26,14,top,other,400,240,270,17,0.00,
26,15,top,host,305.805,158.31,57,68,0.00,
26,15,top,other,396.254,249.272,202,17,0.00,
26,16,top,host,314.192,152.864,57,68,0.00,
26,16,top,other,392.508,258.544,202,17,0.00,
26,17,top,host,322.579,147.418,57,68,0.00,
26,17,top,other,388.762,267.816,202,17,0.00,
26,18,top,host,330.966,141.972,57,68,0.00,
26,18,top,other,385.016,277.088,202,17,0.00,
26,19,top,host,339.353,136.526,57,68,0.00,
26,19,top,other,381.27,286.36,202,17,0.00,
26,20,top,host,347.74,131.08,57,72,0.00,
26,20,top,other,377.524,295.632,202,18,0.00,
26,21,top,host,347.74,131.08,57,72,0.00,
26,21,top,other,377.524,295.632,202,18,0.00,
26,22,top,host,347.74,131.08,57,72,0.00,
26,22,top,other,377.524,295.632,202,18,0.00,
27,1,bottom,host,190,240,90,72,0.00,
27,1,bottom,other,530,240,270,18,0.00,
27,2,bottom,host,200,240,90,72,0.00,
27,2,bottom,other,520,240,270,18,0.00,
27,3,bottom,host,208.29,245.592,124,72,0.00,
27,3,bottom,other,511.91,234.122,306,18,0.00,
27,4,bottom,host,216.58,251.184,124,72,0.00,
27,4,bottom,other,503.82,228.244,306,18,0.00,
27,5,bottom,host,224.87,256.776,124,72,0.00,
27,5,bottom,other,495.73,222.366,306,18,0.00,
27,6,bottom,host,233.16,262.368,124,72,0.00,
27,6,bottom,other,487.64,216.488,306,18,0.00,
27,7,bottom,host,241.45,267.96,124,72,0.00,
27,7,bottom,other,479.55,210.61,306,18,0.00,
27,8,bottom,host,249.74,273.552,124,72,0.00,
27,8,bottom,other,471.46,204.732,306,18,0.00,
27,9,bottom,host,258.03,279.144,124,72,0.00,
27,9,bottom,other,463.37,198.854,306,18,0.00,
27,10,bottom,host,266.32,284.736,124,72,0.00,
27,10,bottom,other,455.28,192.976,306,18,0.00,
27,11,bottom,host,274.61,290.328,124,72,0.00,
27,11,bottom,other,447.19,187.098,306,18,0.00,
27,12,bottom,host,282.9,295.92,124,72,0.00,
27,12,bottom,other,439.1,181.22,306,18,0.00,
27,13,bottom,host,291.19,301.512,124,72,0.00,
27,13,bottom,other,431.01,175.342,306,18,0.00,
27,14,bottom,host,299.48,307.104,124,72,0.00,
27,14,bottom,other,422.92,169.464,306,18,0.00,
27,15,bottom,host,307.77,312.696,124,72,0.00,
27,15,bottom,other,414.83,163.586,306,18,0.00,
27,16,bottom,host,316.06,318.288,124,72,0.00,
27,16,bottom,other,406.74,157.708,306,18,0.00,
27,17,bottom,host,324.35,323.88,124,72,0.00,
27,17,bottom,other,398.65,151.83,306,18,0.00,
27,18,bottom,host,332.64,329.472,124,72,0.00,
27,18,bottom,other,390.56,145.952,306,18,0.00,
27,19,bottom,host,340.93,335.064,124,72,0.00,
27,19,bottom,other,382.47,140.074,306,18,0.00,
27,20,bottom,host,349.22,340.656,124,72,0.00,
27,20,bottom,other,374.38,134.196,306,18,0.00,
27,21,bottom,host,357.51,346.248,124,76,0.00,
27,21,bottom,other,366.29,128.318,306,19,0.00,
27,22,bottom,host,357.51,346.248,124,76,0.00,
27,22,bottom,other,366.29,128.318,306,19,0.00,
27,23,bottom,host,357.51,346.248,124,76,0.00,
27,23,bottom,other,366.29,128.318,306,19,0.00,
28,1,bottom,host,188.29,245.592,124,76,0.00,
28,1,bottom,other,530,240,270,19,0.00,
28,2,bottom,host,196.58,251.184,124,76,0.00,
28,2,bottom,other,520,240,270,19,0.00,
28,3,bottom,host,204.87,256.776,124,76,0.00,
28,3,bottom,other,512.12,233.843,308,19,0.00,
28,4,bottom,host,213.16,262.368,124,76,0.00,
28,4,bottom,other,504.24,227.686,308,19,0.00,
28,5,bottom,host,221.45,267.96,124,76,0.00,
28,5,bottom,other,496.36,221.529,308,19,0.00,
28,6,bottom,host,229.74,273.552,124,76,0.00,
28,6,bottom,other,488.48,215.372,308,19,0.00,
28,7,bottom,host,238.03,279.144,124,76,0.00,
28,7,bottom,other,480.6,209.215,308,19,0.00,
28,8,bottom,host,246.32,284.736,124,76,0.00,
28,8,bottom,other,472.72,203.058,308,19,0.00,
28,9,bottom,host,254.61,290.328,124,76,0.00,
28,9,bottom,other,464.84,196.901,308,19,0.00,
28,10,bottom,host,262.9,295.92,124,76,0.00,
28,10,bottom,other,456.96,190.744,308,19,0.00,
28,11,bottom,host,271.19,301.512,124,76,0.00,
28,11,bottom,other,449.08,184.587,308,19,0.00,
28,12,bottom,host,279.48,307.104,124,76,0.00,
28,12,bottom,other,441.2,178.43,308,19,0.00,
28,13,bottom,host,287.77,312.696,124,76,0.00,
28,13,bottom,other,433.32,172.273,308,19,0.00,
28,14,bottom,host,296.06,318.288,124,76,0.00,
28,14,bottom,other,425.44,166.116,308,19,0.00,
28,15,bottom,host,304.35,323.88,124,76,0.00,
28,15,bottom,other,417.56,159.959,308,19,0.00,
28,16,bottom,host,312.64,329.472,124,76,0.00,
28,16,bottom,other,409.68,153.802,308,19,0.00,
28,17,bottom,host,320.93,335.064,124,76,0.00,
28,17,bottom,other,401.8,147.645,308,19,0.00,
28,18,bottom,host,329.22,340.656,124,76,0.00,
28,18,bottom,other,393.92,141.488,308,19,0.00,
28,19,bottom,host,337.51,346.248,124,76,0.00,
28,19,bottom,other,386.04,135.331,308,19,0.00,
28,20,bottom,host,345.8,351.84,124,80,0.00,
28,20,bottom,other,378.16,129.174,308,20,0.00,
28,21,bottom,host,345.8,351.84,124,80,0.00,
28,21,bottom,other,378.16,129.174,308,20,0.00,
28,22,bottom,host,345.8,351.84,124,80,0.00,
28,22,bottom,other,378.16,129.174,308,20,0.00,
29,1,top,host,188.48,234.701,58,80,0.00,
29,1,top,other,531.71,245.592,236,20,0.00,
29,2,top,host,196.96,229.402,58,80,0.00,
29,2,top,other,523.42,251.184,236,20,0.00,
29,3,top,host,205.44,224.103,58,80,0.00,
29,3,top,other,515.13,256.776,236,20,0.00,
29,4,top,host,213.92,218.804,58,80,0.00,
29,4,top,other,506.84,262.368,236,20,0.00,
29,5,top,host,222.4,213.505,58,80,0.00,
29,5,top,other,498.55,267.96,236,20,0.00,
29,6,top,host,230.88,208.206,58,80,0.00,
29,6,top,other,490.26,273.552,236,20,0.00,
29,7,top,host,239.36,202.907,58,80,0.00,
29,7,top,other,481.97,279.144,236,20,0.00,
29,8,top,host,247.84,197.608,58,80,0.00,
29,8,top,other,473.68,284.736,236,20,0.00,
29,9,top,host,256.32,192.309,58,80,0.00,
29,9,top,other,465.39,290.328,236,20,0.00,
29,10,top,host,264.8,187.01,58,80,0.00,
29,10,top,other,457.1,295.92,236,20,0.00,
29,11,top,host,273.28,181.711,58,80,0.00,
29,11,top,other,448.81,301.512,236,20,0.00,
29,12,top,host,281.76,176.412,58,80,0.00,
29,12,top,other,440.52,307.104,236,20,0.00,
29,13,top,host,290.24,171.113,58,80,0.00,
29,13,top,other,432.23,312.696,236,20,0.00,
29,14,top,host,298.72,165.814,58,80,0.00,
29,14,top,other,423.94,318.288,236,20,0.00,
29,15,top,host,307.2,160.515,58,80,0.00,
29,15,top,other,415.65,323.88,236,20,0.00,
29,16,top,host,315.68,155.216,58,80,0.00,
29,16,top,other,407.36,329.472,236,20,0.00,
29,17,top,host,324.16,149.917,58,80,0.00,
29,17,top,other,399.07,335.064,236,20,0.00,
29,18,top,host,332.64,144.618,58,80,0.00,
29,18,top,other,390.78,340.656,236,20,0.00,
29,19,top,host,341.12,139.319,58,80,0.00,
29,19,top,other,382.49,346.248,236,20,0.00,
29,20,top,host,349.6,134.02,58,84,0.00,
29,20,top,other,374.2,351.84,236,21,0.00,
29,21,top,host,349.6,134.02,58,84,0.00,
29,21,top,other,374.2,351.84,236,21,0.00,
29,22,top,host,349.6,134.02,58,84,0.00,
29,22,top,other,374.2,351.84,236,21,0.00,
30,1,bottom,host,188.387,245.446,123,84,0.00,
30,1,bottom,other,531.613,234.554,303,21,0.00,
30,2,bottom,host,196.774,250.892,123,84,0.00,
30,2,bottom,other,523.226,229.108,303,21,0.00,
30,3,bottom,host,205.161,256.338,123,84,0.00,
30,3,bottom,other,514.839,223.662,303,21,0.00,
30,4,bottom,host,213.548,261.784,123,84,0.00,
30,4,bottom,other,506.452,218.216,303,21,0.00,
30,5,bottom,host,221.935,267.23,123,84,0.00,
30,5,bottom,other,498.065,212.77,303,21,0.00,
30,6,bottom,host,230.322,272.676,123,84,0.00,
30,6,bottom,other,489.678,207.324,303,21,0.00,
30,7,bottom,host,238.709,278.122,123,84,0.00,
30,7,bottom,other,481.291,201.878,303,21,0.00,
30,8,bottom,host,247.096,283.568,123,84,0.00,
30,8,bottom,other,472.904,196.432,303,21,0.00,
30,9,bottom,host,255.483,289.014,123,84,0.00,
30,9,bottom,other,464.517,190.986,303,21,0.00,
30,10,bottom,host,263.87,294.46,123,84,0.00,
30,10,bottom,other,456.13,185.54,303,21,0.00,
30,11,bottom,host,272.257,299.906,123,84,0.00,
30,11,bottom,other,447.743,180.094,303,21,0.00,
30,12,bottom,host,280.644,305.352,123,84,0.00,
30,12,bottom,other,439.356,174.648,303,21,0.00,
30,13,bottom,host,289.031,310.798,123,84,0.00,
30,13,bottom,other,430.969,169.202,303,21,0.00,
30,14,bottom,host,297.418,316.244,123,84,0.00,
30,14,bottom,other,422.582,163.756,303,21,0.00,
30,15,bottom,host,305.805,321.69,123,84,0.00,
30,15,bottom,other,414.195,158.31,303,21,0.00,
30,16,bottom,host,314.192,327.136,123,84,0.00,
30,16,bottom,other,405.808,152.864,303,21,0.00,
30,17,bottom,host,322.579,332.582,123,84,0.00,
30,17,bottom,other,397.421,147.418,303,21,0.00,
30,18,bottom,host,330.966,338.028,123,84,0.00,
30,18,bottom,other,389.034,141.972,303,21,0.00,
30,19,bottom,host,339.353,343.474,123,84,0.00,
30,19,bottom,other,380.647,136.526,303,21,0.00,
30,20,bottom,host,347.74,348.92,123,88,0.00,
30,20,bottom,other,372.26,131.08,303,22,0.00,
30,21,bottom,host,347.74,348.92,123,88,0.00,
30,21,bottom,other,372.26,131.08,303,22,0.00,
30,22,bottom,host,347.74,348.92,123,88,0.00,
30,22,bottom,other,372.26,131.08,303,22,0.00,
31,1,bottom,host,188.387,245.446,123,88,0.00,
31,1,bottom,other,531.71,234.408,304,22,0.00,
31,2,bottom,host,196.774,250.892,123,88,0.00,
31,2,bottom,other,523.42,228.816,304,22,0.00,
31,3,bottom,host,205.161,256.338,123,88,0.00,
31,3,bottom,other,515.13,223.224,304,22,0.00,
31,4,bottom,host,213.548,261.784,123,88,0.00,
31,4,bottom,other,506.84,217.632,304,22,0.00,
31,5,bottom,host,221.935,267.23,123,88,0.00,
31,5,bottom,other,498.55,212.04,304,22,0.00,
31,6,bottom,host,230.322,272.676,123,88,0.00,
31,6,bottom,other,490.26,206.448,304,22,0.00,
31,7,bottom,host,238.709,278.122,123,88,0.00,
31,7,bottom,other,481.97,200.856,304,22,0.00,
31,8,bottom,host,247.096,283.568,123,88,0.00,
31,8,bottom,other,473.68,195.264,304,22,0.00,
31,9,bottom,host,255.483,289.014,123,88,0.00,
31,9,bottom,other,465.39,189.672,304,22,0.00,
31,10,bottom,host,263.87,294.46,123,88,0.00,
31,10,bottom,other,457.1,184.08,304,22,0.00,
31,11,bottom,host,272.257,299.906,123,88,0.00,
31,11,bottom,other,448.81,178.488,304,22,0.00,
31,12,bottom,host,280.644,305.352,123,88,0.00,
31,12,bottom,other,440.52,172.896,304,22,0.00,
31,13,bottom,host,289.031,310.798,123,88,0.00,
31,13,bottom,other,432.23,167.304,304,22,0.00,
31,14,bottom,host,297.418,316.244,123,88,0.00,
31,14,bottom,other,423.94,161.712,304,22,0.00,
31,15,bottom,host,305.805,321.69,123,88,0.00,
31,15,bottom,other,415.65,156.12,304,22,0.00,
31,16,bottom,host,314.192,327.136,123,88,0.00,
31,16,bottom,other,407.36,150.528,304,22,0.00,
31,17,bottom,host,322.579,332.582,123,88,0.00,
31,17,bottom,other,399.07,144.936,304,22,0.00,
31,18,bottom,host,330.966,338.028,123,88,0.00,
31,18,bottom,other,390.78,139.344,304,22,0.00,
31,19,bottom,host,339.353,343.474,123,88,0.00,
31,19,bottom,other,382.49,133.752,304,22,0.00,
31,20,bottom,host,347.74,348.92,123,92,0.00,
31,20,bottom,other,374.2,128.16,304,23,0.00,
31,21,bottom,host,347.74,348.92,123,92,0.00,
31,21,bottom,other,374.2,128.16,304,23,0.00,
31,22,bottom,host,347.74,348.92,123,92,0.00,
31,22,bottom,other,374.2,128.16,304,23,0.00,
32,1,bottom,host,188.387,245.446,123,92,0.00,
32,1,bottom,other,531.71,234.408,304,23,0.00,
32,2,bottom,host,196.774,250.892,123,92,0.00,
32,2,bottom,other,523.42,228.816,304,23,0.00,
32,3,bottom,host,205.161,256.338,123,92,0.00,
32,3,bottom,other,515.13,223.224,304,23,0.00,
32,4,bottom,host,213.548,261.784,123,92,0.00,
32,4,bottom,other,506.84,217.632,304,23,0.00,
32,5,bottom,host,221.935,267.23,123,92,0.00,
32,5,bottom,other,498.55,212.04,304,23,0.00,
32,6,bottom,host,230.322,272.676,123,92,0.00,
32,6,bottom,other,490.26,206.448,304,23,0.00,
32,7,bottom,host,238.709,278.122,123,92,0.00,
32,7,bottom,other,481.97,200.856,304,23,0.00,
32,8,bottom,host,247.096,283.568,123,92,0.00,
32,8,bottom,other,473.68,195.264,304,23,0.00,
32,9,bottom,host,255.483,289.014,123,92,0.00,
32,9,bottom,other,465.39,189.672,304,23,0.00,
32,10,bottom,host,263.87,294.46,123,92,0.00,
32,10,bottom,other,457.1,184.08,304,23,0.00,
32,11,bottom,host,272.257,299.906,123,92,0.00,
32,11,bottom,other,448.81,178.488,304,23,0.00,
32,12,bottom,host,280.644,305.352,123,92,0.00,
32,12,bottom,other,440.52,172.896,304,23,0.00,
32,13,bottom,host,289.031,310.798,123,92,0.00,
32,13,bottom,other,432.23,167.304,304,23,0.00,
32,14,bottom,host,297.418,316.244,123,92,0.00,
32,14,bottom,other,423.94,161.712,304,23,0.00,
32,15,bottom,host,305.805,321.69,123,92,0.00,
32,15,bottom,other,415.65,156.12,304,23,0.00,
32,16,bottom,host,314.192,327.136,123,92,0.00,
32,16,bottom,other,407.36,150.528,304,23,0.00,
32,17,bottom,host,322.579,332.582,123,92,0.00,
32,17,bottom,other,399.07,144.936,304,23,0.00,
32,18,bottom,host,330.966,338.028,123,92,0.00,
32,18,bottom,other,390.78,139.344,304,23,0.00,
32,19,bottom,host,339.353,343.474,123,92,0.00,
32,19,bottom,other,382.49,133.752,304,23,0.00,
32,20,bottom,host,347.74,348.92,123,96,0.00,
32,20,bottom,other,374.2,128.16,304,24,0.00,
32,21,bottom,host,347.74,348.92,123,96,0.00,
32,21,bottom,other,374.2,128.16,304,24,0.00,
32,22,bottom,host,347.74,348.92,123,96,0.00,
32,22,bottom,other,374.2,128.16,304,24,0.00,
33,1,top,host,190,240,90,96,0.00,
33,1,top,other,530,240,270,24,0.00,
33,2,top,host,200,240,90,96,0.00,
33,2,top,other,520,240,270,24,0.00,
33,3,top,host,210,240,90,96,0.00,
33,3,top,other,511.91,245.878,234,24,0.00,
33,4,top,host,220,240,90,96,0.00,
33,4,top,other,503.82,251.756,234,24,0.00,
33,5,top,host,230,240,90,96,0.00,
33,5,top,other,495.73,257.634,234,24,0.00,
33,6,top,host,240,240,90,96,0.00,
33,6,top,other,487.64,263.512,234,24,0.00,
33,7,top,host,250,240,90,96,0.00,
33,7,top,other,479.55,269.39,234,24,0.00,
33,8,top,host,260,240,90,96,0.00,
33,8,top,other,472.989,261.843,319,24,0.00,
33,9,top,host,266.561,232.453,41,96,0.00,
33,9,top,other,466.428,254.296,319,24,0.00,
33,10,top,host,273.122,224.906,41,96,0.00,
33,10,top,other,459.867,246.749,319,24,0.00,
33,11,top,host,279.683,217.359,41,96,0.00,
33,11,top,other,453.306,239.202,319,24,0.00,
33,12,top,host,286.244,209.812,41,96,0.00,
33,12,top,other,446.878,246.862,220,24,0.00,
33,13,top,host,292.805,202.265,41,96,0.00,
33,13,top,other,440.45,254.522,220,24,0.00,
33,14,top,host,299.366,194.718,41,96,0.00,
33,14,top,other,434.022,262.182,220,24,0.00,
33,15,top,host,305.927,187.171,41,96,0.00,
33,15,top,other,427.594,269.842,220,24,0.00,
33,16,top,host,312.488,179.624,41,96,0.00,
33,16,top,other,421.166,277.502,220,24,0.00,
33,17,top,host,319.049,172.077,41,96,0.00,
33,17,top,other,414.738,285.162,220,24,0.00,
33,18,top,host,325.61,164.53,41,96,0.00,
33,18,top,other,408.31,292.822,220,24,0.00,
33,19,top,host,332.171,156.983,41,96,0.00,
33,19,top,other,401.882,300.482,220,24,0.00,
33,20,top,host,338.732,149.436,41,96,0.00,
33,20,top,other,395.454,308.142,220,24,0.00,
33,21,top,host,345.293,141.889,41,96,0.00,
33,21,top,other,389.026,315.802,220,24,0.00,
33,22,top,host,351.854,134.342,41,100,0.00,
33,22,top,other,382.598,323.462,220,25,0.00,
33,23,top,host,351.854,134.342,41,100,0.00,
33,23,top,other,382.598,323.462,220,25,0.00,
33,24,top,host,351.854,134.342,41,100,0.00,
33,24,top,other,382.598,323.462,220,25,0.00,
34,1,top,host,188.192,234.264,55,100,0.00,
34,1,top,other,530.097,241.392,262,25,0.00,
34,2,top,host,196.384,228.528,55,100,0.00,
34,2,top,other,520.194,242.784,262,25,0.00,
34,3,top,host,204.576,222.792,55,100,0.00,
34,3,top,other,510.291,244.176,262,25,0.00,
34,4,top,host,212.768,217.056,55,100,0.00,
34,4,top,other,500.388,245.568,262,25,0.00,
34,5,top,host,220.96,211.32,55,100,0.00,
34,5,top,other,492.508,251.725,232,25,0.00,
34,6,top,host,229.152,205.584,55,100,0.00,
34,6,top,other,484.628,257.882,232,25,0.00,
34,7,top,host,237.344,199.848,55,100,0.00,
34,7,top,other,476.748,264.039,232,25,0.00,
34,8,top,host,245.536,194.112,55,100,0.00,
34,8,top,other,468.868,270.196,232,25,0.00,
34,9,top,host,253.728,188.376,55,100,0.00,
34,9,top,other,460.988,276.353,232,25,0.00,
34,10,top,host,261.92,182.64,55,100,0.00,
34,10,top,other,453.108,282.51,232,25,0.00,
34,11,top,host,270.112,176.904,55,100,0.00,
34,11,top,other,445.228,288.667,232,25,0.00,
34,12,top,host,278.304,171.168,55,100,0.00,
34,12,top,other,437.348,294.824,232,25,0.00,
34,13,top,host,286.496,165.432,55,100,0.00,
34,13,top,other,429.468,300.981,232,25,0.00,
34,14,top,host,294.688,159.696,55,100,0.00,
34,14,top,other,421.588,307.138,232,25,0.00,
34,15,top,host,302.88,153.96,55,100,0.00,
34,15,top,other,413.708,313.295,232,25,0.00,
34,16,top,host,311.072,148.224,55,100,0.00,
34,16,top,other,405.828,319.452,232,25,0.00,
34,17,top,host,319.264,142.488,55,100,0.00,
34,17,top,other,397.948,325.609,232,25,0.00,
34,18,top,host,327.456,136.752,55,100,0.00,
34,18,top,other,390.068,331.766,232,25,0.00,
34,19,top,host,335.648,131.016,55,100,0.00,
34,19,top,other,382.188,337.923,232,25,0.00,
34,20,top,host,343.84,125.28,55,104,0.00,
34,20,top,other,374.308,344.08,232,26,0.00,
34,21,top,host,343.84,125.28,55,104,0.00,
34,21,top,other,374.308,344.08,232,26,0.00,
34,22,top,host,343.84,125.28,55,104,0.00,
34,22,top,other,374.308,344.08,232,26,0.00,
35,1,top,host,188.29,234.408,56,104,0.00,
35,1,top,other,531.71,245.592,236,26,0.00,
35,2,top,host,196.58,228.816,56,104,0.00,
35,2,top,other,523.42,251.184,236,26,0.00,
35,3,top,host,204.87,223.224,56,104,0.00,
35,3,top,other,515.13,256.776,236,26,0.00,
35,4,top,host,213.16,217.632,56,104,0.00,
35,4,top,other,506.84,262.368,236,26,0.00,
35,5,top,host,221.45,212.04,56,104,0.00,
35,5,top,other,498.55,267.96,236,26,0.00,
35,6,top,host,229.74,206.448,56,104,0.00,
35,6,top,other,490.26,273.552,236,26,0.00,
35,7,top,host,238.03,200.856,56,104,0.00,
35,7,top,other,481.97,279.144,236,26,0.00,
35,8,top,host,246.32,195.264,56,104,0.00,
35,8,top,other,473.68,284.736,236,26,0.00,
35,9,top,host,254.61,189.672,56,104,0.00,
35,9,top,other,465.39,290.328,236,26,0.00,
35,10,top,host,262.9,184.08,56,104,0.00,
35,10,top,other,457.1,295.92,236,26,0.00,
35,11,top,host,271.19,178.488,56,104,0.00,
35,11,top,other,448.81,301.512,236,26,0.00,
35,12,top,host,279.48,172.896,56,104,0.00,
35,12,top,other,440.52,307.104,236,26,0.00,
35,13,top,host,287.77,167.304,56,104,0.00,
35,13,top,other,432.23,312.696,236,26,0.00,
35,14,top,host,296.06,161.712,56,104,0.00,
35,14,top,other,423.94,318.288,236,26,0.00,
35,15,top,host,304.35,156.12,56,104,0.00,
35,15,top,other,415.65,323.88,236,26,0.00,
35,16,top,host,312.64,150.528,56,104,0.00,
35,16,top,other,407.36,329.472,236,26,0.00,
35,17,top,host,320.93,144.936,56,104,0.00,
35,17,top,other,399.07,335.064,236,26,0.00,
35,18,top,host,329.22,139.344,56,104,0.00,
35,18,top,other,390.78,340.656,236,26,0.00,
35,19,top,host,337.51,133.752,56,104,0.00,
35,19,top,other,382.49,346.248,236,26,0.00,
35,20,top,host,345.8,128.16,56,108,0.00,
35,20,top,other,374.2,351.84,236,27,0.00,
35,21,top,host,345.8,128.16,56,108,0.00,
35,21,top,other,374.2,351.84,236,27,0.00,
35,22,top,host,345.8,128.16,56,108,0.00,
35,22,top,other,374.2,351.84,236,27,0.00,
36,1,top,host,188.387,234.554,57,108,0.00,
36,1,top,other,530,240,270,27,0.00,
36,2,top,host,196.774,229.108,57,108,0.00,
36,2,top,other,520,240,270,27,0.00,
36,3,top,host,205.161,223.662,57,108,0.00,
36,3,top,other,510,240,270,27,0.00,
36,4,top,host,213.548,218.216,57,108,0.00,
36,4,top,other,500,240,270,27,0.00,
36,5,top,host,221.935,212.77,57,108,0.00,
36,5,top,other,490,240,270,27,0.00,
36,6,top,host,230.322,207.324,57,108,0.00,
36,6,top,other,480,240,270,27,0.00,
36,7,top,host,238.709,201.878,57,108,0.00,
36,7,top,other,470,240,270,27,0.00,
36,8,top,host,247.096,196.432,57,108,0.00,
36,8,top,other,460,240,270,27,0.00,
36,9,top,host,255.483,190.986,57,108,0.00,
36,9,top,other,450,240,270,27,0.00,
36,10,top,host,263.87,185.54,57,108,0.00,
36,10,top,other,444.122,248.09,216,27,0.00,
36,11,top,host,272.257,180.094,57,108,0.00,
36,11,top,other,438.244,256.18,216,27,0.00,
36,12,top,host,280.644,174.648,57,108,0.00,
36,12,top,other,432.366,264.27,216,27,0.00,
36,13,top,host,289.031,169.202,57,108,0.00,
36,13,top,other,426.488,272.36,216,27,0.00,
36,14,top,host,297.418,163.756,57,108,0.00,
36,14,top,other,420.61,280.45,216,27,0.00,
36,15,top,host,305.805,158.31,57,108,0.00,
36,15,top,other,414.732,288.54,216,27,0.00,
36,16,top,host,314.192,152.864,57,108,0.00,
36,16,top,other,408.854,296.63,216,27,0.00,
36,17,top,host,322.579,147.418,57,108,0.00,
36,17,top,other,402.976,304.72,216,27,0.00,
36,18,top,host,330.966,141.972,57,108,0.00,
36,18,top,other,397.098,312.81,216,27,0.00,
36,19,top,host,339.353,136.526,57,108,0.00,
36,19,top,other,391.22,320.9,216,27,0.00,
36,20,top,host,347.74,131.08,57,112,0.00,
36,20,top,other,385.342,328.99,216,28,0.00,
36,21,top,host,347.74,131.08,57,112,0.00,
36,21,top,other,385.342,328.99,216,28,0.00,
36,22,top,host,347.74,131.08,57,112,0.00,
36,22,top,other,385.342,328.99,216,28,0.00,
37,1,bottom,host,188.29,245.592,124,112,0.00,
37,1,bottom,other,530,240,270,28,0.00,
37,2,bottom,host,196.58,251.184,124,112,0.00,
37,2,bottom,other,520,240,270,28,0.00,
37,3,bottom,host,204.87,256.776,124,112,0.00,
37,3,bottom,other,511.91,234.122,306,28,0.00,
37,4,bottom,host,213.16,262.368,124,112,0.00,
37,4,bottom,other,503.82,228.244,306,28,0.00,
37,5,bottom,host,221.45,267.96,124,112,0.00,
37,5,bottom,other,495.73,222.366,306,28,0.00,
37,6,bottom,host,229.74,273.552,124,112,0.00,
37,6,bottom,other,487.64,216.488,306,28,0.00,
37,7,bottom,host,238.03,279.144,124,112,0.00,
37,7,bottom,other,479.55,210.61,306,28,0.00,
37,8,bottom,host,246.32,284.736,124,112,0.00,
37,8,bottom,other,471.46,204.732,306,28,0.00,
37,9,bottom,host,254.61,290.328,124,112,0.00,
37,9,bottom,other,463.37,198.854,306,28,0.00,
37,10,bottom,host,262.9,295.92,124,112,0.00,
37,10,bottom,other,455.28,192.976,306,28,0.00,
37,11,bottom,host,271.19,301.512,124,112,0.00,
37,11,bottom,other,447.19,187.098,306,28,0.00,
37,12,bottom,host,279.48,307.104,124,112,0.00,
37,12,bottom,other,439.1,181.22,306,28,0.00,
37,13,bottom,host,287.77,312.696,124,112,0.00,
37,13,bottom,other,431.01,175.342,306,28,0.00,
37,14,bottom,host,296.06,318.288,124,112,0.00,
37,14,bottom,other,422.92,169.464,306,28,0.00,
37,15,bottom,host,304.35,323.88,124,112,0.00,
37,15,bottom,other,414.83,163.586,306,28,0.00,
37,16,bottom,host,312.64,329.472,124,112,0.00,
37,16,bottom,other,406.74,157.708,306,28,0.00,
37,17,bottom,host,320.93,335.064,124,112,0.00,
37,17,bottom,other,398.65,151.83,306,28,0.00,
37,18,bottom,host,329.22,340.656,124,112,0.00,
37,18,bottom,other,390.56,145.952,306,28,0.00,
37,19,bottom,host,337.51,346.248,124,112,0.00,
37,19,bottom,other,382.47,140.074,306,28,0.00,
37,20,bottom,host,345.8,351.84,124,116,0.00,
37,20,bottom,other,374.38,134.196,306,29,0.00,
37,21,bottom,host,345.8,351.84,124,116,0.00,
37,21,bottom,other,374.38,134.196,306,29,0.00,
37,22,bottom,host,345.8,351.84,124,116,0.00,
37,22,bottom,other,374.38,134.196,306,29,0.00,
38,1,bottom,host,190,240,90,116,0.00,
38,1,bottom,other,531.71,234.408,304,29,0.00,
38,2,bottom,host,198.29,245.592,124,116,0.00,
38,2,bottom,other,523.42,228.816,304,29,0.00,
38,3,bottom,host,206.58,251.184,124,116,0.00,
38,3,bottom,other,515.13,223.224,304,29,0.00,
38,4,bottom,host,214.87,256.776,124,116,0.00,
38,4,bottom,other,506.84,217.632,304,29,0.00,
38,5,bottom,host,223.16,262.368,124,116,0.00,
38,5,bottom,other,498.55,212.04,304,29,0.00,
38,6,bottom,host,231.45,267.96,124,116,0.00,
38,6,bottom,other,490.26,206.448,304,29,0.00,
38,7,bottom,host,239.74,273.552,124,116,0.00,
38,7,bottom,other,481.97,200.856,304,29,0.00,
38,8,bottom,host,248.03,279.144,124,116,0.00,
38,8,bottom,other,473.68,195.264,304,29,0.00,
38,9,bottom,host,256.32,284.736,124,116,0.00,
38,9,bottom,other,465.39,189.672,304,29,0.00,
38,10,bottom,host,264.61,290.328,124,116,0.00,
38,10,bottom,other,457.1,184.08,304,29,0.00,
38,11,bottom,host,272.9,295.92,124,116,0.00,
38,11,bottom,other,448.81,178.488,304,29,0.00,
38,12,bottom,host,281.19,301.512,124,116,0.00,
38,12,bottom,other,440.52,172.896,304,29,0.00,
38,13,bottom,host,289.48,307.104,124,116,0.00,
38,13,bottom,other,432.23,167.304,304,29,0.00,
38,14,bottom,host,297.77,312.696,124,116,0.00,
38,14,bottom,other,423.94,161.712,304,29,0.00,
38,15,bottom,host,306.06,318.288,124,116,0.00,
38,15,bottom,other,415.65,156.12,304,29,0.00,
38,16,bottom,host,314.35,323.88,124,116,0.00,
38,16,bottom,other,407.36,150.528,304,29,0.00,
38,17,bottom,host,322.64,329.472,124,116,0.00,
38,17,bottom,other,399.07,144.936,304,29,0.00,
38,18,bottom,host,330.93,335.064,124,116,0.00,
38,18,bottom,other,390.78,139.344,304,29,0.00,
38,19,bottom,host,339.22,340.656,124,116,0.00,
38,19,bottom,other,382.49,133.752,304,29,0.00,
38,20,bottom,host,347.51,346.248,124,120,0.00,
38,20,bottom,other,374.2,128.16,304,30,0.00,
38,21,bottom,host,347.51,346.248,124,120,0.00,
38,21,bottom,other,374.2,128.16,304,30,0.00,
38,22,bottom,host,347.51,346.248,124,120,0.00,
38,22,bottom,other,374.2,128.16,304,30,0.00,
39,1,bottom,host,190,240,90,120,0.00,
39,1,bottom,other,530,240,270,30,0.00,
39,2,bottom,host,200,240,90,120,0.00,
39,2,bottom,other,520,240,270,30,0.00,
39,3,bottom,host,210,240,90,120,0.00,
39,3,bottom,other,510,240,270,30,0.00,
39,4,bottom,host,220,240,90,120,0.00,
39,4,bottom,other,500,240,270,30,0.00,
39,5,bottom,host,227.88,246.157,128,120,0.00,
39,5,bottom,other,492.229,246.293,231,30,0.00,
39,6,bottom,host,235.76,252.314,128,120,0.00,
39,6,bottom,other,484.458,252.586,231,30,0.00,
39,7,bottom,host,243.64,258.471,128,120,0.00,
39,7,bottom,other,476.687,258.879,231,30,0.00,
39,8,bottom,host,251.52,264.628,128,120,0.00,
39,8,bottom,other,468.916,265.172,231,30,0.00,
39,9,bottom,host,259.4,270.785,128,120,0.00,
39,9,bottom,other,461.145,271.465,231,30,0.00,
39,10,bottom,host,267.28,276.942,128,120,0.00,
39,10,bottom,other,453.374,277.758,231,30,0.00,
39,11,bottom,host,275.16,283.099,128,120,0.00,
39,11,bottom,other,445.603,284.051,231,30,0.00,
39,12,bottom,host,283.04,289.256,128,120,0.00,
39,12,bottom,other,437.832,290.344,231,30,0.00,
39,13,bottom,host,290.92,295.413,128,120,0.00,
39,13,bottom,other,430.061,296.637,231,30,0.00,
39,14,bottom,host,298.8,301.57,128,120,0.00,
39,14,bottom,other,422.29,302.93,231,30,0.00,
39,15,bottom,host,306.68,307.727,128,120,0.00,
39,15,bottom,other,414.519,309.223,231,30,0.00,
39,16,bottom,host,314.56,313.884,128,120,0.00,
39,16,bottom,other,406.748,315.516,231,30,0.00,
39,17,bottom,host,322.44,320.041,128,120,0.00,
39,17,bottom,other,398.977,321.809,231,30,0.00,
39,18,bottom,host,330.32,326.198,128,120,0.00,
39,18,bottom,other,391.206,328.102,231,30,0.00,
39,19,bottom,host,338.2,332.355,128,120,0.00,
39,19,bottom,other,383.435,334.395,231,30,0.00,
39,20,bottom,host,346.08,338.512,128,120,0.00,
39,20,bottom,other,375.664,340.688,231,30,0.00,
39,21,bottom,host,353.96,344.669,128,120,0.00,
39,21,bottom,other,367.893,346.981,231,30,0.00,
39,22,bottom,host,353.96,344.669,128,120,0.00,
39,22,bottom,other,367.893,346.981,231,30,0.00,
39,23,bottom,host,353.96,344.669,128,120,0.00,
39,23,bottom,other,367.893,346.981,231,30,0.00,
40,1,top,host,188.387,234.554,57,120,0.00,
40,1,top,other,530,240,270,30,0.00,
40,2,top,host,196.774,229.108,57,120,0.00,
40,2,top,other,520,240,270,30,0.00,
40,3,top,host,205.161,223.662,57,120,0.00,
40,3,top,other,510,240,270,30,0.00,
40,4,top,host,213.548,218.216,57,120,0.00,
40,4,top,other,500,240,270,30,0.00,
40,5,top,host,221.935,212.77,57,120,0.00,
40,5,top,other,492.34,246.428,230,30,0.00,
40,6,top,host,230.322,207.324,57,120,0.00,
40,6,top,other,484.68,252.856,230,30,0.00,
40,7,top,host,238.709,201.878,57,120,0.00,
40,7,top,other,477.02,259.284,230,30,0.00,
40,8,top,host,247.096,196.432,57,120,0.00,
40,8,top,other,469.36,265.712,230,30,0.00,
40,9,top,host,255.483,190.986,57,120,0.00,
40,9,top,other,461.7,272.14,230,30,0.00,
40,10,top,host,263.87,185.54,57,120,0.00,
40,10,top,other,454.04,278.568,230,30,0.00,
40,11,top,host,272.257,180.094,57,120,0.00,
40,11,top,other,446.38,284.996,230,30,0.00,
40,12,top,host,280.644,174.648,57,120,0.00,
40,12,top,other,438.72,291.424,230,30,0.00,
40,13,top,host,289.031,169.202,57,120,0.00,
40,13,top,other,431.06,297.852,230,30,0.00,
40,14,top,host,297.418,163.756,57,120,0.00,
40,14,top,other,423.4,304.28,230,30,0.00,
40,15,top,host,305.805,158.31,57,120,0.00,
40,15,top,other,415.74,310.708,230,30,0.00,
40,16,top,host,314.192,152.864,57,120,0.00,
40,16,top,other,408.08,317.136,230,30,0.00,
40,17,top,host,322.579,147.418,57,120,0.00,
40,17,top,other,400.42,323.564,230,30,0.00,
40,18,top,host,330.966,141.972,57,120,0.00,
40,18,top,other,392.76,329.992,230,30,0.00,
40,19,top,host,339.353,136.526,57,120,0.00,
40,19,top,other,385.1,336.42,230,30,0.00,
40,20,top,host,347.74,131.08,57,124,0.00,
40,20,top,other,377.44,342.848,230,31,0.00,
40,21,top,host,347.74,131.08,57,124,0.00,
40,21,top,other,377.44,342.848,230,31,0.00,
40,22,top,host,347.74,131.08,57,124,0.00,
40,22,top,other,377.44,342.848,230,31,0.00,
41,1,top,host,188.387,234.554,57,124,0.00,
41,1,top,other,531.613,245.446,237,31,0.00,
41,2,top,host,196.774,229.108,57,124,0.00,
41,2,top,other,523.226,250.892,237,31,0.00,
41,3,top,host,205.161,223.662,57,124,0.00,
41,3,top,other,514.839,256.338,237,31,0.00,
41,4,top,host,213.548,218.216,57,124,0.00,
41,4,top,other,506.452,261.784,237,31,0.00,
41,5,top,host,221.935,212.77,57,124,0.00,
41,5,top,other,498.065,267.23,237,31,0.00,
41,6,top,host,230.322,207.324,57,124,0.00,
41,6,top,other,489.678,272.676,237,31,0.00,
41,7,top,host,227.066,197.869,341,124,0.00,
41,7,top,other,481.291,278.122,237,31,0.00,
41,8,top,host,223.81,188.414,341,124,0.00,
41,8,top,other,472.904,283.568,237,31,0.00,
41,9,top,host,220.554,178.959,341,124,0.00,
41,9,top,other,464.517,289.014,237,31,0.00,
41,10,top,host,229.759,175.052,67,124,0.00,
41,10,top,other,456.13,294.46,237,31,0.00,
41,11,top,host,238.964,171.145,67,124,0.00,
41,11,top,other,447.743,299.906,237,31,0.00,
41,12,top,host,248.169,167.238,67,124,0.00,
41,12,top,other,439.356,305.352,237,31,0.00,
41,13,top,host,257.374,163.331,67,124,0.00,
41,13,top,other,430.969,310.798,237,31,0.00,
41,14,top,host,266.579,159.424,67,124,0.00,
41,14,top,other,422.582,316.244,237,31,0.00,
41,15,top,host,275.784,155.517,67,124,0.00,
41,15,top,other,414.195,321.69,237,31,0.00,
41,16,top,host,284.989,151.61,67,124,0.00,
41,16,top,other,405.808,327.136,237,31,0.00,
41,17,top,host,294.194,147.703,67,124,0.00,
41,17,top,other,397.421,332.582,237,31,0.00,
41,18,top,host,303.399,143.796,67,124,0.00,
41,18,top,other,389.034,338.028,237,31,0.00,
41,19,top,host,312.604,139.889,67,124,0.00,
41,19,top,other,380.647,343.474,237,31,0.00,
41,20,top,host,321.809,135.982,67,128,0.00,
41,20,top,other,372.26,348.92,237,32,0.00,
41,21,top,host,321.809,135.982,67,128,0.00,
41,21,top,other,372.26,348.92,237,32,0.00,
41,22,top,host,321.809,135.982,67,128,0.00,
41,22,top,other,372.26,348.92,237,32,0.00,
42,1,top,host,188.387,234.554,57,128,0.00,
42,1,top,other,530,240,270,32,0.00,
42,2,top,host,196.774,229.108,57,128,0.00,
42,2,top,other,520,240,270,32,0.00,
42,3,top,host,205.161,223.662,57,128,0.00,
42,3,top,other,512.014,246.018,233,32,0.00,
42,4,top,host,213.548,218.216,57,128,0.00,
42,4,top,other,504.028,252.036,233,32,0.00,
42,5,top,host,221.935,212.77,57,128,0.00,
42,5,top,other,496.042,258.054,233,32,0.00,
42,6,top,host,230.322,207.324,57,128,0.00,
42,6,top,other,488.056,264.072,233,32,0.00,
42,7,top,host,238.709,201.878,57,128,0.00,
42,7,top,other,480.07,270.09,233,32,0.00,
42,8,top,host,247.096,196.432,57,128,0.00,
42,8,top,other,472.084,276.108,233,32,0.00,
42,9,top,host,255.483,190.986,57,128,0.00,
42,9,top,other,464.098,282.126,233,32,0.00,
42,10,top,host,263.87,185.54,57,128,0.00,
42,10,top,other,456.112,288.144,233,32,0.00,
42,11,top,host,272.257,180.094,57,128,0.00,
42,11,top,other,448.126,294.162,233,32,0.00,
42,12,top,host,280.644,174.648,57,128,0.00,
42,12,top,other,440.14,300.18,233,32,0.00,
42,13,top,host,289.031,169.202,57,128,0.00,
42,13,top,other,432.154,306.198,233,32,0.00,
42,14,top,host,297.418,163.756,57,128,0.00,
42,14,top,other,424.168,312.216,233,32,0.00,
42,15,top,host,305.805,158.31,57,128,0.00,
42,15,top,other,416.182,318.234,233,32,0.00,
42,16,top,host,314.192,152.864,57,128,0.00,
42,16,top,other,408.196,324.252,233,32,0.00,
42,17,top,host,322.579,147.418,57,128,0.00,
42,17,top,other,400.21,330.27,233,32,0.00,
42,18,top,host,330.966,141.972,57,128,0.00,
42,18,top,other,392.224,336.288,233,32,0.00,
42,19,top,host,339.353,136.526,57,128,0.00,
42,19,top,other,384.238,342.306,233,32,0.00,
42,20,top,host,347.74,131.08,57,132,0.00,
42,20,top,other,376.252,348.324,233,33,0.00,
42,21,top,host,347.74,131.08,57,132,0.00,
42,21,top,other,376.252,348.324,233,33,0.00,
42,22,top,host,347.74,131.08,57,132,0.00,
42,22,top,other,376.252,348.324,233,33,0.00,
43,1,top,host,188.29,234.408,56,132,0.00,
43,1,top,other,531.71,245.592,236,33,0.00,
43,2,top,host,196.58,228.816,56,132,0.00,
43,2,top,other,523.42,251.184,236,33,0.00,
43,3,top,host,204.87,223.224,56,132,0.00,
43,3,top,other,515.13,256.776,236,33,0.00,
43,4,top,host,213.16,217.632,56,132,0.00,
43,4,top,other,506.84,262.368,236,33,0.00,
43,5,top,host,221.45,212.04,56,132,0.00,
43,5,top,other,498.55,267.96,236,33,0.00,
43,6,top,host,229.74,206.448,56,132,0.00,
43,6,top,other,490.26,273.552,236,33,0.00,
43,7,top,host,238.03,200.856,56,132,0.00,
43,7,top,other,481.97,279.144,236,33,0.00,
43,8,top,host,246.32,195.264,56,132,0.00,
43,8,top,other,473.68,284.736,236,33,0.00,
43,9,top,host,254.61,189.672,56,132,0.00,
43,9,top,other,465.39,290.328,236,33,0.00,
43,10,top,host,262.9,184.08,56,132,0.00,
43,10,top,other,457.1,295.92,236,33,0.00,
43,11,top,host,271.19,178.488,56,132,0.00,
43,11,top,other,448.81,301.512,236,33,0.00,
43,12,top,host,279.48,172.896,56,132,0.00,
43,12,top,other,440.52,307.104,236,33,0.00,
43,13,top,host,287.77,167.304,56,132,0.00,
43,13,top,other,432.23,312.696,236,33,0.00,
43,14,top,host,296.06,161.712,56,132,0.00,
43,14,top,other,423.94,318.288,236,33,0.00,
43,15,top,host,304.35,156.12,56,132,0.00,
43,15,top,other,415.65,323.88,236,33,0.00,
43,16,top,host,312.64,150.528,56,132,0.00,
43,16,top,other,407.36,329.472,236,33,0.00,
43,17,top,host,320.93,144.936,56,132,0.00,
43,17,top,other,399.07,335.064,236,33,0.00,
43,18,top,host,329.22,139.344,56,132,0.00,
43,18,top,other,390.78,340.656,236,33,0.00,
43,19,top,host,337.51,133.752,56,132,0.00,
43,19,top,other,382.49,346.248,236,33,0.00,
43,20,top,host,345.8,128.16,56,136,0.00,
43,20,top,other,374.2,351.84,236,34,0.00,
43,21,top,host,345.8,128.16,56,136,0.00,
43,21,top,other,374.2,351.84,236,34,0.00,
43,22,top,host,345.8,128.16,56,136,0.00,
43,22,top,other,374.2,351.84,236,34,0.00,
44,1,bottom,host,188.192,245.736,125,136,0.00,
44,1,bottom,other,530,240,270,34,0.00,
44,2,bottom,host,196.384,251.472,125,136,0.00,
44,2,bottom,other,520,240,270,34,0.00,
44,3,bottom,host,204.576,257.208,125,136,0.00,
44,3,bottom,other,510,240,270,34,0.00,
44,4,bottom,host,212.768,262.944,125,136,0.00,
44,4,bottom,other,500,240,270,34,0.00,
44,5,bottom,host,220.96,268.68,125,136,0.00,
44,5,bottom,other,490,240,270,34,0.00,
44,6,bottom,host,229.152,274.416,125,136,0.00,
44,6,bottom,other,480,240,270,34,0.00,
44,7,bottom,host,237.344,280.152,125,136,0.00,
44,7,bottom,other,470,240,270,34,0.00,
44,8,bottom,host,245.536,285.888,125,136,0.00,
44,8,bottom,other,460,240,270,34,0.00,
44,9,bottom,host,253.728,291.624,125,136,0.00,
44,9,bottom,other,453.439,232.453,319,34,0.00,
44,10,bottom,host,261.92,297.36,125,136,0.00,
44,10,bottom,other,446.878,224.906,319,34,0.00,
44,11,bottom,host,270.112,303.096,125,136,0.00,
44,11,bottom,other,440.317,217.359,319,34,0.00,
44,12,bottom,host,278.304,308.832,125,136,0.00,
44,12,bottom,other,433.756,209.812,319,34,0.00,
44,13,bottom,host,286.496,314.568,125,136,0.00,
44,13,bottom,other,427.195,202.265,319,34,0.00,
44,14,bottom,host,294.688,320.304,125,136,0.00,
44,14,bottom,other,420.634,194.718,319,34,0.00,
44,15,bottom,host,302.88,326.04,125,136,0.00,
44,15,bottom,other,414.073,187.171,319,34,0.00,
44,16,bottom,host,311.072,331.776,125,136,0.00,
44,16,bottom,other,407.512,179.624,319,34,0.00,
44,17,bottom,other,400.951,172.077,319,34,0.00,
44,17,bottom,host,319.264,337.512,125,136,0.00,
44,18,bottom,host,327.456,343.248,125,136,0.00,
44,18,bottom,other,394.39,164.53,319,34,0.00,
44,19,bottom,host,335.648,348.984,125,136,0.00,
44,19,bottom,other,387.829,156.983,319,34,0.00,
44,20,bottom,host,343.84,354.72,125,140,0.00,
44,20,bottom,other,381.268,149.436,319,35,0.00,
44,21,bottom,host,343.84,354.72,125,140,0.00,
44,21,bottom,other,381.268,149.436,319,35,0.00,
44,22,bottom,host,343.84,354.72,125,140,0.00,
44,22,bottom,other,381.268,149.436,319,35,0.00,
45,1,top,host,188.387,234.554,57,140,0.00,
45,1,top,other,531.71,245.592,236,35,0.00,
45,2,top,host,196.774,229.108,57,140,0.00,
45,2,top,other,523.42,251.184,236,35,0.00,
45,3,top,host,205.161,223.662,57,140,0.00,
45,3,top,other,515.13,256.776,236,35,0.00,
45,4,top,host,213.548,218.216,57,140,0.00,
45,4,top,other,506.84,262.368,236,35,0.00,
45,5,top,host,221.935,212.77,57,140,0.00,
45,5,top,other,498.55,267.96,236,35,0.00,
45,6,top,host,230.322,207.324,57,140,0.00,
45,6,top,other,490.26,273.552,236,35,0.00,
45,7,top,host,238.709,201.878,57,140,0.00,
45,7,top,other,481.97,279.144,236,35,0.00,
45,8,top,host,247.096,196.432,57,140,0.00,
45,8,top,other,473.68,284.736,236,35,0.00,
45,9,top,host,255.483,190.986,57,140,0.00,
45,9,top,other,465.39,290.328,236,35,0.00,
45,10,top,host,263.87,185.54,57,140,0.00,
45,10,top,other,457.1,295.92,236,35,0.00,
45,11,top,host,272.257,180.094,57,140,0.00,
45,11,top,other,448.81,301.512,236,35,0.00,
45,12,top,host,280.644,174.648,57,140,0.00,
45,12,top,other,440.52,307.104,236,35,0.00,
45,13,top,host,289.031,169.202,57,140,0.00,
45,13,top,other,432.23,312.696,236,35,0.00,
45,14,top,host,297.418,163.756,57,140,0.00,
45,14,top,other,423.94,318.288,236,35,0.00,
45,15,top,host,305.805,158.31,57,140,0.00,
45,15,top,other,415.65,323.88,236,35,0.00,
45,16,top,host,314.192,152.864,57,140,0.00,
45,16,top,other,407.36,329.472,236,35,0.00,
45,17,top,host,322.579,147.418,57,140,0.00,
45,17,top,other,399.07,335.064,236,35,0.00,
45,18,top,host,330.966,141.972,57,140,0.00,
45,18,top,other,390.78,340.656,236,35,0.00,
45,19,top,host,339.353,136.526,57,140,0.00,
45,19,top,other,382.49,346.248,236,35,0.00,
45,20,top,host,347.74,131.08,57,144,0.00,
45,20,top,other,374.2,351.84,236,36,0.00,
45,21,top,host,347.74,131.08,57,144,0.00,
45,21,top,other,374.2,351.84,236,36,0.00,
45,22,top,host,347.74,131.08,57,144,0.00,
45,22,top,other,374.2,351.84,236,36,0.00,
46,1,bottom,host,188.387,245.446,123,144,0.00,
46,1,bottom,other,530,240,270,36,0.00,
46,2,bottom,host,196.774,250.892,123,144,0.00,
46,2,bottom,other,520,240,270,36,0.00,
46,3,bottom,host,205.161,256.338,123,144,0.00,
46,3,bottom,other,511.808,234.264,305,36,0.00,
46,4,bottom,host,213.548,261.784,123,144,0.00,
46,4,bottom,other,503.616,228.528,305,36,0.00,
46,5,bottom,host,221.935,267.23,123,144,0.00,
46,5,bottom,other,495.424,222.792,305,36,0.00,
46,6,bottom,host,230.322,272.676,123,144,0.00,
46,6,bottom,other,487.232,217.056,305,36,0.00,
46,7,bottom,host,238.709,278.122,123,144,0.00,
46,7,bottom,other,479.04,211.32,305,36,0.00,
46,8,bottom,host,247.096,283.568,123,144,0.00,
46,8,bottom,other,470.848,205.584,305,36,0.00,
46,9,bottom,host,255.483,289.014,123,144,0.00,
46,9,bottom,other,462.656,199.848,305,36,0.00,
46,10,bottom,host,263.87,294.46,123,144,0.00,
46,10,bottom,other,454.464,194.112,305,36,0.00,
46,11,bottom,host,272.257,299.906,123,144,0.00,
46,11,bottom,other,446.272,188.376,305,36,0.00,
46,12,bottom,host,280.644,305.352,123,144,0.00,
46,12,bottom,other,438.08,182.64,305,36,0.00,
46,13,bottom,host,289.031,310.798,123,144,0.00,
46,13,bottom,other,429.888,176.904,305,36,0.00,
46,14,bottom,host,297.418,316.244,123,144,0.00,
46,14,bottom,other,421.696,171.168,305,36,0.00,
46,15,bottom,host,305.805,321.69,123,144,0.00,
46,15,bottom,other,413.504,165.432,305,36,0.00,
46,16,bottom,host,314.192,327.136,123,144,0.00,
46,16,bottom,other,405.312,159.696,305,36,0.00,
46,17,bottom,host,322.579,332.582,123,144,0.00,
46,17,bottom,other,397.12,153.96,305,36,0.00,
46,18,bottom,host,330.966,338.028,123,144,0.00,
46,18,bottom,other,388.928,148.224,305,36,0.00,
46,19,bottom,host,339.353,343.474,123,144,0.00,
46,19,bottom,other,380.736,142.488,305,36,0.00,
46,20,bottom,host,347.74,348.92,123,148,0.00,
46,20,bottom,other,372.544,136.752,305,37,0.00,
46,21,bottom,host,347.74,348.92,123,148,0.00,
46,21,bottom,other,372.544,136.752,305,37,0.00,
46,22,bottom,host,347.74,348.92,123,148,0.00,
46,22,bottom,other,372.544,136.752,305,37,0.00,
47,1,top,host,188.387,234.554,57,148,0.00,
47,1,top,other,530,240,270,37,0.00,
47,2,top,host,196.774,229.108,57,148,0.00,
47,2,top,other,520,240,270,37,0.00,
47,3,top,host,205.161,223.662,57,148,0.00,
47,3,top,other,510,240,270,37,0.00,
47,4,top,host,213.548,218.216,57,148,0.00,
47,4,top,other,500,240,270,37,0.00,
47,5,top,host,221.935,212.77,57,148,0.00,
47,5,top,other,490,240,270,37,0.00,
47,6,top,host,230.322,207.324,57,148,0.00,
47,6,top,other,482.807,246.947,226,37,0.00,
47,7,top,host,238.709,201.878,57,148,0.00,
47,7,top,other,475.614,253.894,226,37,0.00,
47,8,top,host,247.096,196.432,57,148,0.00,
47,8,top,other,468.421,260.841,226,37,0.00,
47,9,top,host,255.483,190.986,57,148,0.00,
47,9,top,other,461.228,267.788,226,37,0.00,
47,10,top,host,263.87,185.54,57,148,0.00,
47,10,top,other,454.035,274.735,226,37,0.00,
47,11,top,host,272.257,180.094,57,148,0.00,
47,11,top,other,446.842,281.682,226,37,0.00,
47,12,top,host,280.644,174.648,57,148,0.00,
47,12,top,other,439.649,288.629,226,37,0.00,
47,13,top,host,289.031,169.202,57,148,0.00,
47,13,top,other,432.456,295.576,226,37,0.00,
47,14,top,host,297.418,163.756,57,148,0.00,
47,14,top,other,425.263,302.523,226,37,0.00,
47,15,top,host,305.805,158.31,57,148,0.00,
47,15,top,other,418.07,309.47,226,37,0.00,
47,16,top,host,314.192,152.864,57,148,0.00,
47,16,top,other,410.877,316.417,226,37,0.00,
47,17,top,host,322.579,147.418,57,148,0.00,
47,17,top,other,403.684,323.364,226,37,0.00,
47,18,top,host,330.966,141.972,57,148,0.00,
47,18,top,other,396.491,330.311,226,37,0.00,
47,19,top,host,339.353,136.526,57,148,0.00,
47,19,top,other,389.298,337.258,226,37,0.00,
47,20,top,host,347.74,131.08,57,152,0.00,
47,20,top,other,382.105,344.205,226,38,0.00,
47,21,top,host,347.74,131.08,57,152,0.00,
47,21,top,other,382.105,344.205,226,38,0.00,
47,22,top,host,347.74,131.08,57,152,0.00,
47,22,top,other,382.105,344.205,226,38,0.00,
48,1,bottom,host,188.192,245.736,125,152,0.00,
48,1,bottom,other,531.71,234.408,304,38,0.00,
48,2,bottom,host,196.384,251.472,125,152,0.00,
48,2,bottom,other,523.42,228.816,304,38,0.00,
48,3,bottom,host,204.576,257.208,125,152,0.00,
48,3,bottom,other,515.13,223.224,304,38,0.00,
48,4,bottom,host,212.768,262.944,125,152,0.00,
48,4,bottom,other,506.84,217.632,304,38,0.00,
48,5,bottom,host,220.96,268.68,125,152,0.00,
48,5,bottom,other,498.55,212.04,304,38,0.00,
48,6,bottom,host,229.152,274.416,125,152,0.00,
48,6,bottom,other,490.26,206.448,304,38,0.00,
48,7,bottom,host,237.344,280.152,125,152,0.00,
48,7,bottom,other,481.97,200.856,304,38,0.00,
48,8,bottom,host,245.536,285.888,125,152,0.00,
48,8,bottom,other,473.68,195.264,304,38,0.00,
48,9,bottom,host,253.728,291.624,125,152,0.00,
48,9,bottom,other,465.39,189.672,304,38,0.00,
48,10,bottom,host,261.92,297.36,125,152,0.00,
48,10,bottom,other,457.1,184.08,304,38,0.00,
48,11,bottom,host,270.112,303.096,125,152,0.00,
48,11,bottom,other,448.81,178.488,304,38,0.00,
48,12,bottom,host,278.304,308.832,125,152,0.00,
48,12,bottom,other,440.52,172.896,304,38,0.00,
48,13,bottom,host,286.496,314.568,125,152,0.00,
48,13,bottom,other,432.23,167.304,304,38,0.00,
48,14,bottom,host,294.688,320.304,125,152,0.00,
48,14,bottom,other,423.94,161.712,304,38,0.00,
48,15,bottom,host,302.88,326.04,125,152,0.00,
48,15,bottom,other,415.65,156.12,304,38,0.00,
48,16,bottom,host,311.072,331.776,125,152,0.00,
48,16,bottom,other,407.36,150.528,304,38,0.00,
48,17,bottom,host,319.264,337.512,125,152,0.00,
48,17,bottom,other,399.07,144.936,304,38,0.00,
48,18,bottom,host,327.456,343.248,125,152,0.00,
48,18,bottom,other,390.78,139.344,304,38,0.00,
48,19,bottom,host,335.648,348.984,125,152,0.00,
48,19,bottom,other,382.49,133.752,304,38,0.00,
48,20,bottom,host,343.84,354.72,125,156,0.00,
48,20,bottom,other,374.2,128.16,304,39,0.00,
48,21,bottom,host,343.84,354.72,125,156,0.00,
48,21,bottom,other,374.2,128.16,304,39,0.00,
48,22,bottom,host,343.84,354.72,125,156,0.00,
48,22,bottom,other,374.2,128.16,304,39,0.00,
49,1,top,host,188.387,234.554,57,156,0.00,
49,1,top,other,531.613,245.446,237,39,0.00,
49,2,top,host,196.774,229.108,57,156,0.00,
49,2,top,other,523.226,250.892,237,39,0.00,
49,3,top,host,205.161,223.662,57,156,0.00,
49,3,top,other,514.839,256.338,237,39,0.00,
49,4,top,host,213.548,218.216,57,156,0.00,
49,4,top,other,506.452,261.784,237,39,0.00,
49,5,top,host,221.935,212.77,57,156,0.00,
49,5,top,other,498.065,267.23,237,39,0.00,
49,6,top,host,230.322,207.324,57,156,0.00,
49,6,top,other,489.678,272.676,237,39,0.00,
49,7,top,host,238.709,201.878,57,156,0.00,
49,7,top,other,481.291,278.122,237,39,0.00,
49,8,top,host,247.096,196.432,57,156,0.00,
49,8,top,other,472.904,283.568,237,39,0.00,
49,9,top,host,255.483,190.986,57,156,0.00,
49,9,top,other,464.517,289.014,237,39,0.00,
49,10,top,host,263.87,185.54,57,156,0.00,
49,10,top,other,456.13,294.46,237,39,0.00,
49,11,top,host,272.257,180.094,57,156,0.00,
49,11,top,other,447.743,299.906,237,39,0.00,
49,12,top,host,280.644,174.648,57,156,0.00,
49,12,top,other,439.356,305.352,237,39,0.00,
49,13,top,host,289.031,169.202,57,156,0.00,
49,13,top,other,430.969,310.798,237,39,0.00,
49,14,top,host,297.418,163.756,57,156,0.00,
49,14,top,other,422.582,316.244,237,39,0.00,
49,15,top,host,305.805,158.31,57,156,0.00,
49,15,top,other,414.195,321.69,237,39,0.00,
49,16,top,host,314.192,152.864,57,156,0.00,
49,16,top,other,405.808,327.136,237,39,0.00,
49,17,top,host,322.579,147.418,57,156,0.00,
49,17,top,other,397.421,332.582,237,39,0.00,
49,18,top,host,330.966,141.972,57,156,0.00,
49,18,top,other,389.034,338.028,237,39,0.00,
49,19,top,host,339.353,136.526,57,156,0.00,
49,19,top,other,380.647,343.474,237,39,0.00,
49,20,top,host,347.74,131.08,57,160,0.00,
49,20,top,other,372.26,348.92,237,40,0.00,
49,21,top,host,347.74,131.08,57,160,0.00,
49,21,top,other,372.26,348.92,237,40,0.00,
49,22,top,host,347.74,131.08,57,160,0.00,
49,22,top,other,372.26,348.92,237,40,0.00,
50,1,top,host,188.192,234.264,55,160,0.00,
50,1,top,other,530,240,270,40,0.00,
50,2,top,host,196.482,228.672,56,160,0.00,
50,2,top,other,520,240,270,40,0.00,
50,3,top,host,204.772,223.08,56,160,0.00,
50,3,top,other,512.014,246.018,233,40,0.00,
50,4,top,host,213.062,217.488,56,160,0.00,
50,4,top,other,504.028,252.036,233,40,0.00,
50,5,top,host,221.352,211.896,56,160,0.00,
50,5,top,other,496.042,258.054,233,40,0.00,
50,6,top,host,229.642,206.304,56,160,0.00,
50,6,top,other,488.056,264.072,233,40,0.00,
50,7,top,host,237.932,200.712,56,160,0.00,
50,7,top,other,480.07,270.09,233,40,0.00,
50,8,top,host,246.222,195.12,56,160,0.00,
50,8,top,other,472.084,276.108,233,40,0.00,
50,9,top,host,254.512,189.528,56,160,0.00,
50,9,top,other,464.098,282.126,233,40,0.00,
50,10,top,host,262.802,183.936,56,160,0.00,
50,10,top,other,456.112,288.144,233,40,0.00,
50,11,top,host,271.092,178.344,56,160,0.00,
50,11,top,other,448.126,294.162,233,40,0.00,
50,12,top,host,279.382,172.752,56,160,0.00,
50,12,top,other,440.14,300.18,233,40,0.00,
50,13,top,host,287.672,167.16,56,160,0.00,
50,13,top,other,432.154,306.198,233,40,0.00,
50,14,top,host,295.962,161.568,56,160,0.00,
50,14,top,other,424.168,312.216,233,40,0.00,
50,15,top,host,304.252,155.976,56,160,0.00,
50,15,top,other,416.182,318.234,233,40,0.00,
50,16,top,host,312.542,150.384,56,160,0.00,
50,16,top,other,408.196,324.252,233,40,0.00,
50,17,top,host,320.832,144.792,56,160,0.00,
50,17,top,other,400.21,330.27,233,40,0.00,
50,18,top,host,329.122,139.2,56,160,0.00,
50,18,top,other,392.224,336.288,233,40,0.00,
50,19,top,host,337.412,133.608,56,160,0.00,
50,19,top,other,384.238,342.306,233,40,0.00,
50,20,top,host,345.702,128.016,56,164,0.00,
50,20,top,other,376.252,348.324,233,41,0.00,
50,21,top,host,345.702,128.016,56,164,0.00,
50,21,top,other,376.252,348.324,233,41,0.00,
50,22,top,host,345.702,128.016,56,164,0.00,
50,22,top,other,376.252,348.324,233,41,0.00,
