1,1,top,host,190,240,90,0,0,
1,1,top,other,530,240,270,0,0,
1,2,top,host,200,240,90,0,0,
1,2,top,other,520,240,270,0,0,
1,3,top,host,208.192,234.264,55,0,0,
1,3,top,other,512.014,233.982,307,0,0,
1,4,top,host,216.384,228.528,55,0,0,
1,4,top,other,504.028,227.964,307,0,0,
1,5,top,host,226.165,226.449,78,0,0,
1,5,top,other,495.938,222.086,306,0,0,
1,6,top,host,235.946,224.37,78,0,0,
1,6,top,other,487.848,216.208,306,0,0,
1,7,top,host,245.727,222.291,78,0,0,
1,7,top,other,479.758,210.33,306,0,0,
1,8,top,host,255.508,220.212,78,0,0,
1,8,top,other,471.668,204.452,306,0,0,
1,9,top,host,262.328,227.526,137,0,0,
1,9,top,other,463.578,198.574,306,0,0,
1,10,top,host,269.148,234.84,137,0,0,
1,10,top,other,455.488,192.696,306,0,0,
1,11,top,host,276.919,228.547,51,0,0,
1,11,top,other,447.398,186.818,306,0,0,
1,12,top,host,284.69,222.254,51,0,0,
1,12,top,other,439.308,180.94,306,0,0,
1,13,top,host,292.461,215.961,51,0,0,
1,13,top,other,431.218,175.062,306,0,0,
1,14,top,host,300.232,209.668,51,0,0,
1,14,top,other,423.128,169.184,306,0,0,
1,15,top,host,308.003,203.375,51,0,0,
1,15,top,other,415.038,163.306,306,0,0,
1,16,top,host,315.774,197.082,51,0,0,
1,16,top,other,406.948,157.428,306,0,0,
1,17,top,host,323.545,190.789,51,0,0,
1,17,top,other,398.858,151.55,306,0,0,
1,18,top,host,331.316,184.496,51,0,0,
1,18,top,other,390.768,145.672,306,0,0,
1,19,top,host,335.7,193.484,154,0,0,
1,19,top,other,382.678,139.794,306,0,0,
1,20,top,host,340.084,202.472,154,0,0,
1,20,top,other,374.588,133.916,306,0,0,
1,21,top,host,340.084,202.472,154,1,0,
1,21,top,other,366.498,128.038,306,4,0,
1,22,top,host,340.084,202.472,154,1,0,
1,22,top,other,366.498,128.038,306,4,0,
1,23,top,host,340.084,202.472,154,1,0,
1,23,top,other,366.498,128.038,306,4,0,
2,1,bottom,host,188.09,245.878,126,1,0,
2,1,bottom,other,531.808,245.736,235,4,0,
2,2,bottom,host,196.18,251.756,126,1,0,
2,2,bottom,other,523.616,251.472,235,4,0,
2,3,bottom,host,204.27,257.634,126,1,0,
2,3,bottom,other,515.424,257.208,235,4,0,
2,4,bottom,host,212.36,263.512,126,1,0,
2,4,bottom,other,507.232,262.944,235,4,0,
2,5,bottom,host,220.45,269.39,126,1,0,
2,5,bottom,other,499.04,268.68,235,4,0,
2,6,bottom,host,228.54,275.268,126,1,0,
2,6,bottom,other,490.848,274.416,235,4,0,
2,7,bottom,host,236.63,281.146,126,1,0,
2,7,bottom,other,482.656,280.152,235,4,0,
2,8,bottom,host,244.72,287.024,126,1,0,
2,8,bottom,other,474.464,285.888,235,4,0,
2,9,bottom,host,252.81,292.902,126,1,0,
2,9,bottom,other,466.272,291.624,235,4,0,
2,10,bottom,host,260.9,298.78,126,1,0,
2,10,bottom,other,458.08,297.36,235,4,0,
2,11,bottom,host,269.092,304.516,125,1,0,
2,11,bottom,other,449.79,302.952,236,4,0,
2,12,bottom,host,277.284,310.252,125,1,0,
2,12,bottom,other,441.31,308.251,238,4,0,
2,13,bottom,host,285.476,315.988,125,1,0,
2,13,bottom,other,432.923,313.697,237,4,0,
2,14,bottom,host,293.668,321.724,125,1,0,
2,14,bottom,other,424.536,319.143,237,4,0,
2,15,bottom,host,301.86,327.46,125,1,0,
2,15,bottom,other,416.149,324.589,237,4,0,
2,16,bottom,host,310.052,333.196,125,1,0,
2,16,bottom,other,407.762,330.035,237,4,0,
2,17,bottom,host,318.244,338.932,125,1,0,
2,17,bottom,other,399.375,335.481,237,4,0,
2,18,bottom,host,326.436,344.668,125,1,0,
2,18,bottom,other,390.988,340.927,237,4,0,
2,19,bottom,host,334.628,350.404,125,1,0,
2,19,bottom,other,382.601,346.373,237,4,0,
2,20,bottom,host,342.82,356.14,125,1,0,
2,20,bottom,other,374.214,351.819,237,4,0,
2,21,bottom,host,342.82,356.14,125,1,0,
2,21,bottom,other,374.214,351.819,237,4,0,
2,22,bottom,host,342.82,356.14,125,1,0,
2,22,bottom,other,374.214,351.819,237,4,0,
3,1,top,host,188.829,235.305,62,1,0,
3,1,top,other,530,240,270,4,0,
3,2,top,host,197.658,230.61,62,1,0,
3,2,top,other,521.71,234.408,304,4,0,
3,3,top,host,206.487,225.915,62,1,0,
3,3,top,other,513.42,228.816,304,4,0,
3,4,top,host,215.316,221.22,62,1,0,
3,4,top,other,505.228,223.08,305,4,0,
3,5,top,host,224.145,216.525,62,1,0,
3,5,top,other,497.036,217.344,305,4,0,
3,6,top,host,232.974,211.83,62,1,0,
3,6,top,other,488.946,211.466,306,4,0,
3,7,top,host,241.803,207.135,62,1,0,
3,7,top,other,480.856,205.588,306,4,0,
3,8,top,host,250.632,202.44,62,1,0,
3,8,top,other,472.664,199.852,305,4,0,
3,9,top,host,259.461,197.745,62,1,0,
3,9,top,other,464.472,194.116,305,4,0,
3,10,top,host,268.29,193.05,62,1,0,
3,10,top,other,456.28,188.38,305,4,0,
3,11,top,host,277.119,188.355,62,1,0,
3,11,top,other,448.088,182.644,305,4,0,
3,12,top,host,285.948,183.66,62,1,0,
3,12,top,other,439.896,176.908,305,4,0,
3,13,top,host,294.777,178.965,62,1,0,
3,13,top,other,431.704,171.172,305,4,0,
3,14,top,host,303.606,174.27,62,1,0,
3,14,top,other,423.512,165.436,305,4,0,
3,15,top,host,312.435,169.575,62,1,0,
3,15,top,other,415.32,159.7,305,4,0,
3,16,top,host,321.264,164.88,62,1,0,
3,16,top,other,407.128,153.964,305,4,0,
3,17,top,host,330.093,160.185,62,1,0,
3,17,top,other,398.936,148.228,305,4,0,
3,18,top,host,338.922,155.49,62,1,0,
3,18,top,other,390.744,142.492,305,4,0,
3,19,top,host,347.751,150.795,62,1,0,
3,19,top,other,382.552,136.756,305,4,0,
3,20,top,host,347.751,150.795,62,1,0,
3,20,top,other,374.36,131.02,305,4,0,
3,21,top,host,347.751,150.795,62,1,0,
3,21,top,other,366.168,125.284,305,4,0,
3,22,top,host,347.751,150.795,62,1,0,
3,22,top,other,366.168,125.284,305,4,0,
3,23,top,host,347.751,150.795,62,1,0,
3,23,top,other,366.168,125.284,305,4,0,
4,1,bottom,host,188.66,235,60,1,0,
4,1,bottom,other,531.71,245.592,236,4,0,
4,2,bottom,host,197.32,230,60,1,0,
4,2,bottom,other,523.42,251.184,236,4,0,
4,3,bottom,host,205.98,225,60,1,0,
4,3,bottom,other,515.13,256.776,236,4,0,
4,4,bottom,host,214.64,220,60,1,0,
4,4,bottom,other,506.84,262.368,236,4,0,
4,5,bottom,host,223.3,215,60,1,0,
4,5,bottom,other,498.55,267.96,236,4,0,
4,6,bottom,host,231.96,210,60,1,0,
4,6,bottom,other,490.26,273.552,236,4,0,
4,7,bottom,host,240.62,205,60,1,0,
4,7,bottom,other,481.97,279.144,236,4,0,
4,8,bottom,host,249.28,200,60,1,0,
4,8,bottom,other,473.68,284.736,236,4,0,
4,9,bottom,host,257.94,195,60,1,0,
4,9,bottom,other,465.39,290.328,236,4,0,
4,10,bottom,host,266.6,190,60,1,0,
4,10,bottom,other,457.1,295.92,236,4,0,
4,11,bottom,host,275.26,185,60,1,0,
4,11,bottom,other,448.81,301.512,236,4,0,
4,12,bottom,host,283.92,180,60,1,0,
4,12,bottom,other,440.52,307.104,236,4,0,
4,13,bottom,host,292.58,175,60,1,0,
4,13,bottom,other,432.23,312.696,236,4,0,
4,14,bottom,host,301.24,170,60,1,0,
4,14,bottom,other,423.94,318.288,236,4,0,
4,15,bottom,host,309.9,165,60,1,0,
4,15,bottom,other,415.65,323.88,236,4,0,
4,16,bottom,host,318.56,160,60,1,0,
4,16,bottom,other,407.36,329.472,236,4,0,
4,17,bottom,host,327.22,155,60,1,0,
4,17,bottom,other,399.07,335.064,236,4,0,
4,18,bottom,host,335.88,150,60,1,0,
4,18,bottom,other,390.78,340.656,236,4,0,
4,19,bottom,host,335.88,150,60,1,0,
4,19,bottom,other,382.49,346.248,236,4,0,
4,20,bottom,host,335.88,150,60,2,0,
4,20,bottom,other,374.2,351.84,236,8,0,
4,21,bottom,host,335.88,150,60,2,0,
4,21,bottom,other,374.2,351.84,236,8,0,
4,22,bottom,host,335.88,150,60,2,0,
4,22,bottom,other,374.2,351.84,236,8,0,
5,1,bottom,host,188.29,245.592,124,2,0,
5,1,bottom,other,531.71,245.592,236,8,0,
5,2,bottom,host,196.58,251.184,124,2,0,
5,2,bottom,other,523.42,251.184,236,8,0,
5,3,bottom,host,204.87,256.776,124,2,0,
5,3,bottom,other,515.13,256.776,236,8,0,
5,4,bottom,host,213.16,262.368,124,2,0,
5,4,bottom,other,506.84,262.368,236,8,0,
5,5,bottom,host,221.45,267.96,124,2,0,
5,5,bottom,other,498.55,267.96,236,8,0,
5,6,bottom,host,229.74,273.552,124,2,0,
5,6,bottom,other,490.26,273.552,236,8,0,
5,7,bottom,host,238.03,279.144,124,2,0,
5,7,bottom,other,481.97,279.144,236,8,0,
5,8,bottom,host,246.32,284.736,124,2,0,
5,8,bottom,other,473.68,284.736,236,8,0,
5,9,bottom,host,254.61,290.328,124,2,0,
5,9,bottom,other,465.39,290.328,236,8,0,
5,10,bottom,host,262.9,295.92,124,2,0,
5,10,bottom,other,457.1,295.92,236,8,0,
5,11,bottom,host,271.19,301.512,124,2,0,
5,11,bottom,other,448.81,301.512,236,8,0,
5,12,bottom,host,279.48,307.104,124,2,0,
5,12,bottom,other,440.52,307.104,236,8,0,
5,13,bottom,host,287.77,312.696,124,2,0,
5,13,bottom,other,432.23,312.696,236,8,0,
5,14,bottom,host,296.06,318.288,124,2,0,
5,14,bottom,other,423.94,318.288,236,8,0,
5,15,bottom,host,304.35,323.88,124,2,0,
5,15,bottom,other,415.65,323.88,236,8,0,
5,16,bottom,host,312.64,329.472,124,2,0,
5,16,bottom,other,407.36,329.472,236,8,0,
5,17,bottom,host,320.93,335.064,124,2,0,
5,17,bottom,other,399.07,335.064,236,8,0,
5,18,bottom,host,329.22,340.656,124,2,0,
5,18,bottom,other,390.78,340.656,236,8,0,
5,19,bottom,host,337.51,346.248,124,2,0,
5,19,bottom,other,382.49,346.248,236,8,0,
5,20,bottom,host,345.8,351.84,124,2,0,
5,20,bottom,other,374.2,351.84,236,8,0,
5,21,bottom,host,345.8,351.84,124,2,0,
5,21,bottom,other,374.2,351.84,236,8,0,
5,22,bottom,host,345.8,351.84,124,2,0,
5,22,bottom,other,374.2,351.84,236,8,0,
6,1,bottom,host,187.986,233.982,53,2,0,
6,1,bottom,other,531.71,245.592,236,8,0,
6,2,bottom,host,196.466,228.683,58,2,0,
6,2,bottom,other,523.42,251.184,236,8,0,
6,3,bottom,host,204.946,223.384,58,2,0,
6,3,bottom,other,515.033,256.63,237,8,0,
6,4,bottom,host,213.426,218.085,58,2,0,
6,4,bottom,other,506.646,262.076,237,8,0,
6,5,bottom,host,221.906,212.786,58,2,0,
6,5,bottom,other,498.356,267.668,236,8,0,
6,6,bottom,host,230.386,207.487,58,2,0,
6,6,bottom,other,490.066,273.26,236,8,0,
6,7,bottom,host,238.866,202.188,58,2,0,
6,7,bottom,other,481.776,278.852,236,8,0,
6,8,bottom,host,247.346,196.889,58,2,0,
6,8,bottom,other,473.486,284.444,236,8,0,
6,9,bottom,host,255.826,191.59,58,2,0,
6,9,bottom,other,465.196,290.036,236,8,0,
6,10,bottom,host,264.306,186.291,58,2,0,
6,10,bottom,other,456.906,295.628,236,8,0,
6,11,bottom,host,272.786,180.992,58,2,0,
6,11,bottom,other,448.616,301.22,236,8,0,
6,12,bottom,host,281.266,175.693,58,2,0,
6,12,bottom,other,440.326,306.812,236,8,0,
6,13,bottom,host,289.746,170.394,58,2,0,
6,13,bottom,other,432.036,312.404,236,8,0,
6,14,bottom,host,298.226,165.095,58,2,0,
6,14,bottom,other,423.746,317.996,236,8,0,
6,15,bottom,host,306.706,159.796,58,2,0,
6,15,bottom,other,415.456,323.588,236,8,0,
6,16,bottom,host,315.186,154.497,58,2,0,
6,16,bottom,other,407.166,329.18,236,8,0,
6,17,bottom,host,323.666,149.198,58,2,0,
6,17,bottom,other,398.876,334.772,236,8,0,
6,18,bottom,host,332.146,143.899,58,2,0,
6,18,bottom,other,390.586,340.364,236,8,0,
6,19,bottom,host,340.626,138.6,58,2,0,
6,19,bottom,other,382.296,345.956,236,8,0,
6,20,bottom,host,349.106,133.301,58,3,0,
6,20,bottom,other,374.006,351.548,236,12,0,
6,21,bottom,host,349.106,133.301,58,3,0,
6,21,bottom,other,374.006,351.548,236,12,0,
6,22,bottom,host,349.106,133.301,58,3,0,
6,22,bottom,other,374.006,351.548,236,12,0,
7,1,bottom,host,188.387,245.446,123,3,0,
7,1,bottom,other,531.71,245.592,236,12,0,
7,2,bottom,host,196.774,250.892,123,3,0,
7,2,bottom,other,523.42,251.184,236,12,0,
7,3,bottom,host,205.161,256.338,123,3,0,
7,3,bottom,other,515.13,256.776,236,12,0,
7,4,bottom,host,213.548,261.784,123,3,0,
7,4,bottom,other,506.84,262.368,236,12,0,
7,5,bottom,host,221.935,267.23,123,3,0,
7,5,bottom,other,498.55,267.96,236,12,0,
7,6,bottom,host,230.322,272.676,123,3,0,
7,6,bottom,other,490.26,273.552,236,12,0,
7,7,bottom,host,238.709,278.122,123,3,0,
7,7,bottom,other,481.97,279.144,236,12,0,
7,8,bottom,host,247.096,283.568,123,3,0,
7,8,bottom,other,473.68,284.736,236,12,0,
7,9,bottom,host,255.483,289.014,123,3,0,
7,9,bottom,other,465.39,290.328,236,12,0,
7,10,bottom,host,263.87,294.46,123,3,0,
7,10,bottom,other,457.1,295.92,236,12,0,
7,11,bottom,host,272.257,299.906,123,3,0,
7,11,bottom,other,448.81,301.512,236,12,0,
7,12,bottom,host,280.644,305.352,123,3,0,
7,12,bottom,other,440.52,307.104,236,12,0,
7,13,bottom,host,289.031,310.798,123,3,0,
7,13,bottom,other,432.23,312.696,236,12,0,
7,14,bottom,host,297.418,316.244,123,3,0,
7,14,bottom,other,423.94,318.288,236,12,0,
7,15,bottom,host,305.805,321.69,123,3,0,
7,15,bottom,other,415.65,323.88,236,12,0,
7,16,bottom,host,314.192,327.136,123,3,0,
7,16,bottom,other,407.36,329.472,236,12,0,
7,17,bottom,host,322.579,332.582,123,3,0,
7,17,bottom,other,399.07,335.064,236,12,0,
7,18,bottom,host,330.966,338.028,123,3,0,
7,18,bottom,other,390.78,340.656,236,12,0,
7,19,bottom,host,339.353,343.474,123,3,0,
7,19,bottom,other,382.49,346.248,236,12,0,
7,20,bottom,host,347.74,348.92,123,3,0,
7,20,bottom,other,374.2,351.84,236,12,0,
7,21,bottom,host,347.74,348.92,123,3,0,
7,21,bottom,other,374.2,351.84,236,12,0,
7,22,bottom,host,347.74,348.92,123,3,0,
7,22,bottom,other,374.2,351.84,236,12,0,
8,1,bottom,host,188.387,245.446,123,3,0,
8,1,bottom,other,530,240,270,12,0,
8,2,bottom,host,196.774,250.892,123,3,0,
8,2,bottom,other,520,240,270,12,0,
8,3,bottom,host,205.161,256.338,123,3,0,
8,3,bottom,other,511.71,245.592,236,12,0,
8,4,bottom,host,213.548,261.784,123,3,0,
8,4,bottom,other,503.42,251.184,236,12,0,
8,5,bottom,host,221.935,267.23,123,3,0,
8,5,bottom,other,495.13,256.776,236,12,0,
8,6,bottom,host,230.322,272.676,123,3,0,
8,6,bottom,other,486.84,262.368,236,12,0,
8,7,bottom,host,238.709,278.122,123,3,0,
8,7,bottom,other,478.55,267.96,236,12,0,
8,8,bottom,host,247.096,283.568,123,3,0,
8,8,bottom,other,470.26,273.552,236,12,0,
8,9,bottom,host,255.483,289.014,123,3,0,
8,9,bottom,other,461.97,279.144,236,12,0,
8,10,bottom,host,263.87,294.46,123,3,0,
8,10,bottom,other,453.68,284.736,236,12,0,
8,11,bottom,host,272.257,299.906,123,3,0,
8,11,bottom,other,445.39,290.328,236,12,0,
8,12,bottom,host,280.644,305.352,123,3,0,
8,12,bottom,other,437.1,295.92,236,12,0,
8,13,bottom,host,289.031,310.798,123,3,0,
8,13,bottom,other,428.81,301.512,236,12,0,
8,14,bottom,host,297.418,316.244,123,3,0,
8,14,bottom,other,420.52,307.104,236,12,0,
8,15,bottom,host,305.805,321.69,123,3,0,
8,15,bottom,other,412.23,312.696,236,12,0,
8,16,bottom,host,314.192,327.136,123,3,0,
8,16,bottom,other,403.94,318.288,236,12,0,
8,17,bottom,host,322.579,332.582,123,3,0,
8,17,bottom,other,395.65,323.88,236,12,0,
8,18,bottom,host,330.966,338.028,123,3,0,
8,18,bottom,other,387.36,329.472,236,12,0,
8,19,bottom,host,339.353,343.474,123,3,0,
8,19,bottom,other,379.07,335.064,236,12,0,
8,20,bottom,host,347.74,348.92,123,3,0,
8,20,bottom,other,370.78,340.656,236,12,0,
8,21,bottom,host,347.74,348.92,123,3,0,
8,21,bottom,other,370.78,340.656,236,12,0,
8,22,bottom,host,347.74,348.92,123,3,0,
8,22,bottom,other,370.78,340.656,236,12,0,
9,1,top,host,190,240,90,3,0,
9,1,top,other,531.71,234.408,304,12,0,
9,2,top,host,200,240,90,3,0,
9,2,top,other,523.42,228.816,304,12,0,
9,3,top,host,208.192,234.264,55,3,0,
9,3,top,other,515.13,223.224,304,12,0,
9,4,top,host,216.384,228.528,55,3,0,
9,4,top,other,506.84,217.632,304,12,0,
9,5,top,host,224.576,222.792,55,3,0,
9,5,top,other,498.55,212.04,304,12,0,
9,6,top,host,232.768,217.056,55,3,0,
9,6,top,other,490.26,206.448,304,12,0,
9,7,top,host,240.96,211.32,55,3,0,
9,7,top,other,481.97,200.856,304,12,0,
9,8,top,host,249.152,205.584,55,3,0,
9,8,top,other,473.68,195.264,304,12,0,
9,9,top,host,257.344,199.848,55,3,0,
9,9,top,other,465.39,189.672,304,12,0,
9,10,top,host,265.536,194.112,55,3,0,
9,10,top,other,457.1,184.08,304,12,0,
9,11,top,host,273.728,188.376,55,3,0,
9,11,top,other,448.81,178.488,304,12,0,
9,12,top,host,281.92,182.64,55,3,0,
9,12,top,other,440.15,173.488,300,12,0,
9,13,top,host,290.112,176.904,55,3,0,
9,13,top,other,431.49,168.488,300,12,0,
9,14,top,host,298.304,171.168,55,3,0,
9,14,top,other,422.83,163.488,300,12,0,
9,15,top,host,306.496,165.432,55,3,0,
9,15,top,other,414.17,158.488,300,12,0,
9,16,top,host,314.688,159.696,55,3,0,
9,16,top,other,405.783,153.042,303,12,0,
9,17,top,host,322.88,153.96,55,3,0,
9,17,top,other,397.797,147.024,307,12,0,
9,18,top,host,331.072,148.224,55,3,0,
9,18,top,other,389.507,141.432,304,12,0,
9,19,top,host,339.264,142.488,55,3,0,
9,19,top,other,381.217,135.84,304,12,0,
9,20,top,host,347.456,136.752,55,3,0,
9,20,top,other,372.927,130.248,304,12,0,
9,21,top,host,347.456,136.752,55,3,0,
9,21,top,other,372.927,130.248,304,12,0,
9,22,top,host,347.456,136.752,55,3,0,
9,22,top,other,372.927,130.248,304,12,0,
10,1,top,host,188.572,234.85,59,3,0,
10,1,top,other,531.71,234.408,304,12,0,
10,2,top,host,197.144,229.7,59,3,0,
10,2,top,other,523.42,228.816,304,12,0,
10,3,top,host,205.716,224.55,59,3,0,
10,3,top,other,515.13,223.224,304,12,0,
10,4,top,host,214.288,219.4,59,3,0,
10,4,top,other,506.84,217.632,304,12,0,
10,5,top,host,222.86,214.25,59,3,0,
10,5,top,other,499.647,224.579,226,12,0,
10,6,top,host,231.432,209.1,59,3,0,
10,6,top,other,492.454,231.526,226,12,0,
10,7,top,host,240.004,203.95,59,3,0,
10,7,top,other,485.261,238.473,226,12,0,
10,8,top,host,248.576,198.8,59,3,0,
10,8,top,other,478.068,245.42,226,12,0,
10,9,top,host,257.148,193.65,59,3,0,
10,9,top,other,470.875,252.367,226,12,0,
10,10,top,host,265.72,188.5,59,3,0,
10,10,top,other,463.682,259.314,226,12,0,
10,11,top,host,274.292,183.35,59,3,0,
10,11,top,other,456.489,266.261,226,12,0,
10,12,top,host,282.864,178.2,59,3,0,
10,12,top,other,449.296,273.208,226,12,0,
10,13,top,host,291.436,173.05,59,3,0,
10,13,top,other,442.103,280.155,226,12,0,
10,14,top,host,300.008,167.9,59,3,0,
10,14,top,other,434.91,287.102,226,12,0,
10,15,top,host,308.58,162.75,59,3,0,
10,15,top,other,427.717,294.049,226,12,0,
10,16,top,host,317.152,157.6,59,3,0,
10,16,top,other,420.524,300.996,226,12,0,
10,17,top,host,325.724,152.45,59,3,0,
10,17,top,other,413.331,307.943,226,12,0,
10,18,top,host,334.296,147.3,59,3,0,
10,18,top,other,406.138,314.89,226,12,0,
10,19,top,host,342.868,142.15,59,3,0,
10,19,top,other,398.945,321.837,226,12,0,
10,20,top,host,351.44,137,59,3,0,
10,20,top,other,391.752,328.784,226,12,0,
10,21,top,host,360.012,131.85,59,7,0,
10,21,top,other,384.559,335.731,226,13,0,
10,22,top,host,360.012,131.85,59,7,0,
10,22,top,other,384.559,335.731,226,13,0,
10,23,top,host,360.012,131.85,59,7,0,
10,23,top,other,384.559,335.731,226,13,0,
11,1,top,host,188.387,245.446,123,7,0,
11,1,top,other,531.71,234.408,304,13,0,
11,2,top,host,198.381,245.795,92,7,0,
11,2,top,other,523.42,228.816,304,13,0,
11,3,top,host,207.291,250.335,117,7,0,
11,3,top,other,515.13,223.224,304,13,0,
11,4,top,host,216.201,254.875,117,7,0,
11,4,top,other,506.84,217.632,304,13,0,
11,5,top,host,225.111,259.415,117,7,0,
11,5,top,other,498.55,212.04,304,13,0,
11,6,top,host,234.021,263.955,117,7,0,
11,6,top,other,490.26,206.448,304,13,0,
11,7,top,host,242.931,268.495,117,7,0,
11,7,top,other,481.97,200.856,304,13,0,
11,8,top,host,251.841,273.035,117,7,0,
11,8,top,other,473.68,195.264,304,13,0,
11,9,top,host,260.751,277.575,117,7,0,
11,9,top,other,465.39,189.672,304,13,0,
11,10,top,host,269.661,282.115,117,7,0,
11,10,top,other,457.1,184.08,304,13,0,
11,11,top,host,278.571,286.655,117,7,0,
11,11,top,other,448.81,178.488,304,13,0,
11,12,top,host,287.481,291.195,117,7,0,
11,12,top,other,440.52,172.896,304,13,0,
11,13,top,host,296.391,295.735,117,7,0,
11,13,top,other,432.23,167.304,304,13,0,
11,14,top,host,305.301,300.275,117,7,0,
11,14,top,other,423.94,161.712,304,13,0,
11,15,top,host,314.211,304.815,117,7,0,
11,15,top,other,415.65,156.12,304,13,0,
11,16,top,host,323.121,309.355,117,7,0,
11,16,top,other,407.36,150.528,304,13,0,
11,17,top,host,332.031,313.895,117,7,0,
11,17,top,other,399.07,144.936,304,13,0,
11,18,top,host,340.941,318.435,117,7,0,
11,18,top,other,390.78,139.344,304,13,0,
11,19,top,host,349.851,322.975,117,7,0,
11,19,top,other,382.49,133.752,304,13,0,
11,20,top,host,358.761,327.515,117,8,0,
11,20,top,other,374.2,128.16,304,17,0,
11,21,top,host,358.761,327.515,117,8,0,
11,21,top,other,374.2,128.16,304,17,0,
11,22,top,host,358.761,327.515,117,8,0,
11,22,top,other,374.2,128.16,304,17,0,
12,1,top,host,188.192,234.264,55,8,0,
12,1,top,other,531.71,234.408,304,17,0,
12,2,top,host,196.384,228.528,55,8,0,
12,2,top,other,523.42,228.816,304,17,0,
12,3,top,host,204.576,222.792,55,8,0,
12,3,top,other,515.13,223.224,304,17,0,
12,4,top,host,212.768,217.056,55,8,0,
12,4,top,other,506.84,217.632,304,17,0,
12,5,top,host,220.96,211.32,55,8,0,
12,5,top,other,498.55,212.04,304,17,0,
12,6,top,host,229.152,205.584,55,8,0,
12,6,top,other,490.26,206.448,304,17,0,
12,7,top,host,237.344,199.848,55,8,0,
12,7,top,other,481.97,200.856,304,17,0,
12,8,top,host,245.536,194.112,55,8,0,
12,8,top,other,473.68,195.264,304,17,0,
12,9,top,host,253.728,188.376,55,8,0,
12,9,top,other,465.39,189.672,304,17,0,
12,10,top,host,261.92,182.64,55,8,0,
12,10,top,other,457.1,184.08,304,17,0,
12,11,top,host,270.112,176.904,55,8,0,
12,11,top,other,448.81,178.488,304,17,0,
12,12,top,host,278.304,171.168,55,8,0,
12,12,top,other,440.52,172.896,304,17,0,
12,13,top,host,286.496,165.432,55,8,0,
12,13,top,other,432.23,167.304,304,17,0,
12,14,top,host,294.688,159.696,55,8,0,
12,14,top,other,423.94,161.712,304,17,0,
12,15,top,host,302.88,153.96,55,8,0,
12,15,top,other,415.65,156.12,304,17,0,
12,16,top,host,311.072,148.224,55,8,0,
12,16,top,other,407.36,150.528,304,17,0,
12,17,top,host,319.264,142.488,55,8,0,
12,17,top,other,399.07,144.936,304,17,0,
12,18,top,host,327.456,136.752,55,8,0,
12,18,top,other,390.78,139.344,304,17,0,
12,19,top,host,335.648,131.016,55,8,0,
12,19,top,other,382.49,133.752,304,17,0,
12,20,top,host,343.84,125.28,55,8,0,
12,20,top,other,374.2,128.16,304,17,0,
12,21,top,host,343.84,125.28,55,8,0,
12,21,top,other,374.2,128.16,304,17,0,
12,22,top,host,343.84,125.28,55,8,0,
12,22,top,other,374.2,128.16,304,17,0,
13,1,top,host,190,240,90,8,0,
13,1,top,other,531.71,234.408,304,17,0,
13,2,top,host,200,240,90,8,0,
13,2,top,other,523.42,228.816,304,17,0,
13,3,top,host,208.48,245.299,122,8,0,
13,3,top,other,515.13,223.224,304,17,0,
13,4,top,host,216.96,250.598,122,8,0,
13,4,top,other,506.84,217.632,304,17,0,
13,5,top,host,225.44,255.897,122,8,0,
13,5,top,other,498.55,212.04,304,17,0,
13,6,top,host,233.92,261.196,122,8,0,
13,6,top,other,490.26,206.448,304,17,0,
13,7,top,host,242.4,266.495,122,8,0,
13,7,top,other,481.97,200.856,304,17,0,
13,8,top,host,250.88,271.794,122,8,0,
13,8,top,other,473.68,195.264,304,17,0,
13,9,top,host,259.36,277.093,122,8,0,
13,9,top,other,465.39,189.672,304,17,0,
13,10,top,host,267.84,282.392,122,8,0,
13,10,top,other,457.1,184.08,304,17,0,
13,11,top,host,276.32,287.691,122,8,0,
13,11,top,other,448.81,178.488,304,17,0,
13,12,top,host,284.8,292.99,122,8,0,
13,12,top,other,440.52,172.896,304,17,0,
13,13,top,host,293.28,298.289,122,8,0,
13,13,top,other,432.23,167.304,304,17,0,
13,14,top,host,301.76,303.588,122,8,0,
13,14,top,other,423.94,161.712,304,17,0,
13,15,top,host,310.24,308.887,122,8,0,
13,15,top,other,415.65,156.12,304,17,0,
13,16,top,host,318.72,314.186,122,8,0,
13,16,top,other,407.36,150.528,304,17,0,
13,17,top,host,327.2,319.485,122,8,0,
13,17,top,other,399.07,144.936,304,17,0,
13,18,top,host,335.68,324.784,122,8,0,
13,18,top,other,390.78,139.344,304,17,0,
13,19,top,host,344.16,330.083,122,8,0,
13,19,top,other,382.49,133.752,304,17,0,
13,20,top,host,352.64,335.382,122,9,0,
13,20,top,other,374.2,128.16,304,21,0,
13,21,top,host,352.64,335.382,122,9,0,
13,21,top,other,374.2,128.16,304,21,0,
13,22,top,host,352.64,335.382,122,9,0,
13,22,top,other,374.2,128.16,304,21,0,
14,1,top,host,188.387,234.554,57,9,0,
14,1,top,other,531.71,234.408,304,21,0,
14,2,top,host,196.774,229.108,57,9,0,
14,2,top,other,523.42,228.816,304,21,0,
14,3,top,host,205.161,223.662,57,9,0,
14,3,top,other,515.13,223.224,304,21,0,
14,4,top,host,213.548,218.216,57,9,0,
14,4,top,other,506.84,217.632,304,21,0,
14,5,top,host,221.935,212.77,57,9,0,
14,5,top,other,498.55,212.04,304,21,0,
14,6,top,host,230.322,207.324,57,9,0,
14,6,top,other,490.26,206.448,304,21,0,
14,7,top,host,238.709,201.878,57,9,0,
14,7,top,other,481.97,200.856,304,21,0,
14,8,top,host,247.096,196.432,57,9,0,
14,8,top,other,473.68,195.264,304,21,0,
14,9,top,host,255.483,190.986,57,9,0,
14,9,top,other,465.39,189.672,304,21,0,
14,10,top,host,263.87,185.54,57,9,0,
14,10,top,other,457.1,184.08,304,21,0,
14,11,top,host,272.257,180.094,57,9,0,
14,11,top,other,448.81,178.488,304,21,0,
14,12,top,host,280.644,174.648,57,9,0,
14,12,top,other,440.52,172.896,304,21,0,
14,13,top,host,289.031,169.202,57,9,0,
14,13,top,other,432.23,167.304,304,21,0,
14,14,top,host,297.418,163.756,57,9,0,
14,14,top,other,423.94,161.712,304,21,0,
14,15,top,host,305.805,158.31,57,9,0,
14,15,top,other,415.65,156.12,304,21,0,
14,16,top,host,314.192,152.864,57,9,0,
14,16,top,other,407.36,150.528,304,21,0,
14,17,top,host,322.579,147.418,57,9,0,
14,17,top,other,404.436,160.091,197,21,0,
14,18,top,host,330.966,141.972,57,9,0,
14,18,top,other,401.512,169.654,197,21,0,
14,19,top,host,339.353,136.526,57,9,0,
14,19,top,other,398.588,179.217,197,21,0,
14,20,top,host,347.74,131.08,57,13,0,
14,20,top,other,395.664,188.78,197,22,0,
14,21,top,host,347.74,131.08,57,13,0,
14,21,top,other,395.664,188.78,197,22,0,
14,22,top,host,347.74,131.08,57,13,0,
14,22,top,other,395.664,188.78,197,22,0,
15,1,top,host,190,240,90,13,0,
15,1,top,other,531.808,234.264,305,22,0,
15,2,top,host,198.66,245,120,13,0,
15,2,top,other,523.616,228.528,305,22,0,
15,3,top,host,207.32,250,120,13,0,
15,3,top,other,515.326,222.936,304,22,0,
15,4,top,host,215.98,255,120,13,0,
15,4,top,other,507.036,217.344,304,22,0,
15,5,top,host,224.64,260,120,13,0,
15,5,top,other,498.746,211.752,304,22,0,
15,6,top,host,233.3,265,120,13,0,
15,6,top,other,490.554,206.016,305,22,0,
15,7,top,host,241.96,270,120,13,0,
15,7,top,other,482.074,200.717,302,22,0,
15,8,top,host,250.62,275,120,13,0,
15,8,top,other,473.784,195.125,304,22,0,
15,9,top,host,259.28,280,120,13,0,
15,9,top,other,465.494,189.533,304,22,0,
15,10,top,host,267.94,285,120,13,0,
15,10,top,other,457.204,183.941,304,22,0,
15,11,top,host,276.6,290,120,13,0,
15,11,top,other,448.914,178.349,304,22,0,
15,12,top,host,285.26,295,120,13,0,
15,12,top,other,440.624,172.757,304,22,0,
15,13,top,host,293.92,300,120,13,0,
15,13,top,other,432.334,167.165,304,22,0,
15,14,top,host,302.58,305,120,13,0,
15,14,top,other,424.044,161.573,304,22,0,
15,15,top,host,311.24,310,120,13,0,
15,15,top,other,415.754,155.981,304,22,0,
15,16,top,host,319.9,315,120,13,0,
15,16,top,other,407.464,150.389,304,22,0,
15,17,top,host,328.56,320,120,13,0,
15,17,top,other,399.174,144.797,304,22,0,
15,18,top,host,337.22,325,120,13,0,
15,18,top,other,390.884,139.205,304,22,0,
15,19,top,host,345.88,330,120,13,0,
15,19,top,other,382.594,133.613,304,22,0,
15,20,top,host,354.54,335,120,14,0,
15,20,top,other,374.304,128.021,304,26,0,
15,21,top,host,354.54,335,120,14,0,
15,21,top,other,374.304,128.021,304,26,0,
15,22,top,host,354.54,335,120,14,0,
15,22,top,other,374.304,128.021,304,26,0,
16,1,top,host,188.29,234.408,56,14,0,
16,1,top,other,531.71,234.408,304,26,0,
16,2,top,host,196.58,228.816,56,14,0,
16,2,top,other,523.42,228.816,304,26,0,
16,3,top,host,204.87,223.224,56,14,0,
16,3,top,other,515.13,223.224,304,26,0,
16,4,top,host,213.16,217.632,56,14,0,
16,4,top,other,506.84,217.632,304,26,0,
16,5,top,host,221.45,212.04,56,14,0,
16,5,top,other,498.55,212.04,304,26,0,
16,6,top,host,229.74,206.448,56,14,0,
16,6,top,other,490.26,206.448,304,26,0,
16,7,top,host,238.03,200.856,56,14,0,
16,7,top,other,481.97,200.856,304,26,0,
16,8,top,host,246.32,195.264,56,14,0,
16,8,top,other,473.68,195.264,304,26,0,
16,9,top,host,254.61,189.672,56,14,0,
16,9,top,other,465.39,189.672,304,26,0,
16,10,top,host,262.9,184.08,56,14,0,
16,10,top,other,457.1,184.08,304,26,0,
16,11,top,host,271.19,178.488,56,14,0,
16,11,top,other,448.81,178.488,304,26,0,
16,12,top,host,279.48,172.896,56,14,0,
16,12,top,other,440.52,172.896,304,26,0,
16,13,top,host,287.77,167.304,56,14,0,
16,13,top,other,432.23,167.304,304,26,0,
16,14,top,host,296.06,161.712,56,14,0,
16,14,top,other,423.94,161.712,304,26,0,
16,15,top,host,304.35,156.12,56,14,0,
16,15,top,other,415.65,156.12,304,26,0,
16,16,top,host,312.64,150.528,56,14,0,
16,16,top,other,407.36,150.528,304,26,0,
16,17,top,host,320.93,144.936,56,14,0,
16,17,top,other,399.07,144.936,304,26,0,
16,18,top,host,329.22,139.344,56,14,0,
16,18,top,other,390.78,139.344,304,26,0,
16,19,top,host,337.51,133.752,56,14,0,
16,19,top,other,382.49,133.752,304,26,0,
16,20,top,host,345.8,128.16,56,14,0,
16,20,top,other,374.2,128.16,304,26,0,
16,21,top,host,345.8,128.16,56,14,0,
16,21,top,other,374.2,128.16,304,26,0,
16,22,top,host,345.8,128.16,56,14,0,
16,22,top,other,374.2,128.16,304,26,0,
17,1,top,host,190,240,90,14,0,
17,1,top,other,531.71,234.408,304,26,0,
17,2,top,host,200,240,90,14,0,
17,2,top,other,523.42,228.816,304,26,0,
17,3,top,host,210,240,90,14,0,
17,3,top,other,515.13,223.224,304,26,0,
17,4,top,host,220,240,90,14,0,
17,4,top,other,506.84,217.632,304,26,0,
17,5,top,host,228.192,245.736,125,14,0,
17,5,top,other,498.55,212.04,304,26,0,
17,6,top,host,236.384,251.472,125,14,0,
17,6,top,other,490.26,206.448,304,26,0,
17,7,top,host,244.576,257.208,125,14,0,
17,7,top,other,481.97,200.856,304,26,0,
17,8,top,host,252.768,262.944,125,14,0,
17,8,top,other,473.68,195.264,304,26,0,
17,9,top,host,260.96,268.68,125,14,0,
17,9,top,other,465.39,189.672,304,26,0,
17,10,top,host,269.152,274.416,125,14,0,
17,10,top,other,457.1,184.08,304,26,0,
17,11,top,host,277.344,280.152,125,14,0,
17,11,top,other,448.81,178.488,304,26,0,
17,12,top,host,285.536,285.888,125,14,0,
17,12,top,other,440.52,172.896,304,26,0,
17,13,top,host,293.728,291.624,125,14,0,
17,13,top,other,432.23,167.304,304,26,0,
17,14,top,host,301.92,297.36,125,14,0,
17,14,top,other,423.94,161.712,304,26,0,
17,15,top,host,310.112,303.096,125,14,0,
17,15,top,other,415.65,156.12,304,26,0,
17,16,top,host,318.304,308.832,125,14,0,
17,16,top,other,407.36,150.528,304,26,0,
17,17,top,host,326.496,314.568,125,14,0,
17,17,top,other,399.07,144.936,304,26,0,
17,18,top,host,334.688,320.304,125,14,0,
17,18,top,other,390.78,139.344,304,26,0,
17,19,top,host,342.88,326.04,125,14,0,
17,19,top,other,382.49,133.752,304,26,0,
17,20,top,host,351.072,331.776,125,15,0,
17,20,top,other,374.2,128.16,304,30,0,
17,21,top,host,351.072,331.776,125,15,0,
17,21,top,other,374.2,128.16,304,30,0,
17,22,top,host,351.072,331.776,125,15,0,
17,22,top,other,374.2,128.16,304,30,0,
18,1,top,host,188.192,234.264,55,15,0,
18,1,top,other,531.71,234.408,304,30,0,
18,2,top,host,196.384,228.528,55,15,0,
18,2,top,other,523.42,228.816,304,30,0,
18,3,top,host,204.576,222.792,55,15,0,
18,3,top,other,515.13,223.224,304,30,0,
18,4,top,host,212.768,217.056,55,15,0,
18,4,top,other,506.84,217.632,304,30,0,
18,5,top,host,220.96,211.32,55,15,0,
18,5,top,other,498.55,212.04,304,30,0,
18,6,top,host,229.152,205.584,55,15,0,
18,6,top,other,490.26,206.448,304,30,0,
18,7,top,host,237.344,199.848,55,15,0,
18,7,top,other,483.569,213.879,222,30,0,
18,8,top,host,245.536,194.112,55,15,0,
18,8,top,other,476.878,221.31,222,30,0,
18,9,top,host,253.728,188.376,55,15,0,
18,9,top,other,470.187,228.741,222,30,0,
18,10,top,host,261.92,182.64,55,15,0,
18,10,top,other,463.496,236.172,222,30,0,
18,11,top,host,270.112,176.904,55,15,0,
18,11,top,other,456.805,243.603,222,30,0,
18,12,top,host,278.304,171.168,55,15,0,
18,12,top,other,450.114,251.034,222,30,0,
18,13,top,host,286.496,165.432,55,15,0,
18,13,top,other,443.423,258.465,222,30,0,
18,14,top,host,294.688,159.696,55,15,0,
18,14,top,other,436.732,265.896,222,30,0,
18,15,top,host,302.88,153.96,55,15,0,
18,15,top,other,430.041,273.327,222,30,0,
18,16,top,host,311.072,148.224,55,15,0,
18,16,top,other,423.35,280.758,222,30,0,
18,17,top,host,319.264,142.488,55,15,0,
18,17,top,other,416.659,288.189,222,30,0,
18,18,top,host,327.456,136.752,55,15,0,
18,18,top,other,409.968,295.62,222,30,0,
18,19,top,host,335.648,131.016,55,15,0,
18,19,top,other,403.277,303.051,222,30,0,
18,20,top,host,343.84,125.28,55,19,0,
18,20,top,other,396.586,310.482,222,31,0,
18,21,top,host,343.84,125.28,55,19,0,
18,21,top,other,396.586,310.482,222,31,0,
18,22,top,host,343.84,125.28,55,19,0,
18,22,top,other,396.586,310.482,222,31,0,
19,1,top,host,188.192,245.736,125,19,0,
19,1,top,other,531.71,234.408,304,31,0,
19,2,top,host,196.384,251.472,125,19,0,
19,2,top,other,523.42,228.816,304,31,0,
19,3,top,host,204.576,257.208,125,19,0,
19,3,top,other,515.13,223.224,304,31,0,
19,4,top,host,212.768,262.944,125,19,0,
19,4,top,other,506.84,217.632,304,31,0,
19,5,top,host,220.96,268.68,125,19,0,
19,5,top,other,498.55,212.04,304,31,0,
19,6,top,host,229.152,274.416,125,19,0,
19,6,top,other,490.26,206.448,304,31,0,
19,7,top,host,237.344,280.152,125,19,0,
19,7,top,other,481.97,200.856,304,31,0,
19,8,top,host,245.536,285.888,125,19,0,
19,8,top,other,473.68,195.264,304,31,0,
19,9,top,host,243.117,276.185,346,19,0,
19,9,top,other,465.39,189.672,304,31,0,
19,10,top,host,240.698,266.482,346,19,0,
19,10,top,other,457.1,184.08,304,31,0,
19,11,top,host,238.279,256.779,346,19,0,
19,11,top,other,448.81,178.488,304,31,0,
19,12,top,host,246.851,261.929,121,19,0,
19,12,top,other,440.52,172.896,304,31,0,
19,13,top,host,255.423,267.079,121,19,0,
19,13,top,other,432.23,167.304,304,31,0,
19,14,top,host,263.995,272.229,121,19,0,
19,14,top,other,423.94,161.712,304,31,0,
19,15,top,host,272.567,277.379,121,19,0,
19,15,top,other,415.65,156.12,304,31,0,
19,16,top,host,281.139,282.529,121,19,0,
19,16,top,other,407.36,150.528,304,31,0,
19,17,top,host,289.711,287.679,121,19,0,
19,17,top,other,399.07,144.936,304,31,0,
19,18,top,host,298.283,292.829,121,19,0,
19,18,top,other,390.78,139.344,304,31,0,
19,19,top,host,306.855,297.979,121,19,0,
19,19,top,other,382.49,133.752,304,31,0,
19,20,top,host,315.427,303.129,121,20,0,
19,20,top,other,374.2,128.16,304,35,0,
19,21,top,host,315.427,303.129,121,20,0,
19,21,top,other,374.2,128.16,304,35,0,
19,22,top,host,315.427,303.129,121,20,0,
19,22,top,other,374.2,128.16,304,35,0,
20,1,top,host,188.572,234.85,59,20,0,
20,1,top,other,531.71,234.408,304,35,0,
20,2,top,host,197.144,229.7,59,20,0,
20,2,top,other,523.42,228.816,304,35,0,
20,3,top,host,205.716,224.55,59,20,0,
20,3,top,other,515.13,223.224,304,35,0,
20,4,top,host,214.288,219.4,59,20,0,
20,4,top,other,506.84,217.632,304,35,0,
20,5,top,host,222.86,214.25,59,20,0,
20,5,top,other,498.55,212.04,304,35,0,
20,6,top,host,231.432,209.1,59,20,0,
20,6,top,other,490.26,206.448,304,35,0,
20,7,top,host,240.004,203.95,59,20,0,
20,7,top,other,481.97,200.856,304,35,0,
20,8,top,host,248.576,198.8,59,20,0,
20,8,top,other,473.68,195.264,304,35,0,
20,9,top,host,257.148,193.65,59,20,0,
20,9,top,other,465.39,189.672,304,35,0,
20,10,top,host,265.72,188.5,59,20,0,
20,10,top,other,457.1,184.08,304,35,0,
20,11,top,host,274.292,183.35,59,20,0,
20,11,top,other,448.81,178.488,304,35,0,
20,12,top,host,282.864,178.2,59,20,0,
20,12,top,other,440.52,172.896,304,35,0,
20,13,top,host,291.436,173.05,59,20,0,
20,13,top,other,432.23,167.304,304,35,0,
20,14,top,host,300.008,167.9,59,20,0,
20,14,top,other,423.94,161.712,304,35,0,
20,15,top,host,308.58,162.75,59,20,0,
20,15,top,other,415.65,156.12,304,35,0,
20,16,top,host,317.152,157.6,59,20,0,
20,16,top,other,407.36,150.528,304,35,0,
20,17,top,host,325.724,152.45,59,20,0,
20,17,top,other,399.07,144.936,304,35,0,
20,18,top,host,334.296,147.3,59,20,0,
20,18,top,other,390.78,139.344,304,35,0,
20,19,top,host,342.868,142.15,59,20,0,
20,19,top,other,382.49,133.752,304,35,0,
20,20,top,host,351.44,137,59,20,0,
20,20,top,other,374.2,128.16,304,35,0,
20,21,top,host,351.44,137,59,20,0,
20,21,top,other,374.2,128.16,304,35,0,
20,22,top,host,351.44,137,59,20,0,
20,22,top,other,371.444,137.773,196,35,0,
21,1,bottom,host,190,240,90,20,0,
21,1,bottom,other,531.71,245.592,236,35,0,
21,2,bottom,host,200,240,90,20,0,
21,2,bottom,other,523.518,251.328,235,35,0,
21,3,bottom,host,208.29,234.408,56,20,0,
21,3,bottom,other,515.131,256.774,237,35,0,
21,4,bottom,host,216.58,228.816,56,20,0,
21,4,bottom,other,506.744,262.22,237,35,0,
21,5,bottom,host,224.87,223.224,56,20,0,
21,5,bottom,other,498.454,267.812,236,35,0,
21,6,bottom,host,233.16,217.632,56,20,0,
21,6,bottom,other,490.164,273.404,236,35,0,
21,7,bottom,host,241.45,212.04,56,20,0,
21,7,bottom,other,481.874,278.996,236,35,0,
21,8,bottom,host,249.74,206.448,56,20,0,
21,8,bottom,other,473.584,284.588,236,35,0,
21,9,bottom,host,258.03,200.856,56,20,0,
21,9,bottom,other,465.294,290.18,236,35,0,
21,10,bottom,host,266.32,195.264,56,20,0,
21,10,bottom,other,457.004,295.772,236,35,0,
21,11,bottom,host,274.61,189.672,56,20,0,
21,11,bottom,other,448.714,301.364,236,35,0,
21,12,bottom,host,282.9,184.08,56,20,0,
21,12,bottom,other,440.424,306.956,236,35,0,
21,13,bottom,host,291.19,178.488,56,20,0,
21,13,bottom,other,432.134,312.548,236,35,0,
21,14,bottom,host,299.48,172.896,56,20,0,
21,14,bottom,other,423.844,318.14,236,35,0,
21,15,bottom,host,307.77,167.304,56,20,0,
21,15,bottom,other,415.554,323.732,236,35,0,
21,16,bottom,host,316.06,161.712,56,20,0,
21,16,bottom,other,407.264,329.324,236,35,0,
21,17,bottom,host,324.35,156.12,56,20,0,
21,17,bottom,other,398.974,334.916,236,35,0,
21,18,bottom,host,332.64,150.528,56,20,0,
21,18,bottom,other,390.684,340.508,236,35,0,
21,19,bottom,host,340.93,144.936,56,20,0,
21,19,bottom,other,382.394,346.1,236,35,0,
21,20,bottom,host,349.22,139.344,56,21,0,
21,20,bottom,other,374.104,351.692,236,39,0,
21,21,bottom,host,349.22,139.344,56,21,0,
21,21,bottom,other,374.104,351.692,236,39,0,
21,22,bottom,host,349.22,139.344,56,21,0,
21,22,bottom,other,374.104,351.692,236,39,0,
22,1,top,host,188.29,234.408,56,21,0,
22,1,top,other,531.613,234.554,303,39,0,
22,2,top,host,196.58,228.816,56,21,0,
22,2,top,other,523.226,229.108,303,39,0,
22,3,top,host,204.87,223.224,56,21,0,
22,3,top,other,514.839,223.662,303,39,0,
22,4,top,host,213.16,217.632,56,21,0,
22,4,top,other,506.549,218.07,304,39,0,
22,5,top,host,221.45,212.04,56,21,0,
22,5,top,other,498.162,212.624,303,39,0,
22,6,top,host,229.74,206.448,56,21,0,
22,6,top,other,489.775,207.178,303,39,0,
22,7,top,host,238.03,200.856,56,21,0,
22,7,top,other,481.388,201.732,303,39,0,
22,8,top,host,246.32,195.264,56,21,0,
22,8,top,other,475.095,209.503,219,39,0,
22,9,top,host,254.61,189.672,56,21,0,
22,9,top,other,468.802,217.274,219,39,0,
22,10,top,host,262.9,184.08,56,21,0,
22,10,top,other,462.509,225.045,219,39,0,
22,11,top,host,271.19,178.488,56,21,0,
22,11,top,other,456.216,232.816,219,39,0,
22,12,top,host,279.48,172.896,56,21,0,
22,12,top,other,449.923,240.587,219,39,0,
22,13,top,host,287.77,167.304,56,21,0,
22,13,top,other,443.63,248.358,219,39,0,
22,14,top,host,296.06,161.712,56,21,0,
22,14,top,other,437.752,256.448,216,39,0,
22,15,top,host,304.35,156.12,56,21,0,
22,15,top,other,431.874,264.538,216,39,0,
22,16,top,host,312.64,150.528,56,21,0,
22,16,top,other,425.996,272.628,216,39,0,
22,17,top,host,320.93,144.936,56,21,0,
22,17,top,other,420.118,280.718,216,39,0,
22,18,top,host,329.22,139.344,56,21,0,
22,18,top,other,414.24,288.808,216,39,0,
22,19,top,host,337.51,133.752,56,21,0,
22,19,top,other,408.362,296.898,216,39,0,
22,20,top,host,345.8,128.16,56,25,0,
22,20,top,other,402.484,304.988,216,40,0,
22,21,top,host,345.8,128.16,56,25,0,
22,21,top,other,402.484,304.988,216,40,0,
22,22,top,host,345.8,128.16,56,25,0,
22,22,top,other,402.484,304.988,216,40,0,
23,1,top,host,187.88,246.157,128,25,0,
23,1,top,other,531.71,234.408,304,40,0,
23,2,top,host,195.76,252.314,128,25,0,
23,2,top,other,523.42,228.816,304,40,0,
23,3,top,host,203.64,258.471,128,25,0,
23,3,top,other,515.13,223.224,304,40,0,
23,4,top,host,211.52,264.628,128,25,0,
23,4,top,other,506.84,217.632,304,40,0,
23,5,top,host,219.4,270.785,128,25,0,
23,5,top,other,498.55,212.04,304,40,0,
23,6,top,host,227.28,276.942,128,25,0,
23,6,top,other,490.26,206.448,304,40,0,
23,7,top,host,235.16,283.099,128,25,0,
23,7,top,other,481.97,200.856,304,40,0,
23,8,top,host,243.04,289.256,128,25,0,
23,8,top,other,473.68,195.264,304,40,0,
23,9,top,host,250.92,295.413,128,25,0,
23,9,top,other,465.39,189.672,304,40,0,
23,10,top,host,258.8,301.57,128,25,0,
23,10,top,other,457.1,184.08,304,40,0,
23,11,top,host,266.68,307.727,128,25,0,
23,11,top,other,448.81,178.488,304,40,0,
23,12,top,host,274.56,313.884,128,25,0,
23,12,top,other,440.52,172.896,304,40,0,
23,13,top,host,282.44,320.041,128,25,0,
23,13,top,other,432.23,167.304,304,40,0,
23,14,top,host,290.32,326.198,128,25,0,
23,14,top,other,423.94,161.712,304,40,0,
23,15,top,host,298.2,332.355,128,25,0,
23,15,top,other,415.65,156.12,304,40,0,
23,16,top,host,306.08,338.512,128,25,0,
23,16,top,other,407.36,150.528,304,40,0,
23,17,top,host,313.96,344.669,128,25,0,
23,17,top,other,399.07,144.936,304,40,0,
23,18,top,host,321.84,350.826,128,25,0,
23,18,top,other,390.78,139.344,304,40,0,
23,19,top,host,329.72,356.983,128,25,0,
23,19,top,other,382.49,133.752,304,40,0,
23,20,top,host,337.6,363.14,128,26,0,
23,20,top,other,374.2,128.16,304,44,0,
23,21,top,host,337.6,363.14,128,26,0,
23,21,top,other,374.2,128.16,304,44,0,
23,22,top,host,337.6,363.14,128,26,0,
23,22,top,other,374.2,128.16,304,44,0,
24,1,bottom,host,188.192,245.736,125,26,0,
24,1,bottom,other,530,240,270,44,0,
24,2,bottom,host,196.384,251.472,125,26,0,
24,2,bottom,other,520,240,270,44,0,
24,3,bottom,host,204.576,257.208,125,26,0,
24,3,bottom,other,510,240,270,44,0,
24,4,bottom,host,212.768,262.944,125,26,0,
24,4,bottom,other,502.12,233.843,308,44,0,
24,5,bottom,host,220.96,268.68,125,26,0,
24,5,bottom,other,494.24,227.686,308,44,0,
24,6,bottom,host,229.152,274.416,125,26,0,
24,6,bottom,other,486.36,221.529,308,44,0,
24,7,bottom,host,237.344,280.152,125,26,0,
24,7,bottom,other,478.48,215.372,308,44,0,
24,8,bottom,host,245.536,285.888,125,26,0,
24,8,bottom,other,470.6,209.215,308,44,0,
24,9,bottom,host,253.728,291.624,125,26,0,
24,9,bottom,other,462.72,203.058,308,44,0,
24,10,bottom,host,261.92,297.36,125,26,0,
24,10,bottom,other,454.84,196.901,308,44,0,
24,11,bottom,host,270.112,303.096,125,26,0,
24,11,bottom,other,446.96,190.744,308,44,0,
24,12,bottom,host,278.304,308.832,125,26,0,
24,12,bottom,other,439.08,184.587,308,44,0,
24,13,bottom,host,286.496,314.568,125,26,0,
24,13,bottom,other,431.2,178.43,308,44,0,
24,14,bottom,host,294.688,320.304,125,26,0,
24,14,bottom,other,423.32,172.273,308,44,0,
24,15,bottom,host,302.88,326.04,125,26,0,
24,15,bottom,other,415.44,166.116,308,44,0,
24,16,bottom,host,311.072,331.776,125,26,0,
24,16,bottom,other,407.56,159.959,308,44,0,
24,17,bottom,host,319.264,337.512,125,26,0,
24,17,bottom,other,399.68,153.802,308,44,0,
24,18,bottom,host,327.456,343.248,125,26,0,
24,18,bottom,other,391.8,147.645,308,44,0,
24,19,bottom,host,335.648,348.984,125,26,0,
24,19,bottom,other,383.92,141.488,308,44,0,
24,20,bottom,host,343.84,354.72,125,30,0,
24,20,bottom,other,376.04,135.331,308,45,0,
24,21,bottom,host,343.84,354.72,125,30,0,
24,21,bottom,other,376.04,135.331,308,45,0,
24,22,bottom,host,343.84,354.72,125,30,0,
24,22,bottom,other,376.04,135.331,308,45,0,
25,1,top,host,188.387,245.446,123,30,0,
25,1,top,other,531.613,234.554,303,45,0,
25,2,top,host,196.774,250.892,123,30,0,
25,2,top,other,523.226,229.108,303,45,0,
25,3,top,host,205.161,256.338,123,30,0,
25,3,top,other,514.839,223.662,303,45,0,
25,4,top,host,213.548,261.784,123,30,0,
25,4,top,other,506.452,218.216,303,45,0,
25,5,top,host,221.935,267.23,123,30,0,
25,5,top,other,498.065,212.77,303,45,0,
25,6,top,host,230.322,272.676,123,30,0,
25,6,top,other,489.678,207.324,303,45,0,
25,7,top,host,238.709,278.122,123,30,0,
25,7,top,other,481.291,201.878,303,45,0,
25,8,top,host,247.096,283.568,123,30,0,
25,8,top,other,472.904,196.432,303,45,0,
25,9,top,host,255.483,289.014,123,30,0,
25,9,top,other,464.517,190.986,303,45,0,
25,10,top,host,263.87,294.46,123,30,0,
25,10,top,other,456.13,185.54,303,45,0,
25,11,top,host,272.257,299.906,123,30,0,
25,11,top,other,447.743,180.094,303,45,0,
25,12,top,host,280.644,305.352,123,30,0,
25,12,top,other,439.356,174.648,303,45,0,
25,13,top,host,289.031,310.798,123,30,0,
25,13,top,other,430.969,169.202,303,45,0,
25,14,top,host,297.418,316.244,123,30,0,
25,14,top,other,422.582,163.756,303,45,0,
25,15,top,host,305.805,321.69,123,30,0,
25,15,top,other,414.195,158.31,303,45,0,
25,16,top,host,314.192,327.136,123,30,0,
25,16,top,other,405.808,152.864,303,45,0,
25,17,top,host,322.579,332.582,123,30,0,
25,17,top,other,397.421,147.418,303,45,0,
25,18,top,host,330.966,338.028,123,30,0,
25,18,top,other,389.034,141.972,303,45,0,
25,19,top,host,339.353,343.474,123,30,0,
25,19,top,other,380.647,136.526,303,45,0,
25,20,top,host,347.74,348.92,123,31,0,
25,20,top,other,372.26,131.08,303,49,0,
25,21,top,host,347.74,348.92,123,31,0,
25,21,top,other,372.26,131.08,303,49,0,
25,22,top,host,347.74,348.92,123,31,0,
25,22,top,other,372.26,131.08,303,49,0,
26,1,bottom,host,188.29,245.592,124,31,0,
26,1,bottom,other,531.71,245.592,236,49,0,
26,2,bottom,host,196.58,251.184,124,31,0,
26,2,bottom,other,523.42,251.184,236,49,0,
26,3,bottom,host,204.87,256.776,124,31,0,
26,3,bottom,other,515.13,256.776,236,49,0,
26,4,bottom,host,213.16,262.368,124,31,0,
26,4,bottom,other,506.84,262.368,236,49,0,
26,5,bottom,host,221.45,267.96,124,31,0,
26,5,bottom,other,498.55,267.96,236,49,0,
26,6,bottom,host,229.74,273.552,124,31,0,
26,6,bottom,other,490.26,273.552,236,49,0,
26,7,bottom,host,238.03,279.144,124,31,0,
26,7,bottom,other,481.97,279.144,236,49,0,
26,8,bottom,host,246.32,284.736,124,31,0,
26,8,bottom,other,473.68,284.736,236,49,0,
26,9,bottom,host,254.61,290.328,124,31,0,
26,9,bottom,other,467.119,277.189,319,49,0,
26,10,bottom,host,262.9,295.92,124,31,0,
26,10,bottom,other,460.558,269.642,319,49,0,
26,11,bottom,host,271.19,301.512,124,31,0,
26,11,bottom,other,453.997,262.095,319,49,0,
26,12,bottom,host,279.48,307.104,124,31,0,
26,12,bottom,other,447.436,254.548,319,49,0,
26,13,bottom,host,287.77,312.696,124,31,0,
26,13,bottom,other,440.875,247.001,319,49,0,
26,14,bottom,host,296.06,318.288,124,31,0,
26,14,bottom,other,434.314,239.454,319,49,0,
26,15,bottom,host,304.35,323.88,124,31,0,
26,15,bottom,other,427.753,231.907,319,49,0,
26,16,bottom,host,312.64,329.472,124,31,0,
26,16,bottom,other,421.192,224.36,319,49,0,
26,17,bottom,host,320.93,335.064,124,31,0,
26,17,bottom,other,414.631,216.813,319,49,0,
26,18,bottom,host,329.22,340.656,124,31,0,
26,18,bottom,other,408.07,209.266,319,49,0,
26,19,bottom,host,337.51,346.248,124,31,0,
26,19,bottom,other,401.509,201.719,319,49,0,
26,20,bottom,host,345.8,351.84,124,35,0,
26,20,bottom,other,394.948,194.172,319,50,0,
26,21,bottom,host,345.8,351.84,124,35,0,
26,21,bottom,other,394.948,194.172,319,50,0,
26,22,bottom,host,345.8,351.84,124,35,0,
26,22,bottom,other,394.948,194.172,319,50,0,
27,1,top,host,188.192,245.736,125,35,0,
27,1,top,other,531.613,234.554,303,50,0,
27,2,top,host,196.384,251.472,125,35,0,
27,2,top,other,523.323,228.962,304,50,0,
27,3,top,host,204.576,257.208,125,35,0,
27,3,top,other,515.033,223.37,304,50,0,
27,4,top,host,212.768,262.944,125,35,0,
27,4,top,other,506.743,217.778,304,50,0,
27,5,top,host,220.96,268.68,125,35,0,
27,5,top,other,498.453,212.186,304,50,0,
27,6,top,host,229.152,274.416,125,35,0,
27,6,top,other,490.163,206.594,304,50,0,
27,7,top,host,237.344,280.152,125,35,0,
27,7,top,other,481.873,201.002,304,50,0,
27,8,top,host,245.536,285.888,125,35,0,
27,8,top,other,473.583,195.41,304,50,0,
27,9,top,host,253.728,291.624,125,35,0,
27,9,top,other,465.293,189.818,304,50,0,
27,10,top,host,261.92,297.36,125,35,0,
27,10,top,other,457.003,184.226,304,50,0,
27,11,top,host,270.112,303.096,125,35,0,
27,11,top,other,448.713,178.634,304,50,0,
27,12,top,host,278.304,308.832,125,35,0,
27,12,top,other,440.423,173.042,304,50,0,
27,13,top,host,286.496,314.568,125,35,0,
27,13,top,other,432.133,167.45,304,50,0,
27,14,top,host,294.688,320.304,125,35,0,
27,14,top,other,423.843,161.858,304,50,0,
27,15,top,host,302.88,326.04,125,35,0,
27,15,top,other,415.553,156.266,304,50,0,
27,16,top,host,311.072,331.776,125,35,0,
27,16,top,other,407.263,150.674,304,50,0,
27,17,top,host,319.264,337.512,125,35,0,
27,17,top,other,398.973,145.082,304,50,0,
27,18,top,host,327.456,343.248,125,35,0,
27,18,top,other,390.683,139.49,304,50,0,
27,19,top,host,335.648,348.984,125,35,0,
27,19,top,other,382.393,133.898,304,50,0,
27,20,top,host,343.84,354.72,125,36,0,
27,20,top,other,374.103,128.306,304,54,0,
27,21,top,host,343.84,354.72,125,36,0,
27,21,top,other,374.103,128.306,304,54,0,
27,22,top,host,343.84,354.72,125,36,0,
27,22,top,other,374.103,128.306,304,54,0,
28,1,top,host,188.387,234.554,57,36,0,
28,1,top,other,531.71,234.408,304,54,0,
28,2,top,host,196.774,229.108,57,36,0,
28,2,top,other,523.42,228.816,304,54,0,
28,3,top,host,205.161,223.662,57,36,0,
28,3,top,other,515.13,223.224,304,54,0,
28,4,top,host,213.548,218.216,57,36,0,
28,4,top,other,506.84,217.632,304,54,0,
28,5,top,host,221.935,212.77,57,36,0,
28,5,top,other,498.55,212.04,304,54,0,
28,6,top,host,230.322,207.324,57,36,0,
28,6,top,other,490.26,206.448,304,54,0,
28,7,top,host,238.709,201.878,57,36,0,
28,7,top,other,481.97,200.856,304,54,0,
28,8,top,host,247.096,196.432,57,36,0,
28,8,top,other,473.68,195.264,304,54,0,
28,9,top,host,255.483,190.986,57,36,0,
28,9,top,other,465.39,189.672,304,54,0,
28,10,top,host,263.87,185.54,57,36,0,
28,10,top,other,457.1,184.08,304,54,0,
28,11,top,host,272.257,180.094,57,36,0,
28,11,top,other,448.81,178.488,304,54,0,
28,12,top,host,280.644,174.648,57,36,0,
28,12,top,other,444.115,187.317,208,54,0,
28,13,top,host,289.031,169.202,57,36,0,
28,13,top,other,439.42,196.146,208,54,0,
28,14,top,host,297.418,163.756,57,36,0,
28,14,top,other,434.725,204.975,208,54,0,
28,15,top,host,305.805,158.31,57,36,0,
28,15,top,other,430.03,213.804,208,54,0,
28,16,top,host,314.192,152.864,57,36,0,
28,16,top,other,425.335,222.633,208,54,0,
28,17,top,host,322.579,147.418,57,36,0,
28,17,top,other,420.64,231.462,208,54,0,
28,18,top,host,330.966,141.972,57,36,0,
28,18,top,other,415.945,240.291,208,54,0,
28,19,top,host,339.353,136.526,57,36,0,
28,19,top,other,411.25,249.12,208,54,0,
28,20,top,host,347.74,131.08,57,40,0,
28,20,top,other,406.555,257.949,208,55,0,
28,21,top,host,347.74,131.08,57,40,0,
28,21,top,other,406.555,257.949,208,55,0,
28,22,top,host,347.74,131.08,57,40,0,
28,22,top,other,406.555,257.949,208,55,0,
29,1,top,host,188.387,245.446,123,40,0,
29,1,top,other,531.613,234.554,303,55,0,
29,2,top,host,196.774,250.892,123,40,0,
29,2,top,other,523.323,228.962,304,55,0,
29,3,top,host,205.161,256.338,123,40,0,
29,3,top,other,515.033,223.37,304,55,0,
29,4,top,host,213.548,261.784,123,40,0,
29,4,top,other,506.743,217.778,304,55,0,
29,5,top,host,221.935,267.23,123,40,0,
29,5,top,other,498.453,212.186,304,55,0,
29,6,top,host,230.322,272.676,123,40,0,
29,6,top,other,490.163,206.594,304,55,0,
29,7,top,host,238.709,278.122,123,40,0,
29,7,top,other,481.873,201.002,304,55,0,
29,8,top,host,247.096,283.568,123,40,0,
29,8,top,other,473.583,195.41,304,55,0,
29,9,top,host,255.483,289.014,123,40,0,
29,9,top,other,465.293,189.818,304,55,0,
29,10,top,host,263.87,294.46,123,40,0,
29,10,top,other,457.003,184.226,304,55,0,
29,11,top,host,272.257,299.906,123,40,0,
29,11,top,other,448.713,178.634,304,55,0,
29,12,top,host,280.644,305.352,123,40,0,
29,12,top,other,440.423,173.042,304,55,0,
29,13,top,host,289.031,310.798,123,40,0,
29,13,top,other,432.133,167.45,304,55,0,
29,14,top,host,297.418,316.244,123,40,0,
29,14,top,other,423.843,161.858,304,55,0,
29,15,top,host,305.805,321.69,123,40,0,
29,15,top,other,415.553,156.266,304,55,0,
29,16,top,host,314.192,327.136,123,40,0,
29,16,top,other,407.263,150.674,304,55,0,
29,17,top,host,322.579,332.582,123,40,0,
29,17,top,other,398.973,145.082,304,55,0,
29,18,top,host,330.966,338.028,123,40,0,
29,18,top,other,390.683,139.49,304,55,0,
29,19,top,host,339.353,343.474,123,40,0,
29,19,top,other,382.393,133.898,304,55,0,
29,20,top,host,347.74,348.92,123,41,0,
29,20,top,other,374.103,128.306,304,59,0,
29,21,top,host,347.74,348.92,123,41,0,
29,21,top,other,374.103,128.306,304,59,0,
29,22,top,host,347.74,348.92,123,41,0,
29,22,top,other,374.103,128.306,304,59,0,
30,1,bottom,host,188.387,245.446,123,41,0,
30,1,bottom,other,530,240,270,59,0,
30,2,bottom,host,196.774,250.892,123,41,0,
30,2,bottom,other,520,240,270,59,0,
30,3,bottom,host,205.161,256.338,123,41,0,
30,3,bottom,other,510,240,270,59,0,
30,4,bottom,host,213.548,261.784,123,41,0,
30,4,bottom,other,500,240,270,59,0,
30,5,bottom,host,221.935,267.23,123,41,0,
30,5,bottom,other,492.229,233.707,309,59,0,
30,6,bottom,host,230.322,272.676,123,41,0,
30,6,bottom,other,484.458,227.414,309,59,0,
30,7,bottom,host,238.709,278.122,123,41,0,
30,7,bottom,other,476.798,220.986,310,59,0,
30,8,bottom,host,247.096,283.568,123,41,0,
30,8,bottom,other,469.251,214.425,311,59,0,
30,9,bottom,host,255.483,289.014,123,41,0,
30,9,bottom,other,461.704,207.864,311,59,0,
30,10,bottom,host,263.87,294.46,123,41,0,
30,10,bottom,other,454.157,201.303,311,59,0,
30,11,bottom,host,272.257,299.906,123,41,0,
30,11,bottom,other,446.61,194.742,311,59,0,
30,12,bottom,host,280.644,305.352,123,41,0,
30,12,bottom,other,439.063,188.181,311,59,0,
30,13,bottom,host,289.031,310.798,123,41,0,
30,13,bottom,other,431.516,181.62,311,59,0,
30,14,bottom,host,297.418,316.244,123,41,0,
30,14,bottom,other,423.969,175.059,311,59,0,
30,15,bottom,host,305.805,321.69,123,41,0,
30,15,bottom,other,416.422,168.498,311,59,0,
30,16,bottom,host,314.192,327.136,123,41,0,
30,16,bottom,other,408.875,161.937,311,59,0,
30,17,bottom,host,322.579,332.582,123,41,0,
30,17,bottom,other,401.328,155.376,311,59,0,
30,18,bottom,host,330.966,338.028,123,41,0,
30,18,bottom,other,393.781,148.815,311,59,0,
30,19,bottom,host,339.353,343.474,123,41,0,
30,19,bottom,other,386.234,142.254,311,59,0,
30,20,bottom,host,347.74,348.92,123,45,0,
30,20,bottom,other,378.687,135.693,311,60,0,
30,21,bottom,host,347.74,348.92,123,45,0,
30,21,bottom,other,378.687,135.693,311,60,0,
30,22,bottom,host,347.74,348.92,123,45,0,
30,22,bottom,other,378.687,135.693,311,60,0,
31,1,bottom,host,188.387,234.554,57,45,0,
31,1,bottom,other,531.71,245.592,236,60,0,
31,2,bottom,host,196.774,229.108,57,45,0,
31,2,bottom,other,523.42,251.184,236,60,0,
31,3,bottom,host,205.161,223.662,57,45,0,
31,3,bottom,other,515.13,256.776,236,60,0,
31,4,bottom,host,213.548,218.216,57,45,0,
31,4,bottom,other,506.84,262.368,236,60,0,
31,5,bottom,host,221.935,212.77,57,45,0,
31,5,bottom,other,498.55,267.96,236,60,0,
31,6,bottom,host,230.322,207.324,57,45,0,
31,6,bottom,other,490.26,273.552,236,60,0,
31,7,bottom,host,238.709,201.878,57,45,0,
31,7,bottom,other,481.97,279.144,236,60,0,
31,8,bottom,host,247.096,196.432,57,45,0,
31,8,bottom,other,473.68,284.736,236,60,0,
31,9,bottom,host,255.483,190.986,57,45,0,
31,9,bottom,other,465.39,290.328,236,60,0,
31,10,bottom,host,263.87,185.54,57,45,0,
31,10,bottom,other,457.1,295.92,236,60,0,
31,11,bottom,host,272.257,180.094,57,45,0,
31,11,bottom,other,448.81,301.512,236,60,0,
31,12,bottom,host,280.644,174.648,57,45,0,
31,12,bottom,other,440.52,307.104,236,60,0,
31,13,bottom,host,289.031,169.202,57,45,0,
31,13,bottom,other,432.23,312.696,236,60,0,
31,14,bottom,host,297.418,163.756,57,45,0,
31,14,bottom,other,423.94,318.288,236,60,0,
31,15,bottom,host,305.805,158.31,57,45,0,
31,15,bottom,other,415.65,323.88,236,60,0,
31,16,bottom,host,314.192,152.864,57,45,0,
31,16,bottom,other,407.36,329.472,236,60,0,
31,17,bottom,host,322.579,147.418,57,45,0,
31,17,bottom,other,399.07,335.064,236,60,0,
31,18,bottom,host,330.966,141.972,57,45,0,
31,18,bottom,other,390.78,340.656,236,60,0,
31,19,bottom,host,339.353,136.526,57,45,0,
31,19,bottom,other,382.49,346.248,236,60,0,
31,20,bottom,host,347.74,131.08,57,46,0,
31,20,bottom,other,374.2,351.84,236,64,0,
31,21,bottom,host,347.74,131.08,57,46,0,
31,21,bottom,other,374.2,351.84,236,64,0,
31,22,bottom,host,347.74,131.08,57,46,0,
31,22,bottom,other,374.2,351.84,236,64,0,
32,1,bottom,host,188.29,245.592,124,46,0,
32,1,bottom,other,530,240,270,64,0,
32,2,bottom,host,196.58,251.184,124,46,0,
32,2,bottom,other,521.808,234.264,305,64,0,
32,3,bottom,host,204.87,256.776,124,46,0,
32,3,bottom,other,513.616,228.528,305,64,0,
32,4,bottom,host,213.16,262.368,124,46,0,
32,4,bottom,other,505.424,222.792,305,64,0,
32,5,bottom,host,221.45,267.96,124,46,0,
32,5,bottom,other,497.232,217.056,305,64,0,
32,6,bottom,host,229.74,273.552,124,46,0,
32,6,bottom,other,489.04,211.32,305,64,0,
32,7,bottom,host,238.03,279.144,124,46,0,
32,7,bottom,other,480.848,205.584,305,64,0,
32,8,bottom,host,246.32,284.736,124,46,0,
32,8,bottom,other,472.656,199.848,305,64,0,
32,9,bottom,host,254.61,290.328,124,46,0,
32,9,bottom,other,464.464,194.112,305,64,0,
32,10,bottom,host,262.9,295.92,124,46,0,
32,10,bottom,other,456.272,188.376,305,64,0,
32,11,bottom,host,271.19,301.512,124,46,0,
32,11,bottom,other,448.08,182.64,305,64,0,
32,12,bottom,host,279.48,307.104,124,46,0,
32,12,bottom,other,439.888,176.904,305,64,0,
32,13,bottom,host,287.77,312.696,124,46,0,
32,13,bottom,other,431.696,171.168,305,64,0,
32,14,bottom,host,296.06,318.288,124,46,0,
32,14,bottom,other,423.504,165.432,305,64,0,
32,15,bottom,host,304.35,323.88,124,46,0,
32,15,bottom,other,415.312,159.696,305,64,0,
32,16,bottom,host,312.64,329.472,124,46,0,
32,16,bottom,other,407.12,153.96,305,64,0,
32,17,bottom,host,320.93,335.064,124,46,0,
32,17,bottom,other,398.928,148.224,305,64,0,
32,18,bottom,host,329.22,340.656,124,46,0,
32,18,bottom,other,390.736,142.488,305,64,0,
32,19,bottom,host,337.51,346.248,124,46,0,
32,19,bottom,other,382.544,136.752,305,64,0,
32,20,bottom,host,345.8,351.84,124,50,0,
32,20,bottom,other,374.352,131.016,305,65,0,
32,21,bottom,host,345.8,351.84,124,50,0,
32,21,bottom,other,374.352,131.016,305,65,0,
32,22,bottom,host,345.8,351.84,124,50,0,
32,22,bottom,other,374.352,131.016,305,65,0,
33,1,bottom,host,188.387,234.554,57,50,0,
33,1,bottom,other,531.71,245.592,236,65,0,
33,2,bottom,host,196.774,229.108,57,50,0,
33,2,bottom,other,523.42,251.184,236,65,0,
33,3,bottom,host,205.161,223.662,57,50,0,
33,3,bottom,other,515.13,256.776,236,65,0,
33,4,bottom,host,213.548,218.216,57,50,0,
33,4,bottom,other,506.84,262.368,236,65,0,
33,5,bottom,host,221.935,212.77,57,50,0,
33,5,bottom,other,498.55,267.96,236,65,0,
33,6,bottom,host,230.322,207.324,57,50,0,
33,6,bottom,other,490.26,273.552,236,65,0,
33,7,bottom,host,238.709,201.878,57,50,0,
33,7,bottom,other,481.97,279.144,236,65,0,
33,8,bottom,host,247.096,196.432,57,50,0,
33,8,bottom,other,473.68,284.736,236,65,0,
33,9,bottom,host,255.483,190.986,57,50,0,
33,9,bottom,other,465.39,290.328,236,65,0,
33,10,bottom,host,263.87,185.54,57,50,0,
33,10,bottom,other,457.1,295.92,236,65,0,
33,11,bottom,host,272.257,180.094,57,50,0,
33,11,bottom,other,448.81,301.512,236,65,0,
33,12,bottom,host,280.644,174.648,57,50,0,
33,12,bottom,other,440.52,307.104,236,65,0,
33,13,bottom,host,289.031,169.202,57,50,0,
33,13,bottom,other,432.23,312.696,236,65,0,
33,14,bottom,host,297.418,163.756,57,50,0,
33,14,bottom,other,423.94,318.288,236,65,0,
33,15,bottom,host,305.805,158.31,57,50,0,
33,15,bottom,other,415.65,323.88,236,65,0,
33,16,bottom,host,314.192,152.864,57,50,0,
33,16,bottom,other,407.36,329.472,236,65,0,
33,17,bottom,host,322.579,147.418,57,50,0,
33,17,bottom,other,399.07,335.064,236,65,0,
33,18,bottom,host,330.966,141.972,57,50,0,
33,18,bottom,other,390.78,340.656,236,65,0,
33,19,bottom,host,339.353,136.526,57,50,0,
33,19,bottom,other,382.49,346.248,236,65,0,
33,20,bottom,host,347.74,131.08,57,51,0,
33,20,bottom,other,374.2,351.84,236,69,0,
33,21,bottom,host,347.74,131.08,57,51,0,
33,21,bottom,other,374.2,351.84,236,69,0,
33,22,bottom,host,347.74,131.08,57,51,0,
33,22,bottom,other,374.2,351.84,236,69,0,
34,1,top,host,188.29,234.408,56,51,0,
34,1,top,other,530,240,270,69,0,
34,2,top,host,196.58,228.816,56,51,0,
34,2,top,other,520,240,270,69,0,
34,3,top,host,204.87,223.224,56,51,0,
34,3,top,other,510,240,270,69,0,
34,4,top,host,213.16,217.632,56,51,0,
34,4,top,other,500,240,270,69,0,
34,5,top,host,221.45,212.04,56,51,0,
34,5,top,other,490,240,270,69,0,
34,6,top,host,229.74,206.448,56,51,0,
34,6,top,other,480,240,270,69,0,
34,7,top,host,238.03,200.856,56,51,0,
34,7,top,other,470,240,270,69,0,
34,8,top,host,246.32,195.264,56,51,0,
34,8,top,other,460,240,270,69,0,
34,9,top,host,254.61,189.672,56,51,0,
34,9,top,other,453.309,247.431,222,69,0,
34,10,top,host,262.9,184.08,56,51,0,
34,10,top,other,446.618,254.862,222,69,0,
34,11,top,host,271.19,178.488,56,51,0,
34,11,top,other,439.927,262.293,222,69,0,
34,12,top,host,279.48,172.896,56,51,0,
34,12,top,other,433.236,269.724,222,69,0,
34,13,top,host,287.77,167.304,56,51,0,
34,13,top,other,426.545,277.155,222,69,0,
34,14,top,host,296.06,161.712,56,51,0,
34,14,top,other,419.854,284.586,222,69,0,
34,15,top,host,304.35,156.12,56,51,0,
34,15,top,other,413.163,292.017,222,69,0,
34,16,top,host,312.64,150.528,56,51,0,
34,16,top,other,406.472,299.448,222,69,0,
34,17,top,host,320.93,144.936,56,51,0,
34,17,top,other,399.781,306.879,222,69,0,
34,18,top,host,329.22,139.344,56,51,0,
34,18,top,other,393.09,314.31,222,69,0,
34,19,top,host,337.51,133.752,56,51,0,
34,19,top,other,386.399,321.741,222,69,0,
34,20,top,host,345.8,128.16,56,55,0,
34,20,top,other,379.708,329.172,222,70,0,
34,21,top,host,345.8,128.16,56,55,0,
34,21,top,other,379.708,329.172,222,70,0,
34,22,top,host,345.8,128.16,56,55,0,
34,22,top,other,379.708,329.172,222,70,0,
35,1,top,host,188.29,245.592,124,55,0,
35,1,top,other,531.71,234.408,304,70,0,
35,2,top,host,196.58,251.184,124,55,0,
35,2,top,other,523.42,228.816,304,70,0,
35,3,top,host,204.87,256.776,124,55,0,
35,3,top,other,515.13,223.224,304,70,0,
35,4,top,host,213.16,262.368,124,55,0,
35,4,top,other,506.84,217.632,304,70,0,
35,5,top,host,221.45,267.96,124,55,0,
35,5,top,other,498.55,212.04,304,70,0,
35,6,top,host,229.74,273.552,124,55,0,
35,6,top,other,490.26,206.448,304,70,0,
35,7,top,host,238.03,279.144,124,55,0,
35,7,top,other,481.97,200.856,304,70,0,
35,8,top,host,246.32,284.736,124,55,0,
35,8,top,other,473.68,195.264,304,70,0,
35,9,top,host,254.61,290.328,124,55,0,
35,9,top,other,465.39,189.672,304,70,0,
35,10,top,host,262.9,295.92,124,55,0,
35,10,top,other,457.1,184.08,304,70,0,
35,11,top,host,271.19,301.512,124,55,0,
35,11,top,other,448.81,178.488,304,70,0,
35,12,top,host,279.48,307.104,124,55,0,
35,12,top,other,440.52,172.896,304,70,0,
35,13,top,host,287.77,312.696,124,55,0,
35,13,top,other,432.23,167.304,304,70,0,
35,14,top,host,296.06,318.288,124,55,0,
35,14,top,other,423.94,161.712,304,70,0,
35,15,top,host,304.35,323.88,124,55,0,
35,15,top,other,415.65,156.12,304,70,0,
35,16,top,host,312.64,329.472,124,55,0,
35,16,top,other,407.36,150.528,304,70,0,
35,17,top,host,320.93,335.064,124,55,0,
35,17,top,other,399.07,144.936,304,70,0,
35,18,top,host,329.22,340.656,124,55,0,
35,18,top,other,390.78,139.344,304,70,0,
35,19,top,host,337.51,346.248,124,55,0,
35,19,top,other,382.49,133.752,304,70,0,
35,20,top,host,345.8,351.84,124,56,0,
35,20,top,other,374.2,128.16,304,74,0,
35,21,top,host,345.8,351.84,124,56,0,
35,21,top,other,374.2,128.16,304,74,0,
35,22,top,host,345.8,351.84,124,56,0,
35,22,top,other,374.2,128.16,304,74,0,
36,1,top,host,188.572,234.85,59,56,0,
36,1,top,other,530,240,270,74,0,
36,2,top,host,197.144,229.7,59,56,0,
36,2,top,other,521.71,245.592,236,74,0,
36,3,top,host,205.716,224.55,59,56,0,
36,3,top,other,513.42,251.184,236,74,0,
36,4,top,host,214.288,219.4,59,56,0,
36,4,top,other,505.13,256.776,236,74,0,
36,5,top,host,222.86,214.25,59,56,0,
36,5,top,other,496.84,262.368,236,74,0,
36,6,top,host,231.432,209.1,59,56,0,
36,6,top,other,488.75,268.246,234,74,0,
36,7,top,host,240.004,203.95,59,56,0,
36,7,top,other,480.66,274.124,234,74,0,
36,8,top,host,248.576,198.8,59,56,0,
36,8,top,other,472.57,280.002,234,74,0,
36,9,top,host,257.148,193.65,59,56,0,
36,9,top,other,464.48,285.88,234,74,0,
36,10,top,host,265.72,188.5,59,56,0,
36,10,top,other,456.39,291.758,234,74,0,
36,11,top,host,274.292,183.35,59,56,0,
36,11,top,other,448.3,297.636,234,74,0,
36,12,top,host,282.864,178.2,59,56,0,
36,12,top,other,440.21,303.514,234,74,0,
36,13,top,host,291.436,173.05,59,56,0,
36,13,top,other,432.12,309.392,234,74,0,
36,14,top,host,300.008,167.9,59,56,0,
36,14,top,other,423.928,315.128,235,74,0,
36,15,top,host,308.58,162.75,59,56,0,
36,15,top,other,415.736,320.864,235,74,0,
36,16,top,host,317.152,157.6,59,56,0,
36,16,top,other,407.646,326.742,234,74,0,
36,17,top,host,325.724,152.45,59,56,0,
36,17,top,other,399.556,332.62,234,74,0,
36,18,top,host,334.296,147.3,59,56,0,
36,18,top,other,391.364,338.356,235,74,0,
36,19,top,host,342.868,142.15,59,56,0,
36,19,top,other,383.172,344.092,235,74,0,
36,20,top,host,351.44,137,59,56,0,
36,20,top,other,374.98,349.828,235,74,0,
36,21,top,host,360.012,131.85,59,60,0,
36,21,top,other,366.788,355.564,235,75,0,
36,22,top,host,360.012,131.85,59,60,0,
36,22,top,other,366.788,355.564,235,75,0,
36,23,top,host,360.012,131.85,59,60,0,
36,23,top,other,366.788,355.564,235,75,0,
37,1,top,host,190,240,90,60,0,
37,1,top,other,531.71,234.408,304,75,0,
37,2,top,host,200,240,90,60,0,
37,2,top,other,523.42,228.816,304,75,0,
37,3,top,host,210,240,90,60,0,
37,3,top,other,515.033,223.37,303,75,0,
37,4,top,host,220,240,90,60,0,
37,4,top,other,506.743,217.778,304,75,0,
37,5,top,host,228.09,245.878,126,60,0,
37,5,top,other,498.453,212.186,304,75,0,
37,6,top,host,236.18,251.756,126,60,0,
37,6,top,other,490.163,206.594,304,75,0,
37,7,top,host,244.27,257.634,126,60,0,
37,7,top,other,481.873,201.002,304,75,0,
37,8,top,host,252.36,263.512,126,60,0,
37,8,top,other,473.583,195.41,304,75,0,
37,9,top,host,260.45,269.39,126,60,0,
37,9,top,other,465.293,189.818,304,75,0,
37,10,top,host,268.54,275.268,126,60,0,
37,10,top,other,457.003,184.226,304,75,0,
37,11,top,host,276.63,281.146,126,60,0,
37,11,top,other,448.713,178.634,304,75,0,
37,12,top,host,284.72,287.024,126,60,0,
37,12,top,other,440.423,173.042,304,75,0,
37,13,top,host,292.81,292.902,126,60,0,
37,13,top,other,432.133,167.45,304,75,0,
37,14,top,host,300.9,298.78,126,60,0,
37,14,top,other,423.843,161.858,304,75,0,
37,15,top,host,308.99,304.658,126,60,0,
37,15,top,other,415.553,156.266,304,75,0,
37,16,top,host,317.08,310.536,126,60,0,
37,16,top,other,407.263,150.674,304,75,0,
37,17,top,host,325.17,316.414,126,60,0,
37,17,top,other,398.973,145.082,304,75,0,
37,18,top,host,333.26,322.292,126,60,0,
37,18,top,other,390.683,139.49,304,75,0,
37,19,top,host,341.35,328.17,126,60,0,
37,19,top,other,382.203,134.191,302,75,0,
37,20,top,host,349.44,334.048,126,61,0,
37,20,top,other,373.816,128.745,303,79,0,
37,21,top,host,349.44,334.048,126,61,0,
37,21,top,other,365.429,123.299,303,79,0,
37,22,top,host,349.44,334.048,126,61,0,
37,22,top,other,365.429,123.299,303,79,0,
38,1,bottom,host,188.387,245.446,123,61,0,
38,1,bottom,other,531.71,234.408,304,79,0,
38,2,bottom,host,196.774,250.892,123,61,0,
38,2,bottom,other,523.323,239.854,237,79,0,
38,3,bottom,host,205.161,256.338,123,61,0,
38,3,bottom,other,515.233,245.732,234,79,0,
38,4,bottom,host,213.548,261.784,123,61,0,
38,4,bottom,other,507.247,251.75,233,79,0,
38,5,bottom,host,221.935,267.23,123,61,0,
38,5,bottom,other,499.157,257.628,234,79,0,
38,6,bottom,host,230.322,272.676,123,61,0,
38,6,bottom,other,491.277,263.785,232,79,0,
38,7,bottom,host,238.709,278.122,123,61,0,
38,7,bottom,other,483.291,269.803,233,79,0,
38,8,bottom,host,247.096,283.568,123,61,0,
38,8,bottom,other,475.305,275.821,233,79,0,
38,9,bottom,host,254.643,277.007,49,61,0,
38,9,bottom,other,467.319,281.839,233,79,0,
38,10,bottom,host,262.19,270.446,49,61,0,
38,10,bottom,other,459.333,287.857,233,79,0,
38,11,bottom,host,269.737,263.885,49,61,0,
38,11,bottom,other,451.347,293.875,233,79,0,
38,12,bottom,host,277.284,257.324,49,61,0,
38,12,bottom,other,443.361,299.893,233,79,0,
38,13,bottom,host,284.831,250.763,49,61,0,
38,13,bottom,other,435.271,305.771,234,79,0,
38,14,bottom,host,292.378,244.202,49,61,0,
38,14,bottom,other,427.181,311.649,234,79,0,
38,15,bottom,host,299.925,237.641,49,61,0,
38,15,bottom,other,419.091,317.527,234,79,0,
38,16,bottom,host,307.472,231.08,49,61,0,
38,16,bottom,other,411.001,323.405,234,79,0,
38,17,bottom,host,315.019,224.519,49,61,0,
38,17,bottom,other,402.911,329.283,234,79,0,
38,18,bottom,host,322.566,217.958,49,61,0,
38,18,bottom,other,394.821,335.161,234,79,0,
38,19,bottom,host,330.113,211.397,49,61,0,
38,19,bottom,other,386.731,341.039,234,79,0,
38,20,bottom,host,337.66,204.836,49,61,0,
38,20,bottom,other,378.641,346.917,234,79,0,
38,21,bottom,host,345.207,198.275,49,62,0,
38,21,bottom,other,370.551,352.795,234,83,0,
38,22,bottom,host,345.207,198.275,49,62,0,
38,22,bottom,other,370.551,352.795,234,83,0,
38,23,bottom,host,345.207,198.275,49,62,0,
38,23,bottom,other,370.551,352.795,234,83,0,
39,1,top,host,188.09,234.122,54,62,0,
39,1,top,other,531.613,234.554,303,83,0,
39,2,top,host,196.18,228.244,54,62,0,
39,2,top,other,523.323,228.962,304,83,0,
39,3,top,host,204.27,222.366,54,62,0,
39,3,top,other,515.033,223.37,304,83,0,
39,4,top,host,212.36,216.488,54,62,0,
39,4,top,other,506.743,217.778,304,83,0,
39,5,top,host,220.45,210.61,54,62,0,
39,5,top,other,498.453,212.186,304,83,0,
39,6,top,host,228.54,204.732,54,62,0,
39,6,top,other,490.163,206.594,304,83,0,
39,7,top,host,236.63,198.854,54,62,0,
39,7,top,other,481.776,201.148,303,83,0,
39,8,top,host,244.72,192.976,54,62,0,
39,8,top,other,473.389,195.702,303,83,0,
39,9,top,host,252.81,187.098,54,62,0,
39,9,top,other,465.099,190.11,304,83,0,
39,10,top,host,261.197,181.652,57,62,0,
39,10,top,other,456.809,184.518,304,83,0,
39,11,top,host,269.584,176.206,57,62,0,
39,11,top,other,448.422,179.072,303,83,0,
39,12,top,host,277.971,170.76,57,62,0,
39,12,top,other,440.035,173.626,303,83,0,
39,13,top,host,286.358,165.314,57,62,0,
39,13,top,other,435.968,182.761,204,83,0,
39,14,top,host,294.745,159.868,57,62,0,
39,14,top,other,431.901,191.896,204,83,0,
39,15,top,host,303.132,154.422,57,62,0,
39,15,top,other,427.834,201.031,204,83,0,
39,16,top,host,311.519,148.976,57,62,0,
39,16,top,other,423.767,210.166,204,83,0,
39,17,top,host,319.906,143.53,57,62,0,
39,17,top,other,419.7,219.301,204,83,0,
39,18,top,host,328.293,138.084,57,62,0,
39,18,top,other,415.633,228.436,204,83,0,
39,19,top,host,336.68,132.638,57,62,0,
39,19,top,other,411.566,237.571,204,83,0,
39,20,top,host,345.067,127.192,57,66,0,
39,20,top,other,407.499,246.706,204,84,0,
39,21,top,host,345.067,127.192,57,66,0,
39,21,top,other,407.499,246.706,204,84,0,
39,22,top,host,345.067,127.192,57,66,0,
39,22,top,other,407.499,246.706,204,84,0,
40,1,bottom,host,190,240,90,66,0,
40,1,bottom,other,531.71,245.592,236,84,0,
40,2,bottom,host,200,240,90,66,0,
40,2,bottom,other,523.42,251.184,236,84,0,
40,3,bottom,host,208.29,234.408,56,66,0,
40,3,bottom,other,515.13,256.776,236,84,0,
40,4,bottom,host,216.58,228.816,56,66,0,
40,4,bottom,other,506.84,262.368,236,84,0,
40,5,bottom,host,224.87,223.224,56,66,0,
40,5,bottom,other,498.55,267.96,236,84,0,
40,6,bottom,host,233.16,217.632,56,66,0,
40,6,bottom,other,490.26,273.552,236,84,0,
40,7,bottom,host,241.45,212.04,56,66,0,
40,7,bottom,other,481.97,279.144,236,84,0,
40,8,bottom,host,249.74,206.448,56,66,0,
40,8,bottom,other,473.68,284.736,236,84,0,
40,9,bottom,host,258.03,200.856,56,66,0,
40,9,bottom,other,465.39,290.328,236,84,0,
40,10,bottom,host,266.32,195.264,56,66,0,
40,10,bottom,other,457.1,295.92,236,84,0,
40,11,bottom,host,274.61,189.672,56,66,0,
40,11,bottom,other,448.81,301.512,236,84,0,
40,12,bottom,host,282.9,184.08,56,66,0,
40,12,bottom,other,440.52,307.104,236,84,0,
40,13,bottom,host,291.19,178.488,56,66,0,
40,13,bottom,other,432.23,312.696,236,84,0,
40,14,bottom,host,299.48,172.896,56,66,0,
40,14,bottom,other,423.94,318.288,236,84,0,
40,15,bottom,host,307.77,167.304,56,66,0,
40,15,bottom,other,415.65,323.88,236,84,0,
40,16,bottom,host,316.06,161.712,56,66,0,
40,16,bottom,other,407.36,329.472,236,84,0,
40,17,bottom,host,324.35,156.12,56,66,0,
40,17,bottom,other,399.07,335.064,236,84,0,
40,18,bottom,host,332.64,150.528,56,66,0,
40,18,bottom,other,390.78,340.656,236,84,0,
40,19,bottom,host,340.93,144.936,56,66,0,
40,19,bottom,other,382.49,346.248,236,84,0,
40,20,bottom,host,349.22,139.344,56,67,0,
40,20,bottom,other,374.2,351.84,236,88,0,
40,21,bottom,host,349.22,139.344,56,67,0,
40,21,bottom,other,374.2,351.84,236,88,0,
40,22,bottom,host,349.22,139.344,56,67,0,
40,22,bottom,other,374.2,351.84,236,88,0,
41,1,bottom,host,188.192,245.736,125,67,0,
41,1,bottom,other,531.613,245.446,237,88,0,
41,2,bottom,host,196.384,251.472,125,67,0,
41,2,bottom,other,523.323,251.038,236,88,0,
41,3,bottom,host,204.576,257.208,125,67,0,
41,3,bottom,other,515.033,256.63,236,88,0,
41,4,bottom,host,212.768,262.944,125,67,0,
41,4,bottom,other,506.743,262.222,236,88,0,
41,5,bottom,host,220.96,268.68,125,67,0,
41,5,bottom,other,498.453,267.814,236,88,0,
41,6,bottom,host,229.152,274.416,125,67,0,
41,6,bottom,other,490.163,273.406,236,88,0,
41,7,bottom,host,237.344,280.152,125,67,0,
41,7,bottom,other,481.873,278.998,236,88,0,
41,8,bottom,host,245.536,285.888,125,67,0,
41,8,bottom,other,473.583,284.59,236,88,0,
41,9,bottom,host,253.728,291.624,125,67,0,
41,9,bottom,other,465.293,290.182,236,88,0,
41,10,bottom,host,261.92,297.36,125,67,0,
41,10,bottom,other,457.003,295.774,236,88,0,
41,11,bottom,host,270.112,303.096,125,67,0,
41,11,bottom,other,448.713,301.366,236,88,0,
41,12,bottom,host,278.304,308.832,125,67,0,
41,12,bottom,other,440.423,306.958,236,88,0,
41,13,bottom,host,286.496,314.568,125,67,0,
41,13,bottom,other,432.133,312.55,236,88,0,
41,14,bottom,host,294.688,320.304,125,67,0,
41,14,bottom,other,423.746,317.996,237,88,0,
41,15,bottom,host,302.88,326.04,125,67,0,
41,15,bottom,other,415.359,323.442,237,88,0,
41,16,bottom,host,311.072,331.776,125,67,0,
41,16,bottom,other,412.771,313.783,345,88,0,
41,17,bottom,host,319.264,337.512,125,67,0,
41,17,bottom,other,410.183,304.124,345,88,0,
41,18,bottom,host,327.456,343.248,125,67,0,
41,18,bottom,other,407.595,294.465,345,88,0,
41,19,bottom,host,335.648,348.984,125,67,0,
41,19,bottom,other,405.007,284.806,345,88,0,
41,20,bottom,host,343.84,354.72,125,71,0,
41,20,bottom,other,402.419,275.147,345,89,0,
41,21,bottom,host,343.84,354.72,125,71,0,
41,21,bottom,other,402.419,275.147,345,89,0,
41,22,bottom,host,343.84,354.72,125,71,0,
41,22,bottom,other,402.419,275.147,345,89,0,
42,1,bottom,host,188.48,234.701,58,71,0,
42,1,bottom,other,531.71,245.592,236,89,0,
42,2,bottom,host,196.96,229.402,58,71,0,
42,2,bottom,other,523.42,251.184,236,89,0,
42,3,bottom,host,205.44,224.103,58,71,0,
42,3,bottom,other,515.13,256.776,236,89,0,
42,4,bottom,host,213.92,218.804,58,71,0,
42,4,bottom,other,506.84,262.368,236,89,0,
42,5,bottom,host,222.4,213.505,58,71,0,
42,5,bottom,other,498.55,267.96,236,89,0,
42,6,bottom,host,230.88,208.206,58,71,0,
42,6,bottom,other,490.26,262.368,304,89,0,
42,7,bottom,host,239.36,202.907,58,71,0,
42,7,bottom,other,481.97,256.776,304,89,0,
42,8,bottom,host,247.84,197.608,58,71,0,
42,8,bottom,other,473.68,251.184,304,89,0,
42,9,bottom,host,256.32,192.309,58,71,0,
42,9,bottom,other,466.133,257.745,229,89,0,
42,10,bottom,host,264.8,187.01,58,71,0,
42,10,bottom,other,458.94,264.692,226,89,0,
42,11,bottom,host,273.28,181.711,58,71,0,
42,11,bottom,other,451.747,271.639,226,89,0,
42,12,bottom,host,281.76,176.412,58,71,0,
42,12,bottom,other,444.554,278.586,226,89,0,
42,13,bottom,host,290.24,171.113,58,71,0,
42,13,bottom,other,437.361,285.533,226,89,0,
42,14,bottom,host,298.72,165.814,58,71,0,
42,14,bottom,other,430.168,292.48,226,89,0,
42,15,bottom,host,307.2,160.515,58,71,0,
42,15,bottom,other,422.975,299.427,226,89,0,
42,16,bottom,host,315.68,155.216,58,71,0,
42,16,bottom,other,415.782,306.374,226,89,0,
42,17,bottom,host,324.16,149.917,58,71,0,
42,17,bottom,other,408.589,313.321,226,89,0,
42,18,bottom,host,332.64,144.618,58,71,0,
42,18,bottom,other,401.396,320.268,226,89,0,
42,19,bottom,host,341.12,139.319,58,71,0,
42,19,bottom,other,394.203,327.215,226,89,0,
42,20,bottom,host,349.6,134.02,58,72,0,
42,20,bottom,other,387.01,334.162,226,93,0,
42,21,bottom,host,349.6,134.02,58,72,0,
42,21,bottom,other,387.01,334.162,226,93,0,
42,22,bottom,host,349.6,134.02,58,72,0,
42,22,bottom,other,387.01,334.162,226,93,0,
43,1,top,host,188.48,234.701,58,72,0,
43,1,top,other,531.71,234.408,304,93,0,
43,2,top,host,196.96,229.402,58,72,0,
43,2,top,other,523.323,228.962,303,93,0,
43,3,top,host,205.44,224.103,58,72,0,
43,3,top,other,515.033,223.37,304,93,0,
43,4,top,host,213.92,218.804,58,72,0,
43,4,top,other,506.743,217.778,304,93,0,
43,5,top,host,222.4,213.505,58,72,0,
43,5,top,other,498.453,212.186,304,93,0,
43,6,top,host,230.88,208.206,58,72,0,
43,6,top,other,490.163,206.594,304,93,0,
43,7,top,host,239.36,202.907,58,72,0,
43,7,top,other,481.873,201.002,304,93,0,
43,8,top,host,247.84,197.608,58,72,0,
43,8,top,other,473.583,195.41,304,93,0,
43,9,top,host,256.32,192.309,58,72,0,
43,9,top,other,465.293,189.818,304,93,0,
43,10,top,host,264.8,187.01,58,72,0,
43,10,top,other,457.003,184.226,304,93,0,
43,11,top,host,273.28,181.711,58,72,0,
43,11,top,other,448.713,178.634,304,93,0,
43,12,top,host,281.76,176.412,58,72,0,
43,12,top,other,440.423,173.042,304,93,0,
43,13,top,host,290.24,171.113,58,72,0,
43,13,top,other,432.133,167.45,304,93,0,
43,14,top,host,298.72,165.814,58,72,0,
43,14,top,other,428.226,176.655,203,93,0,
43,15,top,host,307.2,160.515,58,72,0,
43,15,top,other,424.642,185.991,201,93,0,
43,16,top,host,315.68,155.216,58,72,0,
43,16,top,other,421.222,195.388,200,93,0,
43,17,top,host,324.16,149.917,58,72,0,
43,17,top,other,417.802,204.785,200,93,0,
43,18,top,host,332.64,144.618,58,72,0,
43,18,top,other,414.382,214.182,200,93,0,
43,19,top,host,341.12,139.319,58,72,0,
43,19,top,other,410.962,223.579,200,93,0,
43,20,top,host,349.6,134.02,58,76,0,
43,20,top,other,407.542,232.976,200,94,0,
43,21,top,host,349.6,134.02,58,76,0,
43,21,top,other,407.542,232.976,200,94,0,
43,22,top,host,349.6,134.02,58,76,0,
43,22,top,other,407.542,232.976,200,94,0,
44,1,top,host,190,240,90,76,0,
44,1,top,other,531.613,234.554,303,94,0,
44,2,top,host,200,240,90,76,0,
44,2,top,other,523.323,228.962,304,94,0,
44,3,top,host,210,240,90,76,0,
44,3,top,other,515.033,223.37,304,94,0,
44,4,top,host,218.29,245.592,124,76,0,
44,4,top,other,506.743,217.778,304,94,0,
44,5,top,host,226.58,251.184,124,76,0,
44,5,top,other,498.356,212.332,303,94,0,
44,6,top,host,234.87,256.776,124,76,0,
44,6,top,other,490.066,206.74,304,94,0,
44,7,top,host,243.16,262.368,124,76,0,
44,7,top,other,481.776,201.148,304,94,0,
44,8,top,host,251.45,267.96,124,76,0,
44,8,top,other,473.486,195.556,304,94,0,
44,9,top,host,259.74,273.552,124,76,0,
44,9,top,other,465.099,190.11,303,94,0,
44,10,top,host,268.03,279.144,124,76,0,
44,10,top,other,456.712,184.664,303,94,0,
44,11,top,host,276.32,284.736,124,76,0,
44,11,top,other,448.325,179.218,303,94,0,
44,12,top,host,284.61,290.328,124,76,0,
44,12,top,other,439.938,173.772,303,94,0,
44,13,top,host,292.9,295.92,124,76,0,
44,13,top,other,431.551,168.326,303,94,0,
44,14,top,host,301.19,301.512,124,76,0,
44,14,top,other,423.164,162.88,303,94,0,
44,15,top,host,309.48,307.104,124,76,0,
44,15,top,other,414.777,157.434,303,94,0,
44,16,top,host,317.77,312.696,124,76,0,
44,16,top,other,406.39,151.988,303,94,0,
44,17,top,host,326.06,318.288,124,76,0,
44,17,top,other,398.003,146.542,303,94,0,
44,18,top,host,334.35,323.88,124,76,0,
44,18,top,other,389.616,141.096,303,94,0,
44,19,top,host,342.64,329.472,124,76,0,
44,19,top,other,381.229,135.65,303,94,0,
44,20,top,host,350.93,335.064,124,77,0,
44,20,top,other,372.939,130.058,304,98,0,
44,21,top,host,350.93,335.064,124,77,0,
44,21,top,other,372.939,130.058,304,98,0,
44,22,top,host,350.93,335.064,124,77,0,
44,22,top,other,372.939,130.058,304,98,0,
45,1,top,host,188.48,234.701,58,77,0,
45,1,top,other,531.71,234.408,304,98,0,
45,2,top,host,196.96,229.402,58,77,0,
45,2,top,other,523.42,228.816,304,98,0,
45,3,top,host,205.44,224.103,58,77,0,
45,3,top,other,515.13,223.224,304,98,0,
45,4,top,host,213.92,218.804,58,77,0,
45,4,top,other,506.84,217.632,304,98,0,
45,5,top,host,222.4,213.505,58,77,0,
45,5,top,other,498.453,212.186,303,98,0,
45,6,top,host,230.88,208.206,58,77,0,
45,6,top,other,490.066,206.74,303,98,0,
45,7,top,host,239.36,202.907,58,77,0,
45,7,top,other,481.679,201.294,303,98,0,
45,8,top,host,247.84,197.608,58,77,0,
45,8,top,other,473.292,195.848,303,98,0,
45,9,top,host,256.32,192.309,58,77,0,
45,9,top,other,467.274,203.834,217,98,0,
45,10,top,host,264.8,187.01,58,77,0,
45,10,top,other,461.256,211.82,217,98,0,
45,11,top,host,273.28,181.711,58,77,0,
45,11,top,other,455.238,219.806,217,98,0,
45,12,top,host,281.76,176.412,58,77,0,
45,12,top,other,449.22,227.792,217,98,0,
45,13,top,host,290.24,171.113,58,77,0,
45,13,top,other,443.202,235.778,217,98,0,
45,14,top,host,298.72,165.814,58,77,0,
45,14,top,other,437.184,243.764,217,98,0,
45,15,top,host,307.2,160.515,58,77,0,
45,15,top,other,431.166,251.75,217,98,0,
45,16,top,host,315.68,155.216,58,77,0,
45,16,top,other,425.148,259.736,217,98,0,
45,17,top,host,324.16,149.917,58,77,0,
45,17,top,other,419.13,267.722,217,98,0,
45,18,top,host,332.64,144.618,58,77,0,
45,18,top,other,413.112,275.708,217,98,0,
45,19,top,host,341.12,139.319,58,77,0,
45,19,top,other,407.094,283.694,217,98,0,
45,20,top,host,349.6,134.02,58,81,0,
45,20,top,other,401.076,291.68,217,99,0,
45,21,top,host,349.6,134.02,58,81,0,
45,21,top,other,401.076,291.68,217,99,0,
45,22,top,host,349.6,134.02,58,81,0,
45,22,top,other,401.076,291.68,217,99,0,
46,1,bottom,host,188.387,234.554,57,81,0,
46,1,bottom,other,531.613,245.446,237,99,0,
46,2,bottom,host,196.774,229.108,57,81,0,
46,2,bottom,other,523.323,251.038,236,99,0,
46,3,bottom,host,205.161,223.662,57,81,0,
46,3,bottom,other,515.033,256.63,236,99,0,
46,4,bottom,host,213.548,218.216,57,81,0,
46,4,bottom,other,506.743,262.222,236,99,0,
46,5,bottom,host,221.935,212.77,57,81,0,
46,5,bottom,other,498.453,267.814,236,99,0,
46,6,bottom,host,230.322,207.324,57,81,0,
46,6,bottom,other,490.163,273.406,236,99,0,
46,7,bottom,host,238.709,201.878,57,81,0,
46,7,bottom,other,481.776,278.852,237,99,0,
46,8,bottom,host,247.096,196.432,57,81,0,
46,8,bottom,other,473.389,284.298,237,99,0,
46,9,bottom,host,255.483,190.986,57,81,0,
46,9,bottom,other,465.002,289.744,237,99,0,
46,10,bottom,host,263.87,185.54,57,81,0,
46,10,bottom,other,456.615,295.19,237,99,0,
46,11,bottom,host,272.257,180.094,57,81,0,
46,11,bottom,other,448.228,300.636,237,99,0,
46,12,bottom,host,280.644,174.648,57,81,0,
46,12,bottom,other,439.841,306.082,237,99,0,
46,13,bottom,host,289.031,169.202,57,81,0,
46,13,bottom,other,431.454,311.528,237,99,0,
46,14,bottom,host,297.418,163.756,57,81,0,
46,14,bottom,other,423.067,316.974,237,99,0,
46,15,bottom,host,305.805,158.31,57,81,0,
46,15,bottom,other,414.68,322.42,237,99,0,
46,16,bottom,host,314.192,152.864,57,81,0,
46,16,bottom,other,406.293,327.866,237,99,0,
46,17,bottom,host,322.579,147.418,57,81,0,
46,17,bottom,other,397.906,333.312,237,99,0,
46,18,bottom,host,330.966,141.972,57,81,0,
46,18,bottom,other,389.519,338.758,237,99,0,
46,19,bottom,host,339.353,136.526,57,81,0,
46,19,bottom,other,381.132,344.204,237,99,0,
46,20,bottom,host,347.74,131.08,57,82,0,
46,20,bottom,other,372.745,349.65,237,103,0,
46,21,bottom,host,347.74,131.08,57,82,0,
46,21,bottom,other,372.745,349.65,237,103,0,
46,22,bottom,host,347.74,131.08,57,82,0,
46,22,bottom,other,372.745,349.65,237,103,0,
47,1,bottom,host,188.09,245.878,126,82,0,
47,1,bottom,other,531.613,245.446,237,103,0,
47,2,bottom,host,196.18,251.756,126,82,0,
47,2,bottom,other,523.323,251.038,236,103,0,
47,3,bottom,host,204.27,257.634,126,82,0,
47,3,bottom,other,515.033,256.63,236,103,0,
47,4,bottom,host,212.36,263.512,126,82,0,
47,4,bottom,other,506.743,262.222,236,103,0,
47,5,bottom,host,220.45,269.39,126,82,0,
47,5,bottom,other,498.453,267.814,236,103,0,
47,6,bottom,host,228.54,275.268,126,82,0,
47,6,bottom,other,490.163,273.406,236,103,0,
47,7,bottom,host,236.63,281.146,126,82,0,
47,7,bottom,other,481.873,278.998,236,103,0,
47,8,bottom,host,244.72,287.024,126,82,0,
47,8,bottom,other,473.583,284.59,236,103,0,
47,9,bottom,host,252.81,292.902,126,82,0,
47,9,bottom,other,465.293,290.182,236,103,0,
47,10,bottom,host,260.9,298.78,126,82,0,
47,10,bottom,other,457.003,295.774,236,103,0,
47,11,bottom,host,268.99,304.658,126,82,0,
47,11,bottom,other,448.713,301.366,236,103,0,
47,12,bottom,host,277.08,310.536,126,82,0,
47,12,bottom,other,440.423,306.958,236,103,0,
47,13,bottom,host,285.17,316.414,126,82,0,
47,13,bottom,other,432.133,312.55,236,103,0,
47,14,bottom,host,293.26,322.292,126,82,0,
47,14,bottom,other,423.941,318.286,235,103,0,
47,15,bottom,host,301.35,328.17,126,82,0,
47,15,bottom,other,415.749,324.022,235,103,0,
47,16,bottom,host,309.44,334.048,126,82,0,
47,16,bottom,other,407.459,329.614,236,103,0,
47,17,bottom,host,317.53,339.926,126,82,0,
47,17,bottom,other,399.169,335.206,236,103,0,
47,18,bottom,host,325.62,345.804,126,82,0,
47,18,bottom,other,390.879,340.798,236,103,0,
47,19,bottom,host,333.71,351.682,126,82,0,
47,19,bottom,other,382.687,346.534,235,103,0,
47,20,bottom,host,341.8,357.56,126,82,0,
47,20,bottom,other,374.495,352.27,235,103,0,
47,21,bottom,host,341.8,357.56,126,82,0,
47,21,bottom,other,374.495,352.27,235,103,0,
47,22,bottom,host,341.8,357.56,126,82,0,
47,22,bottom,other,374.495,352.27,235,103,0,
48,1,top,host,188.09,234.122,54,82,0,
48,1,top,other,531.71,234.408,304,103,0,
48,2,top,host,196.18,228.244,54,82,0,
48,2,top,other,523.42,228.816,304,103,0,
48,3,top,host,204.27,222.366,54,82,0,
48,3,top,other,515.13,223.224,304,103,0,
48,4,top,host,212.36,216.488,54,82,0,
48,4,top,other,506.84,217.632,304,103,0,
48,5,top,host,220.45,210.61,54,82,0,
48,5,top,other,498.55,212.04,304,103,0,
48,6,top,host,228.54,204.732,54,82,0,
48,6,top,other,490.26,206.448,304,103,0,
48,7,top,host,236.63,198.854,54,82,0,
48,7,top,other,481.97,200.856,304,103,0,
48,8,top,host,244.72,192.976,54,82,0,
48,8,top,other,473.68,195.264,304,103,0,
48,9,top,host,252.81,187.098,54,82,0,
48,9,top,other,465.39,189.672,304,103,0,
48,10,top,host,260.9,181.22,54,82,0,
48,10,top,other,457.1,184.08,304,103,0,
48,11,top,host,268.99,175.342,54,82,0,
48,11,top,other,448.81,178.488,304,103,0,
48,12,top,host,277.08,169.464,54,82,0,
48,12,top,other,440.423,173.042,303,103,0,
48,13,top,host,285.17,163.586,54,82,0,
48,13,top,other,432.036,167.596,303,103,0,
48,14,top,host,293.26,157.708,54,82,0,
48,14,top,other,423.649,162.15,303,103,0,
48,15,top,host,301.35,151.83,54,82,0,
48,15,top,other,420.065,171.486,201,103,0,
48,16,top,host,309.44,145.952,54,82,0,
48,16,top,other,416.481,180.822,201,103,0,
48,17,top,host,317.53,140.074,54,82,0,
48,17,top,other,412.897,190.158,201,103,0,
48,18,top,host,325.62,134.196,54,82,0,
48,18,top,other,409.313,199.494,201,103,0,
48,19,top,host,333.71,128.318,54,82,0,
48,19,top,other,405.729,208.83,201,103,0,
48,20,top,host,341.8,122.44,54,82,0,
48,20,top,other,402.145,218.166,201,103,0,
48,21,top,host,349.89,116.562,54,86,0,
48,21,top,other,398.561,227.502,201,104,0,
48,22,top,host,349.89,116.562,54,86,0,
48,22,top,other,398.561,227.502,201,104,0,
48,23,top,host,349.89,116.562,54,86,0,
48,23,top,other,398.561,227.502,201,104,0,
49,1,bottom,host,188.09,245.878,126,86,0,
49,1,bottom,other,531.808,245.736,235,104,0,
49,2,bottom,host,196.18,251.756,126,86,0,
49,2,bottom,other,523.518,251.328,236,104,0,
49,3,bottom,host,204.27,257.634,126,86,0,
49,3,bottom,other,515.131,256.774,237,104,0,
49,4,bottom,host,212.36,263.512,126,86,0,
49,4,bottom,other,506.841,262.366,236,104,0,
49,5,bottom,host,220.45,269.39,126,86,0,
49,5,bottom,other,498.551,267.958,236,104,0,
49,6,bottom,host,228.54,275.268,126,86,0,
49,6,bottom,other,490.164,273.404,237,104,0,
49,7,bottom,host,236.63,281.146,126,86,0,
49,7,bottom,other,481.777,278.85,237,104,0,
49,8,bottom,host,244.72,287.024,126,86,0,
49,8,bottom,other,473.39,284.296,237,104,0,
49,9,bottom,host,252.81,292.902,126,86,0,
49,9,bottom,other,465.003,289.742,237,104,0,
49,10,bottom,host,260.9,298.78,126,86,0,
49,10,bottom,other,456.713,295.334,236,104,0,
49,11,bottom,host,268.99,304.658,126,86,0,
49,11,bottom,other,448.423,300.926,236,104,0,
49,12,bottom,host,277.08,310.536,126,86,0,
49,12,bottom,other,440.133,306.518,236,104,0,
49,13,bottom,host,285.17,316.414,126,86,0,
49,13,bottom,other,431.746,311.964,237,104,0,
49,14,bottom,host,293.26,322.292,126,86,0,
49,14,bottom,other,423.359,317.41,237,104,0,
49,15,bottom,host,301.35,328.17,126,86,0,
49,15,bottom,other,415.069,323.002,236,104,0,
49,16,bottom,host,309.44,334.048,126,86,0,
49,16,bottom,other,406.779,328.594,236,104,0,
49,17,bottom,host,317.53,339.926,126,86,0,
49,17,bottom,other,398.689,334.472,234,104,0,
49,18,bottom,host,325.62,345.804,126,86,0,
49,18,bottom,other,390.599,340.35,234,104,0,
49,19,bottom,host,333.71,351.682,126,86,0,
49,19,bottom,other,382.027,345.5,239,104,0,
49,20,bottom,host,341.8,357.56,126,86,0,
49,20,bottom,other,373.547,350.799,238,104,0,
49,21,bottom,host,341.8,357.56,126,86,0,
49,21,bottom,other,373.547,350.799,238,104,0,
49,22,bottom,host,341.8,357.56,126,86,0,
49,22,bottom,other,373.547,350.799,238,104,0,
50,1,bottom,host,187.986,246.018,127,86,0,
50,1,bottom,other,531.71,245.592,236,104,0,
50,2,bottom,host,195.972,252.036,127,86,0,
50,2,bottom,other,523.42,251.184,236,104,0,
50,3,bottom,host,203.958,258.054,127,86,0,
50,3,bottom,other,515.13,256.776,236,104,0,
50,4,bottom,host,211.944,264.072,127,86,0,
50,4,bottom,other,506.84,262.368,236,104,0,
50,5,bottom,host,219.93,270.09,127,86,0,
50,5,bottom,other,498.55,267.96,236,104,0,
50,6,bottom,host,227.916,276.108,127,86,0,
50,6,bottom,other,490.26,273.552,236,104,0,
50,7,bottom,host,235.902,282.126,127,86,0,
50,7,bottom,other,481.97,279.144,236,104,0,
50,8,bottom,host,243.888,288.144,127,86,0,
50,8,bottom,other,473.68,284.736,236,104,0,
50,9,bottom,host,251.874,294.162,127,86,0,
50,9,bottom,other,465.39,290.328,236,104,0,
50,10,bottom,host,259.86,300.18,127,86,0,
50,10,bottom,other,457.1,295.92,236,104,0,
50,11,bottom,host,267.846,306.198,127,86,0,
50,11,bottom,other,448.81,301.512,236,104,0,
50,12,bottom,host,275.832,312.216,127,86,0,
50,12,bottom,other,440.52,307.104,236,104,0,
50,13,bottom,host,283.818,318.234,127,86,0,
50,13,bottom,other,432.23,312.696,236,104,0,
50,14,bottom,host,291.804,324.252,127,86,0,
50,14,bottom,other,423.94,318.288,236,104,0,
50,15,bottom,host,299.79,330.27,127,86,0,
50,15,bottom,other,420.194,309.016,338,104,0,
50,16,bottom,host,307.776,336.288,127,86,0,
50,16,bottom,other,417.27,299.453,343,104,0,
50,17,bottom,host,315.762,342.306,127,86,0,
50,17,bottom,other,414.346,289.89,343,104,0,
50,18,bottom,host,323.748,348.324,127,86,0,
50,18,bottom,other,411.422,280.327,343,104,0,
50,19,bottom,host,331.734,354.342,127,86,0,
50,19,bottom,other,408.498,270.764,343,104,0,
50,20,bottom,host,339.72,360.36,127,86,0,
50,20,bottom,other,405.574,261.201,343,104,0,
50,21,bottom,host,347.706,366.378,127,90,0,
50,21,bottom,other,402.65,251.638,343,105,0,
50,22,bottom,host,347.706,366.378,127,90,0,
50,22,bottom,other,402.65,251.638,343,105,0,
50,23,bottom,host,347.706,366.378,127,90,0,
50,23,bottom,other,402.65,251.638,343,105,0,
