1,1,top,host,188.746,235.152,61,0,0,
1,1,top,other,530,240,270,0,0,
1,2,top,host,197.492,230.304,61,0,0,
1,2,top,other,522.34,233.572,310,0,0,
1,3,top,host,206.238,225.456,61,0,0,
1,3,top,other,514.68,227.144,310,0,0,
1,4,top,host,214.984,220.608,61,0,0,
1,4,top,other,506.488,221.408,305,0,0,
1,5,top,host,223.73,215.76,61,0,0,
1,5,top,other,498.296,215.672,305,0,0,
1,6,top,host,232.476,210.912,61,0,0,
1,6,top,other,490.104,209.936,305,0,0,
1,7,top,host,241.136,205.912,60,0,0,
1,7,top,other,481.912,204.2,305,0,0,
1,8,top,host,249.882,201.064,61,0,0,
1,8,top,other,473.72,198.464,305,0,0,
1,9,top,host,258.542,196.064,60,0,0,
1,9,top,other,465.528,192.728,305,0,0,
1,10,top,host,267.288,191.216,61,0,0,
1,10,top,other,457.336,186.992,305,0,0,
1,11,top,host,275.948,186.216,60,0,0,
1,11,top,other,449.144,181.256,305,0,0,
1,12,top,host,284.694,181.368,61,0,0,
1,12,top,other,440.952,175.52,305,0,0,
1,13,top,host,293.354,176.368,60,0,0,
1,13,top,other,432.76,169.784,305,0,0,
1,14,top,host,302.1,171.52,61,0,0,
1,14,top,other,424.568,164.048,305,0,0,
1,15,top,host,308.791,164.089,42,0,0,
1,15,top,other,416.376,158.312,305,0,0,
1,16,top,host,315.352,156.542,41,0,0,
1,16,top,other,408.184,152.576,305,0,0,
1,17,top,host,322.043,149.111,42,0,0,
1,17,top,other,399.992,146.84,305,0,0,
1,18,top,host,328.734,141.68,42,0,0,
1,18,top,other,391.8,141.104,305,0,0,
1,19,top,host,338.728,142.029,92,0,0,
1,19,top,other,383.608,135.368,305,0,0,
1,20,top,host,346.499,135.736,51,0,0,
1,20,top,other,375.416,129.632,305,0,0,
1,21,top,host,354.379,129.579,52,0,0,
1,21,top,other,367.224,123.896,305,0,0,
1,22,top,host,354.379,129.579,51,0,0,
1,22,top,other,367.224,123.896,305,0,0,
1,23,top,host,361.199,136.893,137,0,0,
1,23,top,other,367.224,123.896,305,0,0,
2,1,bottom,host,188.192,245.736,125,0,0,
2,1,bottom,other,530,240,270,0,0,
2,2,bottom,host,196.384,251.472,125,0,0,
2,2,bottom,other,521.91,234.122,306,0,0,
2,3,bottom,host,204.576,257.208,125,0,0,
2,3,bottom,other,513.82,228.244,306,0,0,
2,4,bottom,host,212.768,262.944,125,0,0,
2,4,bottom,other,505.73,222.366,306,0,0,
2,5,bottom,host,220.96,268.68,125,0,0,
2,5,bottom,other,497.64,216.488,306,0,0,
2,6,bottom,host,229.152,274.416,125,0,0,
2,6,bottom,other,490.693,223.681,224,0,0,
2,7,bottom,host,237.344,280.152,125,0,0,
2,7,bottom,other,483.746,230.874,224,0,0,
2,8,bottom,host,245.536,285.888,125,0,0,
2,8,bottom,other,476.799,238.067,224,0,0,
2,9,bottom,host,253.728,291.624,125,0,0,
2,9,bottom,other,469.852,245.26,224,0,0,
2,10,bottom,host,261.92,297.36,125,0,0,
2,10,bottom,other,462.905,252.453,224,0,0,
2,11,bottom,host,270.112,303.096,125,0,0,
2,11,bottom,other,455.958,259.646,224,0,0,
2,12,bottom,host,278.304,308.832,125,0,0,
2,12,bottom,other,449.011,266.839,224,0,0,
2,13,bottom,host,286.496,314.568,125,0,0,
2,13,bottom,other,442.064,274.032,224,0,0,
2,14,bottom,host,294.688,320.304,125,0,0,
2,14,bottom,other,435.117,281.225,224,0,0,
2,15,bottom,host,303.168,325.603,122,0,0,
2,15,bottom,other,428.17,288.418,224,0,0,
2,16,bottom,host,311.74,330.753,121,0,0,
2,16,bottom,other,421.223,295.611,224,0,0,
2,17,bottom,host,320.22,336.052,122,0,0,
2,17,bottom,other,414.276,302.804,224,0,0,
2,18,bottom,host,328.792,341.202,121,0,0,
2,18,bottom,other,407.329,309.997,224,0,0,
2,19,bottom,host,337.272,346.501,122,0,0,
2,19,bottom,other,400.382,317.19,224,0,0,
2,20,bottom,host,345.844,351.651,121,0,0,
2,20,bottom,other,393.435,324.383,224,0,0,
2,21,bottom,host,354.324,356.95,122,0,0,
2,21,bottom,other,393.435,324.383,224,0,0,
2,22,bottom,host,354.324,356.95,121,0,0,
2,22,bottom,other,393.435,324.383,224,0,0,
3,1,bottom,host,188.29,245.592,124,0,0,
3,1,bottom,other,530,240,270,0,0,
3,2,bottom,host,196.58,251.184,124,0,0,
3,2,bottom,other,521.808,245.736,235,0,0,
3,3,bottom,host,204.87,256.776,124,0,0,
3,3,bottom,other,513.616,251.472,235,0,0,
3,4,bottom,host,213.16,262.368,124,0,0,
3,4,bottom,other,505.424,257.208,235,0,0,
3,5,bottom,host,221.45,267.96,124,0,0,
3,5,bottom,other,497.232,262.944,235,0,0,
3,6,bottom,host,229.74,273.552,124,0,0,
3,6,bottom,other,489.04,268.68,235,0,0,
3,7,bottom,host,238.03,279.144,124,0,0,
3,7,bottom,other,480.848,274.416,235,0,0,
3,8,bottom,host,246.32,284.736,124,0,0,
3,8,bottom,other,472.656,280.152,235,0,0,
3,9,bottom,host,254.61,290.328,124,0,0,
3,9,bottom,other,464.464,285.888,235,0,0,
3,10,bottom,host,262.9,295.92,124,0,0,
3,10,bottom,other,456.272,291.624,235,0,0,
3,11,bottom,host,271.092,301.656,125,0,0,
3,11,bottom,other,448.08,297.36,235,0,0,
3,12,bottom,host,279.382,307.248,124,0,0,
3,12,bottom,other,439.888,303.096,235,0,0,
3,13,bottom,host,287.574,312.984,125,0,0,
3,13,bottom,other,431.696,308.832,235,0,0,
3,14,bottom,host,295.864,318.576,124,0,0,
3,14,bottom,other,423.504,314.568,235,0,0,
3,15,bottom,host,304.056,324.312,125,0,0,
3,15,bottom,other,415.312,320.304,235,0,0,
3,16,bottom,host,312.346,329.904,124,0,0,
3,16,bottom,other,407.12,326.04,235,0,0,
3,17,bottom,host,320.538,335.64,125,0,0,
3,17,bottom,other,398.928,331.776,235,0,0,
3,18,bottom,host,328.828,341.232,124,0,0,
3,18,bottom,other,390.736,337.512,235,0,0,
3,19,bottom,host,337.02,346.968,125,0,0,
3,19,bottom,other,382.544,343.248,235,0,0,
3,20,bottom,host,345.31,352.56,124,0,0,
3,20,bottom,other,374.352,348.984,235,0,0,
3,21,bottom,host,353.502,358.296,125,0,0,
3,21,bottom,other,374.352,348.984,235,0,0,
3,22,bottom,host,353.502,358.296,124,0,0,
3,22,bottom,other,374.352,348.984,235,0,0,
4,1,bottom,host,188.29,245.592,124,0,0,
4,1,bottom,other,531.71,234.408,304,0,0,
4,2,bottom,host,196.58,251.184,124,0,0,
4,2,bottom,other,523.42,228.816,304,0,0,
4,3,bottom,host,204.87,256.776,124,0,0,
4,3,bottom,other,515.13,223.224,304,0,0,
4,4,bottom,host,213.16,262.368,124,0,0,
4,4,bottom,other,506.84,217.632,304,0,0,
4,5,bottom,host,221.45,267.96,124,0,0,
4,5,bottom,other,498.55,212.04,304,0,0,
4,6,bottom,host,229.74,273.552,124,0,0,
4,6,bottom,other,490.26,206.448,304,0,0,
4,7,bottom,host,237.932,279.288,125,0,0,
4,7,bottom,other,481.97,200.856,304,0,0,
4,8,bottom,host,246.124,285.024,125,0,0,
4,8,bottom,other,473.68,195.264,304,0,0,
4,9,bottom,host,254.316,290.76,125,0,0,
4,9,bottom,other,465.39,189.672,304,0,0,
4,10,bottom,host,262.508,296.496,125,0,0,
4,10,bottom,other,457.1,184.08,304,0,0,
4,11,bottom,host,270.7,302.232,125,0,0,
4,11,bottom,other,448.81,178.488,304,0,0,
4,12,bottom,host,278.892,307.968,125,0,0,
4,12,bottom,other,440.52,172.896,304,0,0,
4,13,bottom,host,287.084,313.704,125,0,0,
4,13,bottom,other,432.23,167.304,304,0,0,
4,14,bottom,host,295.276,319.44,125,0,0,
4,14,bottom,other,423.94,161.712,304,0,0,
4,15,bottom,host,303.468,325.176,125,0,0,
4,15,bottom,other,415.65,156.12,304,0,0,
4,16,bottom,host,311.66,330.912,125,0,0,
4,16,bottom,other,407.36,150.528,304,0,0,
4,17,bottom,host,319.852,336.648,125,0,0,
4,17,bottom,other,399.07,144.936,304,0,0,
4,18,bottom,host,328.044,342.384,125,0,0,
4,18,bottom,other,390.78,139.344,304,0,0,
4,19,bottom,host,336.236,348.12,125,0,0,
4,19,bottom,other,382.49,133.752,304,0,0,
4,20,bottom,host,344.326,353.998,126,4,0,
4,20,bottom,other,374.2,128.16,304,1,0,
4,21,bottom,host,352.518,359.734,125,4,0,
4,21,bottom,other,374.2,128.16,304,1,0,
4,22,bottom,host,352.518,359.734,126,4,0,
4,22,bottom,other,374.2,128.16,304,1,0,
5,1,bottom,host,188.192,245.736,125,4,0,
5,1,bottom,other,531.71,245.592,236,1,0,
5,2,bottom,host,196.482,251.328,124,4,0,
5,2,bottom,other,523.42,251.184,236,1,0,
5,3,bottom,host,204.772,256.92,124,4,0,
5,3,bottom,other,515.13,256.776,236,1,0,
5,4,bottom,host,213.062,262.512,124,4,0,
5,4,bottom,other,506.84,262.368,236,1,0,
5,5,bottom,host,221.449,267.958,123,4,0,
5,5,bottom,other,498.55,267.96,236,1,0,
5,6,bottom,host,229.739,273.55,124,4,0,
5,6,bottom,other,490.26,273.552,236,1,0,
5,7,bottom,host,238.126,278.996,123,4,0,
5,7,bottom,other,481.97,279.144,236,1,0,
5,8,bottom,host,246.416,284.588,124,4,0,
5,8,bottom,other,473.68,284.736,236,1,0,
5,9,bottom,host,254.803,290.034,123,4,0,
5,9,bottom,other,465.39,290.328,236,1,0,
5,10,bottom,host,263.093,295.626,124,4,0,
5,10,bottom,other,457.1,295.92,236,1,0,
5,11,bottom,host,271.48,301.072,123,4,0,
5,11,bottom,other,448.81,301.512,236,1,0,
5,12,bottom,host,279.77,306.664,124,4,0,
5,12,bottom,other,440.52,307.104,236,1,0,
5,13,bottom,host,288.157,312.11,123,4,0,
5,13,bottom,other,432.23,312.696,236,1,0,
5,14,bottom,host,296.447,317.702,124,4,0,
5,14,bottom,other,423.94,318.288,236,1,0,
5,15,bottom,host,304.834,323.148,123,4,0,
5,15,bottom,other,415.65,323.88,236,1,0,
5,16,bottom,host,313.124,328.74,124,4,0,
5,16,bottom,other,407.36,329.472,236,1,0,
5,17,bottom,host,321.511,334.186,123,4,0,
5,17,bottom,other,399.07,335.064,236,1,0,
5,18,bottom,host,329.898,339.632,123,4,0,
5,18,bottom,other,390.78,340.656,236,1,0,
5,19,bottom,host,338.285,345.078,123,4,0,
5,19,bottom,other,382.49,346.248,236,1,0,
5,20,bottom,host,346.672,350.524,123,4,0,
5,20,bottom,other,374.2,351.84,236,1,0,
5,21,bottom,host,346.672,350.524,123,4,0,
5,21,bottom,other,374.2,351.84,236,1,0,
5,22,bottom,host,346.672,350.524,123,4,0,
5,22,bottom,other,374.2,351.84,236,1,0,
6,1,top,host,190,240,90,4,0,
6,1,top,other,531.34,235,300,1,0,
6,2,top,host,198.09,245.878,126,4,0,
6,2,top,other,522.68,230,300,1,0,
6,3,top,host,206.18,251.756,126,4,0,
6,3,top,other,514.02,225,300,1,0,
6,4,top,host,214.27,257.634,126,4,0,
6,4,top,other,505.36,220,300,1,0,
6,5,top,host,222.256,263.652,127,4,0,
6,5,top,other,496.7,215,300,1,0,
6,6,top,host,230.346,269.53,126,4,0,
6,6,top,other,488.41,209.408,304,1,0,
6,7,top,host,238.332,275.548,127,4,0,
6,7,top,other,480.12,203.816,304,1,0,
6,8,top,host,246.422,281.426,126,4,0,
6,8,top,other,471.83,198.224,304,1,0,
6,9,top,host,254.408,287.444,127,4,0,
6,9,top,other,463.54,192.632,304,1,0,
6,10,top,host,262.394,293.462,127,4,0,
6,10,top,other,455.25,187.04,304,1,0,
6,11,top,host,270.38,299.48,127,4,0,
6,11,top,other,446.96,181.448,304,1,0,
6,12,top,host,278.366,305.498,127,4,0,
6,12,top,other,438.67,175.856,304,1,0,
6,13,top,host,286.352,311.516,127,4,0,
6,13,top,other,430.38,170.264,304,1,0,
6,14,top,host,294.338,317.534,127,4,0,
6,14,top,other,422.09,164.672,304,1,0,
6,15,top,host,302.324,323.552,127,4,0,
6,15,top,other,413.8,159.08,304,1,0,
6,16,top,host,310.414,329.43,126,4,0,
6,16,top,other,405.51,153.488,304,1,0,
6,17,top,host,318.4,335.448,127,4,0,
6,17,top,other,397.22,147.896,304,1,0,
6,18,top,host,326.49,341.326,126,4,0,
6,18,top,other,388.93,142.304,304,1,0,
6,19,top,host,334.476,347.344,127,4,0,
6,19,top,other,380.64,136.712,304,1,0,
6,20,top,host,342.566,353.222,126,5,0,
6,20,top,other,372.35,131.12,304,5,0,
6,21,top,host,350.552,359.24,127,5,0,
6,21,top,other,372.35,131.12,304,5,0,
6,22,top,host,358.642,365.118,126,5,0,
6,22,top,other,372.35,131.12,304,5,0,
7,1,top,host,188.572,234.85,59,5,0,
7,1,top,other,531.808,245.736,235,5,0,
7,2,top,host,197.144,229.7,59,5,0,
7,2,top,other,523.616,251.472,235,5,0,
7,3,top,host,205.716,224.55,59,5,0,
7,3,top,other,515.424,257.208,235,5,0,
7,4,top,host,214.288,219.4,59,5,0,
7,4,top,other,507.232,262.944,235,5,0,
7,5,top,host,222.86,214.25,59,5,0,
7,5,top,other,499.04,268.68,235,5,0,
7,6,top,host,231.432,209.1,59,5,0,
7,6,top,other,490.848,274.416,235,5,0,
7,7,top,host,240.004,203.95,59,5,0,
7,7,top,other,482.656,280.152,235,5,0,
7,8,top,host,248.576,198.8,59,5,0,
7,8,top,other,474.464,285.888,235,5,0,
7,9,top,host,257.056,193.501,58,5,0,
7,9,top,other,466.272,291.624,235,5,0,
7,10,top,host,265.628,188.351,59,5,0,
7,10,top,other,458.08,297.36,235,5,0,
7,11,top,host,274.108,183.052,58,5,0,
7,11,top,other,449.888,303.096,235,5,0,
7,12,top,host,282.68,177.902,59,5,0,
7,12,top,other,441.696,308.832,235,5,0,
7,13,top,host,291.16,172.603,58,5,0,
7,13,top,other,433.504,314.568,235,5,0,
7,14,top,host,299.732,167.453,59,5,0,
7,14,top,other,425.312,320.304,235,5,0,
7,15,top,host,308.212,162.154,58,5,0,
7,15,top,other,417.12,326.04,235,5,0,
7,16,top,host,316.784,157.004,59,5,0,
7,16,top,other,408.928,331.776,235,5,0,
7,17,top,host,325.264,151.705,58,5,0,
7,17,top,other,400.736,337.512,235,5,0,
7,18,top,host,333.836,146.555,59,5,0,
7,18,top,other,392.544,343.248,235,5,0,
7,19,top,host,342.316,141.256,58,5,0,
7,19,top,other,384.352,348.984,235,5,0,
7,20,top,host,350.888,136.106,59,9,0,
7,20,top,other,376.16,354.72,235,6,0,
7,21,top,host,359.368,130.807,58,9,0,
7,21,top,other,376.16,354.72,235,6,0,
7,22,top,host,359.368,130.807,59,9,0,
7,22,top,other,376.16,354.72,235,6,0,
8,1,top,host,188.29,245.592,124,9,0,
8,1,top,other,531.71,234.408,304,6,0,
8,2,top,host,196.58,251.184,124,9,0,
8,2,top,other,523.42,228.816,304,6,0,
8,3,top,host,204.87,256.776,124,9,0,
8,3,top,other,515.13,223.224,304,6,0,
8,4,top,host,213.16,262.368,124,9,0,
8,4,top,other,506.84,217.632,304,6,0,
8,5,top,host,221.45,267.96,124,9,0,
8,5,top,other,498.55,212.04,304,6,0,
8,6,top,host,229.74,273.552,124,9,0,
8,6,top,other,490.26,206.448,304,6,0,
8,7,top,host,238.03,279.144,124,9,0,
8,7,top,other,481.97,200.856,304,6,0,
8,8,top,host,246.32,284.736,124,9,0,
8,8,top,other,473.68,195.264,304,6,0,
8,9,top,host,254.61,290.328,124,9,0,
8,9,top,other,465.39,189.672,304,6,0,
8,10,top,host,262.9,295.92,124,9,0,
8,10,top,other,457.1,184.08,304,6,0,
8,11,top,host,271.19,301.512,124,9,0,
8,11,top,other,448.81,178.488,304,6,0,
8,12,top,host,279.48,307.104,124,9,0,
8,12,top,other,440.52,172.896,304,6,0,
8,13,top,host,287.77,312.696,124,9,0,
8,13,top,other,432.23,167.304,304,6,0,
8,14,top,host,296.06,318.288,124,9,0,
8,14,top,other,423.94,161.712,304,6,0,
8,15,top,host,304.35,323.88,124,9,0,
8,15,top,other,415.65,156.12,304,6,0,
8,16,top,host,312.64,329.472,124,9,0,
8,16,top,other,407.36,150.528,304,6,0,
8,17,top,host,320.93,335.064,124,9,0,
8,17,top,other,399.07,144.936,304,6,0,
8,18,top,host,329.22,340.656,124,9,0,
8,18,top,other,390.78,139.344,304,6,0,
8,19,top,host,337.51,346.248,124,9,0,
8,19,top,other,382.49,133.752,304,6,0,
8,20,top,host,345.8,351.84,124,10,0,
8,20,top,other,374.2,128.16,304,10,0,
8,21,top,host,345.8,351.84,124,10,0,
8,21,top,other,374.2,128.16,304,10,0,
8,22,top,host,345.8,351.84,124,10,0,
8,22,top,other,374.2,128.16,304,10,0,
9,1,top,host,188.48,234.701,58,10,0,
9,1,top,other,531.71,245.592,236,10,0,
9,2,top,host,196.96,229.402,58,10,0,
9,2,top,other,523.42,251.184,236,10,0,
9,3,top,host,205.44,224.103,58,10,0,
9,3,top,other,515.13,256.776,236,10,0,
9,4,top,host,213.92,218.804,58,10,0,
9,4,top,other,506.84,262.368,236,10,0,
9,5,top,host,222.4,213.505,58,10,0,
9,5,top,other,498.55,267.96,236,10,0,
9,6,top,host,230.88,208.206,58,10,0,
9,6,top,other,490.26,273.552,236,10,0,
9,7,top,host,239.36,202.907,58,10,0,
9,7,top,other,481.97,279.144,236,10,0,
9,8,top,host,247.84,197.608,58,10,0,
9,8,top,other,473.68,284.736,236,10,0,
9,9,top,host,256.32,192.309,58,10,0,
9,9,top,other,465.39,290.328,236,10,0,
9,10,top,host,264.8,187.01,58,10,0,
9,10,top,other,457.1,295.92,236,10,0,
9,11,top,host,273.28,181.711,58,10,0,
9,11,top,other,448.81,301.512,236,10,0,
9,12,top,host,281.76,176.412,58,10,0,
9,12,top,other,440.52,307.104,236,10,0,
9,13,top,host,290.24,171.113,58,10,0,
9,13,top,other,432.23,312.696,236,10,0,
9,14,top,host,298.72,165.814,58,10,0,
9,14,top,other,423.94,318.288,236,10,0,
9,15,top,host,307.2,160.515,58,10,0,
9,15,top,other,415.65,323.88,236,10,0,
9,16,top,host,315.68,155.216,58,10,0,
9,16,top,other,407.36,329.472,236,10,0,
9,17,top,host,324.16,149.917,58,10,0,
9,17,top,other,399.07,335.064,236,10,0,
9,18,top,host,332.64,144.618,58,10,0,
9,18,top,other,390.78,340.656,236,10,0,
9,19,top,host,341.12,139.319,58,10,0,
9,19,top,other,382.49,346.248,236,10,0,
9,20,top,host,349.6,134.02,58,14,0,
9,20,top,other,374.2,351.84,236,11,0,
9,21,top,host,349.6,134.02,58,14,0,
9,21,top,other,374.2,351.84,236,11,0,
9,22,top,host,349.6,134.02,58,14,0,
9,22,top,other,374.2,351.84,236,11,0,
10,1,top,host,190,240,90,14,0,
10,1,top,other,531.71,234.408,304,11,0,
10,2,top,host,198.29,245.592,124,14,0,
10,2,top,other,523.42,228.816,304,11,0,
10,3,top,host,206.58,251.184,124,14,0,
10,3,top,other,515.13,223.224,304,11,0,
10,4,top,host,214.87,256.776,124,14,0,
10,4,top,other,506.84,217.632,304,11,0,
10,5,top,host,223.16,262.368,124,14,0,
10,5,top,other,498.55,212.04,304,11,0,
10,6,top,host,231.45,267.96,124,14,0,
10,6,top,other,490.26,206.448,304,11,0,
10,7,top,host,239.74,273.552,124,14,0,
10,7,top,other,481.97,200.856,304,11,0,
10,8,top,host,248.03,279.144,124,14,0,
10,8,top,other,473.68,195.264,304,11,0,
10,9,top,host,256.32,284.736,124,14,0,
10,9,top,other,465.39,189.672,304,11,0,
10,10,top,host,264.61,290.328,124,14,0,
10,10,top,other,457.1,184.08,304,11,0,
10,11,top,host,272.9,295.92,124,14,0,
10,11,top,other,448.81,178.488,304,11,0,
10,12,top,host,281.19,301.512,124,14,0,
10,12,top,other,440.52,172.896,304,11,0,
10,13,top,host,289.48,307.104,124,14,0,
10,13,top,other,432.23,167.304,304,11,0,
10,14,top,host,297.77,312.696,124,14,0,
10,14,top,other,423.94,161.712,304,11,0,
10,15,top,host,306.06,318.288,124,14,0,
10,15,top,other,415.65,156.12,304,11,0,
10,16,top,host,314.35,323.88,124,14,0,
10,16,top,other,407.36,150.528,304,11,0,
10,17,top,host,322.64,329.472,124,14,0,
10,17,top,other,399.07,144.936,304,11,0,
10,18,top,host,330.93,335.064,124,14,0,
10,18,top,other,390.78,139.344,304,11,0,
10,19,top,host,339.22,340.656,124,14,0,
10,19,top,other,382.49,133.752,304,11,0,
10,20,top,host,347.51,346.248,124,15,0,
10,20,top,other,374.2,128.16,304,15,0,
10,21,top,host,347.51,346.248,124,15,0,
10,21,top,other,374.2,128.16,304,15,0,
10,22,top,host,347.51,346.248,124,15,0,
10,22,top,other,374.2,128.16,304,15,0,
11,1,top,host,190,240,90,15,0,
11,1,top,other,530,240,270,15,0,
11,2,top,host,198.387,234.554,57,15,0,
11,2,top,other,521.91,245.878,234,15,0,
11,3,top,host,206.774,229.108,57,15,0,
11,3,top,other,513.82,251.756,234,15,0,
11,4,top,host,215.161,223.662,57,15,0,
11,4,top,other,505.73,257.634,234,15,0,
11,5,top,host,223.548,218.216,57,15,0,
11,5,top,other,497.64,263.512,234,15,0,
11,6,top,host,231.935,212.77,57,15,0,
11,6,top,other,489.55,269.39,234,15,0,
11,7,top,host,240.322,207.324,57,15,0,
11,7,top,other,481.46,275.268,234,15,0,
11,8,top,host,248.709,201.878,57,15,0,
11,8,top,other,473.37,281.146,234,15,0,
11,9,top,host,257.096,196.432,57,15,0,
11,9,top,other,465.28,287.024,234,15,0,
11,10,top,host,265.483,190.986,57,15,0,
11,10,top,other,455.464,288.932,259,15,0,
11,11,top,host,273.87,185.54,57,15,0,
11,11,top,other,445.648,290.84,259,15,0,
11,12,top,host,282.257,180.094,57,15,0,
11,12,top,other,435.832,292.748,259,15,0,
11,13,top,host,290.644,174.648,57,15,0,
11,13,top,other,425.838,293.097,268,15,0,
11,14,top,host,299.031,169.202,57,15,0,
11,14,top,other,415.844,293.446,268,15,0,
11,15,top,host,307.418,163.756,57,15,0,
11,15,top,other,405.85,293.795,268,15,0,
11,16,top,host,315.805,158.31,57,15,0,
11,16,top,other,395.856,294.144,268,15,0,
11,17,top,host,324.192,152.864,57,15,0,
11,17,top,other,385.862,294.493,268,15,0,
11,18,top,host,332.579,147.418,57,15,0,
11,18,top,other,393.522,288.065,50,15,0,
11,19,top,host,340.966,141.972,57,15,0,
11,19,top,other,401.182,281.637,50,15,0,
11,20,top,host,349.353,136.526,57,15,0,
11,20,top,other,407.339,289.517,142,15,0,
11,21,top,host,357.74,131.08,57,19,0,
11,21,top,other,413.496,297.397,142,16,0,
11,22,top,host,357.74,131.08,57,19,0,
11,22,top,other,413.496,297.397,142,16,0,
11,23,top,host,357.74,131.08,57,19,0,
11,23,top,other,413.496,297.397,142,16,0,
12,1,bottom,host,190,240,90,19,0,
12,1,bottom,other,531.613,245.446,237,16,0,
12,2,bottom,host,200,240,90,19,0,
12,2,bottom,other,523.226,250.892,237,16,0,
12,3,bottom,host,208.29,234.408,56,19,0,
12,3,bottom,other,514.839,256.338,237,16,0,
12,4,bottom,host,216.58,228.816,56,19,0,
12,4,bottom,other,506.452,261.784,237,16,0,
12,5,bottom,host,224.87,223.224,56,19,0,
12,5,bottom,other,498.065,267.23,237,16,0,
12,6,bottom,host,233.16,217.632,56,19,0,
12,6,bottom,other,489.678,272.676,237,16,0,
12,7,bottom,host,241.45,212.04,56,19,0,
12,7,bottom,other,481.291,278.122,237,16,0,
12,8,bottom,host,249.74,206.448,56,19,0,
12,8,bottom,other,472.904,283.568,237,16,0,
12,9,bottom,host,258.03,200.856,56,19,0,
12,9,bottom,other,464.517,289.014,237,16,0,
12,10,bottom,host,266.32,195.264,56,19,0,
12,10,bottom,other,456.13,294.46,237,16,0,
12,11,bottom,host,274.61,189.672,56,19,0,
12,11,bottom,other,447.743,299.906,237,16,0,
12,12,bottom,host,282.9,184.08,56,19,0,
12,12,bottom,other,439.356,305.352,237,16,0,
12,13,bottom,host,291.19,178.488,56,19,0,
12,13,bottom,other,430.969,310.798,237,16,0,
12,14,bottom,host,299.48,172.896,56,19,0,
12,14,bottom,other,422.582,316.244,237,16,0,
12,15,bottom,host,307.77,167.304,56,19,0,
12,15,bottom,other,414.195,321.69,237,16,0,
12,16,bottom,host,316.06,161.712,56,19,0,
12,16,bottom,other,405.808,327.136,237,16,0,
12,17,bottom,host,324.35,156.12,56,19,0,
12,17,bottom,other,397.421,332.582,237,16,0,
12,18,bottom,host,332.64,150.528,56,19,0,
12,18,bottom,other,389.034,338.028,237,16,0,
12,19,bottom,host,340.93,144.936,56,19,0,
12,19,bottom,other,380.647,343.474,237,16,0,
12,20,bottom,host,349.22,139.344,56,20,0,
12,20,bottom,other,372.26,348.92,237,20,0,
12,21,bottom,host,349.22,139.344,56,20,0,
12,21,bottom,other,372.26,348.92,237,20,0,
12,22,bottom,host,349.22,139.344,56,20,0,
12,22,bottom,other,372.26,348.92,237,20,0,
13,1,top,host,188.29,234.408,56,20,0,
13,1,top,other,531.71,245.592,236,20,0,
13,2,top,host,196.58,228.816,56,20,0,
13,2,top,other,523.42,251.184,236,20,0,
13,3,top,host,204.87,223.224,56,20,0,
13,3,top,other,515.13,256.776,236,20,0,
13,4,top,host,213.16,217.632,56,20,0,
13,4,top,other,506.84,262.368,236,20,0,
13,5,top,host,221.45,212.04,56,20,0,
13,5,top,other,498.55,267.96,236,20,0,
13,6,top,host,229.74,206.448,56,20,0,
13,6,top,other,490.26,273.552,236,20,0,
13,7,top,host,238.03,200.856,56,20,0,
13,7,top,other,481.97,279.144,236,20,0,
13,8,top,host,246.32,195.264,56,20,0,
13,8,top,other,473.68,284.736,236,20,0,
13,9,top,host,254.61,189.672,56,20,0,
13,9,top,other,465.39,290.328,236,20,0,
13,10,top,host,262.9,184.08,56,20,0,
13,10,top,other,457.1,295.92,236,20,0,
13,11,top,host,271.19,178.488,56,20,0,
13,11,top,other,448.81,301.512,236,20,0,
13,12,top,host,279.48,172.896,56,20,0,
13,12,top,other,440.52,307.104,236,20,0,
13,13,top,host,287.77,167.304,56,20,0,
13,13,top,other,432.23,312.696,236,20,0,
13,14,top,host,296.06,161.712,56,20,0,
13,14,top,other,423.94,318.288,236,20,0,
13,15,top,host,304.35,156.12,56,20,0,
13,15,top,other,415.65,323.88,236,20,0,
13,16,top,host,312.64,150.528,56,20,0,
13,16,top,other,407.36,329.472,236,20,0,
13,17,top,host,320.93,144.936,56,20,0,
13,17,top,other,399.07,335.064,236,20,0,
13,18,top,host,329.22,139.344,56,20,0,
13,18,top,other,390.78,340.656,236,20,0,
13,19,top,host,337.51,133.752,56,20,0,
13,19,top,other,382.49,346.248,236,20,0,
13,20,top,host,345.8,128.16,56,24,0,
13,20,top,other,374.2,351.84,236,21,0,
13,21,top,host,345.8,128.16,56,24,0,
13,21,top,other,374.2,351.84,236,21,0,
13,22,top,host,345.8,128.16,56,24,0,
13,22,top,other,374.2,351.84,236,21,0,
14,1,top,host,188.387,245.446,123,24,0,
14,1,top,other,531.71,234.408,304,21,0,
14,2,top,host,196.774,250.892,123,24,0,
14,2,top,other,523.42,228.816,304,21,0,
14,3,top,host,205.161,256.338,123,24,0,
14,3,top,other,515.13,223.224,304,21,0,
14,4,top,host,213.548,261.784,123,24,0,
14,4,top,other,506.84,217.632,304,21,0,
14,5,top,host,221.935,267.23,123,24,0,
14,5,top,other,498.55,212.04,304,21,0,
14,6,top,host,230.322,272.676,123,24,0,
14,6,top,other,490.26,206.448,304,21,0,
14,7,top,host,238.709,278.122,123,24,0,
14,7,top,other,481.97,200.856,304,21,0,
14,8,top,host,247.096,283.568,123,24,0,
14,8,top,other,473.68,195.264,304,21,0,
14,9,top,host,255.483,289.014,123,24,0,
14,9,top,other,465.39,189.672,304,21,0,
14,10,top,host,263.87,294.46,123,24,0,
14,10,top,other,457.1,184.08,304,21,0,
14,11,top,host,272.257,299.906,123,24,0,
14,11,top,other,448.81,178.488,304,21,0,
14,12,top,host,280.644,305.352,123,24,0,
14,12,top,other,440.52,172.896,304,21,0,
14,13,top,host,289.031,310.798,123,24,0,
14,13,top,other,432.23,167.304,304,21,0,
14,14,top,host,297.418,316.244,123,24,0,
14,14,top,other,423.94,161.712,304,21,0,
14,15,top,host,305.805,321.69,123,24,0,
14,15,top,other,415.65,156.12,304,21,0,
14,16,top,host,314.192,327.136,123,24,0,
14,16,top,other,407.36,150.528,304,21,0,
14,17,top,host,322.579,332.582,123,24,0,
14,17,top,other,399.07,144.936,304,21,0,
14,18,top,host,330.966,338.028,123,24,0,
14,18,top,other,390.78,139.344,304,21,0,
14,19,top,host,339.353,343.474,123,24,0,
14,19,top,other,382.49,133.752,304,21,0,
14,20,top,host,347.74,348.92,123,25,0,
14,20,top,other,374.2,128.16,304,25,0,
14,21,top,host,347.74,348.92,123,25,0,
14,21,top,other,374.2,128.16,304,25,0,
14,22,top,host,347.74,348.92,123,25,0,
14,22,top,other,374.2,128.16,304,25,0,
15,1,top,host,188.48,234.701,58,25,0,
15,1,top,other,531.71,245.592,236,25,0,
15,2,top,host,196.96,229.402,58,25,0,
15,2,top,other,523.42,251.184,236,25,0,
15,3,top,host,205.44,224.103,58,25,0,
15,3,top,other,515.13,256.776,236,25,0,
15,4,top,host,213.92,218.804,58,25,0,
15,4,top,other,506.84,262.368,236,25,0,
15,5,top,host,222.4,213.505,58,25,0,
15,5,top,other,498.55,267.96,236,25,0,
15,6,top,host,230.88,208.206,58,25,0,
15,6,top,other,490.26,273.552,236,25,0,
15,7,top,host,239.36,202.907,58,25,0,
15,7,top,other,481.97,279.144,236,25,0,
15,8,top,host,247.84,197.608,58,25,0,
15,8,top,other,473.68,284.736,236,25,0,
15,9,top,host,256.32,192.309,58,25,0,
15,9,top,other,465.39,290.328,236,25,0,
15,10,top,host,264.8,187.01,58,25,0,
15,10,top,other,457.1,295.92,236,25,0,
15,11,top,host,273.28,181.711,58,25,0,
15,11,top,other,448.81,301.512,236,25,0,
15,12,top,host,281.76,176.412,58,25,0,
15,12,top,other,440.52,307.104,236,25,0,
15,13,top,host,290.24,171.113,58,25,0,
15,13,top,other,432.23,312.696,236,25,0,
15,14,top,host,298.72,165.814,58,25,0,
15,14,top,other,423.94,318.288,236,25,0,
15,15,top,host,307.2,160.515,58,25,0,
15,15,top,other,415.65,323.88,236,25,0,
15,16,top,host,315.68,155.216,58,25,0,
15,16,top,other,407.36,329.472,236,25,0,
15,17,top,host,324.16,149.917,58,25,0,
15,17,top,other,399.07,335.064,236,25,0,
15,18,top,host,332.64,144.618,58,25,0,
15,18,top,other,390.78,340.656,236,25,0,
15,19,top,host,341.12,139.319,58,25,0,
15,19,top,other,382.49,346.248,236,25,0,
15,20,top,host,349.6,134.02,58,29,0,
15,20,top,other,374.2,351.84,236,26,0,
15,21,top,host,349.6,134.02,58,29,0,
15,21,top,other,374.2,351.84,236,26,0,
15,22,top,host,349.6,134.02,58,29,0,
15,22,top,other,374.2,351.84,236,26,0,
16,1,bottom,host,190,240,90,29,0,
16,1,bottom,other,530,240,270,26,0,
16,2,bottom,host,200,240,90,29,0,
16,2,bottom,other,521.91,245.878,234,26,0,
16,3,bottom,host,208.192,234.264,55,29,0,
16,3,bottom,other,513.82,251.756,234,26,0,
16,4,bottom,host,216.384,228.528,55,29,0,
16,4,bottom,other,505.73,257.634,234,26,0,
16,5,bottom,host,224.576,222.792,55,29,0,
16,5,bottom,other,497.64,263.512,234,26,0,
16,6,bottom,host,232.768,217.056,55,29,0,
16,6,bottom,other,489.55,269.39,234,26,0,
16,7,bottom,host,240.96,211.32,55,29,0,
16,7,bottom,other,481.46,275.268,234,26,0,
16,8,bottom,host,249.152,205.584,55,29,0,
16,8,bottom,other,473.37,281.146,234,26,0,
16,9,bottom,host,257.344,199.848,55,29,0,
16,9,bottom,other,465.28,287.024,234,26,0,
16,10,bottom,host,265.536,194.112,55,29,0,
16,10,bottom,other,457.19,292.902,234,26,0,
16,11,bottom,host,273.728,188.376,55,29,0,
16,11,bottom,other,449.1,298.78,234,26,0,
16,12,bottom,host,281.92,182.64,55,29,0,
16,12,bottom,other,441.01,304.658,234,26,0,
16,13,bottom,host,290.112,176.904,55,29,0,
16,13,bottom,other,432.92,310.536,234,26,0,
16,14,bottom,host,298.304,171.168,55,29,0,
16,14,bottom,other,424.83,316.414,234,26,0,
16,15,bottom,host,306.496,165.432,55,29,0,
16,15,bottom,other,416.74,322.292,234,26,0,
16,16,bottom,host,314.688,159.696,55,29,0,
16,16,bottom,other,408.65,328.17,234,26,0,
16,17,bottom,host,322.88,153.96,55,29,0,
16,17,bottom,other,400.56,334.048,234,26,0,
16,18,bottom,host,331.072,148.224,55,29,0,
16,18,bottom,other,392.47,339.926,234,26,0,
16,19,bottom,host,339.264,142.488,55,29,0,
16,19,bottom,other,384.38,345.804,234,26,0,
16,20,bottom,host,347.456,136.752,55,29,0,
16,20,bottom,other,376.29,351.682,234,26,0,
16,21,bottom,host,355.648,131.016,55,30,0,
16,21,bottom,other,368.2,357.56,234,30,0,
16,22,bottom,host,355.648,131.016,55,30,0,
16,22,bottom,other,368.2,357.56,234,30,0,
16,23,bottom,host,355.648,131.016,55,30,0,
16,23,bottom,other,368.2,357.56,234,30,0,
17,1,top,host,190,240,90,30,0,
17,1,top,other,531.71,245.592,236,30,0,
17,2,top,host,200,240,90,30,0,
17,2,top,other,523.42,251.184,236,30,0,
17,3,top,host,207.88,233.843,52,30,0,
17,3,top,other,515.13,256.776,236,30,0,
17,4,top,host,215.76,227.686,52,30,0,
17,4,top,other,506.84,262.368,236,30,0,
17,5,top,host,223.64,221.529,52,30,0,
17,5,top,other,498.55,267.96,236,30,0,
17,6,top,host,231.52,215.372,52,30,0,
17,6,top,other,490.26,273.552,236,30,0,
17,7,top,host,239.4,209.215,52,30,0,
17,7,top,other,481.97,279.144,236,30,0,
17,8,top,host,247.28,203.058,52,30,0,
17,8,top,other,473.68,284.736,236,30,0,
17,9,top,host,255.16,196.901,52,30,0,
17,9,top,other,465.39,290.328,236,30,0,
17,10,top,host,263.04,190.744,52,30,0,
17,10,top,other,457.1,295.92,236,30,0,
17,11,top,host,270.92,184.587,52,30,0,
17,11,top,other,448.81,301.512,236,30,0,
17,12,top,host,278.8,178.43,52,30,0,
17,12,top,other,440.52,307.104,236,30,0,
17,13,top,host,286.68,172.273,52,30,0,
17,13,top,other,432.23,312.696,236,30,0,
17,14,top,host,294.56,166.116,52,30,0,
17,14,top,other,423.94,318.288,236,30,0,
17,15,top,host,302.44,159.959,52,30,0,
17,15,top,other,415.65,323.88,236,30,0,
17,16,top,host,310.32,153.802,52,30,0,
17,16,top,other,407.36,329.472,236,30,0,
17,17,top,host,318.2,147.645,52,30,0,
17,17,top,other,399.07,335.064,236,30,0,
17,18,top,host,326.08,141.488,52,30,0,
17,18,top,other,390.78,340.656,236,30,0,
17,19,top,host,333.96,135.331,52,30,0,
17,19,top,other,382.49,346.248,236,30,0,
17,20,top,host,341.84,129.174,52,34,0,
17,20,top,other,374.2,351.84,236,31,0,
17,21,top,host,341.84,129.174,52,34,0,
17,21,top,other,374.2,351.84,236,31,0,
17,22,top,host,341.84,129.174,52,34,0,
17,22,top,other,374.2,351.84,236,31,0,
18,1,bottom,host,188.192,234.264,55,34,0,
18,1,bottom,other,531.71,245.592,236,31,0,
18,2,bottom,host,196.384,228.528,55,34,0,
18,2,bottom,other,523.42,251.184,236,31,0,
18,3,bottom,host,204.576,222.792,55,34,0,
18,3,bottom,other,515.13,256.776,236,31,0,
18,4,bottom,host,212.768,217.056,55,34,0,
18,4,bottom,other,506.84,262.368,236,31,0,
18,5,bottom,host,220.96,211.32,55,34,0,
18,5,bottom,other,498.55,267.96,236,31,0,
18,6,bottom,host,229.152,205.584,55,34,0,
18,6,bottom,other,490.26,273.552,236,31,0,
18,7,bottom,host,237.344,199.848,55,34,0,
18,7,bottom,other,481.97,279.144,236,31,0,
18,8,bottom,host,245.536,194.112,55,34,0,
18,8,bottom,other,473.68,284.736,236,31,0,
18,9,bottom,host,253.728,188.376,55,34,0,
18,9,bottom,other,465.39,290.328,236,31,0,
18,10,bottom,host,261.92,182.64,55,34,0,
18,10,bottom,other,457.1,295.92,236,31,0,
18,11,bottom,host,270.112,176.904,55,34,0,
18,11,bottom,other,448.81,301.512,236,31,0,
18,12,bottom,host,278.304,171.168,55,34,0,
18,12,bottom,other,440.52,307.104,236,31,0,
18,13,bottom,host,286.496,165.432,55,34,0,
18,13,bottom,other,432.23,312.696,236,31,0,
18,14,bottom,host,294.688,159.696,55,34,0,
18,14,bottom,other,423.94,318.288,236,31,0,
18,15,bottom,host,302.88,153.96,55,34,0,
18,15,bottom,other,415.65,323.88,236,31,0,
18,16,bottom,host,311.072,148.224,55,34,0,
18,16,bottom,other,407.36,329.472,236,31,0,
18,17,bottom,host,319.264,142.488,55,34,0,
18,17,bottom,other,399.07,335.064,236,31,0,
18,18,bottom,host,327.456,136.752,55,34,0,
18,18,bottom,other,390.78,340.656,236,31,0,
18,19,bottom,host,335.648,131.016,55,34,0,
18,19,bottom,other,382.49,346.248,236,31,0,
18,20,bottom,host,343.84,125.28,55,35,0,
18,20,bottom,other,374.2,351.84,236,35,0,
18,21,bottom,host,343.84,125.28,55,35,0,
18,21,bottom,other,374.2,351.84,236,35,0,
18,22,bottom,host,343.84,125.28,55,35,0,
18,22,bottom,other,374.2,351.84,236,35,0,
19,1,top,host,190,240,90,35,0,
19,1,top,other,531.808,245.736,235,35,0,
19,2,top,host,198.09,234.122,54,35,0,
19,2,top,other,523.616,251.472,235,35,0,
19,3,top,host,206.18,228.244,54,35,0,
19,3,top,other,515.424,257.208,235,35,0,
19,4,top,host,214.27,222.366,54,35,0,
19,4,top,other,507.232,262.944,235,35,0,
19,5,top,host,222.36,216.488,54,35,0,
19,5,top,other,499.04,268.68,235,35,0,
19,6,top,host,230.45,210.61,54,35,0,
19,6,top,other,490.848,274.416,235,35,0,
19,7,top,host,238.54,204.732,54,35,0,
19,7,top,other,482.656,280.152,235,35,0,
19,8,top,host,246.63,198.854,54,35,0,
19,8,top,other,474.464,285.888,235,35,0,
19,9,top,host,254.72,192.976,54,35,0,
19,9,top,other,466.272,291.624,235,35,0,
19,10,top,host,262.81,187.098,54,35,0,
19,10,top,other,458.08,297.36,235,35,0,
19,11,top,host,270.9,181.22,54,35,0,
19,11,top,other,449.888,303.096,235,35,0,
19,12,top,host,278.99,175.342,54,35,0,
19,12,top,other,441.696,308.832,235,35,0,
19,13,top,host,287.08,169.464,54,35,0,
19,13,top,other,433.504,314.568,235,35,0,
19,14,top,host,295.17,163.586,54,35,0,
19,14,top,other,425.312,320.304,235,35,0,
19,15,top,host,303.26,157.708,54,35,0,
19,15,top,other,417.12,326.04,235,35,0,
19,16,top,host,311.35,151.83,54,35,0,
19,16,top,other,408.928,331.776,235,35,0,
19,17,top,host,319.44,145.952,54,35,0,
19,17,top,other,400.736,337.512,235,35,0,
19,18,top,host,327.53,140.074,54,35,0,
19,18,top,other,392.544,343.248,235,35,0,
19,19,top,host,335.62,134.196,54,35,0,
19,19,top,other,384.352,348.984,235,35,0,
19,20,top,host,343.71,128.318,54,39,0,
19,20,top,other,376.16,354.72,235,36,0,
19,21,top,host,343.71,128.318,54,39,0,
19,21,top,other,376.16,354.72,235,36,0,
19,22,top,host,343.71,128.318,54,39,0,
19,22,top,other,376.16,354.72,235,36,0,
20,1,bottom,host,190,240,90,39,0,
20,1,bottom,other,531.71,245.592,236,36,0,
20,2,bottom,host,198.09,234.122,54,39,0,
20,2,bottom,other,523.42,251.184,236,36,0,
20,3,bottom,host,206.18,228.244,54,39,0,
20,3,bottom,other,515.13,256.776,236,36,0,
20,4,bottom,host,214.27,222.366,54,39,0,
20,4,bottom,other,506.84,262.368,236,36,0,
20,5,bottom,host,222.36,216.488,54,39,0,
20,5,bottom,other,498.55,267.96,236,36,0,
20,6,bottom,host,230.45,210.61,54,39,0,
20,6,bottom,other,490.26,273.552,236,36,0,
20,7,bottom,host,238.54,204.732,54,39,0,
20,7,bottom,other,481.97,279.144,236,36,0,
20,8,bottom,host,246.63,198.854,54,39,0,
20,8,bottom,other,473.68,284.736,236,36,0,
20,9,bottom,host,254.72,192.976,54,39,0,
20,9,bottom,other,465.39,290.328,236,36,0,
20,10,bottom,host,262.81,187.098,54,39,0,
20,10,bottom,other,457.1,295.92,236,36,0,
20,11,bottom,host,270.9,181.22,54,39,0,
20,11,bottom,other,448.81,301.512,236,36,0,
20,12,bottom,host,278.99,175.342,54,39,0,
20,12,bottom,other,440.52,307.104,236,36,0,
20,13,bottom,host,287.08,169.464,54,39,0,
20,13,bottom,other,432.23,312.696,236,36,0,
20,14,bottom,host,295.17,163.586,54,39,0,
20,14,bottom,other,423.94,318.288,236,36,0,
20,15,bottom,host,303.26,157.708,54,39,0,
20,15,bottom,other,415.65,323.88,236,36,0,
20,16,bottom,host,311.35,151.83,54,39,0,
20,16,bottom,other,407.36,329.472,236,36,0,
20,17,bottom,host,319.44,145.952,54,39,0,
20,17,bottom,other,399.07,335.064,236,36,0,
20,18,bottom,host,327.53,140.074,54,39,0,
20,18,bottom,other,390.78,340.656,236,36,0,
20,19,bottom,host,335.62,134.196,54,39,0,
20,19,bottom,other,382.49,346.248,236,36,0,
20,20,bottom,host,343.71,128.318,54,40,0,
20,20,bottom,other,374.2,351.84,236,40,0,
20,21,bottom,host,343.71,128.318,54,40,0,
20,21,bottom,other,374.2,351.84,236,40,0,
20,22,bottom,host,343.71,128.318,54,40,0,
20,22,bottom,other,374.2,351.84,236,40,0,
21,1,bottom,host,188.387,245.446,123,40,0,
21,1,bottom,other,531.71,234.408,304,40,0,
21,2,bottom,host,196.774,250.892,123,40,0,
21,2,bottom,other,523.42,228.816,304,40,0,
21,3,bottom,host,205.161,256.338,123,40,0,
21,3,bottom,other,515.13,223.224,304,40,0,
21,4,bottom,host,213.548,261.784,123,40,0,
21,4,bottom,other,506.84,217.632,304,40,0,
21,5,bottom,host,221.935,267.23,123,40,0,
21,5,bottom,other,498.55,212.04,304,40,0,
21,6,bottom,host,230.322,272.676,123,40,0,
21,6,bottom,other,490.26,206.448,304,40,0,
21,7,bottom,host,238.709,278.122,123,40,0,
21,7,bottom,other,481.97,200.856,304,40,0,
21,8,bottom,host,247.096,283.568,123,40,0,
21,8,bottom,other,473.68,195.264,304,40,0,
21,9,bottom,host,255.483,289.014,123,40,0,
21,9,bottom,other,465.39,189.672,304,40,0,
21,10,bottom,host,263.87,294.46,123,40,0,
21,10,bottom,other,457.1,184.08,304,40,0,
21,11,bottom,host,272.257,299.906,123,40,0,
21,11,bottom,other,448.81,178.488,304,40,0,
21,12,bottom,host,280.644,305.352,123,40,0,
21,12,bottom,other,440.52,172.896,304,40,0,
21,13,bottom,host,289.031,310.798,123,40,0,
21,13,bottom,other,432.23,167.304,304,40,0,
21,14,bottom,host,297.418,316.244,123,40,0,
21,14,bottom,other,423.94,161.712,304,40,0,
21,15,bottom,host,305.805,321.69,123,40,0,
21,15,bottom,other,415.65,156.12,304,40,0,
21,16,bottom,host,314.192,327.136,123,40,0,
21,16,bottom,other,407.36,150.528,304,40,0,
21,17,bottom,host,322.579,332.582,123,40,0,
21,17,bottom,other,399.07,144.936,304,40,0,
21,18,bottom,host,330.966,338.028,123,40,0,
21,18,bottom,other,390.78,139.344,304,40,0,
21,19,bottom,host,339.353,343.474,123,40,0,
21,19,bottom,other,382.49,133.752,304,40,0,
21,20,bottom,host,347.74,348.92,123,44,0,
21,20,bottom,other,374.2,128.16,304,41,0,
21,21,bottom,host,347.74,348.92,123,44,0,
21,21,bottom,other,374.2,128.16,304,41,0,
21,22,bottom,host,347.74,348.92,123,44,0,
21,22,bottom,other,374.2,128.16,304,41,0,
22,1,top,host,188.387,245.446,123,44,0,
22,1,top,other,531.71,234.408,304,41,0,
22,2,top,host,196.774,250.892,123,44,0,
22,2,top,other,523.42,228.816,304,41,0,
22,3,top,host,205.161,256.338,123,44,0,
22,3,top,other,515.13,223.224,304,41,0,
22,4,top,host,213.548,261.784,123,44,0,
22,4,top,other,506.84,217.632,304,41,0,
22,5,top,host,221.935,267.23,123,44,0,
22,5,top,other,498.55,212.04,304,41,0,
22,6,top,host,230.322,272.676,123,44,0,
22,6,top,other,490.26,206.448,304,41,0,
22,7,top,host,238.709,278.122,123,44,0,
22,7,top,other,481.97,200.856,304,41,0,
22,8,top,host,247.096,283.568,123,44,0,
22,8,top,other,473.68,195.264,304,41,0,
22,9,top,host,255.483,289.014,123,44,0,
22,9,top,other,465.39,189.672,304,41,0,
22,10,top,host,263.87,294.46,123,44,0,
22,10,top,other,457.1,184.08,304,41,0,
22,11,top,host,272.257,299.906,123,44,0,
22,11,top,other,448.81,178.488,304,41,0,
22,12,top,host,280.644,305.352,123,44,0,
22,12,top,other,440.52,172.896,304,41,0,
22,13,top,host,289.031,310.798,123,44,0,
22,13,top,other,432.23,167.304,304,41,0,
22,14,top,host,297.418,316.244,123,44,0,
22,14,top,other,423.94,161.712,304,41,0,
22,15,top,host,305.805,321.69,123,44,0,
22,15,top,other,415.65,156.12,304,41,0,
22,16,top,host,314.192,327.136,123,44,0,
22,16,top,other,407.36,150.528,304,41,0,
22,17,top,host,322.579,332.582,123,44,0,
22,17,top,other,399.07,144.936,304,41,0,
22,18,top,host,330.966,338.028,123,44,0,
22,18,top,other,390.78,139.344,304,41,0,
22,19,top,host,339.353,343.474,123,44,0,
22,19,top,other,382.49,133.752,304,41,0,
22,20,top,host,347.74,348.92,123,45,0,
22,20,top,other,374.2,128.16,304,45,0,
22,21,top,host,347.74,348.92,123,45,0,
22,21,top,other,374.2,128.16,304,45,0,
22,22,top,host,347.74,348.92,123,45,0,
22,22,top,other,374.2,128.16,304,45,0,
23,1,top,host,190,240,90,45,0,
23,1,top,other,531.71,245.592,236,45,0,
23,2,top,host,198.29,234.408,56,45,0,
23,2,top,other,523.42,251.184,236,45,0,
23,3,top,host,206.58,228.816,56,45,0,
23,3,top,other,515.13,256.776,236,45,0,
23,4,top,host,214.87,223.224,56,45,0,
23,4,top,other,506.84,262.368,236,45,0,
23,5,top,host,223.16,217.632,56,45,0,
23,5,top,other,498.55,267.96,236,45,0,
23,6,top,host,231.45,212.04,56,45,0,
23,6,top,other,490.26,273.552,236,45,0,
23,7,top,host,239.74,206.448,56,45,0,
23,7,top,other,481.97,279.144,236,45,0,
23,8,top,host,248.03,200.856,56,45,0,
23,8,top,other,473.68,284.736,236,45,0,
23,9,top,host,256.32,195.264,56,45,0,
23,9,top,other,465.39,290.328,236,45,0,
23,10,top,host,264.61,189.672,56,45,0,
23,10,top,other,457.1,295.92,236,45,0,
23,11,top,host,272.9,184.08,56,45,0,
23,11,top,other,448.81,301.512,236,45,0,
23,12,top,host,281.19,178.488,56,45,0,
23,12,top,other,440.52,307.104,236,45,0,
23,13,top,host,289.48,172.896,56,45,0,
23,13,top,other,432.23,312.696,236,45,0,
23,14,top,host,297.77,167.304,56,45,0,
23,14,top,other,423.94,318.288,236,45,0,
23,15,top,host,306.06,161.712,56,45,0,
23,15,top,other,415.65,323.88,236,45,0,
23,16,top,host,314.35,156.12,56,45,0,
23,16,top,other,407.36,329.472,236,45,0,
23,17,top,host,322.64,150.528,56,45,0,
23,17,top,other,399.07,335.064,236,45,0,
23,18,top,host,330.93,144.936,56,45,0,
23,18,top,other,390.78,340.656,236,45,0,
23,19,top,host,339.22,139.344,56,45,0,
23,19,top,other,382.49,346.248,236,45,0,
23,20,top,host,347.51,133.752,56,49,0,
23,20,top,other,374.2,351.84,236,46,0,
23,21,top,host,347.51,133.752,56,49,0,
23,21,top,other,374.2,351.84,236,46,0,
23,22,top,host,347.51,133.752,56,49,0,
23,22,top,other,374.2,351.84,236,46,0,
24,1,top,host,190,240,90,49,0,
24,1,top,other,531.71,234.408,304,46,0,
24,2,top,host,198.29,245.592,124,49,0,
24,2,top,other,523.42,228.816,304,46,0,
24,3,top,host,206.58,251.184,124,49,0,
24,3,top,other,515.13,223.224,304,46,0,
24,4,top,host,214.87,256.776,124,49,0,
24,4,top,other,506.84,217.632,304,46,0,
24,5,top,host,223.16,262.368,124,49,0,
24,5,top,other,498.55,212.04,304,46,0,
24,6,top,host,231.45,267.96,124,49,0,
24,6,top,other,490.26,206.448,304,46,0,
24,7,top,host,239.74,273.552,124,49,0,
24,7,top,other,481.97,200.856,304,46,0,
24,8,top,host,248.03,279.144,124,49,0,
24,8,top,other,473.68,195.264,304,46,0,
24,9,top,host,256.32,284.736,124,49,0,
24,9,top,other,465.39,189.672,304,46,0,
24,10,top,host,264.61,290.328,124,49,0,
24,10,top,other,457.1,184.08,304,46,0,
24,11,top,host,272.9,295.92,124,49,0,
24,11,top,other,448.81,178.488,304,46,0,
24,12,top,host,281.19,301.512,124,49,0,
24,12,top,other,440.52,172.896,304,46,0,
24,13,top,host,289.48,307.104,124,49,0,
24,13,top,other,432.23,167.304,304,46,0,
24,14,top,host,297.77,312.696,124,49,0,
24,14,top,other,423.94,161.712,304,46,0,
24,15,top,host,306.06,318.288,124,49,0,
24,15,top,other,415.65,156.12,304,46,0,
24,16,top,host,314.35,323.88,124,49,0,
24,16,top,other,407.36,150.528,304,46,0,
24,17,top,host,322.64,329.472,124,49,0,
24,17,top,other,399.07,144.936,304,46,0,
24,18,top,host,330.93,335.064,124,49,0,
24,18,top,other,390.78,139.344,304,46,0,
24,19,top,host,339.22,340.656,124,49,0,
24,19,top,other,382.49,133.752,304,46,0,
24,20,top,host,347.51,346.248,124,50,0,
24,20,top,other,374.2,128.16,304,50,0,
24,21,top,host,347.51,346.248,124,50,0,
24,21,top,other,374.2,128.16,304,50,0,
24,22,top,host,347.51,346.248,124,50,0,
24,22,top,other,374.2,128.16,304,50,0,
25,1,bottom,host,190,240,90,50,0,
25,1,bottom,other,531.71,234.408,304,50,0,
25,2,bottom,host,200,240,90,50,0,
25,2,bottom,other,523.42,228.816,304,50,0,
25,3,bottom,host,207.66,246.428,130,50,0,
25,3,bottom,other,515.13,223.224,304,50,0,
25,4,bottom,host,215.32,252.856,130,50,0,
25,4,bottom,other,506.84,217.632,304,50,0,
25,5,bottom,host,222.98,259.284,130,50,0,
25,5,bottom,other,498.55,212.04,304,50,0,
25,6,bottom,host,230.64,265.712,130,50,0,
25,6,bottom,other,490.26,206.448,304,50,0,
25,7,bottom,host,238.3,272.14,130,50,0,
25,7,bottom,other,481.97,200.856,304,50,0,
25,8,bottom,host,245.96,278.568,130,50,0,
25,8,bottom,other,473.68,195.264,304,50,0,
25,9,bottom,host,253.62,284.996,130,50,0,
25,9,bottom,other,465.39,189.672,304,50,0,
25,10,bottom,host,261.28,291.424,130,50,0,
25,10,bottom,other,457.1,184.08,304,50,0,
25,11,bottom,host,268.94,297.852,130,50,0,
25,11,bottom,other,448.81,178.488,304,50,0,
25,12,bottom,host,276.6,304.28,130,50,0,
25,12,bottom,other,440.52,172.896,304,50,0,
25,13,bottom,host,284.26,310.708,130,50,0,
25,13,bottom,other,432.23,167.304,304,50,0,
25,14,bottom,host,291.92,317.136,130,50,0,
25,14,bottom,other,423.94,161.712,304,50,0,
25,15,bottom,host,299.58,323.564,130,50,0,
25,15,bottom,other,415.65,156.12,304,50,0,
25,16,bottom,host,307.24,329.992,130,50,0,
25,16,bottom,other,407.36,150.528,304,50,0,
25,17,bottom,host,314.9,336.42,130,50,0,
25,17,bottom,other,399.07,144.936,304,50,0,
25,18,bottom,host,322.56,342.848,130,50,0,
25,18,bottom,other,390.78,139.344,304,50,0,
25,19,bottom,host,330.22,349.276,130,50,0,
25,19,bottom,other,382.49,133.752,304,50,0,
25,20,bottom,host,337.88,355.704,130,54,0,
25,20,bottom,other,374.2,128.16,304,51,0,
25,21,bottom,host,337.88,355.704,130,54,0,
25,21,bottom,other,374.2,128.16,304,51,0,
25,22,bottom,host,337.88,355.704,130,54,0,
25,22,bottom,other,374.2,128.16,304,51,0,
26,1,top,host,190,240,90,54,0,
26,1,top,other,531.91,234.122,306,51,0,
26,2,top,host,200,240,90,54,0,
26,2,top,other,523.82,228.244,306,51,0,
26,3,top,host,208.48,245.299,122,54,0,
26,3,top,other,515.73,222.366,306,51,0,
26,4,top,host,216.96,250.598,122,54,0,
26,4,top,other,507.64,216.488,306,51,0,
26,5,top,host,225.44,255.897,122,54,0,
26,5,top,other,499.55,210.61,306,51,0,
26,6,top,host,233.92,261.196,122,54,0,
26,6,top,other,491.46,204.732,306,51,0,
26,7,top,host,242.4,266.495,122,54,0,
26,7,top,other,483.37,198.854,306,51,0,
26,8,top,host,250.88,271.794,122,54,0,
26,8,top,other,475.28,192.976,306,51,0,
26,9,top,host,259.36,277.093,122,54,0,
26,9,top,other,467.19,187.098,306,51,0,
26,10,top,host,267.84,282.392,122,54,0,
26,10,top,other,459.1,181.22,306,51,0,
26,11,top,host,276.32,287.691,122,54,0,
26,11,top,other,451.01,175.342,306,51,0,
26,12,top,host,284.8,292.99,122,54,0,
26,12,top,other,442.92,169.464,306,51,0,
26,13,top,host,293.28,298.289,122,54,0,
26,13,top,other,434.83,163.586,306,51,0,
26,14,top,host,301.76,303.588,122,54,0,
26,14,top,other,426.74,157.708,306,51,0,
26,15,top,host,310.24,308.887,122,54,0,
26,15,top,other,418.65,151.83,306,51,0,
26,16,top,host,318.72,314.186,122,54,0,
26,16,top,other,410.56,145.952,306,51,0,
26,17,top,host,327.2,319.485,122,54,0,
26,17,top,other,401.288,142.206,292,51,0,
26,18,top,host,335.68,324.784,122,54,0,
26,18,top,other,392.016,138.46,292,51,0,
26,19,top,host,344.16,330.083,122,54,0,
26,19,top,other,382.744,134.714,292,51,0,
26,20,top,host,352.64,335.382,122,55,0,
26,20,top,other,373.472,130.968,292,55,0,
26,21,top,host,352.64,335.382,122,55,0,
26,21,top,other,373.472,130.968,292,55,0,
26,22,top,host,352.64,335.382,122,55,0,
26,22,top,other,373.472,130.968,292,55,0,
27,1,bottom,host,188.29,245.592,124,55,0,
27,1,bottom,other,531.71,234.408,304,55,0,
27,2,bottom,host,196.58,251.184,124,55,0,
27,2,bottom,other,523.42,228.816,304,55,0,
27,3,bottom,host,204.87,256.776,124,55,0,
27,3,bottom,other,515.13,223.224,304,55,0,
27,4,bottom,host,213.16,262.368,124,55,0,
27,4,bottom,other,506.84,217.632,304,55,0,
27,5,bottom,host,221.45,267.96,124,55,0,
27,5,bottom,other,498.55,212.04,304,55,0,
27,6,bottom,host,229.74,273.552,124,55,0,
27,6,bottom,other,490.26,206.448,304,55,0,
27,7,bottom,host,238.03,279.144,124,55,0,
27,7,bottom,other,481.97,200.856,304,55,0,
27,8,bottom,host,246.32,284.736,124,55,0,
27,8,bottom,other,473.68,195.264,304,55,0,
27,9,bottom,host,254.61,290.328,124,55,0,
27,9,bottom,other,465.39,189.672,304,55,0,
27,10,bottom,host,262.9,295.92,124,55,0,
27,10,bottom,other,457.1,184.08,304,55,0,
27,11,bottom,host,271.19,301.512,124,55,0,
27,11,bottom,other,448.81,178.488,304,55,0,
27,12,bottom,host,279.48,307.104,124,55,0,
27,12,bottom,other,440.52,172.896,304,55,0,
27,13,bottom,host,287.77,312.696,124,55,0,
27,13,bottom,other,432.23,167.304,304,55,0,
27,14,bottom,host,296.06,318.288,124,55,0,
27,14,bottom,other,423.94,161.712,304,55,0,
27,15,bottom,host,304.35,323.88,124,55,0,
27,15,bottom,other,415.65,156.12,304,55,0,
27,16,bottom,host,312.64,329.472,124,55,0,
27,16,bottom,other,407.36,150.528,304,55,0,
27,17,bottom,host,320.93,335.064,124,55,0,
27,17,bottom,other,399.07,144.936,304,55,0,
27,18,bottom,host,329.22,340.656,124,55,0,
27,18,bottom,other,390.78,139.344,304,55,0,
27,19,bottom,host,337.51,346.248,124,55,0,
27,19,bottom,other,382.49,133.752,304,55,0,
27,20,bottom,host,345.8,351.84,124,59,0,
27,20,bottom,other,374.2,128.16,304,56,0,
27,21,bottom,host,345.8,351.84,124,59,0,
27,21,bottom,other,374.2,128.16,304,56,0,
27,22,bottom,host,345.8,351.84,124,59,0,
27,22,bottom,other,374.2,128.16,304,56,0,
28,1,bottom,host,190,240,90,59,0,
28,1,bottom,other,530,240,270,56,0,
28,2,bottom,host,198.192,234.264,55,59,0,
28,2,bottom,other,520,240,270,56,0,
28,3,bottom,host,206.384,228.528,55,59,0,
28,3,bottom,other,510,240,270,56,0,
28,4,bottom,host,214.576,222.792,55,59,0,
28,4,bottom,other,502.34,246.428,230,56,0,
28,5,bottom,host,222.768,217.056,55,59,0,
28,5,bottom,other,494.68,252.856,230,56,0,
28,6,bottom,host,230.96,211.32,55,59,0,
28,6,bottom,other,487.02,259.284,230,56,0,
28,7,bottom,host,239.152,205.584,55,59,0,
28,7,bottom,other,479.36,265.712,230,56,0,
28,8,bottom,host,247.344,199.848,55,59,0,
28,8,bottom,other,471.7,272.14,230,56,0,
28,9,bottom,host,255.536,194.112,55,59,0,
28,9,bottom,other,464.04,278.568,230,56,0,
28,10,bottom,host,263.728,188.376,55,59,0,
28,10,bottom,other,456.38,284.996,230,56,0,
28,11,bottom,host,271.92,182.64,55,59,0,
28,11,bottom,other,448.72,291.424,230,56,0,
28,12,bottom,host,280.112,176.904,55,59,0,
28,12,bottom,other,441.06,297.852,230,56,0,
28,13,bottom,host,288.304,171.168,55,59,0,
28,13,bottom,other,433.4,304.28,230,56,0,
28,14,bottom,host,296.496,165.432,55,59,0,
28,14,bottom,other,425.74,310.708,230,56,0,
28,15,bottom,host,304.688,159.696,55,59,0,
28,15,bottom,other,418.08,317.136,230,56,0,
28,16,bottom,host,312.88,153.96,55,59,0,
28,16,bottom,other,410.42,323.564,230,56,0,
28,17,bottom,host,321.072,148.224,55,59,0,
28,17,bottom,other,402.76,329.992,230,56,0,
28,18,bottom,host,329.264,142.488,55,59,0,
28,18,bottom,other,395.1,336.42,230,56,0,
28,19,bottom,host,337.456,136.752,55,59,0,
28,19,bottom,other,387.44,342.848,230,56,0,
28,20,bottom,host,345.648,131.016,55,59,0,
28,20,bottom,other,379.78,349.276,230,56,0,
28,21,bottom,host,353.84,125.28,55,60,0,
28,21,bottom,other,372.12,355.704,230,60,0,
28,22,bottom,host,353.84,125.28,55,60,0,
28,22,bottom,other,372.12,355.704,230,60,0,
28,23,bottom,host,353.84,125.28,55,60,0,
28,23,bottom,other,372.12,355.704,230,60,0,
29,1,bottom,host,188.48,245.299,122,60,0,
29,1,bottom,other,531.71,234.408,304,60,0,
29,2,bottom,host,196.96,250.598,122,60,0,
29,2,bottom,other,523.42,228.816,304,60,0,
29,3,bottom,host,205.44,255.897,122,60,0,
29,3,bottom,other,515.13,223.224,304,60,0,
29,4,bottom,host,213.92,261.196,122,60,0,
29,4,bottom,other,506.84,217.632,304,60,0,
29,5,bottom,host,222.4,266.495,122,60,0,
29,5,bottom,other,498.55,212.04,304,60,0,
29,6,bottom,host,230.88,271.794,122,60,0,
29,6,bottom,other,490.26,206.448,304,60,0,
29,7,bottom,host,239.36,277.093,122,60,0,
29,7,bottom,other,481.97,200.856,304,60,0,
29,8,bottom,host,247.84,282.392,122,60,0,
29,8,bottom,other,473.68,195.264,304,60,0,
29,9,bottom,host,256.32,287.691,122,60,0,
29,9,bottom,other,465.39,189.672,304,60,0,
29,10,bottom,host,264.8,292.99,122,60,0,
29,10,bottom,other,457.1,184.08,304,60,0,
29,11,bottom,host,273.28,298.289,122,60,0,
29,11,bottom,other,448.81,178.488,304,60,0,
29,12,bottom,host,281.76,303.588,122,60,0,
29,12,bottom,other,440.52,172.896,304,60,0,
29,13,bottom,host,290.24,308.887,122,60,0,
29,13,bottom,other,432.23,167.304,304,60,0,
29,14,bottom,host,298.72,314.186,122,60,0,
29,14,bottom,other,423.94,161.712,304,60,0,
29,15,bottom,host,307.2,319.485,122,60,0,
29,15,bottom,other,415.65,156.12,304,60,0,
29,16,bottom,host,315.68,324.784,122,60,0,
29,16,bottom,other,407.36,150.528,304,60,0,
29,17,bottom,host,324.16,330.083,122,60,0,
29,17,bottom,other,399.07,144.936,304,60,0,
29,18,bottom,host,332.64,335.382,122,60,0,
29,18,bottom,other,390.78,139.344,304,60,0,
29,19,bottom,host,341.12,340.681,122,60,0,
29,19,bottom,other,382.49,133.752,304,60,0,
29,20,bottom,host,349.6,345.98,122,64,0,
29,20,bottom,other,374.2,128.16,304,61,0,
29,21,bottom,host,349.6,345.98,122,64,0,
29,21,bottom,other,374.2,128.16,304,61,0,
29,22,bottom,host,349.6,345.98,122,64,0,
29,22,bottom,other,374.2,128.16,304,61,0,
30,1,bottom,host,188.387,234.554,57,64,0,
30,1,bottom,other,531.71,245.592,236,61,0,
30,2,bottom,host,196.774,229.108,57,64,0,
30,2,bottom,other,523.42,251.184,236,61,0,
30,3,bottom,host,205.161,223.662,57,64,0,
30,3,bottom,other,515.13,256.776,236,61,0,
30,4,bottom,host,213.548,218.216,57,64,0,
30,4,bottom,other,506.84,262.368,236,61,0,
30,5,bottom,host,221.935,212.77,57,64,0,
30,5,bottom,other,498.55,267.96,236,61,0,
30,6,bottom,host,230.322,207.324,57,64,0,
30,6,bottom,other,490.26,273.552,236,61,0,
30,7,bottom,host,238.709,201.878,57,64,0,
30,7,bottom,other,481.97,279.144,236,61,0,
30,8,bottom,host,247.096,196.432,57,64,0,
30,8,bottom,other,473.68,284.736,236,61,0,
30,9,bottom,host,255.483,190.986,57,64,0,
30,9,bottom,other,465.39,290.328,236,61,0,
30,10,bottom,host,263.87,185.54,57,64,0,
30,10,bottom,other,457.1,295.92,236,61,0,
30,11,bottom,host,272.257,180.094,57,64,0,
30,11,bottom,other,448.81,301.512,236,61,0,
30,12,bottom,host,280.644,174.648,57,64,0,
30,12,bottom,other,440.52,307.104,236,61,0,
30,13,bottom,host,289.031,169.202,57,64,0,
30,13,bottom,other,432.23,312.696,236,61,0,
30,14,bottom,host,297.418,163.756,57,64,0,
30,14,bottom,other,423.94,318.288,236,61,0,
30,15,bottom,host,305.805,158.31,57,64,0,
30,15,bottom,other,415.65,323.88,236,61,0,
30,16,bottom,host,314.192,152.864,57,64,0,
30,16,bottom,other,407.36,329.472,236,61,0,
30,17,bottom,host,322.579,147.418,57,64,0,
30,17,bottom,other,399.07,335.064,236,61,0,
30,18,bottom,host,330.966,141.972,57,64,0,
30,18,bottom,other,390.78,340.656,236,61,0,
30,19,bottom,host,339.353,136.526,57,64,0,
30,19,bottom,other,382.49,346.248,236,61,0,
30,20,bottom,host,347.74,131.08,57,65,0,
30,20,bottom,other,374.2,351.84,236,65,0,
30,21,bottom,host,347.74,131.08,57,65,0,
30,21,bottom,other,374.2,351.84,236,65,0,
30,22,bottom,host,347.74,131.08,57,65,0,
30,22,bottom,other,374.2,351.84,236,65,0,
31,1,bottom,host,190,240,90,65,0,
31,1,bottom,other,531.71,234.408,304,65,0,
31,2,bottom,host,198.192,245.736,125,65,0,
31,2,bottom,other,523.42,228.816,304,65,0,
31,3,bottom,host,206.384,251.472,125,65,0,
31,3,bottom,other,515.13,223.224,304,65,0,
31,4,bottom,host,214.576,257.208,125,65,0,
31,4,bottom,other,506.84,217.632,304,65,0,
31,5,bottom,host,222.768,262.944,125,65,0,
31,5,bottom,other,498.55,212.04,304,65,0,
31,6,bottom,host,230.96,268.68,125,65,0,
31,6,bottom,other,490.26,206.448,304,65,0,
31,7,bottom,host,239.152,274.416,125,65,0,
31,7,bottom,other,481.97,200.856,304,65,0,
31,8,bottom,host,247.344,280.152,125,65,0,
31,8,bottom,other,473.68,195.264,304,65,0,
31,9,bottom,host,255.536,285.888,125,65,0,
31,9,bottom,other,465.39,189.672,304,65,0,
31,10,bottom,host,263.728,291.624,125,65,0,
31,10,bottom,other,457.1,184.08,304,65,0,
31,11,bottom,host,271.92,297.36,125,65,0,
31,11,bottom,other,448.81,178.488,304,65,0,
31,12,bottom,host,280.112,303.096,125,65,0,
31,12,bottom,other,440.52,172.896,304,65,0,
31,13,bottom,host,288.304,308.832,125,65,0,
31,13,bottom,other,432.23,167.304,304,65,0,
31,14,bottom,host,296.496,314.568,125,65,0,
31,14,bottom,other,423.94,161.712,304,65,0,
31,15,bottom,host,304.688,320.304,125,65,0,
31,15,bottom,other,415.65,156.12,304,65,0,
31,16,bottom,host,312.88,326.04,125,65,0,
31,16,bottom,other,407.36,150.528,304,65,0,
31,17,bottom,host,321.072,331.776,125,65,0,
31,17,bottom,other,399.07,144.936,304,65,0,
31,18,bottom,host,329.264,337.512,125,65,0,
31,18,bottom,other,390.78,139.344,304,65,0,
31,19,bottom,host,337.456,343.248,125,65,0,
31,19,bottom,other,382.49,133.752,304,65,0,
31,20,bottom,host,345.648,348.984,125,69,0,
31,20,bottom,other,374.2,128.16,304,66,0,
31,21,bottom,host,345.648,348.984,125,69,0,
31,21,bottom,other,374.2,128.16,304,66,0,
31,22,bottom,host,345.648,348.984,125,69,0,
31,22,bottom,other,374.2,128.16,304,66,0,
32,1,top,host,188.192,245.736,125,69,0,
32,1,top,other,531.71,234.408,304,66,0,
32,2,top,host,196.384,251.472,125,69,0,
32,2,top,other,523.42,228.816,304,66,0,
32,3,top,host,204.576,257.208,125,69,0,
32,3,top,other,515.13,223.224,304,66,0,
32,4,top,host,212.768,262.944,125,69,0,
32,4,top,other,506.84,217.632,304,66,0,
32,5,top,host,220.96,268.68,125,69,0,
32,5,top,other,498.55,212.04,304,66,0,
32,6,top,host,229.152,274.416,125,69,0,
32,6,top,other,490.26,206.448,304,66,0,
32,7,top,host,237.344,280.152,125,69,0,
32,7,top,other,481.97,200.856,304,66,0,
32,8,top,host,245.536,285.888,125,69,0,
32,8,top,other,473.68,195.264,304,66,0,
32,9,top,host,253.728,291.624,125,69,0,
32,9,top,other,465.39,189.672,304,66,0,
32,10,top,host,261.92,297.36,125,69,0,
32,10,top,other,457.1,184.08,304,66,0,
32,11,top,host,270.112,303.096,125,69,0,
32,11,top,other,448.81,178.488,304,66,0,
32,12,top,host,278.304,308.832,125,69,0,
32,12,top,other,440.52,172.896,304,66,0,
32,13,top,host,286.496,314.568,125,69,0,
32,13,top,other,432.23,167.304,304,66,0,
32,14,top,host,294.688,320.304,125,69,0,
32,14,top,other,423.94,161.712,304,66,0,
32,15,top,host,302.88,326.04,125,69,0,
32,15,top,other,415.65,156.12,304,66,0,
32,16,top,host,311.072,331.776,125,69,0,
32,16,top,other,407.36,150.528,304,66,0,
32,17,top,host,319.264,337.512,125,69,0,
32,17,top,other,399.07,144.936,304,66,0,
32,18,top,host,327.456,343.248,125,69,0,
32,18,top,other,390.78,139.344,304,66,0,
32,19,top,host,335.648,348.984,125,69,0,
32,19,top,other,382.49,133.752,304,66,0,
32,20,top,host,343.84,354.72,125,70,0,
32,20,top,other,374.2,128.16,304,70,0,
32,21,top,host,343.84,354.72,125,70,0,
32,21,top,other,374.2,128.16,304,70,0,
32,22,top,host,343.84,354.72,125,70,0,
32,22,top,other,374.2,128.16,304,70,0,
33,1,top,host,190,240,90,70,0,
33,1,top,other,531.808,245.736,235,70,0,
33,2,top,host,198.48,234.701,58,70,0,
33,2,top,other,523.616,251.472,235,70,0,
33,3,top,host,206.96,229.402,58,70,0,
33,3,top,other,515.424,257.208,235,70,0,
33,4,top,host,215.44,224.103,58,70,0,
33,4,top,other,507.232,262.944,235,70,0,
33,5,top,host,223.92,218.804,58,70,0,
33,5,top,other,499.04,268.68,235,70,0,
33,6,top,host,232.4,213.505,58,70,0,
33,6,top,other,490.848,274.416,235,70,0,
33,7,top,host,240.88,208.206,58,70,0,
33,7,top,other,482.656,280.152,235,70,0,
33,8,top,host,249.36,202.907,58,70,0,
33,8,top,other,474.464,285.888,235,70,0,
33,9,top,host,257.84,197.608,58,70,0,
33,9,top,other,466.272,291.624,235,70,0,
33,10,top,host,266.32,192.309,58,70,0,
33,10,top,other,458.08,297.36,235,70,0,
33,11,top,host,274.8,187.01,58,70,0,
33,11,top,other,449.888,303.096,235,70,0,
33,12,top,host,283.28,181.711,58,70,0,
33,12,top,other,441.696,308.832,235,70,0,
33,13,top,host,291.76,176.412,58,70,0,
33,13,top,other,433.504,314.568,235,70,0,
33,14,top,host,300.24,171.113,58,70,0,
33,14,top,other,425.312,320.304,235,70,0,
33,15,top,host,308.72,165.814,58,70,0,
33,15,top,other,417.12,326.04,235,70,0,
33,16,top,host,317.2,160.515,58,70,0,
33,16,top,other,408.928,331.776,235,70,0,
33,17,top,host,325.68,155.216,58,70,0,
33,17,top,other,400.736,337.512,235,70,0,
33,18,top,host,334.16,149.917,58,70,0,
33,18,top,other,392.544,343.248,235,70,0,
33,19,top,host,342.64,144.618,58,70,0,
33,19,top,other,384.352,348.984,235,70,0,
33,20,top,host,351.12,139.319,58,74,0,
33,20,top,other,376.16,354.72,235,71,0,
33,21,top,host,351.12,139.319,58,74,0,
33,21,top,other,376.16,354.72,235,71,0,
33,22,top,host,351.12,139.319,58,74,0,
33,22,top,other,376.16,354.72,235,71,0,
34,1,top,host,188.387,245.446,123,74,0,
34,1,top,other,531.71,234.408,304,71,0,
34,2,top,host,196.774,250.892,123,74,0,
34,2,top,other,523.42,228.816,304,71,0,
34,3,top,host,205.161,256.338,123,74,0,
34,3,top,other,515.13,223.224,304,71,0,
34,4,top,host,213.548,261.784,123,74,0,
34,4,top,other,506.84,217.632,304,71,0,
34,5,top,host,221.935,267.23,123,74,0,
34,5,top,other,498.55,212.04,304,71,0,
34,6,top,host,230.322,272.676,123,74,0,
34,6,top,other,490.26,206.448,304,71,0,
34,7,top,host,238.709,278.122,123,74,0,
34,7,top,other,481.97,200.856,304,71,0,
34,8,top,host,247.096,283.568,123,74,0,
34,8,top,other,473.68,195.264,304,71,0,
34,9,top,host,255.483,289.014,123,74,0,
34,9,top,other,465.39,189.672,304,71,0,
34,10,top,host,263.87,294.46,123,74,0,
34,10,top,other,457.1,184.08,304,71,0,
34,11,top,host,272.257,299.906,123,74,0,
34,11,top,other,448.81,178.488,304,71,0,
34,12,top,host,280.644,305.352,123,74,0,
34,12,top,other,440.52,172.896,304,71,0,
34,13,top,host,289.031,310.798,123,74,0,
34,13,top,other,432.23,167.304,304,71,0,
34,14,top,host,297.418,316.244,123,74,0,
34,14,top,other,423.94,161.712,304,71,0,
34,15,top,host,305.805,321.69,123,74,0,
34,15,top,other,415.65,156.12,304,71,0,
34,16,top,host,314.192,327.136,123,74,0,
34,16,top,other,407.36,150.528,304,71,0,
34,17,top,host,322.579,332.582,123,74,0,
34,17,top,other,399.07,144.936,304,71,0,
34,18,top,host,330.966,338.028,123,74,0,
34,18,top,other,390.78,139.344,304,71,0,
34,19,top,host,339.353,343.474,123,74,0,
34,19,top,other,382.49,133.752,304,71,0,
34,20,top,host,347.74,348.92,123,75,0,
34,20,top,other,374.2,128.16,304,75,0,
34,21,top,host,347.74,348.92,123,75,0,
34,21,top,other,374.2,128.16,304,75,0,
34,22,top,host,347.74,348.92,123,75,0,
34,22,top,other,374.2,128.16,304,75,0,
35,1,bottom,host,188.387,245.446,123,75,0,
35,1,bottom,other,530,240,270,75,0,
35,2,bottom,host,196.774,250.892,123,75,0,
35,2,bottom,other,521.71,234.408,304,75,0,
35,3,bottom,host,205.161,256.338,123,75,0,
35,3,bottom,other,513.42,228.816,304,75,0,
35,4,bottom,host,213.548,261.784,123,75,0,
35,4,bottom,other,505.13,223.224,304,75,0,
35,5,bottom,host,221.935,267.23,123,75,0,
35,5,bottom,other,496.84,217.632,304,75,0,
35,6,bottom,host,230.322,272.676,123,75,0,
35,6,bottom,other,488.55,212.04,304,75,0,
35,7,bottom,host,238.709,278.122,123,75,0,
35,7,bottom,other,480.26,206.448,304,75,0,
35,8,bottom,host,247.096,283.568,123,75,0,
35,8,bottom,other,471.97,200.856,304,75,0,
35,9,bottom,host,255.483,289.014,123,75,0,
35,9,bottom,other,463.68,195.264,304,75,0,
35,10,bottom,host,263.87,294.46,123,75,0,
35,10,bottom,other,455.39,189.672,304,75,0,
35,11,bottom,host,272.257,299.906,123,75,0,
35,11,bottom,other,447.1,184.08,304,75,0,
35,12,bottom,host,280.644,305.352,123,75,0,
35,12,bottom,other,438.81,178.488,304,75,0,
35,13,bottom,host,289.031,310.798,123,75,0,
35,13,bottom,other,430.52,172.896,304,75,0,
35,14,bottom,host,297.418,316.244,123,75,0,
35,14,bottom,other,422.23,167.304,304,75,0,
35,15,bottom,host,305.805,321.69,123,75,0,
35,15,bottom,other,413.94,161.712,304,75,0,
35,16,bottom,host,314.192,327.136,123,75,0,
35,16,bottom,other,405.65,156.12,304,75,0,
35,17,bottom,host,322.579,332.582,123,75,0,
35,17,bottom,other,397.36,150.528,304,75,0,
35,18,bottom,host,330.966,338.028,123,75,0,
35,18,bottom,other,389.07,144.936,304,75,0,
35,19,bottom,host,339.353,343.474,123,75,0,
35,19,bottom,other,380.78,139.344,304,75,0,
35,20,bottom,host,347.74,348.92,123,79,0,
35,20,bottom,other,372.49,133.752,304,76,0,
35,21,bottom,host,347.74,348.92,123,79,0,
35,21,bottom,other,372.49,133.752,304,76,0,
35,22,bottom,host,347.74,348.92,123,79,0,
35,22,bottom,other,372.49,133.752,304,76,0,
36,1,bottom,host,188.48,234.701,58,79,0,
36,1,bottom,other,531.808,245.736,235,76,0,
36,2,bottom,host,196.96,229.402,58,79,0,
36,2,bottom,other,523.616,251.472,235,76,0,
36,3,bottom,host,205.44,224.103,58,79,0,
36,3,bottom,other,515.424,257.208,235,76,0,
36,4,bottom,host,213.92,218.804,58,79,0,
36,4,bottom,other,507.232,262.944,235,76,0,
36,5,bottom,host,222.4,213.505,58,79,0,
36,5,bottom,other,499.04,268.68,235,76,0,
36,6,bottom,host,230.88,208.206,58,79,0,
36,6,bottom,other,490.848,274.416,235,76,0,
36,7,bottom,host,239.36,202.907,58,79,0,
36,7,bottom,other,482.656,280.152,235,76,0,
36,8,bottom,host,247.84,197.608,58,79,0,
36,8,bottom,other,474.464,285.888,235,76,0,
36,9,bottom,host,256.32,192.309,58,79,0,
36,9,bottom,other,466.272,291.624,235,76,0,
36,10,bottom,host,264.8,187.01,58,79,0,
36,10,bottom,other,458.08,297.36,235,76,0,
36,11,bottom,host,273.28,181.711,58,79,0,
36,11,bottom,other,449.888,303.096,235,76,0,
36,12,bottom,host,281.76,176.412,58,79,0,
36,12,bottom,other,441.696,308.832,235,76,0,
36,13,bottom,host,290.24,171.113,58,79,0,
36,13,bottom,other,433.504,314.568,235,76,0,
36,14,bottom,host,298.72,165.814,58,79,0,
36,14,bottom,other,425.312,320.304,235,76,0,
36,15,bottom,host,307.2,160.515,58,79,0,
36,15,bottom,other,417.12,326.04,235,76,0,
36,16,bottom,host,315.68,155.216,58,79,0,
36,16,bottom,other,408.928,331.776,235,76,0,
36,17,bottom,host,324.16,149.917,58,79,0,
36,17,bottom,other,400.736,337.512,235,76,0,
36,18,bottom,host,332.64,144.618,58,79,0,
36,18,bottom,other,392.544,343.248,235,76,0,
36,19,bottom,host,341.12,139.319,58,79,0,
36,19,bottom,other,384.352,348.984,235,76,0,
36,20,bottom,host,349.6,134.02,58,80,0,
36,20,bottom,other,376.16,354.72,235,80,0,
36,21,bottom,host,349.6,134.02,58,80,0,
36,21,bottom,other,376.16,354.72,235,80,0,
36,22,bottom,host,349.6,134.02,58,80,0,
36,22,bottom,other,376.16,354.72,235,80,0,
37,1,bottom,host,188.387,245.446,123,80,0,
37,1,bottom,other,531.613,234.554,303,80,0,
37,2,bottom,host,196.774,250.892,123,80,0,
37,2,bottom,other,523.226,229.108,303,80,0,
37,3,bottom,host,205.161,256.338,123,80,0,
37,3,bottom,other,514.839,223.662,303,80,0,
37,4,bottom,host,213.548,261.784,123,80,0,
37,4,bottom,other,506.452,218.216,303,80,0,
37,5,bottom,host,221.935,267.23,123,80,0,
37,5,bottom,other,498.065,212.77,303,80,0,
37,6,bottom,host,230.322,272.676,123,80,0,
37,6,bottom,other,489.678,207.324,303,80,0,
37,7,bottom,host,238.709,278.122,123,80,0,
37,7,bottom,other,481.291,201.878,303,80,0,
37,8,bottom,host,247.096,283.568,123,80,0,
37,8,bottom,other,472.904,196.432,303,80,0,
37,9,bottom,host,255.483,289.014,123,80,0,
37,9,bottom,other,464.517,190.986,303,80,0,
37,10,bottom,host,263.87,294.46,123,80,0,
37,10,bottom,other,456.13,185.54,303,80,0,
37,11,bottom,host,272.257,299.906,123,80,0,
37,11,bottom,other,447.743,180.094,303,80,0,
37,12,bottom,host,280.644,305.352,123,80,0,
37,12,bottom,other,439.356,174.648,303,80,0,
37,13,bottom,host,289.031,310.798,123,80,0,
37,13,bottom,other,430.969,169.202,303,80,0,
37,14,bottom,host,297.418,316.244,123,80,0,
37,14,bottom,other,422.582,163.756,303,80,0,
37,15,bottom,host,305.805,321.69,123,80,0,
37,15,bottom,other,414.195,158.31,303,80,0,
37,16,bottom,host,314.192,327.136,123,80,0,
37,16,bottom,other,405.808,152.864,303,80,0,
37,17,bottom,host,322.579,332.582,123,80,0,
37,17,bottom,other,397.421,147.418,303,80,0,
37,18,bottom,host,330.966,338.028,123,80,0,
37,18,bottom,other,389.034,141.972,303,80,0,
37,19,bottom,host,339.353,343.474,123,80,0,
37,19,bottom,other,380.647,136.526,303,80,0,
37,20,bottom,host,347.74,348.92,123,84,0,
37,20,bottom,other,372.26,131.08,303,81,0,
37,21,bottom,host,347.74,348.92,123,84,0,
37,21,bottom,other,372.26,131.08,303,81,0,
37,22,bottom,host,347.74,348.92,123,84,0,
37,22,bottom,other,372.26,131.08,303,81,0,
38,1,top,host,190,240,90,84,0,
38,1,top,other,531.71,234.408,304,81,0,
38,2,top,host,198.192,245.736,125,84,0,
38,2,top,other,523.42,228.816,304,81,0,
38,3,top,host,206.384,251.472,125,84,0,
38,3,top,other,515.13,223.224,304,81,0,
38,4,top,host,214.576,257.208,125,84,0,
38,4,top,other,506.84,217.632,304,81,0,
38,5,top,host,222.768,262.944,125,84,0,
38,5,top,other,498.55,212.04,304,81,0,
38,6,top,host,230.96,268.68,125,84,0,
38,6,top,other,490.26,206.448,304,81,0,
38,7,top,host,239.152,274.416,125,84,0,
38,7,top,other,481.97,200.856,304,81,0,
38,8,top,host,247.344,280.152,125,84,0,
38,8,top,other,473.68,195.264,304,81,0,
38,9,top,host,255.536,285.888,125,84,0,
38,9,top,other,465.39,189.672,304,81,0,
38,10,top,host,263.728,291.624,125,84,0,
38,10,top,other,457.1,184.08,304,81,0,
38,11,top,host,271.92,297.36,125,84,0,
38,11,top,other,448.81,178.488,304,81,0,
38,12,top,host,280.112,303.096,125,84,0,
38,12,top,other,440.52,172.896,304,81,0,
38,13,top,host,288.304,308.832,125,84,0,
38,13,top,other,432.23,167.304,304,81,0,
38,14,top,host,296.496,314.568,125,84,0,
38,14,top,other,423.94,161.712,304,81,0,
38,15,top,host,304.688,320.304,125,84,0,
38,15,top,other,415.65,156.12,304,81,0,
38,16,top,host,312.88,326.04,125,84,0,
38,16,top,other,407.36,150.528,304,81,0,
38,17,top,host,321.072,331.776,125,84,0,
38,17,top,other,399.07,144.936,304,81,0,
38,18,top,host,329.264,337.512,125,84,0,
38,18,top,other,390.78,139.344,304,81,0,
38,19,top,host,337.456,343.248,125,84,0,
38,19,top,other,382.49,133.752,304,81,0,
38,20,top,host,345.648,348.984,125,85,0,
38,20,top,other,374.2,128.16,304,85,0,
38,21,top,host,345.648,348.984,125,85,0,
38,21,top,other,374.2,128.16,304,85,0,
38,22,top,host,345.648,348.984,125,85,0,
38,22,top,other,374.2,128.16,304,85,0,
39,1,bottom,host,188.387,245.446,123,85,0,
39,1,bottom,other,531.71,234.408,304,85,0,
39,2,bottom,host,196.774,250.892,123,85,0,
39,2,bottom,other,523.42,228.816,304,85,0,
39,3,bottom,host,205.161,256.338,123,85,0,
39,3,bottom,other,515.13,223.224,304,85,0,
39,4,bottom,host,213.548,261.784,123,85,0,
39,4,bottom,other,506.84,217.632,304,85,0,
39,5,bottom,host,221.935,267.23,123,85,0,
39,5,bottom,other,498.55,212.04,304,85,0,
39,6,bottom,host,230.322,272.676,123,85,0,
39,6,bottom,other,490.26,206.448,304,85,0,
39,7,bottom,host,238.709,278.122,123,85,0,
39,7,bottom,other,481.97,200.856,304,85,0,
39,8,bottom,host,247.096,283.568,123,85,0,
39,8,bottom,other,473.68,195.264,304,85,0,
39,9,bottom,host,255.483,289.014,123,85,0,
39,9,bottom,other,465.39,189.672,304,85,0,
39,10,bottom,host,263.87,294.46,123,85,0,
39,10,bottom,other,457.1,184.08,304,85,0,
39,11,bottom,host,272.257,299.906,123,85,0,
39,11,bottom,other,448.81,178.488,304,85,0,
39,12,bottom,host,280.644,305.352,123,85,0,
39,12,bottom,other,440.52,172.896,304,85,0,
39,13,bottom,host,289.031,310.798,123,85,0,
39,13,bottom,other,432.23,167.304,304,85,0,
39,14,bottom,host,297.418,316.244,123,85,0,
39,14,bottom,other,423.94,161.712,304,85,0,
39,15,bottom,host,305.805,321.69,123,85,0,
39,15,bottom,other,415.65,156.12,304,85,0,
39,16,bottom,host,314.192,327.136,123,85,0,
39,16,bottom,other,407.36,150.528,304,85,0,
39,17,bottom,host,322.579,332.582,123,85,0,
39,17,bottom,other,399.07,144.936,304,85,0,
39,18,bottom,host,330.966,338.028,123,85,0,
39,18,bottom,other,390.78,139.344,304,85,0,
39,19,bottom,host,339.353,343.474,123,85,0,
39,19,bottom,other,382.49,133.752,304,85,0,
39,20,bottom,host,347.74,348.92,123,89,0,
39,20,bottom,other,374.2,128.16,304,86,0,
39,21,bottom,host,347.74,348.92,123,89,0,
39,21,bottom,other,374.2,128.16,304,86,0,
39,22,bottom,host,347.74,348.92,123,89,0,
39,22,bottom,other,374.2,128.16,304,86,0,
40,1,bottom,host,188.48,234.701,58,89,0,
40,1,bottom,other,531.71,245.592,236,86,0,
40,2,bottom,host,196.96,229.402,58,89,0,
40,2,bottom,other,523.42,251.184,236,86,0,
40,3,bottom,host,205.44,224.103,58,89,0,
40,3,bottom,other,515.13,256.776,236,86,0,
40,4,bottom,host,213.92,218.804,58,89,0,
40,4,bottom,other,506.84,262.368,236,86,0,
40,5,bottom,host,222.4,213.505,58,89,0,
40,5,bottom,other,498.55,267.96,236,86,0,
40,6,bottom,host,230.88,208.206,58,89,0,
40,6,bottom,other,490.26,273.552,236,86,0,
40,7,bottom,host,239.36,202.907,58,89,0,
40,7,bottom,other,481.97,279.144,236,86,0,
40,8,bottom,host,247.84,197.608,58,89,0,
40,8,bottom,other,473.68,284.736,236,86,0,
40,9,bottom,host,256.32,192.309,58,89,0,
40,9,bottom,other,465.39,290.328,236,86,0,
40,10,bottom,host,264.8,187.01,58,89,0,
40,10,bottom,other,457.1,295.92,236,86,0,
40,11,bottom,host,273.28,181.711,58,89,0,
40,11,bottom,other,448.81,301.512,236,86,0,
40,12,bottom,host,281.76,176.412,58,89,0,
40,12,bottom,other,440.52,307.104,236,86,0,
40,13,bottom,host,290.24,171.113,58,89,0,
40,13,bottom,other,432.23,312.696,236,86,0,
40,14,bottom,host,298.72,165.814,58,89,0,
40,14,bottom,other,423.94,318.288,236,86,0,
40,15,bottom,host,307.2,160.515,58,89,0,
40,15,bottom,other,415.65,323.88,236,86,0,
40,16,bottom,host,315.68,155.216,58,89,0,
40,16,bottom,other,407.36,329.472,236,86,0,
40,17,bottom,host,324.16,149.917,58,89,0,
40,17,bottom,other,399.07,335.064,236,86,0,
40,18,bottom,host,332.64,144.618,58,89,0,
40,18,bottom,other,390.78,340.656,236,86,0,
40,19,bottom,host,341.12,139.319,58,89,0,
40,19,bottom,other,382.49,346.248,236,86,0,
40,20,bottom,host,349.6,134.02,58,90,0,
40,20,bottom,other,374.2,351.84,236,90,0,
40,21,bottom,host,349.6,134.02,58,90,0,
40,21,bottom,other,374.2,351.84,236,90,0,
40,22,bottom,host,349.6,134.02,58,90,0,
40,22,bottom,other,374.2,351.84,236,90,0,
41,1,bottom,host,188.387,245.446,123,90,0,
41,1,bottom,other,531.808,234.264,305,90,0,
41,2,bottom,host,196.774,250.892,123,90,0,
41,2,bottom,other,523.616,228.528,305,90,0,
41,3,bottom,host,205.161,256.338,123,90,0,
41,3,bottom,other,515.424,222.792,305,90,0,
41,4,bottom,host,213.548,261.784,123,90,0,
41,4,bottom,other,507.232,217.056,305,90,0,
41,5,bottom,host,221.935,267.23,123,90,0,
41,5,bottom,other,499.04,211.32,305,90,0,
41,6,bottom,host,230.322,272.676,123,90,0,
41,6,bottom,other,490.848,205.584,305,90,0,
41,7,bottom,host,238.709,278.122,123,90,0,
41,7,bottom,other,482.656,199.848,305,90,0,
41,8,bottom,host,247.096,283.568,123,90,0,
41,8,bottom,other,474.464,194.112,305,90,0,
41,9,bottom,host,255.483,289.014,123,90,0,
41,9,bottom,other,466.272,188.376,305,90,0,
41,10,bottom,host,263.87,294.46,123,90,0,
41,10,bottom,other,458.08,182.64,305,90,0,
41,11,bottom,host,272.257,299.906,123,90,0,
41,11,bottom,other,449.888,176.904,305,90,0,
41,12,bottom,host,280.644,305.352,123,90,0,
41,12,bottom,other,441.696,171.168,305,90,0,
41,13,bottom,host,289.031,310.798,123,90,0,
41,13,bottom,other,433.504,165.432,305,90,0,
41,14,bottom,host,297.418,316.244,123,90,0,
41,14,bottom,other,425.312,159.696,305,90,0,
41,15,bottom,host,305.805,321.69,123,90,0,
41,15,bottom,other,417.12,153.96,305,90,0,
41,16,bottom,host,314.192,327.136,123,90,0,
41,16,bottom,other,408.928,148.224,305,90,0,
41,17,bottom,host,322.579,332.582,123,90,0,
41,17,bottom,other,400.736,142.488,305,90,0,
41,18,bottom,host,330.966,338.028,123,90,0,
41,18,bottom,other,392.544,136.752,305,90,0,
41,19,bottom,host,339.353,343.474,123,90,0,
41,19,bottom,other,384.352,131.016,305,90,0,
41,20,bottom,host,347.74,348.92,123,94,0,
41,20,bottom,other,376.16,125.28,305,91,0,
41,21,bottom,host,347.74,348.92,123,94,0,
41,21,bottom,other,376.16,125.28,305,91,0,
41,22,bottom,host,347.74,348.92,123,94,0,
41,22,bottom,other,376.16,125.28,305,91,0,
42,1,top,host,188.29,245.592,124,94,0,
42,1,top,other,531.71,234.408,304,91,0,
42,2,top,host,196.58,251.184,124,94,0,
42,2,top,other,523.42,228.816,304,91,0,
42,3,top,host,204.87,256.776,124,94,0,
42,3,top,other,515.13,223.224,304,91,0,
42,4,top,host,213.16,262.368,124,94,0,
42,4,top,other,506.84,217.632,304,91,0,
42,5,top,host,221.45,267.96,124,94,0,
42,5,top,other,498.55,212.04,304,91,0,
42,6,top,host,229.74,273.552,124,94,0,
42,6,top,other,490.26,206.448,304,91,0,
42,7,top,host,238.03,279.144,124,94,0,
42,7,top,other,481.97,200.856,304,91,0,
42,8,top,host,246.32,284.736,124,94,0,
42,8,top,other,473.68,195.264,304,91,0,
42,9,top,host,254.61,290.328,124,94,0,
42,9,top,other,465.39,189.672,304,91,0,
42,10,top,host,262.9,295.92,124,94,0,
42,10,top,other,457.1,184.08,304,91,0,
42,11,top,host,271.19,301.512,124,94,0,
42,11,top,other,448.81,178.488,304,91,0,
42,12,top,host,279.48,307.104,124,94,0,
42,12,top,other,440.52,172.896,304,91,0,
42,13,top,host,287.77,312.696,124,94,0,
42,13,top,other,432.23,167.304,304,91,0,
42,14,top,host,296.06,318.288,124,94,0,
42,14,top,other,423.94,161.712,304,91,0,
42,15,top,host,304.35,323.88,124,94,0,
42,15,top,other,415.65,156.12,304,91,0,
42,16,top,host,312.64,329.472,124,94,0,
42,16,top,other,407.36,150.528,304,91,0,
42,17,top,host,320.93,335.064,124,94,0,
42,17,top,other,399.07,144.936,304,91,0,
42,18,top,host,329.22,340.656,124,94,0,
42,18,top,other,390.78,139.344,304,91,0,
42,19,top,host,337.51,346.248,124,94,0,
42,19,top,other,382.49,133.752,304,91,0,
42,20,top,host,345.8,351.84,124,95,0,
42,20,top,other,374.2,128.16,304,95,0,
42,21,top,host,345.8,351.84,124,95,0,
42,21,top,other,374.2,128.16,304,95,0,
42,22,top,host,345.8,351.84,124,95,0,
42,22,top,other,374.2,128.16,304,95,0,
43,1,bottom,host,190,240,90,95,0,
43,1,bottom,other,531.71,234.408,304,95,0,
43,2,bottom,host,198.192,245.736,125,95,0,
43,2,bottom,other,523.42,228.816,304,95,0,
43,3,bottom,host,206.384,251.472,125,95,0,
43,3,bottom,other,515.13,223.224,304,95,0,
43,4,bottom,host,214.576,257.208,125,95,0,
43,4,bottom,other,506.84,217.632,304,95,0,
43,5,bottom,host,222.768,262.944,125,95,0,
43,5,bottom,other,498.55,212.04,304,95,0,
43,6,bottom,host,230.96,268.68,125,95,0,
43,6,bottom,other,490.26,206.448,304,95,0,
43,7,bottom,host,239.152,274.416,125,95,0,
43,7,bottom,other,481.97,200.856,304,95,0,
43,8,bottom,host,247.344,280.152,125,95,0,
43,8,bottom,other,473.68,195.264,304,95,0,
43,9,bottom,host,255.536,285.888,125,95,0,
43,9,bottom,other,465.39,189.672,304,95,0,
43,10,bottom,host,263.728,291.624,125,95,0,
43,10,bottom,other,457.1,184.08,304,95,0,
43,11,bottom,host,271.92,297.36,125,95,0,
43,11,bottom,other,448.81,178.488,304,95,0,
43,12,bottom,host,280.112,303.096,125,95,0,
43,12,bottom,other,440.52,172.896,304,95,0,
43,13,bottom,host,288.304,308.832,125,95,0,
43,13,bottom,other,432.23,167.304,304,95,0,
43,14,bottom,host,296.496,314.568,125,95,0,
43,14,bottom,other,423.94,161.712,304,95,0,
43,15,bottom,host,304.688,320.304,125,95,0,
43,15,bottom,other,415.65,156.12,304,95,0,
43,16,bottom,host,312.88,326.04,125,95,0,
43,16,bottom,other,407.36,150.528,304,95,0,
43,17,bottom,host,321.072,331.776,125,95,0,
43,17,bottom,other,399.07,144.936,304,95,0,
43,18,bottom,host,329.264,337.512,125,95,0,
43,18,bottom,other,390.78,139.344,304,95,0,
43,19,bottom,host,337.456,343.248,125,95,0,
43,19,bottom,other,382.49,133.752,304,95,0,
43,20,bottom,host,345.648,348.984,125,99,0,
43,20,bottom,other,374.2,128.16,304,96,0,
43,21,bottom,host,345.648,348.984,125,99,0,
43,21,bottom,other,374.2,128.16,304,96,0,
43,22,bottom,host,345.648,348.984,125,99,0,
43,22,bottom,other,374.2,128.16,304,96,0,
44,1,bottom,host,188.48,234.701,58,99,0,
44,1,bottom,other,531.808,245.736,235,96,0,
44,2,bottom,host,196.96,229.402,58,99,0,
44,2,bottom,other,523.616,251.472,235,96,0,
44,3,bottom,host,205.44,224.103,58,99,0,
44,3,bottom,other,515.424,257.208,235,96,0,
44,4,bottom,host,213.92,218.804,58,99,0,
44,4,bottom,other,507.232,262.944,235,96,0,
44,5,bottom,host,222.4,213.505,58,99,0,
44,5,bottom,other,499.04,268.68,235,96,0,
44,6,bottom,host,230.88,208.206,58,99,0,
44,6,bottom,other,490.848,274.416,235,96,0,
44,7,bottom,host,239.36,202.907,58,99,0,
44,7,bottom,other,482.656,280.152,235,96,0,
44,8,bottom,host,247.84,197.608,58,99,0,
44,8,bottom,other,474.464,285.888,235,96,0,
44,9,bottom,host,256.32,192.309,58,99,0,
44,9,bottom,other,466.272,291.624,235,96,0,
44,10,bottom,host,264.8,187.01,58,99,0,
44,10,bottom,other,458.08,297.36,235,96,0,
44,11,bottom,host,273.28,181.711,58,99,0,
44,11,bottom,other,449.888,303.096,235,96,0,
44,12,bottom,host,281.76,176.412,58,99,0,
44,12,bottom,other,441.696,308.832,235,96,0,
44,13,bottom,host,290.24,171.113,58,99,0,
44,13,bottom,other,433.504,314.568,235,96,0,
44,14,bottom,host,298.72,165.814,58,99,0,
44,14,bottom,other,425.312,320.304,235,96,0,
44,15,bottom,host,307.2,160.515,58,99,0,
44,15,bottom,other,417.12,326.04,235,96,0,
44,16,bottom,host,315.68,155.216,58,99,0,
44,16,bottom,other,408.928,331.776,235,96,0,
44,17,bottom,host,324.16,149.917,58,99,0,
44,17,bottom,other,400.736,337.512,235,96,0,
44,18,bottom,host,332.64,144.618,58,99,0,
44,18,bottom,other,392.544,343.248,235,96,0,
44,19,bottom,host,341.12,139.319,58,99,0,
44,19,bottom,other,384.352,348.984,235,96,0,
44,20,bottom,host,349.6,134.02,58,100,0,
44,20,bottom,other,376.16,354.72,235,100,0,
44,21,bottom,host,349.6,134.02,58,100,0,
44,21,bottom,other,376.16,354.72,235,100,0,
44,22,bottom,host,349.6,134.02,58,100,0,
44,22,bottom,other,376.16,354.72,235,100,0,
45,1,top,host,188.387,234.554,57,100,0,
45,1,top,other,531.808,245.736,235,100,0,
45,2,top,host,196.774,229.108,57,100,0,
45,2,top,other,523.616,251.472,235,100,0,
45,3,top,host,205.161,223.662,57,100,0,
45,3,top,other,515.424,257.208,235,100,0,
45,4,top,host,213.548,218.216,57,100,0,
45,4,top,other,507.232,262.944,235,100,0,
45,5,top,host,221.935,212.77,57,100,0,
45,5,top,other,499.04,268.68,235,100,0,
45,6,top,host,230.322,207.324,57,100,0,
45,6,top,other,490.848,274.416,235,100,0,
45,7,top,host,238.709,201.878,57,100,0,
45,7,top,other,482.656,280.152,235,100,0,
45,8,top,host,247.096,196.432,57,100,0,
45,8,top,other,474.464,285.888,235,100,0,
45,9,top,host,255.483,190.986,57,100,0,
45,9,top,other,466.272,291.624,235,100,0,
45,10,top,host,263.87,185.54,57,100,0,
45,10,top,other,458.08,297.36,235,100,0,
45,11,top,host,272.257,180.094,57,100,0,
45,11,top,other,449.888,303.096,235,100,0,
45,12,top,host,280.644,174.648,57,100,0,
45,12,top,other,441.696,308.832,235,100,0,
45,13,top,host,289.031,169.202,57,100,0,
45,13,top,other,433.504,314.568,235,100,0,
45,14,top,host,297.418,163.756,57,100,0,
45,14,top,other,425.312,320.304,235,100,0,
45,15,top,host,305.805,158.31,57,100,0,
45,15,top,other,417.12,326.04,235,100,0,
45,16,top,host,314.192,152.864,57,100,0,
45,16,top,other,408.928,331.776,235,100,0,
45,17,top,host,322.579,147.418,57,100,0,
45,17,top,other,400.736,337.512,235,100,0,
45,18,top,host,330.966,141.972,57,100,0,
45,18,top,other,392.544,343.248,235,100,0,
45,19,top,host,339.353,136.526,57,100,0,
45,19,top,other,384.352,348.984,235,100,0,
45,20,top,host,347.74,131.08,57,104,0,
45,20,top,other,376.16,354.72,235,101,0,
45,21,top,host,347.74,131.08,57,104,0,
45,21,top,other,376.16,354.72,235,101,0,
45,22,top,host,347.74,131.08,57,104,0,
45,22,top,other,376.16,354.72,235,101,0,
46,1,top,host,188.192,245.736,125,104,0,
46,1,top,other,531.71,234.408,304,101,0,
46,2,top,host,196.482,251.328,124,104,0,
46,2,top,other,523.42,228.816,304,101,0,
46,3,top,host,204.772,256.92,124,104,0,
46,3,top,other,515.13,223.224,304,101,0,
46,4,top,host,213.062,262.512,124,104,0,
46,4,top,other,506.84,217.632,304,101,0,
46,5,top,host,221.352,268.104,124,104,0,
46,5,top,other,498.55,212.04,304,101,0,
46,6,top,host,229.642,273.696,124,104,0,
46,6,top,other,490.26,206.448,304,101,0,
46,7,top,host,237.932,279.288,124,104,0,
46,7,top,other,481.97,200.856,304,101,0,
46,8,top,host,246.222,284.88,124,104,0,
46,8,top,other,473.68,195.264,304,101,0,
46,9,top,host,254.512,290.472,124,104,0,
46,9,top,other,465.39,189.672,304,101,0,
46,10,top,host,262.802,296.064,124,104,0,
46,10,top,other,457.1,184.08,304,101,0,
46,11,top,host,271.092,301.656,124,104,0,
46,11,top,other,448.81,178.488,304,101,0,
46,12,top,host,279.382,307.248,124,104,0,
46,12,top,other,440.52,172.896,304,101,0,
46,13,top,host,287.672,312.84,124,104,0,
46,13,top,other,432.23,167.304,304,101,0,
46,14,top,host,295.962,318.432,124,104,0,
46,14,top,other,423.94,161.712,304,101,0,
46,15,top,host,304.252,324.024,124,104,0,
46,15,top,other,415.65,156.12,304,101,0,
46,16,top,host,312.542,329.616,124,104,0,
46,16,top,other,407.36,150.528,304,101,0,
46,17,top,host,320.832,335.208,124,104,0,
46,17,top,other,399.07,144.936,304,101,0,
46,18,top,host,329.122,340.8,124,104,0,
46,18,top,other,390.78,139.344,304,101,0,
46,19,top,host,337.412,346.392,124,104,0,
46,19,top,other,382.49,133.752,304,101,0,
46,20,top,host,345.702,351.984,124,105,0,
46,20,top,other,374.2,128.16,304,105,0,
46,21,top,host,345.702,351.984,124,105,0,
46,21,top,other,374.2,128.16,304,105,0,
46,22,top,host,345.702,351.984,124,105,0,
46,22,top,other,374.2,128.16,304,105,0,
47,1,bottom,host,190,240,90,105,0,
47,1,bottom,other,531.71,234.408,304,105,0,
47,2,bottom,host,198.09,245.878,126,105,0,
47,2,bottom,other,523.42,228.816,304,105,0,
47,3,bottom,host,206.18,251.756,126,105,0,
47,3,bottom,other,515.13,223.224,304,105,0,
47,4,bottom,host,214.27,257.634,126,105,0,
47,4,bottom,other,506.84,217.632,304,105,0,
47,5,bottom,host,222.36,263.512,126,105,0,
47,5,bottom,other,498.55,212.04,304,105,0,
47,6,bottom,host,230.45,269.39,126,105,0,
47,6,bottom,other,490.26,206.448,304,105,0,
47,7,bottom,host,238.54,275.268,126,105,0,
47,7,bottom,other,481.97,200.856,304,105,0,
47,8,bottom,host,246.63,281.146,126,105,0,
47,8,bottom,other,473.68,195.264,304,105,0,
47,9,bottom,host,254.72,287.024,126,105,0,
47,9,bottom,other,465.39,189.672,304,105,0,
47,10,bottom,host,262.81,292.902,126,105,0,
47,10,bottom,other,457.1,184.08,304,105,0,
47,11,bottom,host,270.9,298.78,126,105,0,
47,11,bottom,other,448.81,178.488,304,105,0,
47,12,bottom,host,278.99,304.658,126,105,0,
47,12,bottom,other,440.52,172.896,304,105,0,
47,13,bottom,host,287.08,310.536,126,105,0,
47,13,bottom,other,432.23,167.304,304,105,0,
47,14,bottom,host,295.17,316.414,126,105,0,
47,14,bottom,other,423.94,161.712,304,105,0,
47,15,bottom,host,303.26,322.292,126,105,0,
47,15,bottom,other,415.65,156.12,304,105,0,
47,16,bottom,host,311.35,328.17,126,105,0,
47,16,bottom,other,407.36,150.528,304,105,0,
47,17,bottom,host,319.44,334.048,126,105,0,
47,17,bottom,other,399.07,144.936,304,105,0,
47,18,bottom,host,327.53,339.926,126,105,0,
47,18,bottom,other,390.78,139.344,304,105,0,
47,19,bottom,host,335.62,345.804,126,105,0,
47,19,bottom,other,382.49,133.752,304,105,0,
47,20,bottom,host,343.71,351.682,126,109,0,
47,20,bottom,other,374.2,128.16,304,106,0,
47,21,bottom,host,343.71,351.682,126,109,0,
47,21,bottom,other,374.2,128.16,304,106,0,
47,22,bottom,host,343.71,351.682,126,109,0,
47,22,bottom,other,374.2,128.16,304,106,0,
48,1,bottom,host,188.29,234.408,56,109,0,
48,1,bottom,other,531.808,245.736,235,106,0,
48,2,bottom,host,196.58,228.816,56,109,0,
48,2,bottom,other,523.616,251.472,235,106,0,
48,3,bottom,host,204.87,223.224,56,109,0,
48,3,bottom,other,515.424,257.208,235,106,0,
48,4,bottom,host,213.16,217.632,56,109,0,
48,4,bottom,other,507.232,262.944,235,106,0,
48,5,bottom,host,221.45,212.04,56,109,0,
48,5,bottom,other,499.04,268.68,235,106,0,
48,6,bottom,host,229.74,206.448,56,109,0,
48,6,bottom,other,490.848,274.416,235,106,0,
48,7,bottom,host,238.03,200.856,56,109,0,
48,7,bottom,other,482.656,280.152,235,106,0,
48,8,bottom,host,246.32,195.264,56,109,0,
48,8,bottom,other,474.464,285.888,235,106,0,
48,9,bottom,host,254.61,189.672,56,109,0,
48,9,bottom,other,466.272,291.624,235,106,0,
48,10,bottom,host,262.9,184.08,56,109,0,
48,10,bottom,other,458.08,297.36,235,106,0,
48,11,bottom,host,271.19,178.488,56,109,0,
48,11,bottom,other,449.888,303.096,235,106,0,
48,12,bottom,host,279.48,172.896,56,109,0,
48,12,bottom,other,441.696,308.832,235,106,0,
48,13,bottom,host,287.77,167.304,56,109,0,
48,13,bottom,other,433.504,314.568,235,106,0,
48,14,bottom,host,296.06,161.712,56,109,0,
48,14,bottom,other,425.312,320.304,235,106,0,
48,15,bottom,host,304.35,156.12,56,109,0,
48,15,bottom,other,417.12,326.04,235,106,0,
48,16,bottom,host,312.64,150.528,56,109,0,
48,16,bottom,other,408.928,331.776,235,106,0,
48,17,bottom,host,320.93,144.936,56,109,0,
48,17,bottom,other,400.736,337.512,235,106,0,
48,18,bottom,host,329.22,139.344,56,109,0,
48,18,bottom,other,392.544,343.248,235,106,0,
48,19,bottom,host,337.51,133.752,56,109,0,
48,19,bottom,other,384.352,348.984,235,106,0,
48,20,bottom,host,345.8,128.16,56,110,0,
48,20,bottom,other,376.16,354.72,235,110,0,
48,21,bottom,host,345.8,128.16,56,110,0,
48,21,bottom,other,376.16,354.72,235,110,0,
48,22,bottom,host,345.8,128.16,56,110,0,
48,22,bottom,other,376.16,354.72,235,110,0,
49,1,bottom,host,188.29,245.592,124,110,0,
49,1,bottom,other,531.71,234.408,304,110,0,
49,2,bottom,host,196.58,251.184,124,110,0,
49,2,bottom,other,523.42,228.816,304,110,0,
49,3,bottom,host,204.87,256.776,124,110,0,
49,3,bottom,other,515.13,223.224,304,110,0,
49,4,bottom,host,213.16,262.368,124,110,0,
49,4,bottom,other,506.84,217.632,304,110,0,
49,5,bottom,host,221.45,267.96,124,110,0,
49,5,bottom,other,498.55,212.04,304,110,0,
49,6,bottom,host,229.74,273.552,124,110,0,
49,6,bottom,other,490.26,206.448,304,110,0,
49,7,bottom,host,238.03,279.144,124,110,0,
49,7,bottom,other,481.97,200.856,304,110,0,
49,8,bottom,host,246.32,284.736,124,110,0,
49,8,bottom,other,473.68,195.264,304,110,0,
49,9,bottom,host,254.61,290.328,124,110,0,
49,9,bottom,other,465.39,189.672,304,110,0,
49,10,bottom,host,262.9,295.92,124,110,0,
49,10,bottom,other,457.1,184.08,304,110,0,
49,11,bottom,host,271.19,301.512,124,110,0,
49,11,bottom,other,448.81,178.488,304,110,0,
49,12,bottom,host,279.48,307.104,124,110,0,
49,12,bottom,other,440.52,172.896,304,110,0,
49,13,bottom,host,287.77,312.696,124,110,0,
49,13,bottom,other,432.23,167.304,304,110,0,
49,14,bottom,host,296.06,318.288,124,110,0,
49,14,bottom,other,423.94,161.712,304,110,0,
49,15,bottom,host,304.35,323.88,124,110,0,
49,15,bottom,other,415.65,156.12,304,110,0,
49,16,bottom,host,312.64,329.472,124,110,0,
49,16,bottom,other,407.36,150.528,304,110,0,
49,17,bottom,host,320.93,335.064,124,110,0,
49,17,bottom,other,399.07,144.936,304,110,0,
49,18,bottom,host,329.22,340.656,124,110,0,
49,18,bottom,other,390.78,139.344,304,110,0,
49,19,bottom,host,337.51,346.248,124,110,0,
49,19,bottom,other,382.49,133.752,304,110,0,
49,20,bottom,host,345.8,351.84,124,114,0,
49,20,bottom,other,374.2,128.16,304,111,0,
49,21,bottom,host,345.8,351.84,124,114,0,
49,21,bottom,other,374.2,128.16,304,111,0,
49,22,bottom,host,345.8,351.84,124,114,0,
49,22,bottom,other,374.2,128.16,304,111,0,
50,1,top,host,190,240,90,114,0,
50,1,top,other,531.71,234.408,304,111,0,
50,2,top,host,198.09,245.878,126,114,0,
50,2,top,other,523.42,228.816,304,111,0,
50,3,top,host,206.18,251.756,126,114,0,
50,3,top,other,515.13,223.224,304,111,0,
50,4,top,host,214.27,257.634,126,114,0,
50,4,top,other,506.84,217.632,304,111,0,
50,5,top,host,222.36,263.512,126,114,0,
50,5,top,other,498.55,212.04,304,111,0,
50,6,top,host,230.45,269.39,126,114,0,
50,6,top,other,490.26,206.448,304,111,0,
50,7,top,host,238.54,275.268,126,114,0,
50,7,top,other,481.97,200.856,304,111,0,
50,8,top,host,246.63,281.146,126,114,0,
50,8,top,other,473.68,195.264,304,111,0,
50,9,top,host,254.72,287.024,126,114,0,
50,9,top,other,465.39,189.672,304,111,0,
50,10,top,host,262.81,292.902,126,114,0,
50,10,top,other,457.1,184.08,304,111,0,
50,11,top,host,270.9,298.78,126,114,0,
50,11,top,other,448.81,178.488,304,111,0,
50,12,top,host,278.99,304.658,126,114,0,
50,12,top,other,440.52,172.896,304,111,0,
50,13,top,host,287.08,310.536,126,114,0,
50,13,top,other,432.23,167.304,304,111,0,
50,14,top,host,295.17,316.414,126,114,0,
50,14,top,other,423.94,161.712,304,111,0,
50,15,top,host,303.26,322.292,126,114,0,
50,15,top,other,415.65,156.12,304,111,0,
50,16,top,host,311.35,328.17,126,114,0,
50,16,top,other,407.36,150.528,304,111,0,
50,17,top,host,319.44,334.048,126,114,0,
50,17,top,other,399.07,144.936,304,111,0,
50,18,top,host,327.53,339.926,126,114,0,
50,18,top,other,390.78,139.344,304,111,0,
50,19,top,host,335.62,345.804,126,114,0,
50,19,top,other,382.49,133.752,304,111,0,
50,20,top,host,343.71,351.682,126,115,0,
50,20,top,other,374.2,128.16,304,115,0,
50,21,top,host,343.71,351.682,126,115,0,
50,21,top,other,374.2,128.16,304,115,0,
50,22,top,host,343.71,351.682,126,115,0,
50,22,top,other,374.2,128.16,304,115,0,
