1,1,bottom,host,189.903,238.608,82,0,0.00,
1,1,bottom,other,530,240,270,0,0.00,
1,2,bottom,host,199.806,237.216,82,0,0.00,
1,2,bottom,other,520,240,270,0,0.00,
1,3,bottom,host,209.709,235.824,82,0,0.00,
1,3,bottom,other,510,240,270,0,0.00,
1,4,bottom,host,219.612,234.432,82,0,0.00,
1,4,bottom,other,500,240,270,0,0.00,
1,5,bottom,host,220.657,244.377,174,0,0.00,
1,5,bottom,other,490,240,270,0,0.00,
1,6,bottom,host,220.657,244.377,174,0,0.00,
1,6,bottom,other,480,240,270,0,0.00,
1,7,bottom,host,220.657,244.377,174,0,0.00,
1,7,bottom,other,470,240,270,0,0.00,
1,8,bottom,host,227.348,251.808,138,0,0.00,
1,8,bottom,other,460,240,270,0,0.00,
1,9,bottom,host,234.039,259.239,138,0,0.00,
1,9,bottom,other,450,240,270,0,0.00,
1,10,bottom,host,234.039,259.239,134,0,0.00,
1,10,bottom,other,440,240,270,0,0.00,
1,11,bottom,host,238.734,268.068,152,0,0.00,
1,11,bottom,other,433.843,232.12,322,0,0.00,
1,12,bottom,host,243.429,276.897,152,0,0.00,
1,12,bottom,other,427.686,224.24,322,0,0.00,
1,13,bottom,host,250.5,283.968,135,0,0.00,
1,13,bottom,other,421.529,216.36,322,0,0.00,
1,14,bottom,host,257.693,290.915,134,0,0.00,
1,14,bottom,other,415.372,208.48,322,0,0.00,
1,15,bottom,host,266.439,295.763,119,0,0.00,
1,15,bottom,other,409.215,200.6,322,0,0.00,
1,16,bottom,host,272.867,303.423,140,0,0.00,
1,16,bottom,other,403.058,192.72,322,0,0.00,
1,17,bottom,host,280.414,309.984,131,0,0.00,
1,17,bottom,other,396.901,184.84,322,0,0.00,
1,18,bottom,host,288.4,316.002,127,0,0.00,
1,18,bottom,other,390.744,176.96,322,0,0.00,
1,19,bottom,host,296.972,321.152,121,0,0.00,
1,19,bottom,other,384.587,169.08,322,0,0.00,
1,20,bottom,host,305.544,326.302,121,0,0.00,
1,20,bottom,other,378.43,161.2,322,0,0.00,
1,21,bottom,host,314.116,331.452,121,0,0.00,
1,21,bottom,other,372.273,153.32,322,0,0.00,
1,22,bottom,host,322.688,336.602,121,0,0.00,
1,22,bottom,other,366.116,145.44,322,0,0.00,
1,23,bottom,host,331.26,341.752,121,4,0.00,
1,23,bottom,other,359.959,137.56,322,1,0.00,
1,24,bottom,host,331.26,341.752,121,4,0.00,
1,24,bottom,other,359.959,137.56,322,1,0.00,
1,25,bottom,host,331.26,341.752,121,4,0.00,
1,25,bottom,other,359.959,137.56,322,1,0.00,
2,1,bottom,host,190,240,90,4,0.00,
2,1,bottom,other,531.71,245.592,236,1,0.00,
2,2,bottom,host,200,240,90,4,0.00,
2,2,bottom,other,523.42,251.184,236,1,0.00,
2,3,bottom,host,208.29,245.592,124,4,0.00,
2,3,bottom,other,515.13,256.776,236,1,0.00,
2,4,bottom,host,216.58,251.184,124,4,0.00,
2,4,bottom,other,506.84,262.368,236,1,0.00,
2,5,bottom,host,224.67,257.062,126,4,0.00,
2,5,bottom,other,498.55,267.96,236,1,0.00,
2,6,bottom,host,232.862,262.798,125,4,0.00,
2,6,bottom,other,490.26,273.552,236,1,0.00,
2,7,bottom,host,240.952,268.676,126,4,0.00,
2,7,bottom,other,481.97,279.144,236,1,0.00,
2,8,bottom,host,248.938,274.694,127,4,0.00,
2,8,bottom,other,473.68,284.736,236,1,0.00,
2,9,bottom,host,256.924,280.712,127,4,0.00,
2,9,bottom,other,465.39,290.328,236,1,0.00,
2,10,bottom,host,264.804,286.869,128,4,0.00,
2,10,bottom,other,457.1,295.92,236,1,0.00,
2,11,bottom,host,272.684,293.026,128,4,0.00,
2,11,bottom,other,448.81,301.512,236,1,0.00,
2,12,bottom,host,282.682,293.201,91,4,0.00,
2,12,bottom,other,440.52,307.104,236,1,0.00,
2,13,bottom,host,291.817,289.134,66,4,0.00,
2,13,bottom,other,432.23,312.696,236,1,0.00,
2,14,bottom,host,300.952,285.067,66,4,0.00,
2,14,bottom,other,423.94,318.288,236,1,0.00,
2,15,bottom,host,310.087,281,66,4,0.00,
2,15,bottom,other,415.65,323.88,236,1,0.00,
2,16,bottom,host,315.237,289.572,149,4,0.00,
2,16,bottom,other,407.36,329.472,236,1,0.00,
2,17,bottom,host,320.536,298.052,148,4,0.00,
2,17,bottom,other,399.07,335.064,236,1,0.00,
2,18,bottom,host,325.835,306.532,148,4,0.00,
2,18,bottom,other,390.78,340.656,236,1,0.00,
2,19,bottom,host,331.427,314.822,146,4,0.00,
2,19,bottom,other,382.49,346.248,236,1,0.00,
2,20,bottom,host,337.019,323.112,146,4,0.00,
2,20,bottom,other,374.2,351.84,236,1,0.00,
2,21,bottom,host,342.611,331.402,146,4,0.00,
2,21,bottom,other,374.2,351.84,236,1,0.00,
2,22,bottom,host,348.203,339.692,146,4,0.00,
2,22,bottom,other,374.2,351.84,236,1,0.00,
3,1,top,host,180,240,63,4,0.00,
3,1,top,other,530,240,270,1,0.00,
3,2,top,host,189.205,236.093,67,4,0.00,
3,2,top,other,520,240,270,1,0.00,
3,3,top,host,198.34,232.026,66,4,0.00,
3,3,top,other,511.808,234.264,305,1,0.00,
3,4,top,host,207.169,227.331,62,4,0.00,
3,4,top,other,503.616,228.528,305,1,0.00,
3,5,top,host,215.649,222.032,58,4,0.00,
3,5,top,other,495.424,222.792,305,1,0.00,
3,6,top,host,223.841,216.296,55,4,0.00,
3,6,top,other,487.232,217.056,305,1,0.00,
3,7,top,host,232.033,210.56,55,4,0.00,
3,7,top,other,479.04,211.32,305,1,0.00,
3,8,top,host,240.225,204.824,55,4,0.00,
3,8,top,other,470.848,205.584,305,1,0.00,
3,9,top,host,248.417,199.088,55,4,0.00,
3,9,top,other,462.656,199.848,305,1,0.00,
3,10,top,host,256.707,193.496,56,4,0.00,
3,10,top,other,454.464,194.112,305,1,0.00,
3,11,top,host,264.997,187.904,56,4,0.00,
3,11,top,other,446.272,188.376,305,1,0.00,
3,12,top,host,273.189,182.168,55,4,0.00,
3,12,top,other,438.08,182.64,305,1,0.00,
3,13,top,host,281.381,176.432,55,4,0.00,
3,13,top,other,429.888,176.904,305,1,0.00,
3,14,top,host,289.573,170.696,55,4,0.00,
3,14,top,other,421.696,171.168,305,1,0.00,
3,15,top,host,297.765,164.96,55,4,0.00,
3,15,top,other,413.504,165.432,305,1,0.00,
3,16,top,host,305.957,159.224,55,4,0.00,
3,16,top,other,405.312,159.696,305,1,0.00,
3,17,top,host,314.149,153.488,55,4,0.00,
3,17,top,other,397.12,153.96,305,1,0.00,
3,18,top,host,322.341,147.752,55,4,0.00,
3,18,top,other,388.928,148.224,305,1,0.00,
3,19,top,host,322.341,147.752,243,4,0.00,
3,19,top,other,380.736,142.488,305,1,0.00,
3,20,top,host,322.341,147.752,243,4,0.00,
3,20,top,other,372.544,136.752,305,1,0.00,
3,21,top,host,330.431,141.874,54,4,0.00,
3,21,top,other,364.352,131.016,305,1,0.00,
3,22,top,host,330.431,141.874,54,4,0.00,
3,22,top,other,364.352,131.016,305,1,0.00,
3,23,top,host,330.431,141.874,54,4,0.00,
3,23,top,other,364.352,131.016,305,1,0.00,
4,1,bottom,host,190,240,90,4,0.00,
4,1,bottom,other,530,240,270,1,0.00,
4,2,bottom,host,198.387,245.446,123,4,0.00,
4,2,bottom,other,521.91,245.878,234,1,0.00,
4,3,bottom,host,206.867,250.745,122,4,0.00,
4,3,bottom,other,513.82,251.756,234,1,0.00,
4,4,bottom,host,214.957,256.623,126,4,0.00,
4,4,bottom,other,505.73,257.634,234,1,0.00,
4,5,bottom,host,223.047,262.501,126,4,0.00,
4,5,bottom,other,497.64,263.512,234,1,0.00,
4,6,bottom,host,231.239,268.237,125,4,0.00,
4,6,bottom,other,489.55,269.39,234,1,0.00,
4,7,bottom,host,239.431,273.973,125,4,0.00,
4,7,bottom,other,481.46,275.268,234,1,0.00,
4,8,bottom,host,247.623,279.709,125,4,0.00,
4,8,bottom,other,473.37,281.146,234,1,0.00,
4,9,bottom,host,255.815,285.445,125,4,0.00,
4,9,bottom,other,465.28,287.024,234,1,0.00,
4,10,bottom,host,264.007,291.181,125,4,0.00,
4,10,bottom,other,457.19,292.902,234,1,0.00,
4,11,bottom,host,272.199,296.917,125,4,0.00,
4,11,bottom,other,449.1,298.78,234,1,0.00,
4,12,bottom,host,280.391,302.653,125,4,0.00,
4,12,bottom,other,441.01,304.658,234,1,0.00,
4,13,bottom,host,288.583,308.389,125,4,0.00,
4,13,bottom,other,432.92,310.536,234,1,0.00,
4,14,bottom,host,288.583,308.389,152,4,0.00,
4,14,bottom,other,424.83,316.414,234,1,0.00,
4,15,bottom,host,288.583,308.389,152,4,0.00,
4,15,bottom,other,416.74,322.292,234,1,0.00,
4,16,bottom,host,297.155,313.539,121,4,0.00,
4,16,bottom,other,408.65,328.17,234,1,0.00,
4,17,bottom,host,305.445,319.131,124,4,0.00,
4,17,bottom,other,400.56,334.048,234,1,0.00,
4,18,bottom,host,313.735,324.723,124,4,0.00,
4,18,bottom,other,392.47,339.926,234,1,0.00,
4,19,bottom,host,322.025,330.315,124,4,0.00,
4,19,bottom,other,384.38,345.804,234,1,0.00,
4,20,bottom,host,330.315,335.907,124,4,0.00,
4,20,bottom,other,376.29,351.682,234,1,0.00,
4,21,bottom,host,338.605,341.499,124,4,0.00,
4,21,bottom,other,368.2,357.56,234,1,0.00,
4,22,bottom,host,338.605,341.499,124,4,0.00,
4,22,bottom,other,368.2,357.56,234,1,0.00,
4,23,bottom,host,338.605,341.499,124,4,0.00,
4,23,bottom,other,368.2,357.56,234,1,0.00,
5,1,bottom,host,190,240,90,4,0.00,
5,1,bottom,other,530,240,270,1,0.00,
5,2,bottom,host,198.387,245.446,123,4,0.00,
5,2,bottom,other,520,240,270,1,0.00,
5,3,bottom,host,206.774,250.892,123,4,0.00,
5,3,bottom,other,510,240,270,1,0.00,
5,4,bottom,host,214.864,256.77,126,4,0.00,
5,4,bottom,other,500,240,270,1,0.00,
5,5,bottom,host,222.954,262.648,126,4,0.00,
5,5,bottom,other,490,240,270,1,0.00,
5,6,bottom,host,231.044,268.526,126,4,0.00,
5,6,bottom,other,480,240,270,1,0.00,
5,7,bottom,host,239.134,274.404,126,4,0.00,
5,7,bottom,other,473.053,247.193,224,1,0.00,
5,8,bottom,host,247.224,280.282,126,4,0.00,
5,8,bottom,other,466.106,254.386,224,1,0.00,
5,9,bottom,host,255.314,286.16,126,4,0.00,
5,9,bottom,other,459.159,261.579,224,1,0.00,
5,10,bottom,host,263.404,292.038,126,4,0.00,
5,10,bottom,other,452.212,268.772,224,1,0.00,
5,11,bottom,host,271.494,297.916,126,4,0.00,
5,11,bottom,other,445.265,275.965,224,1,0.00,
5,12,bottom,host,279.584,303.794,126,4,0.00,
5,12,bottom,other,438.318,283.158,224,1,0.00,
5,13,bottom,host,287.674,309.672,126,4,0.00,
5,13,bottom,other,431.371,290.351,224,1,0.00,
5,14,bottom,host,295.764,315.55,126,4,0.00,
5,14,bottom,other,424.424,297.544,224,1,0.00,
5,15,bottom,host,303.854,321.428,126,4,0.00,
5,15,bottom,other,417.477,304.737,224,1,0.00,
5,16,bottom,host,311.944,327.306,126,4,0.00,
5,16,bottom,other,410.53,311.93,224,1,0.00,
5,17,bottom,host,320.034,333.184,126,4,0.00,
5,17,bottom,other,403.583,319.123,224,1,0.00,
5,18,bottom,host,328.124,339.062,126,4,0.00,
5,18,bottom,other,396.636,326.316,224,1,0.00,
5,19,bottom,host,336.214,344.94,126,4,0.00,
5,19,bottom,other,389.689,333.509,224,1,0.00,
5,20,bottom,host,344.304,350.818,126,4,0.00,
5,20,bottom,other,382.742,340.702,224,1,0.00,
5,21,bottom,host,352.394,356.696,126,4,0.00,
5,21,bottom,other,375.795,347.895,224,1,0.00,
5,22,bottom,host,352.394,356.696,126,4,0.00,
5,22,bottom,other,375.795,347.895,224,1,0.00,
5,23,bottom,host,352.394,356.696,126,4,0.00,
5,23,bottom,other,375.795,347.895,224,1,0.00,
6,1,bottom,host,188.29,245.592,124,4,0.00,
6,1,bottom,other,530,240,270,1,0.00,
6,2,bottom,host,196.58,251.184,124,4,0.00,
6,2,bottom,other,520,240,270,1,0.00,
6,3,bottom,host,204.87,256.776,124,4,0.00,
6,3,bottom,other,510,240,270,1,0.00,
6,4,bottom,host,213.16,262.368,124,4,0.00,
6,4,bottom,other,502.229,246.293,231,1,0.00,
6,5,bottom,host,221.45,267.96,124,4,0.00,
6,5,bottom,other,494.458,252.586,231,1,0.00,
6,6,bottom,host,229.74,273.552,124,4,0.00,
6,6,bottom,other,486.687,258.879,231,1,0.00,
6,7,bottom,host,238.03,279.144,124,4,0.00,
6,7,bottom,other,478.916,265.172,231,1,0.00,
6,8,bottom,host,246.32,284.736,124,4,0.00,
6,8,bottom,other,471.145,271.465,231,1,0.00,
6,9,bottom,host,254.61,290.328,124,4,0.00,
6,9,bottom,other,463.374,277.758,231,1,0.00,
6,10,bottom,host,262.9,295.92,124,4,0.00,
6,10,bottom,other,455.603,284.051,231,1,0.00,
6,11,bottom,host,271.19,301.512,124,4,0.00,
6,11,bottom,other,447.832,290.344,231,1,0.00,
6,12,bottom,host,279.48,307.104,124,4,0.00,
6,12,bottom,other,440.061,296.637,231,1,0.00,
6,13,bottom,host,287.77,312.696,124,4,0.00,
6,13,bottom,other,432.29,302.93,231,1,0.00,
6,14,bottom,host,296.06,318.288,124,4,0.00,
6,14,bottom,other,424.519,309.223,231,1,0.00,
6,15,bottom,host,304.35,323.88,124,4,0.00,
6,15,bottom,other,416.748,315.516,231,1,0.00,
6,16,bottom,host,312.64,329.472,124,4,0.00,
6,16,bottom,other,408.977,321.809,231,1,0.00,
6,17,bottom,host,320.93,335.064,124,4,0.00,
6,17,bottom,other,401.206,328.102,231,1,0.00,
6,18,bottom,host,329.22,340.656,124,4,0.00,
6,18,bottom,other,393.435,334.395,231,1,0.00,
6,19,bottom,host,337.51,346.248,124,4,0.00,
6,19,bottom,other,385.664,340.688,231,1,0.00,
6,20,bottom,host,345.8,351.84,124,4,0.00,
6,20,bottom,other,377.893,346.981,231,1,0.00,
6,21,bottom,host,345.8,351.84,124,4,0.00,
6,21,bottom,other,377.893,346.981,231,1,0.00,
6,22,bottom,host,345.8,351.84,124,4,0.00,
6,22,bottom,other,377.893,346.981,231,1,0.00,
7,1,top,host,188.572,234.85,59,4,0.00,
7,1,top,other,530,240,270,1,0.00,
7,2,top,host,196.862,229.258,56,4,0.00,
7,2,top,other,520,240,270,1,0.00,
7,3,top,host,205.152,223.666,56,4,0.00,
7,3,top,other,510,240,270,1,0.00,
7,4,top,host,213.442,218.074,56,4,0.00,
7,4,top,other,500,240,270,1,0.00,
7,5,top,host,221.732,212.482,56,4,0.00,
7,5,top,other,490,240,270,1,0.00,
7,6,top,host,230.022,206.89,56,4,0.00,
7,6,top,other,480,240,270,1,0.00,
7,7,top,host,238.312,201.298,56,4,0.00,
7,7,top,other,470,240,270,1,0.00,
7,8,top,host,246.602,195.706,56,4,0.00,
7,8,top,other,460,240,270,1,0.00,
7,9,top,host,254.892,190.114,56,4,0.00,
7,9,top,other,450,240,270,1,0.00,
7,10,top,host,263.182,184.522,56,4,0.00,
7,10,top,other,440,240,270,1,0.00,
7,11,top,host,271.472,178.93,56,4,0.00,
7,11,top,other,430,240,270,1,0.00,
7,12,top,host,279.762,173.338,56,4,0.00,
7,12,top,other,420,240,270,1,0.00,
7,13,top,host,288.052,167.746,56,4,0.00,
7,13,top,other,415.46,248.91,207,1,0.00,
7,14,top,host,296.342,162.154,56,4,0.00,
7,14,top,other,410.92,257.82,207,1,0.00,
7,15,top,host,304.632,156.562,56,4,0.00,
7,15,top,other,406.38,266.73,207,1,0.00,
7,16,top,host,312.922,150.97,56,4,0.00,
7,16,top,other,401.84,275.64,207,1,0.00,
7,17,top,host,321.212,145.378,56,4,0.00,
7,17,top,other,397.3,284.55,207,1,0.00,
7,18,top,host,329.502,139.786,56,4,0.00,
7,18,top,other,392.76,293.46,207,1,0.00,
7,19,top,host,337.792,134.194,56,4,0.00,
7,19,top,other,388.22,302.37,207,1,0.00,
7,20,top,host,346.082,128.602,56,8,0.00,
7,20,top,other,383.68,311.28,207,2,0.00,
7,21,top,host,346.082,128.602,56,8,0.00,
7,21,top,other,383.68,311.28,207,2,0.00,
7,22,top,host,346.082,128.602,56,8,0.00,
7,22,top,other,383.68,311.28,207,2,0.00,
8,1,top,host,188.387,234.554,57,8,0.00,
8,1,top,other,530,240,270,2,0.00,
8,2,top,host,196.774,229.108,57,8,0.00,
8,2,top,other,520,240,270,2,0.00,
8,3,top,host,205.161,223.662,57,8,0.00,
8,3,top,other,510,240,270,2,0.00,
8,4,top,host,213.548,218.216,57,8,0.00,
8,4,top,other,500,240,270,2,0.00,
8,5,top,host,221.935,212.77,57,8,0.00,
8,5,top,other,490,240,270,2,0.00,
8,6,top,host,230.322,207.324,57,8,0.00,
8,6,top,other,482.807,233.053,314,2,0.00,
8,7,top,host,238.709,201.878,57,8,0.00,
8,7,top,other,475.614,226.106,314,2,0.00,
8,8,top,host,247.096,196.432,57,8,0.00,
8,8,top,other,468.421,219.159,314,2,0.00,
8,9,top,host,255.483,190.986,57,8,0.00,
8,9,top,other,461.228,212.212,314,2,0.00,
8,10,top,host,263.87,185.54,57,8,0.00,
8,10,top,other,454.035,205.265,314,2,0.00,
8,11,top,host,272.257,180.094,57,8,0.00,
8,11,top,other,446.842,198.318,314,2,0.00,
8,12,top,host,280.644,174.648,57,8,0.00,
8,12,top,other,439.649,191.371,314,2,0.00,
8,13,top,host,289.031,169.202,57,8,0.00,
8,13,top,other,432.456,184.424,314,2,0.00,
8,14,top,host,297.418,163.756,57,8,0.00,
8,14,top,other,425.263,177.477,314,2,0.00,
8,15,top,host,305.805,158.31,57,8,0.00,
8,15,top,other,418.07,170.53,314,2,0.00,
8,16,top,host,314.192,152.864,57,8,0.00,
8,16,top,other,410.877,163.583,314,2,0.00,
8,17,top,host,322.579,147.418,57,8,0.00,
8,17,top,other,403.684,156.636,314,2,0.00,
8,18,top,host,330.966,141.972,57,8,0.00,
8,18,top,other,396.491,149.689,314,2,0.00,
8,19,top,host,339.353,136.526,57,8,0.00,
8,19,top,other,389.298,142.742,314,2,0.00,
8,20,top,host,347.74,131.08,57,8,0.00,
8,20,top,other,382.105,135.795,314,2,0.00,
8,21,top,host,347.74,131.08,57,8,0.00,
8,21,top,other,382.105,135.795,314,2,0.00,
8,22,top,host,347.74,131.08,57,8,0.00,
8,22,top,other,382.105,135.795,314,2,0.00,
9,1,top,host,190,240,90,8,0.00,
9,1,top,other,530,240,270,2,0.00,
9,2,top,host,197.88,233.843,52,8,0.00,
9,2,top,other,520,240,270,2,0.00,
9,3,top,host,206.17,228.251,56,8,0.00,
9,3,top,other,510,240,270,2,0.00,
9,4,top,host,214.46,222.659,56,8,0.00,
9,4,top,other,500,240,270,2,0.00,
9,5,top,host,222.446,216.641,53,8,0.00,
9,5,top,other,490,240,270,2,0.00,
9,6,top,host,230.432,210.623,53,8,0.00,
9,6,top,other,483.707,247.771,219,2,0.00,
9,7,top,host,238.722,205.031,56,8,0.00,
9,7,top,other,477.414,255.542,219,2,0.00,
9,8,top,host,247.012,199.439,56,8,0.00,
9,8,top,other,471.121,263.313,219,2,0.00,
9,9,top,host,255.302,193.847,56,8,0.00,
9,9,top,other,464.828,271.084,219,2,0.00,
9,10,top,host,263.592,188.255,56,8,0.00,
9,10,top,other,458.535,278.855,219,2,0.00,
9,11,top,host,271.882,182.663,56,8,0.00,
9,11,top,other,452.242,286.626,219,2,0.00,
9,12,top,host,280.172,177.071,56,8,0.00,
9,12,top,other,445.949,294.397,219,2,0.00,
9,13,top,host,288.462,171.479,56,8,0.00,
9,13,top,other,439.656,302.168,219,2,0.00,
9,14,top,host,296.752,165.887,56,8,0.00,
9,14,top,other,433.363,309.939,219,2,0.00,
9,15,top,host,305.042,160.295,56,8,0.00,
9,15,top,other,427.07,317.71,219,2,0.00,
9,16,top,host,313.332,154.703,56,8,0.00,
9,16,top,other,420.777,325.481,219,2,0.00,
9,17,top,host,321.622,149.111,56,8,0.00,
9,17,top,other,414.484,333.252,219,2,0.00,
9,18,top,host,329.912,143.519,56,8,0.00,
9,18,top,other,408.191,341.023,219,2,0.00,
9,19,top,host,338.202,137.927,56,8,0.00,
9,19,top,other,401.898,348.794,219,2,0.00,
9,20,top,host,346.492,132.335,56,8,0.00,
9,20,top,other,395.605,356.565,219,2,0.00,
9,21,top,host,354.782,126.743,56,12,0.00,
9,21,top,other,389.312,364.336,219,3,0.00,
9,22,top,host,354.782,126.743,56,12,0.00,
9,22,top,other,389.312,364.336,219,3,0.00,
9,23,top,host,354.782,126.743,56,12,0.00,
9,23,top,other,389.312,364.336,219,3,0.00,
10,1,top,host,190,240,90,12,0.00,
10,1,top,other,530,240,270,3,0.00,
10,2,top,host,200,240,90,12,0.00,
10,2,top,other,520,240,270,3,0.00,
10,3,top,host,210,240,90,12,0.00,
10,3,top,other,511.91,234.122,306,3,0.00,
10,4,top,host,210,240,236,12,0.00,
10,4,top,other,503.82,228.244,306,3,0.00,
10,5,top,host,210,240,236,12,0.00,
10,5,top,other,495.73,222.366,306,3,0.00,
10,6,top,host,217.547,233.439,49,12,0.00,
10,6,top,other,487.64,216.488,306,3,0.00,
10,7,top,host,225.427,227.282,52,12,0.00,
10,7,top,other,479.55,210.61,306,3,0.00,
10,8,top,host,233.307,221.125,52,12,0.00,
10,8,top,other,471.46,204.732,306,3,0.00,
10,9,top,host,241.187,214.968,52,12,0.00,
10,9,top,other,463.37,198.854,306,3,0.00,
10,10,top,host,249.067,208.811,52,12,0.00,
10,10,top,other,455.28,192.976,306,3,0.00,
10,11,top,host,255.36,216.582,141,12,0.00,
10,11,top,other,447.19,187.098,306,3,0.00,
10,12,top,host,261.096,224.774,145,12,0.00,
10,12,top,other,439.1,181.22,306,3,0.00,
10,13,top,host,266.832,232.966,145,12,0.00,
10,13,top,other,431.01,175.342,306,3,0.00,
10,14,top,host,272.568,241.158,145,12,0.00,
10,14,top,other,422.92,169.464,306,3,0.00,
10,15,top,host,278.304,249.35,145,12,0.00,
10,15,top,other,414.83,163.586,306,3,0.00,
10,16,top,host,284.04,257.542,145,12,0.00,
10,16,top,other,406.74,157.708,306,3,0.00,
10,17,top,host,289.776,265.734,145,12,0.00,
10,17,top,other,398.65,151.83,306,3,0.00,
10,18,top,host,295.512,273.926,145,12,0.00,
10,18,top,other,390.56,145.952,306,3,0.00,
10,19,top,host,301.248,282.118,145,12,0.00,
10,19,top,other,382.47,140.074,306,3,0.00,
10,20,top,host,306.984,290.31,145,12,0.00,
10,20,top,other,374.38,134.196,306,3,0.00,
10,21,top,host,312.72,298.502,145,13,0.00,
10,21,top,other,366.29,128.318,306,7,0.00,
10,22,top,host,312.72,298.502,145,13,0.00,
10,22,top,other,366.29,128.318,306,7,0.00,
10,23,top,host,312.72,298.502,145,13,0.00,
10,23,top,other,366.29,128.318,306,7,0.00,
11,1,bottom,host,188.48,245.299,122,13,0.00,
11,1,bottom,other,530,240,270,7,0.00,
11,2,bottom,host,196.96,250.598,122,13,0.00,
11,2,bottom,other,520,240,270,7,0.00,
11,3,bottom,host,205.44,255.897,122,13,0.00,
11,3,bottom,other,510,240,270,7,0.00,
11,4,bottom,host,213.92,261.196,122,13,0.00,
11,4,bottom,other,502.229,233.707,309,7,0.00,
11,5,bottom,host,222.4,266.495,122,13,0.00,
11,5,bottom,other,494.458,227.414,309,7,0.00,
11,6,bottom,host,230.592,272.231,125,13,0.00,
11,6,bottom,other,486.687,221.121,309,7,0.00,
11,7,bottom,host,238.784,277.967,125,13,0.00,
11,7,bottom,other,478.916,214.828,309,7,0.00,
11,8,bottom,host,246.976,283.703,125,13,0.00,
11,8,bottom,other,471.145,208.535,309,7,0.00,
11,9,bottom,host,255.168,289.439,125,13,0.00,
11,9,bottom,other,463.374,202.242,309,7,0.00,
11,10,bottom,host,263.36,295.175,125,13,0.00,
11,10,bottom,other,455.603,195.949,309,7,0.00,
11,11,bottom,host,271.552,300.911,125,13,0.00,
11,11,bottom,other,447.832,189.656,309,7,0.00,
11,12,bottom,host,279.744,306.647,125,13,0.00,
11,12,bottom,other,440.061,183.363,309,7,0.00,
11,13,bottom,host,287.936,312.383,125,13,0.00,
11,13,bottom,other,432.29,177.07,309,7,0.00,
11,14,bottom,host,296.128,318.119,125,13,0.00,
11,14,bottom,other,424.519,170.777,309,7,0.00,
11,15,bottom,host,304.32,323.855,125,13,0.00,
11,15,bottom,other,416.748,164.484,309,7,0.00,
11,16,bottom,host,312.512,329.591,125,13,0.00,
11,16,bottom,other,408.977,158.191,309,7,0.00,
11,17,bottom,host,320.704,335.327,125,13,0.00,
11,17,bottom,other,401.206,151.898,309,7,0.00,
11,18,bottom,host,328.896,341.063,125,13,0.00,
11,18,bottom,other,393.435,145.605,309,7,0.00,
11,19,bottom,host,337.088,346.799,125,13,0.00,
11,19,bottom,other,385.664,139.312,309,7,0.00,
11,20,bottom,host,345.28,352.535,125,17,0.00,
11,20,bottom,other,377.893,133.019,309,8,0.00,
11,21,bottom,host,345.28,352.535,125,17,0.00,
11,21,bottom,other,377.893,133.019,309,8,0.00,
11,22,bottom,host,345.28,352.535,125,17,0.00,
11,22,bottom,other,377.893,133.019,309,8,0.00,
12,1,top,host,188.192,234.264,55,17,0.00,
12,1,top,other,530,240,270,8,0.00,
12,2,top,host,196.579,228.818,57,17,0.00,
12,2,top,other,520,240,270,8,0.00,
12,3,top,host,204.869,223.226,56,17,0.00,
12,3,top,other,510,240,270,8,0.00,
12,4,top,host,213.159,217.634,56,17,0.00,
12,4,top,other,501.91,234.122,306,8,0.00,
12,5,top,host,221.449,212.042,56,17,0.00,
12,5,top,other,493.82,228.244,306,8,0.00,
12,6,top,host,229.739,206.45,56,17,0.00,
12,6,top,other,485.73,222.366,306,8,0.00,
12,7,top,host,238.029,200.858,56,17,0.00,
12,7,top,other,477.64,216.488,306,8,0.00,
12,8,top,host,246.319,195.266,56,17,0.00,
12,8,top,other,469.55,210.61,306,8,0.00,
12,9,top,host,254.609,189.674,56,17,0.00,
12,9,top,other,461.46,204.732,306,8,0.00,
12,10,top,host,262.899,184.082,56,17,0.00,
12,10,top,other,453.37,198.854,306,8,0.00,
12,11,top,host,271.189,178.49,56,17,0.00,
12,11,top,other,445.28,192.976,306,8,0.00,
12,12,top,host,279.479,172.898,56,17,0.00,
12,12,top,other,437.19,187.098,306,8,0.00,
12,13,top,host,287.769,167.306,56,17,0.00,
12,13,top,other,429.1,181.22,306,8,0.00,
12,14,top,host,296.059,161.714,56,17,0.00,
12,14,top,other,421.01,175.342,306,8,0.00,
12,15,top,host,304.349,156.122,56,17,0.00,
12,15,top,other,412.92,169.464,306,8,0.00,
12,16,top,host,312.639,150.53,56,17,0.00,
12,16,top,other,404.83,163.586,306,8,0.00,
12,17,top,host,320.929,144.938,56,17,0.00,
12,17,top,other,396.74,157.708,306,8,0.00,
12,18,top,host,329.219,139.346,56,17,0.00,
12,18,top,other,388.65,151.83,306,8,0.00,
12,19,top,host,337.509,133.754,56,17,0.00,
12,19,top,other,380.56,145.952,306,8,0.00,
12,20,top,host,345.799,128.162,56,17,0.00,
12,20,top,other,372.47,140.074,306,8,0.00,
12,21,top,host,345.799,128.162,56,17,0.00,
12,21,top,other,372.47,140.074,306,8,0.00,
12,22,top,host,345.799,128.162,56,17,0.00,
12,22,top,other,372.47,140.074,306,8,0.00,
13,1,bottom,host,190,240,90,17,0.00,
13,1,bottom,other,530,240,270,8,0.00,
13,2,bottom,host,200,240,90,17,0.00,
13,2,bottom,other,520,240,270,8,0.00,
13,3,bottom,host,210,240,90,17,0.00,
13,3,bottom,other,510,240,270,8,0.00,
13,4,bottom,host,220,240,90,17,0.00,
13,4,bottom,other,500,240,270,8,0.00,
13,5,bottom,host,230,240,90,17,0.00,
13,5,bottom,other,492.686,233.18,313,8,0.00,
13,6,bottom,host,240,240,90,17,0.00,
13,6,bottom,other,485.372,226.36,313,8,0.00,
13,7,bottom,host,250,240,90,17,0.00,
13,7,bottom,other,478.058,219.54,313,8,0.00,
13,8,bottom,host,260,240,90,17,0.00,
13,8,bottom,other,470.744,212.72,313,8,0.00,
13,9,bottom,host,266.428,247.66,140,17,0.00,
13,9,bottom,other,463.43,205.9,313,8,0.00,
13,10,bottom,host,272.856,255.32,140,17,0.00,
13,10,bottom,other,456.116,199.08,313,8,0.00,
13,11,bottom,host,279.284,262.98,140,17,0.00,
13,11,bottom,other,448.802,192.26,313,8,0.00,
13,12,bottom,host,285.712,270.64,140,17,0.00,
13,12,bottom,other,441.488,185.44,313,8,0.00,
13,13,bottom,host,292.14,278.3,140,17,0.00,
13,13,bottom,other,434.174,178.62,313,8,0.00,
13,14,bottom,host,298.568,285.96,140,17,0.00,
13,14,bottom,other,426.86,171.8,313,8,0.00,
13,15,bottom,host,304.996,293.62,140,17,0.00,
13,15,bottom,other,419.546,164.98,313,8,0.00,
13,16,bottom,host,311.424,301.28,140,17,0.00,
13,16,bottom,other,412.232,158.16,313,8,0.00,
13,17,bottom,host,317.852,308.94,140,17,0.00,
13,17,bottom,other,404.918,151.34,313,8,0.00,
13,18,bottom,host,324.28,316.6,140,17,0.00,
13,18,bottom,other,397.604,144.52,313,8,0.00,
13,19,bottom,host,330.708,324.26,140,17,0.00,
13,19,bottom,other,390.29,137.7,313,8,0.00,
13,20,bottom,host,337.136,331.92,140,17,0.00,
13,20,bottom,other,382.976,130.88,313,8,0.00,
13,21,bottom,host,343.564,339.58,140,21,0.00,
13,21,bottom,other,375.662,124.06,313,9,0.00,
13,22,bottom,host,343.564,339.58,140,21,0.00,
13,22,bottom,other,375.662,124.06,313,9,0.00,
13,23,bottom,host,343.564,339.58,140,21,0.00,
13,23,bottom,other,375.662,124.06,313,9,0.00,
14,1,bottom,host,188.387,245.446,123,21,0.00,
14,1,bottom,other,530,240,270,9,0.00,
14,2,bottom,host,196.774,250.892,123,21,0.00,
14,2,bottom,other,520,240,270,9,0.00,
14,3,bottom,host,205.161,256.338,123,21,0.00,
14,3,bottom,other,511.91,245.878,234,9,0.00,
14,4,bottom,host,213.548,261.784,123,21,0.00,
14,4,bottom,other,503.82,251.756,234,9,0.00,
14,5,bottom,host,221.935,267.23,123,21,0.00,
14,5,bottom,other,495.73,257.634,234,9,0.00,
14,6,bottom,host,230.322,272.676,123,21,0.00,
14,6,bottom,other,487.64,263.512,234,9,0.00,
14,7,bottom,host,238.709,278.122,123,21,0.00,
14,7,bottom,other,479.55,269.39,234,9,0.00,
14,8,bottom,host,247.096,283.568,123,21,0.00,
14,8,bottom,other,471.46,275.268,234,9,0.00,
14,9,bottom,host,255.483,289.014,123,21,0.00,
14,9,bottom,other,463.37,281.146,234,9,0.00,
14,10,bottom,host,263.87,294.46,123,21,0.00,
14,10,bottom,other,455.28,287.024,234,9,0.00,
14,11,bottom,host,272.257,299.906,123,21,0.00,
14,11,bottom,other,447.19,292.902,234,9,0.00,
14,12,bottom,host,280.644,305.352,123,21,0.00,
14,12,bottom,other,439.1,298.78,234,9,0.00,
14,13,bottom,host,289.031,310.798,123,21,0.00,
14,13,bottom,other,431.01,304.658,234,9,0.00,
14,14,bottom,host,297.418,316.244,123,21,0.00,
14,14,bottom,other,422.92,310.536,234,9,0.00,
14,15,bottom,host,305.805,321.69,123,21,0.00,
14,15,bottom,other,414.83,316.414,234,9,0.00,
14,16,bottom,host,314.192,327.136,123,21,0.00,
14,16,bottom,other,406.74,322.292,234,9,0.00,
14,17,bottom,host,322.579,332.582,123,21,0.00,
14,17,bottom,other,398.65,328.17,234,9,0.00,
14,18,bottom,host,330.966,338.028,123,21,0.00,
14,18,bottom,other,390.56,334.048,234,9,0.00,
14,19,bottom,host,339.353,343.474,123,21,0.00,
14,19,bottom,other,382.47,339.926,234,9,0.00,
14,20,bottom,host,347.74,348.92,123,21,0.00,
14,20,bottom,other,374.38,345.804,234,9,0.00,
14,21,bottom,host,347.74,348.92,123,21,0.00,
14,21,bottom,other,374.38,345.804,234,9,0.00,
14,22,bottom,host,347.74,348.92,123,21,0.00,
14,22,bottom,other,374.38,345.804,234,9,0.00,
15,1,top,host,188.387,234.554,57,21,0.00,
15,1,top,other,530,240,270,9,0.00,
15,2,top,host,196.774,229.108,57,21,0.00,
15,2,top,other,520,240,270,9,0.00,
15,3,top,host,205.161,223.662,57,21,0.00,
15,3,top,other,510,240,270,9,0.00,
15,4,top,host,213.548,218.216,57,21,0.00,
15,4,top,other,502.229,233.707,309,9,0.00,
15,5,top,host,221.935,212.77,57,21,0.00,
15,5,top,other,494.458,227.414,309,9,0.00,
15,6,top,host,230.322,207.324,57,21,0.00,
15,6,top,other,486.687,221.121,309,9,0.00,
15,7,top,host,238.709,201.878,57,21,0.00,
15,7,top,other,478.916,214.828,309,9,0.00,
15,8,top,host,247.096,196.432,57,21,0.00,
15,8,top,other,471.145,208.535,309,9,0.00,
15,9,top,host,255.483,190.986,57,21,0.00,
15,9,top,other,463.374,202.242,309,9,0.00,
15,10,top,host,263.87,185.54,57,21,0.00,
15,10,top,other,455.603,195.949,309,9,0.00,
15,11,top,host,272.257,180.094,57,21,0.00,
15,11,top,other,447.832,189.656,309,9,0.00,
15,12,top,host,280.644,174.648,57,21,0.00,
15,12,top,other,440.061,183.363,309,9,0.00,
15,13,top,host,289.031,169.202,57,21,0.00,
15,13,top,other,432.29,177.07,309,9,0.00,
15,14,top,host,297.418,163.756,57,21,0.00,
15,14,top,other,424.519,170.777,309,9,0.00,
15,15,top,host,305.805,158.31,57,21,0.00,
15,15,top,other,416.748,164.484,309,9,0.00,
15,16,top,host,314.192,152.864,57,21,0.00,
15,16,top,other,408.977,158.191,309,9,0.00,
15,17,top,host,322.579,147.418,57,21,0.00,
15,17,top,other,401.206,151.898,309,9,0.00,
15,18,top,host,330.966,141.972,57,21,0.00,
15,18,top,other,393.435,145.605,309,9,0.00,
15,19,top,host,339.353,136.526,57,21,0.00,
15,19,top,other,385.664,139.312,309,9,0.00,
15,20,top,host,347.74,131.08,57,21,0.00,
15,20,top,other,377.893,133.019,309,9,0.00,
15,21,top,host,347.74,131.08,57,21,0.00,
15,21,top,other,377.893,133.019,309,9,0.00,
15,22,top,host,347.74,131.08,57,21,0.00,
15,22,top,other,377.893,133.019,309,9,0.00,
16,1,top,host,188.387,234.554,57,21,0.00,
16,1,top,other,530,240,270,9,0.00,
16,2,top,host,196.774,229.108,57,21,0.00,
16,2,top,other,520,240,270,9,0.00,
16,3,top,host,205.161,223.662,57,21,0.00,
16,3,top,other,510,240,270,9,0.00,
16,4,top,host,213.353,217.926,55,21,0.00,
16,4,top,other,500,240,270,9,0.00,
16,5,top,host,221.545,212.19,55,21,0.00,
16,5,top,other,490,240,270,9,0.00,
16,6,top,host,229.932,206.744,57,21,0.00,
16,6,top,other,480,240,270,9,0.00,
16,7,top,host,238.319,201.298,57,21,0.00,
16,7,top,other,473.053,232.807,316,9,0.00,
16,8,top,host,246.706,195.852,57,21,0.00,
16,8,top,other,466.106,225.614,316,9,0.00,
16,9,top,host,255.093,190.406,57,21,0.00,
16,9,top,other,459.159,218.421,316,9,0.00,
16,10,top,host,263.48,184.96,57,21,0.00,
16,10,top,other,452.212,211.228,316,9,0.00,
16,11,top,host,271.867,179.514,57,21,0.00,
16,11,top,other,445.265,204.035,316,9,0.00,
16,12,top,host,280.254,174.068,57,21,0.00,
16,12,top,other,438.318,196.842,316,9,0.00,
16,13,top,host,288.641,168.622,57,21,0.00,
16,13,top,other,431.371,189.649,316,9,0.00,
16,14,top,host,297.028,163.176,57,21,0.00,
16,14,top,other,424.424,182.456,316,9,0.00,
16,15,top,host,305.415,157.73,57,21,0.00,
16,15,top,other,417.477,175.263,316,9,0.00,
16,16,top,host,308.505,167.241,162,21,0.00,
16,16,top,other,410.53,168.07,316,9,0.00,
16,17,top,host,311.261,176.854,164,21,0.00,
16,17,top,other,403.583,160.877,316,9,0.00,
16,18,top,host,313.849,186.513,165,21,0.00,
16,18,top,other,396.636,153.684,316,9,0.00,
16,19,top,host,316.437,196.172,165,21,0.00,
16,19,top,other,389.689,146.491,316,9,0.00,
16,20,top,host,319.025,205.831,165,21,0.00,
16,20,top,other,382.742,139.298,316,9,0.00,
16,21,top,host,321.444,215.534,166,21,0.00,
16,21,top,other,375.795,132.105,316,9,0.00,
16,22,top,host,323.863,225.237,166,22,0.00,
16,22,top,other,368.848,124.912,316,13,0.00,
16,23,top,host,326.619,234.85,164,22,0.00,
16,23,top,other,368.848,124.912,316,13,0.00,
16,24,top,host,329.375,244.463,164,22,0.00,
16,24,top,other,368.848,124.912,316,13,0.00,
17,1,bottom,host,188.387,245.446,123,22,0.00,
17,1,bottom,other,530,240,270,13,0.00,
17,2,bottom,host,196.774,250.892,123,22,0.00,
17,2,bottom,other,520,240,270,13,0.00,
17,3,bottom,host,205.161,256.338,123,22,0.00,
17,3,bottom,other,511.808,234.264,305,13,0.00,
17,4,bottom,host,213.548,261.784,123,22,0.00,
17,4,bottom,other,503.616,228.528,305,13,0.00,
17,5,bottom,host,221.935,267.23,123,22,0.00,
17,5,bottom,other,495.424,222.792,305,13,0.00,
17,6,bottom,host,230.322,272.676,123,22,0.00,
17,6,bottom,other,487.232,217.056,305,13,0.00,
17,7,bottom,host,238.709,278.122,123,22,0.00,
17,7,bottom,other,479.04,211.32,305,13,0.00,
17,8,bottom,host,247.096,283.568,123,22,0.00,
17,8,bottom,other,470.848,205.584,305,13,0.00,
17,9,bottom,host,255.483,289.014,123,22,0.00,
17,9,bottom,other,462.656,199.848,305,13,0.00,
17,10,bottom,host,263.87,294.46,123,22,0.00,
17,10,bottom,other,454.464,194.112,305,13,0.00,
17,11,bottom,host,272.257,299.906,123,22,0.00,
17,11,bottom,other,446.272,188.376,305,13,0.00,
17,12,bottom,host,280.644,305.352,123,22,0.00,
17,12,bottom,other,438.08,182.64,305,13,0.00,
17,13,bottom,host,289.031,310.798,123,22,0.00,
17,13,bottom,other,429.888,176.904,305,13,0.00,
17,14,bottom,host,297.418,316.244,123,22,0.00,
17,14,bottom,other,421.696,171.168,305,13,0.00,
17,15,bottom,host,305.805,321.69,123,22,0.00,
17,15,bottom,other,413.504,165.432,305,13,0.00,
17,16,bottom,host,314.192,327.136,123,22,0.00,
17,16,bottom,other,405.312,159.696,305,13,0.00,
17,17,bottom,host,322.579,332.582,123,22,0.00,
17,17,bottom,other,397.12,153.96,305,13,0.00,
17,18,bottom,host,330.966,338.028,123,22,0.00,
17,18,bottom,other,388.928,148.224,305,13,0.00,
17,19,bottom,host,339.353,343.474,123,22,0.00,
17,19,bottom,other,380.736,142.488,305,13,0.00,
17,20,bottom,host,347.74,348.92,123,26,0.00,
17,20,bottom,other,372.544,136.752,305,14,0.00,
17,21,bottom,host,347.74,348.92,123,26,0.00,
17,21,bottom,other,372.544,136.752,305,14,0.00,
17,22,bottom,host,347.74,348.92,123,26,0.00,
17,22,bottom,other,372.544,136.752,305,14,0.00,
18,1,top,host,188.29,234.408,56,26,0.00,
18,1,top,other,530,240,270,14,0.00,
18,2,top,host,196.58,228.816,56,26,0.00,
18,2,top,other,520,240,270,14,0.00,
18,3,top,host,204.87,223.224,56,26,0.00,
18,3,top,other,510,240,270,14,0.00,
18,4,top,host,213.16,217.632,56,26,0.00,
18,4,top,other,500,240,270,14,0.00,
18,5,top,host,221.45,212.04,56,26,0.00,
18,5,top,other,490,240,270,14,0.00,
18,6,top,host,229.74,206.448,56,26,0.00,
18,6,top,other,482.686,233.18,313,14,0.00,
18,7,top,host,238.03,200.856,56,26,0.00,
18,7,top,other,475.372,226.36,313,14,0.00,
18,8,top,host,246.32,195.264,56,26,0.00,
18,8,top,other,468.058,219.54,313,14,0.00,
18,9,top,host,254.61,189.672,56,26,0.00,
18,9,top,other,460.744,212.72,313,14,0.00,
18,10,top,host,262.9,184.08,56,26,0.00,
18,10,top,other,453.43,205.9,313,14,0.00,
18,11,top,host,271.19,178.488,56,26,0.00,
18,11,top,other,446.116,199.08,313,14,0.00,
18,12,top,host,279.48,172.896,56,26,0.00,
18,12,top,other,438.802,192.26,313,14,0.00,
18,13,top,host,287.77,167.304,56,26,0.00,
18,13,top,other,431.488,185.44,313,14,0.00,
18,14,top,host,296.06,161.712,56,26,0.00,
18,14,top,other,424.174,178.62,313,14,0.00,
18,15,top,host,304.35,156.12,56,26,0.00,
18,15,top,other,416.86,171.8,313,14,0.00,
18,16,top,host,312.64,150.528,56,26,0.00,
18,16,top,other,409.546,164.98,313,14,0.00,
18,17,top,host,320.93,144.936,56,26,0.00,
18,17,top,other,402.232,158.16,313,14,0.00,
18,18,top,host,329.22,139.344,56,26,0.00,
18,18,top,other,394.918,151.34,313,14,0.00,
18,19,top,host,337.51,133.752,56,26,0.00,
18,19,top,other,387.604,144.52,313,14,0.00,
18,20,top,host,345.8,128.16,56,26,0.00,
18,20,top,other,380.29,137.7,313,14,0.00,
18,21,top,host,345.8,128.16,56,26,0.00,
18,21,top,other,380.29,137.7,313,14,0.00,
18,22,top,host,345.8,128.16,56,26,0.00,
18,22,top,other,380.29,137.7,313,14,0.00,
19,1,top,host,190,240,90,26,0.00,
19,1,top,other,530,240,270,14,0.00,
19,2,top,host,200,240,90,26,0.00,
19,2,top,other,520,240,270,14,0.00,
19,3,top,host,210,240,90,26,0.00,
19,3,top,other,511.808,245.736,235,14,0.00,
19,4,top,host,220,240,90,26,0.00,
19,4,top,other,503.616,251.472,235,14,0.00,
19,5,top,host,230,240,90,26,0.00,
19,5,top,other,495.424,257.208,235,14,0.00,
19,6,top,host,240,240,90,26,0.00,
19,6,top,other,487.232,262.944,235,14,0.00,
19,7,top,host,250,240,90,26,0.00,
19,7,top,other,479.04,268.68,235,14,0.00,
19,8,top,host,260,240,90,26,0.00,
19,8,top,other,470.848,274.416,235,14,0.00,
19,9,top,host,270,240,90,26,0.00,
19,9,top,other,462.656,280.152,235,14,0.00,
19,10,top,host,280,240,90,26,0.00,
19,10,top,other,454.464,285.888,235,14,0.00,
19,11,top,host,290,240,90,26,0.00,
19,11,top,other,446.272,291.624,235,14,0.00,
19,12,top,host,296.018,232.014,37,26,0.00,
19,12,top,other,438.08,297.36,235,14,0.00,
19,13,top,host,302.036,224.028,37,26,0.00,
19,13,top,other,429.888,303.096,235,14,0.00,
19,14,top,host,308.054,216.042,37,26,0.00,
19,14,top,other,421.696,308.832,235,14,0.00,
19,15,top,host,314.072,208.056,37,26,0.00,
19,15,top,other,413.504,314.568,235,14,0.00,
19,16,top,host,320.09,200.07,37,26,0.00,
19,16,top,other,405.312,320.304,235,14,0.00,
19,17,top,host,326.108,192.084,37,26,0.00,
19,17,top,other,397.12,326.04,235,14,0.00,
19,18,top,host,332.126,184.098,37,26,0.00,
19,18,top,other,388.928,331.776,235,14,0.00,
19,19,top,host,338.144,176.112,37,26,0.00,
19,19,top,other,380.736,337.512,235,14,0.00,
19,20,top,host,341.564,166.715,20,26,0.00,
19,20,top,other,372.544,343.248,235,14,0.00,
19,21,top,host,344.984,157.318,20,30,0.00,
19,21,top,other,364.352,348.984,235,15,0.00,
19,22,top,host,344.984,157.318,20,30,0.00,
19,22,top,other,364.352,348.984,235,15,0.00,
19,23,top,host,344.984,157.318,20,30,0.00,
19,23,top,other,364.352,348.984,235,15,0.00,
20,1,bottom,host,188.29,234.408,56,30,0.00,
20,1,bottom,other,530,240,270,15,0.00,
20,2,bottom,host,196.58,228.816,56,30,0.00,
20,2,bottom,other,520,240,270,15,0.00,
20,3,bottom,host,204.87,223.224,56,30,0.00,
20,3,bottom,other,512.12,246.157,232,15,0.00,
20,4,bottom,host,213.16,217.632,56,30,0.00,
20,4,bottom,other,504.24,252.314,232,15,0.00,
20,5,bottom,host,221.45,212.04,56,30,0.00,
20,5,bottom,other,496.36,258.471,232,15,0.00,
20,6,bottom,host,229.74,206.448,56,30,0.00,
20,6,bottom,other,488.48,264.628,232,15,0.00,
20,7,bottom,host,238.03,200.856,56,30,0.00,
20,7,bottom,other,480.6,270.785,232,15,0.00,
20,8,bottom,host,246.32,195.264,56,30,0.00,
20,8,bottom,other,472.72,276.942,232,15,0.00,
20,9,bottom,host,254.61,189.672,56,30,0.00,
20,9,bottom,other,464.84,283.099,232,15,0.00,
20,10,bottom,host,262.9,184.08,56,30,0.00,
20,10,bottom,other,456.96,289.256,232,15,0.00,
20,11,bottom,host,268.346,192.467,147,30,0.00,
20,11,bottom,other,449.08,295.413,232,15,0.00,
20,12,bottom,host,273.792,200.854,147,30,0.00,
20,12,bottom,other,441.2,301.57,232,15,0.00,
20,13,bottom,host,279.238,209.241,147,30,0.00,
20,13,bottom,other,433.32,307.727,232,15,0.00,
20,14,bottom,host,284.086,217.987,151,30,0.00,
20,14,bottom,other,425.44,313.884,232,15,0.00,
20,15,bottom,host,288.934,226.733,151,30,0.00,
20,15,bottom,other,417.56,320.041,232,15,0.00,
20,16,bottom,host,294.812,218.643,36,30,0.00,
20,16,bottom,other,409.68,326.198,232,15,0.00,
20,17,bottom,host,300.69,210.553,36,30,0.00,
20,17,bottom,other,401.8,332.355,232,15,0.00,
20,18,bottom,host,306.568,202.463,36,30,0.00,
20,18,bottom,other,393.92,338.512,232,15,0.00,
20,19,bottom,host,312.446,194.373,36,30,0.00,
20,19,bottom,other,386.04,344.669,232,15,0.00,
20,20,bottom,host,318.324,186.283,36,30,0.00,
20,20,bottom,other,378.16,350.826,232,15,0.00,
20,21,bottom,host,324.202,178.193,36,31,0.00,
20,21,bottom,other,370.28,356.983,232,19,0.00,
20,22,bottom,host,324.202,178.193,36,31,0.00,
20,22,bottom,other,370.28,356.983,232,19,0.00,
20,23,bottom,host,324.202,178.193,36,31,0.00,
20,23,bottom,other,370.28,356.983,232,19,0.00,
21,1,bottom,host,190,240,90,31,0.00,
21,1,bottom,other,530,240,270,19,0.00,
21,2,bottom,host,200,240,90,31,0.00,
21,2,bottom,other,520,240,270,19,0.00,
21,3,bottom,host,210,240,90,31,0.00,
21,3,bottom,other,510,240,270,19,0.00,
21,4,bottom,host,217.88,246.157,128,31,0.00,
21,4,bottom,other,500,240,270,19,0.00,
21,5,bottom,host,225.76,252.314,128,31,0.00,
21,5,bottom,other,490,240,270,19,0.00,
21,6,bottom,host,233.531,258.607,129,31,0.00,
21,6,bottom,other,482.569,233.309,312,19,0.00,
21,7,bottom,host,241.302,264.9,129,31,0.00,
21,7,bottom,other,475.138,226.618,312,19,0.00,
21,8,bottom,host,249.182,271.057,128,31,0.00,
21,8,bottom,other,467.707,219.927,312,19,0.00,
21,9,bottom,host,257.062,277.214,128,31,0.00,
21,9,bottom,other,460.276,213.236,312,19,0.00,
21,10,bottom,host,264.722,283.642,130,31,0.00,
21,10,bottom,other,452.845,206.545,312,19,0.00,
21,11,bottom,host,272.382,290.07,130,31,0.00,
21,11,bottom,other,445.414,199.854,312,19,0.00,
21,12,bottom,host,280.042,296.498,130,31,0.00,
21,12,bottom,other,437.983,193.163,312,19,0.00,
21,13,bottom,host,287.702,302.926,130,31,0.00,
21,13,bottom,other,430.552,186.472,312,19,0.00,
21,14,bottom,host,295.362,309.354,130,31,0.00,
21,14,bottom,other,423.121,179.781,312,19,0.00,
21,15,bottom,host,303.022,315.782,130,31,0.00,
21,15,bottom,other,415.69,173.09,312,19,0.00,
21,16,bottom,host,310.682,322.21,130,31,0.00,
21,16,bottom,other,408.259,166.399,312,19,0.00,
21,17,bottom,host,318.342,328.638,130,31,0.00,
21,17,bottom,other,400.828,159.708,312,19,0.00,
21,18,bottom,host,326.002,335.066,130,31,0.00,
21,18,bottom,other,393.397,153.017,312,19,0.00,
21,19,bottom,host,333.662,341.494,130,31,0.00,
21,19,bottom,other,385.966,146.326,312,19,0.00,
21,20,bottom,host,341.322,347.922,130,31,0.00,
21,20,bottom,other,378.535,139.635,312,19,0.00,
21,21,bottom,host,348.982,354.35,130,35,0.00,
21,21,bottom,other,371.104,132.944,312,20,0.00,
21,22,bottom,host,348.982,354.35,130,35,0.00,
21,22,bottom,other,371.104,132.944,312,20,0.00,
21,23,bottom,host,356.642,360.778,130,35,0.00,
21,23,bottom,other,371.104,132.944,312,20,0.00,
22,1,top,host,188.387,245.446,123,35,0.00,
22,1,top,other,530,240,270,20,0.00,
22,2,top,host,196.774,250.892,123,35,0.00,
22,2,top,other,521.808,234.264,305,20,0.00,
22,3,top,host,205.161,256.338,123,35,0.00,
22,3,top,other,513.616,228.528,305,20,0.00,
22,4,top,host,213.548,261.784,123,35,0.00,
22,4,top,other,505.424,222.792,305,20,0.00,
22,5,top,host,221.935,267.23,123,35,0.00,
22,5,top,other,497.232,217.056,305,20,0.00,
22,6,top,host,230.322,272.676,123,35,0.00,
22,6,top,other,489.04,211.32,305,20,0.00,
22,7,top,host,238.709,278.122,123,35,0.00,
22,7,top,other,480.848,205.584,305,20,0.00,
22,8,top,host,247.096,283.568,123,35,0.00,
22,8,top,other,472.656,199.848,305,20,0.00,
22,9,top,host,255.483,289.014,123,35,0.00,
22,9,top,other,464.464,194.112,305,20,0.00,
22,10,top,host,263.87,294.46,123,35,0.00,
22,10,top,other,456.272,188.376,305,20,0.00,
22,11,top,host,272.257,299.906,123,35,0.00,
22,11,top,other,448.08,182.64,305,20,0.00,
22,12,top,host,280.644,305.352,123,35,0.00,
22,12,top,other,439.888,176.904,305,20,0.00,
22,13,top,host,289.031,310.798,123,35,0.00,
22,13,top,other,431.696,171.168,305,20,0.00,
22,14,top,host,297.418,316.244,123,35,0.00,
22,14,top,other,423.504,165.432,305,20,0.00,
22,15,top,host,305.805,321.69,123,35,0.00,
22,15,top,other,415.312,159.696,305,20,0.00,
22,16,top,host,314.192,327.136,123,35,0.00,
22,16,top,other,407.12,153.96,305,20,0.00,
22,17,top,host,322.579,332.582,123,35,0.00,
22,17,top,other,398.928,148.224,305,20,0.00,
22,18,top,host,330.966,338.028,123,35,0.00,
22,18,top,other,390.736,142.488,305,20,0.00,
22,19,top,host,339.353,343.474,123,35,0.00,
22,19,top,other,382.544,136.752,305,20,0.00,
22,20,top,host,347.74,348.92,123,36,0.00,
22,20,top,other,374.352,131.016,305,24,0.00,
22,21,top,host,356.03,354.512,124,36,0.00,
22,21,top,other,374.352,131.016,305,24,0.00,
22,22,top,host,364.32,360.104,124,36,0.00,
22,22,top,other,374.352,131.016,305,24,0.00,
23,1,bottom,host,190,240,90,36,0.00,
23,1,bottom,other,530,240,270,24,0.00,
23,2,bottom,host,198.29,245.592,124,36,0.00,
23,2,bottom,other,520,240,270,24,0.00,
23,3,bottom,host,206.482,251.328,125,36,0.00,
23,3,bottom,other,511.91,234.122,306,24,0.00,
23,4,bottom,host,214.674,257.064,125,36,0.00,
23,4,bottom,other,503.82,228.244,306,24,0.00,
23,5,bottom,host,222.866,262.8,125,36,0.00,
23,5,bottom,other,495.73,222.366,306,24,0.00,
23,6,bottom,host,231.058,268.536,125,36,0.00,
23,6,bottom,other,487.64,216.488,306,24,0.00,
23,7,bottom,host,239.25,274.272,125,36,0.00,
23,7,bottom,other,479.55,210.61,306,24,0.00,
23,8,bottom,host,247.442,280.008,125,36,0.00,
23,8,bottom,other,471.46,204.732,306,24,0.00,
23,9,bottom,host,255.634,285.744,125,36,0.00,
23,9,bottom,other,463.37,198.854,306,24,0.00,
23,10,bottom,host,263.826,291.48,125,36,0.00,
23,10,bottom,other,455.28,192.976,306,24,0.00,
23,11,bottom,host,272.018,297.216,125,36,0.00,
23,11,bottom,other,447.19,187.098,306,24,0.00,
23,12,bottom,host,280.21,302.952,125,36,0.00,
23,12,bottom,other,439.1,181.22,306,24,0.00,
23,13,bottom,host,288.402,308.688,125,36,0.00,
23,13,bottom,other,431.01,175.342,306,24,0.00,
23,14,bottom,host,296.594,314.424,125,36,0.00,
23,14,bottom,other,422.92,169.464,306,24,0.00,
23,15,bottom,host,304.786,320.16,125,36,0.00,
23,15,bottom,other,414.83,163.586,306,24,0.00,
23,16,bottom,host,312.978,325.896,125,36,0.00,
23,16,bottom,other,406.74,157.708,306,24,0.00,
23,17,bottom,host,321.17,331.632,125,36,0.00,
23,17,bottom,other,398.65,151.83,306,24,0.00,
23,18,bottom,host,329.362,337.368,125,36,0.00,
23,18,bottom,other,390.56,145.952,306,24,0.00,
23,19,bottom,host,337.554,343.104,125,36,0.00,
23,19,bottom,other,382.47,140.074,306,24,0.00,
23,20,bottom,host,345.746,348.84,125,36,0.00,
23,20,bottom,other,374.38,134.196,306,24,0.00,
23,21,bottom,host,353.732,354.858,127,40,0.00,
23,21,bottom,other,366.29,128.318,306,25,0.00,
23,22,bottom,host,353.732,354.858,127,40,0.00,
23,22,bottom,other,366.29,128.318,306,25,0.00,
23,23,bottom,host,353.732,354.858,127,40,0.00,
23,23,bottom,other,366.29,128.318,306,25,0.00,
24,1,top,host,188.29,245.592,124,40,0.00,
24,1,top,other,530,240,270,25,0.00,
24,2,top,host,196.58,251.184,124,40,0.00,
24,2,top,other,520,240,270,25,0.00,
24,3,top,host,204.87,256.776,124,40,0.00,
24,3,top,other,511.91,234.122,306,25,0.00,
24,4,top,host,213.16,262.368,124,40,0.00,
24,4,top,other,503.82,228.244,306,25,0.00,
24,5,top,host,221.45,267.96,124,40,0.00,
24,5,top,other,495.73,222.366,306,25,0.00,
24,6,top,host,229.74,273.552,124,40,0.00,
24,6,top,other,487.64,216.488,306,25,0.00,
24,7,top,host,238.03,279.144,124,40,0.00,
24,7,top,other,479.55,210.61,306,25,0.00,
24,8,top,host,244.591,271.597,41,40,0.00,
24,8,top,other,471.46,204.732,306,25,0.00,
24,9,top,host,251.152,264.05,41,40,0.00,
24,9,top,other,463.37,198.854,306,25,0.00,
24,10,top,host,257.58,256.39,40,40,0.00,
24,10,top,other,455.28,192.976,306,25,0.00,
24,11,top,host,264.008,248.73,40,40,0.00,
24,11,top,other,447.19,187.098,306,25,0.00,
24,12,top,host,270.436,241.07,40,40,0.00,
24,12,top,other,439.1,181.22,306,25,0.00,
24,13,top,host,276.864,233.41,40,40,0.00,
24,13,top,other,431.01,175.342,306,25,0.00,
24,14,top,host,282.742,241.5,144,40,0.00,
24,14,top,other,422.92,169.464,306,25,0.00,
24,15,top,host,288.62,249.59,144,40,0.00,
24,15,top,other,414.83,163.586,306,25,0.00,
24,16,top,host,294.498,257.68,144,40,0.00,
24,16,top,other,406.74,157.708,306,25,0.00,
24,17,top,host,300.376,265.77,144,40,0.00,
24,17,top,other,398.65,151.83,306,25,0.00,
24,18,top,host,306.254,273.86,144,40,0.00,
24,18,top,other,390.56,145.952,306,25,0.00,
24,19,top,host,312.132,281.95,144,40,0.00,
24,19,top,other,382.47,140.074,306,25,0.00,
24,20,top,host,318.01,290.04,144,40,0.00,
24,20,top,other,374.38,134.196,306,25,0.00,
24,21,top,host,323.888,298.13,144,41,0.00,
24,21,top,other,366.29,128.318,306,29,0.00,
24,22,top,host,323.888,298.13,144,41,0.00,
24,22,top,other,366.29,128.318,306,29,0.00,
24,23,top,host,328.888,306.79,150,41,0.00,
24,23,top,other,366.29,128.318,306,29,0.00,
25,1,top,host,189.848,238.264,80,41,0.00,
25,1,top,other,530,240,270,29,0.00,
25,2,top,host,199.411,235.34,73,41,0.00,
25,2,top,other,520,240,270,29,0.00,
25,3,top,host,208.399,230.956,64,41,0.00,
25,3,top,other,512.014,246.018,233,29,0.00,
25,4,top,host,217.059,225.956,60,41,0.00,
25,4,top,other,504.028,252.036,233,29,0.00,
25,5,top,host,225.719,220.956,60,41,0.00,
25,5,top,other,496.042,258.054,233,29,0.00,
25,6,top,host,234.379,215.956,60,41,0.00,
25,6,top,other,488.056,264.072,233,29,0.00,
25,7,top,host,243.039,210.956,60,41,0.00,
25,7,top,other,480.07,270.09,233,29,0.00,
25,8,top,host,251.699,205.956,60,41,0.00,
25,8,top,other,472.084,276.108,233,29,0.00,
25,9,top,host,260.359,200.956,60,41,0.00,
25,9,top,other,464.098,282.126,233,29,0.00,
25,10,top,host,269.019,195.956,60,41,0.00,
25,10,top,other,456.112,288.144,233,29,0.00,
25,11,top,host,277.679,190.956,60,41,0.00,
25,11,top,other,448.126,294.162,233,29,0.00,
25,12,top,host,286.339,185.956,60,41,0.00,
25,12,top,other,440.14,300.18,233,29,0.00,
25,13,top,host,293.77,179.265,48,41,0.00,
25,13,top,other,432.154,306.198,233,29,0.00,
25,14,top,host,301.201,172.574,48,41,0.00,
25,14,top,other,424.168,312.216,233,29,0.00,
25,15,top,host,308.972,166.281,51,41,0.00,
25,15,top,other,416.182,318.234,233,29,0.00,
25,16,top,host,316.743,159.988,51,41,0.00,
25,16,top,other,408.196,324.252,233,29,0.00,
25,17,top,host,324.514,153.695,51,41,0.00,
25,17,top,other,400.21,330.27,233,29,0.00,
25,18,top,host,332.285,147.402,51,41,0.00,
25,18,top,other,392.224,336.288,233,29,0.00,
25,19,top,host,340.056,141.109,51,41,0.00,
25,19,top,other,384.238,342.306,233,29,0.00,
25,20,top,host,347.827,134.816,51,41,0.00,
25,20,top,other,376.252,348.324,233,29,0.00,
25,21,top,host,355.598,128.523,51,45,0.00,
25,21,top,other,368.266,354.342,233,30,0.00,
25,22,top,host,355.598,128.523,51,45,0.00,
25,22,top,other,368.266,354.342,233,30,0.00,
25,23,top,host,355.598,128.523,141,45,0.00,
25,23,top,other,368.266,354.342,233,30,0.00,
26,1,top,host,188.29,234.408,56,45,0.00,
26,1,top,other,530,240,270,30,0.00,
26,2,top,host,198.215,233.189,83,45,0.00,
26,2,top,other,520,240,270,30,0.00,
26,3,top,host,207.487,229.443,68,45,0.00,
26,3,top,other,510,240,270,30,0.00,
26,4,top,host,217.1,226.687,74,45,0.00,
26,4,top,other,502.34,233.572,310,30,0.00,
26,5,top,host,226.436,223.103,69,45,0.00,
26,5,top,other,494.68,227.144,310,30,0.00,
26,6,top,host,235.772,219.519,69,45,0.00,
26,6,top,other,487.02,220.716,310,30,0.00,
26,7,top,host,245.108,215.935,69,45,0.00,
26,7,top,other,479.36,214.288,310,30,0.00,
26,8,top,host,255.084,216.633,94,45,0.00,
26,8,top,other,471.7,207.86,310,30,0.00,
26,9,top,host,265.07,217.156,93,45,0.00,
26,9,top,other,464.04,201.432,310,30,0.00,
26,10,top,host,274.947,218.72,99,45,0.00,
26,10,top,other,456.38,195.004,310,30,0.00,
26,11,top,host,284.824,220.284,99,45,0.00,
26,11,top,other,448.72,188.576,310,30,0.00,
26,12,top,host,294.527,222.703,104,45,0.00,
26,12,top,other,441.06,182.148,310,30,0.00,
26,13,top,host,303.863,219.119,69,45,0.00,
26,13,top,other,433.4,175.72,310,30,0.00,
26,14,top,host,311.294,212.428,48,45,0.00,
26,14,top,other,425.74,169.292,310,30,0.00,
26,15,top,host,318.725,205.737,48,45,0.00,
26,15,top,other,418.08,162.864,310,30,0.00,
26,16,top,host,326.156,199.046,48,45,0.00,
26,16,top,other,410.42,156.436,310,30,0.00,
26,17,top,host,333.587,192.355,48,45,0.00,
26,17,top,other,402.76,150.008,310,30,0.00,
26,18,top,host,341.018,185.664,48,45,0.00,
26,18,top,other,395.1,143.58,310,30,0.00,
26,19,top,host,350.631,188.42,106,45,0.00,
26,19,top,other,387.44,137.152,310,30,0.00,
26,20,top,host,357.578,195.613,136,45,0.00,
26,20,top,other,379.78,130.724,310,30,0.00,
26,21,top,host,367.322,193.363,77,46,0.00,
26,21,top,other,372.12,124.296,310,34,0.00,
26,22,top,host,375.093,199.656,129,46,0.00,
26,22,top,other,372.12,124.296,310,34,0.00,
26,23,top,host,382.864,205.949,129,46,0.00,
26,23,top,other,372.12,124.296,310,34,0.00,
27,1,top,host,189.877,238.436,81,46,0.00,
27,1,top,other,530,240,270,34,0.00,
27,2,top,host,199.802,239.655,97,46,0.00,
27,2,top,other,520,240,270,34,0.00,
27,3,top,host,209.778,240.353,94,46,0.00,
27,3,top,other,512.12,246.157,232,34,0.00,
27,4,top,host,219.391,237.597,74,46,0.00,
27,4,top,other,504.24,252.314,232,34,0.00,
27,5,top,host,228.954,234.673,73,46,0.00,
27,5,top,other,496.36,258.471,232,34,0.00,
27,6,top,host,238.517,231.749,73,46,0.00,
27,6,top,other,488.48,264.628,232,34,0.00,
27,7,top,host,248.462,230.704,84,46,0.00,
27,7,top,other,480.6,270.785,232,34,0.00,
27,8,top,host,258.407,229.659,84,46,0.00,
27,8,top,other,472.72,276.942,232,34,0.00,
27,9,top,host,268.11,232.078,104,46,0.00,
27,9,top,other,464.84,283.099,232,34,0.00,
27,10,top,host,277.769,234.666,105,46,0.00,
27,10,top,other,456.96,289.256,232,34,0.00,
27,11,top,host,287.428,237.254,105,46,0.00,
27,11,top,other,449.08,295.413,232,34,0.00,
27,12,top,host,295.718,231.662,56,46,0.00,
27,12,top,other,441.2,301.57,232,34,0.00,
27,13,top,host,304.008,226.07,56,46,0.00,
27,13,top,other,433.32,307.727,232,34,0.00,
27,14,top,host,313.071,230.296,115,46,0.00,
27,14,top,other,425.44,313.884,232,34,0.00,
27,15,top,host,322.468,233.716,110,46,0.00,
27,15,top,other,417.56,320.041,232,34,0.00,
27,16,top,host,331.673,229.809,67,46,0.00,
27,16,top,other,409.68,326.198,232,34,0.00,
27,17,top,host,331.673,229.809,67,46,0.00,
27,17,top,other,401.8,332.355,232,34,0.00,
27,18,top,host,341.009,233.393,111,46,0.00,
27,18,top,other,393.92,338.512,232,34,0.00,
27,19,top,host,344.265,223.938,19,46,0.00,
27,19,top,other,386.04,344.669,232,34,0.00,
27,20,top,host,344.265,223.938,19,46,0.00,
27,20,top,other,378.16,350.826,232,34,0.00,
27,21,top,host,354.251,223.415,87,50,0.00,
27,21,top,other,370.28,356.983,232,35,0.00,
27,22,top,host,354.251,223.415,77,50,0.00,
27,22,top,other,370.28,356.983,232,35,0.00,
27,23,top,host,354.251,223.415,120,50,0.00,
27,23,top,other,370.28,356.983,232,35,0.00,
28,1,bottom,host,188.387,245.446,123,50,0.00,
28,1,bottom,other,530,240,270,35,0.00,
28,2,bottom,host,196.774,250.892,123,50,0.00,
28,2,bottom,other,520,240,270,35,0.00,
28,3,bottom,host,202.792,258.878,143,50,0.00,
28,3,bottom,other,510,240,270,35,0.00,
28,4,bottom,host,211.082,264.47,124,50,0.00,
28,4,bottom,other,500,240,270,35,0.00,
28,5,bottom,host,219.372,270.062,124,50,0.00,
28,5,bottom,other,492.34,233.572,310,35,0.00,
28,6,bottom,host,227.759,275.508,123,50,0.00,
28,6,bottom,other,484.68,227.144,310,35,0.00,
28,7,bottom,host,236.146,280.954,123,50,0.00,
28,7,bottom,other,477.02,220.716,310,35,0.00,
28,8,bottom,host,244.533,286.4,123,50,0.00,
28,8,bottom,other,469.36,214.288,310,35,0.00,
28,9,bottom,host,253.013,291.699,122,50,0.00,
28,9,bottom,other,461.7,207.86,310,35,0.00,
28,10,bottom,host,261.585,296.849,121,50,0.00,
28,10,bottom,other,454.04,201.432,310,35,0.00,
28,11,bottom,host,270.157,301.999,121,50,0.00,
28,11,bottom,other,446.38,195.004,310,35,0.00,
28,12,bottom,host,278.729,307.149,121,50,0.00,
28,12,bottom,other,438.72,188.576,310,35,0.00,
28,13,bottom,host,287.301,312.299,121,50,0.00,
28,13,bottom,other,431.06,182.148,310,35,0.00,
28,14,bottom,host,295.873,317.449,121,50,0.00,
28,14,bottom,other,423.4,175.72,310,35,0.00,
28,15,bottom,host,304.445,322.599,121,50,0.00,
28,15,bottom,other,415.74,169.292,310,35,0.00,
28,16,bottom,host,313.017,327.749,121,50,0.00,
28,16,bottom,other,408.08,162.864,310,35,0.00,
28,17,bottom,host,321.589,332.899,121,50,0.00,
28,17,bottom,other,400.42,156.436,310,35,0.00,
28,18,bottom,host,330.161,338.049,121,50,0.00,
28,18,bottom,other,392.76,150.008,310,35,0.00,
28,19,bottom,host,338.821,343.049,120,50,0.00,
28,19,bottom,other,385.1,143.58,310,35,0.00,
28,20,bottom,host,347.481,348.049,120,54,0.00,
28,20,bottom,other,377.44,137.152,310,36,0.00,
28,21,bottom,host,347.481,348.049,120,54,0.00,
28,21,bottom,other,377.44,137.152,310,36,0.00,
28,22,bottom,host,356.544,352.275,115,54,0.00,
28,22,bottom,other,377.44,137.152,310,36,0.00,
29,1,top,host,188.48,234.701,58,54,0.00,
29,1,top,other,530,240,270,36,0.00,
29,2,top,host,196.96,229.402,58,54,0.00,
29,2,top,other,520,240,270,36,0.00,
29,3,top,host,204.731,223.109,51,54,0.00,
29,3,top,other,511.808,234.264,305,36,0.00,
29,4,top,host,213.118,217.663,57,54,0.00,
29,4,top,other,503.616,228.528,305,36,0.00,
29,5,top,host,221.505,212.217,57,54,0.00,
29,5,top,other,495.424,222.792,305,36,0.00,
29,6,top,host,229.892,206.771,57,54,0.00,
29,6,top,other,487.232,217.056,305,36,0.00,
29,7,top,host,238.279,201.325,57,54,0.00,
29,7,top,other,479.04,211.32,305,36,0.00,
29,8,top,host,246.666,195.879,57,54,0.00,
29,8,top,other,470.848,205.584,305,36,0.00,
29,9,top,host,255.053,190.433,57,54,0.00,
29,9,top,other,462.656,199.848,305,36,0.00,
29,10,top,host,263.44,184.987,57,54,0.00,
29,10,top,other,454.464,194.112,305,36,0.00,
29,11,top,host,268.739,193.467,148,54,0.00,
29,11,top,other,446.272,188.376,305,36,0.00,
29,12,top,host,274.038,201.947,148,54,0.00,
29,12,top,other,438.08,182.64,305,36,0.00,
29,13,top,host,279.337,210.427,148,54,0.00,
29,13,top,other,429.888,176.904,305,36,0.00,
29,14,top,host,284.636,218.907,148,54,0.00,
29,14,top,other,421.696,171.168,305,36,0.00,
29,15,top,host,289.935,227.387,148,54,0.00,
29,15,top,other,413.504,165.432,305,36,0.00,
29,16,top,host,295.234,235.867,148,54,0.00,
29,16,top,other,405.312,159.696,305,36,0.00,
29,17,top,host,299.929,244.696,152,54,0.00,
29,17,top,other,397.12,153.96,305,36,0.00,
29,18,top,host,304.469,253.606,153,54,0.00,
29,18,top,other,388.928,148.224,305,36,0.00,
29,19,top,host,309.009,262.516,153,54,0.00,
29,19,top,other,380.736,142.488,305,36,0.00,
29,20,top,host,313.857,271.262,151,54,0.00,
29,20,top,other,372.544,136.752,305,36,0.00,
29,21,top,host,318.705,280.008,151,55,0.00,
29,21,top,other,364.352,131.016,305,40,0.00,
29,22,top,host,318.705,280.008,151,55,0.00,
29,22,top,other,364.352,131.016,305,40,0.00,
29,23,top,host,323.4,288.837,152,55,0.00,
29,23,top,other,364.352,131.016,305,40,0.00,
30,1,bottom,host,188.572,245.15,121,55,0.00,
30,1,bottom,other,531.71,234.408,304,40,0.00,
30,2,bottom,host,196.959,250.596,123,55,0.00,
30,2,bottom,other,523.42,228.816,304,40,0.00,
30,3,bottom,host,205.249,256.188,124,55,0.00,
30,3,bottom,other,515.13,223.224,304,40,0.00,
30,4,bottom,host,213.539,261.78,124,55,0.00,
30,4,bottom,other,506.84,217.632,304,40,0.00,
30,5,bottom,host,221.829,267.372,124,55,0.00,
30,5,bottom,other,498.55,212.04,304,40,0.00,
30,6,bottom,host,230.119,272.964,124,55,0.00,
30,6,bottom,other,490.26,206.448,304,40,0.00,
30,7,bottom,host,238.409,278.556,124,55,0.00,
30,7,bottom,other,481.97,200.856,304,40,0.00,
30,8,bottom,host,246.699,284.148,124,55,0.00,
30,8,bottom,other,473.68,195.264,304,40,0.00,
30,9,bottom,host,254.989,289.74,124,55,0.00,
30,9,bottom,other,465.39,189.672,304,40,0.00,
30,10,bottom,host,263.279,295.332,124,55,0.00,
30,10,bottom,other,457.1,184.08,304,40,0.00,
30,11,bottom,host,271.666,300.778,123,55,0.00,
30,11,bottom,other,448.81,178.488,304,40,0.00,
30,12,bottom,host,279.956,306.37,124,55,0.00,
30,12,bottom,other,440.52,172.896,304,40,0.00,
30,13,bottom,host,288.343,311.816,123,55,0.00,
30,13,bottom,other,432.23,167.304,304,40,0.00,
30,14,bottom,host,296.73,317.262,123,55,0.00,
30,14,bottom,other,423.94,161.712,304,40,0.00,
30,15,bottom,host,305.02,322.854,124,55,0.00,
30,15,bottom,other,415.65,156.12,304,40,0.00,
30,16,bottom,host,313.407,328.3,123,55,0.00,
30,16,bottom,other,407.36,150.528,304,40,0.00,
30,17,bottom,host,321.794,333.746,123,55,0.00,
30,17,bottom,other,399.07,144.936,304,40,0.00,
30,18,bottom,host,330.181,339.192,123,55,0.00,
30,18,bottom,other,390.78,139.344,304,40,0.00,
30,19,bottom,host,338.568,344.638,123,55,0.00,
30,19,bottom,other,382.49,133.752,304,40,0.00,
30,20,bottom,host,346.955,350.084,123,59,0.00,
30,20,bottom,other,374.2,128.16,304,41,0.00,
30,21,bottom,host,355.865,354.624,117,59,0.00,
30,21,bottom,other,374.2,128.16,304,41,0.00,
30,22,bottom,host,355.865,354.624,117,59,0.00,
30,22,bottom,other,374.2,128.16,304,41,0.00,
31,1,top,host,189.986,240.523,93,59,0.00,
31,1,top,other,530,240,270,41,0.00,
31,2,top,host,199.972,241.046,93,59,0.00,
31,2,top,other,520,240,270,41,0.00,
31,3,top,host,209.934,241.918,95,59,0.00,
31,3,top,other,510,240,270,41,0.00,
31,4,top,host,219.678,239.668,77,59,0.00,
31,4,top,other,502.229,233.707,309,41,0.00,
31,5,top,host,229.494,237.76,79,59,0.00,
31,5,top,other,494.458,227.414,309,41,0.00,
31,6,top,host,239.371,236.196,81,59,0.00,
31,6,top,other,486.687,221.121,309,41,0.00,
31,7,top,host,249.248,234.632,81,59,0.00,
31,7,top,other,478.916,214.828,309,41,0.00,
31,8,top,host,259.151,236.024,98,59,0.00,
31,8,top,other,471.145,208.535,309,41,0.00,
31,9,top,host,267.811,231.024,60,59,0.00,
31,9,top,other,463.374,202.242,309,41,0.00,
31,10,top,host,276.471,226.024,60,59,0.00,
31,10,top,other,455.603,195.949,309,41,0.00,
31,11,top,host,286.13,223.436,75,59,0.00,
31,11,top,other,447.832,189.656,309,41,0.00,
31,12,top,host,295.789,220.848,75,59,0.00,
31,12,top,other,440.061,183.363,309,41,0.00,
31,13,top,host,305.448,223.436,105,59,0.00,
31,13,top,other,432.29,177.07,309,41,0.00,
31,14,top,host,311.741,215.665,39,59,0.00,
31,14,top,other,424.519,170.777,309,41,0.00,
31,15,top,host,321.013,211.919,68,59,0.00,
31,15,top,other,416.748,164.484,309,41,0.00,
31,16,top,host,321.013,211.919,67,59,0.00,
31,16,top,other,408.977,158.191,309,41,0.00,
31,17,top,host,321.013,211.919,67,59,0.00,
31,17,top,other,401.206,151.898,309,41,0.00,
31,18,top,host,330.001,207.535,64,59,0.00,
31,18,top,other,393.435,145.605,309,41,0.00,
31,19,top,host,330.001,207.535,79,59,0.00,
31,19,top,other,385.664,139.312,309,41,0.00,
31,20,top,host,339.456,204.279,71,59,0.00,
31,20,top,other,377.893,133.019,309,41,0.00,
31,21,top,host,339.456,204.279,29,60,0.00,
31,21,top,other,370.122,126.726,309,45,0.00,
31,22,top,host,339.456,204.279,36,60,0.00,
31,22,top,other,370.122,126.726,309,45,0.00,
31,23,top,host,339.456,204.279,36,60,0.00,
31,23,top,other,370.122,126.726,309,45,0.00,
32,1,top,host,189.455,243.256,109,60,0.00,
32,1,top,other,530,240,270,45,0.00,
32,2,top,host,199.431,243.954,94,60,0.00,
32,2,top,other,520,240,270,45,0.00,
32,3,top,host,209.308,245.518,99,60,0.00,
32,3,top,other,511.91,245.878,234,45,0.00,
32,4,top,host,219.185,247.082,99,60,0.00,
32,4,top,other,503.82,251.756,234,45,0.00,
32,5,top,host,228.966,249.161,102,60,0.00,
32,5,top,other,495.73,257.634,234,45,0.00,
32,6,top,host,238.747,251.24,102,60,0.00,
32,6,top,other,487.64,263.512,234,45,0.00,
32,7,top,host,245.818,244.169,45,60,0.00,
32,7,top,other,479.55,269.39,234,45,0.00,
32,8,top,host,255.023,240.262,67,60,0.00,
32,8,top,other,471.46,275.268,234,45,0.00,
32,9,top,host,264.586,237.338,73,60,0.00,
32,9,top,other,463.37,281.146,234,45,0.00,
32,10,top,host,274.572,236.815,87,60,0.00,
32,10,top,other,455.28,287.024,234,45,0.00,
32,11,top,host,274.572,236.815,75,60,0.00,
32,11,top,other,447.19,292.902,234,45,0.00,
32,12,top,host,281.392,229.501,43,60,0.00,
32,12,top,other,439.1,298.78,234,45,0.00,
32,13,top,host,291.386,229.85,92,60,0.00,
32,13,top,other,431.01,304.658,234,45,0.00,
32,14,top,host,301.13,232.1,103,60,0.00,
32,14,top,other,422.92,310.536,234,45,0.00,
32,15,top,host,301.13,232.1,103,60,0.00,
32,15,top,other,414.83,316.414,234,45,0.00,
32,16,top,host,301.479,222.106,2,60,0.00,
32,16,top,other,406.74,322.292,234,45,0.00,
32,17,top,host,308.299,229.42,137,60,0.00,
32,17,top,other,398.65,328.17,234,45,0.00,
32,18,top,host,317.754,226.164,71,60,0.00,
32,18,top,other,390.56,334.048,234,45,0.00,
32,19,top,host,323.772,234.15,143,60,0.00,
32,19,top,other,382.47,339.926,234,45,0.00,
32,20,top,host,329.79,242.136,143,60,0.00,
32,20,top,other,374.38,345.804,234,45,0.00,
32,21,top,host,329.79,242.136,143,64,0.00,
32,21,top,other,366.29,351.682,234,46,0.00,
32,22,top,host,329.79,242.136,143,64,0.00,
32,22,top,other,366.29,351.682,234,46,0.00,
32,23,top,host,329.79,242.136,143,64,0.00,
32,23,top,other,366.29,351.682,234,46,0.00,
33,1,bottom,host,188.29,245.592,124,64,0.00,
33,1,bottom,other,530,240,270,46,0.00,
33,2,bottom,host,196.58,251.184,124,64,0.00,
33,2,bottom,other,520,240,270,46,0.00,
33,3,bottom,host,205.06,256.483,122,64,0.00,
33,3,bottom,other,512.014,246.018,233,46,0.00,
33,4,bottom,host,213.54,261.782,122,64,0.00,
33,4,bottom,other,504.028,252.036,233,46,0.00,
33,5,bottom,host,222.02,267.081,122,64,0.00,
33,5,bottom,other,496.042,258.054,233,46,0.00,
33,6,bottom,host,230.5,272.38,122,64,0.00,
33,6,bottom,other,488.056,264.072,233,46,0.00,
33,7,bottom,host,239.072,277.53,121,64,0.00,
33,7,bottom,other,480.07,270.09,233,46,0.00,
33,8,bottom,host,247.644,282.68,121,64,0.00,
33,8,bottom,other,472.084,276.108,233,46,0.00,
33,9,bottom,host,256.124,287.979,122,64,0.00,
33,9,bottom,other,464.098,282.126,233,46,0.00,
33,10,bottom,host,264.604,293.278,122,64,0.00,
33,10,bottom,other,456.112,288.144,233,46,0.00,
33,11,bottom,host,273.176,298.428,121,64,0.00,
33,11,bottom,other,448.126,294.162,233,46,0.00,
33,12,bottom,host,281.748,303.578,121,64,0.00,
33,12,bottom,other,440.14,300.18,233,46,0.00,
33,13,bottom,host,290.228,308.877,122,64,0.00,
33,13,bottom,other,432.154,306.198,233,46,0.00,
33,14,bottom,host,298.708,314.176,122,64,0.00,
33,14,bottom,other,424.168,312.216,233,46,0.00,
33,15,bottom,other,416.182,318.234,233,46,0.00,
33,15,bottom,host,307.28,319.326,121,64,0.00,
33,16,bottom,host,315.94,324.326,120,64,0.00,
33,16,bottom,other,408.196,324.252,233,46,0.00,
33,17,bottom,host,324.6,329.326,120,64,0.00,
33,17,bottom,other,400.21,330.27,233,46,0.00,
33,18,bottom,host,333.346,334.174,119,64,0.00,
33,18,bottom,other,392.224,336.288,233,46,0.00,
33,19,bottom,host,342.092,339.022,119,64,0.00,
33,19,bottom,other,384.238,342.306,233,46,0.00,
33,20,bottom,host,350.921,343.717,118,64,0.00,
33,20,bottom,other,376.252,348.324,233,46,0.00,
33,21,bottom,host,359.75,348.412,118,64,0.00,
33,21,bottom,other,368.266,354.342,233,46,0.00,
33,22,bottom,host,359.75,348.412,116,64,0.00,
33,22,bottom,other,368.266,354.342,233,46,0.00,
33,23,bottom,host,359.75,348.412,116,64,0.00,
33,23,bottom,other,368.266,354.342,233,46,0.00,
34,1,bottom,host,188.66,245,120,64,0.00,
34,1,bottom,other,530,240,270,46,0.00,
34,2,bottom,host,197.14,250.299,122,64,0.00,
34,2,bottom,other,520,240,270,46,0.00,
34,3,bottom,host,205.62,255.598,122,64,0.00,
34,3,bottom,other,512.12,233.843,308,46,0.00,
34,4,bottom,host,214.1,260.897,122,64,0.00,
34,4,bottom,other,504.24,227.686,308,46,0.00,
34,5,bottom,host,222.58,266.196,122,64,0.00,
34,5,bottom,other,496.36,221.529,308,46,0.00,
34,6,bottom,host,231.06,271.495,122,64,0.00,
34,6,bottom,other,488.48,215.372,308,46,0.00,
34,7,bottom,host,239.632,276.645,121,64,0.00,
34,7,bottom,other,480.6,209.215,308,46,0.00,
34,8,bottom,host,248.204,281.795,121,64,0.00,
34,8,bottom,other,472.72,203.058,308,46,0.00,
34,9,bottom,host,256.776,286.945,121,64,0.00,
34,9,bottom,other,464.84,196.901,308,46,0.00,
34,10,bottom,host,265.348,292.095,121,64,0.00,
34,10,bottom,other,456.96,190.744,308,46,0.00,
34,11,bottom,host,273.92,297.245,121,64,0.00,
34,11,bottom,other,449.08,184.587,308,46,0.00,
34,12,bottom,host,282.492,302.395,121,64,0.00,
34,12,bottom,other,441.2,178.43,308,46,0.00,
34,13,bottom,host,291.064,307.545,121,64,0.00,
34,13,bottom,other,433.32,172.273,308,46,0.00,
34,14,bottom,host,299.636,312.695,121,64,0.00,
34,14,bottom,other,425.44,166.116,308,46,0.00,
34,15,bottom,host,308.208,317.845,121,64,0.00,
34,15,bottom,other,417.56,159.959,308,46,0.00,
34,16,bottom,other,409.68,153.802,308,46,0.00,
34,16,bottom,host,316.595,323.291,123,64,0.00,
34,17,bottom,host,324.475,329.448,128,64,0.00,
34,17,bottom,other,401.8,147.645,308,46,0.00,
34,18,bottom,host,332.565,335.326,126,64,0.00,
34,18,bottom,other,393.92,141.488,308,46,0.00,
34,19,bottom,host,340.655,341.204,126,64,0.00,
34,19,bottom,other,386.04,135.331,308,46,0.00,
34,20,bottom,host,349.042,346.65,123,68,0.00,
34,20,bottom,other,378.16,129.174,308,47,0.00,
34,21,bottom,host,357.332,352.242,124,68,0.00,
34,21,bottom,other,378.16,129.174,308,47,0.00,
34,22,bottom,host,357.332,352.242,124,68,0.00,
34,22,bottom,other,378.16,129.174,308,47,0.00,
35,1,bottom,host,188.29,245.592,124,68,0.00,
35,1,bottom,other,530,240,270,47,0.00,
35,2,bottom,host,196.58,251.184,124,68,0.00,
35,2,bottom,other,520,240,270,47,0.00,
35,3,bottom,host,204.87,256.776,124,68,0.00,
35,3,bottom,other,510,240,270,47,0.00,
35,4,bottom,host,213.16,262.368,124,68,0.00,
35,4,bottom,other,500,240,270,47,0.00,
35,5,bottom,host,221.45,267.96,124,68,0.00,
35,5,bottom,other,492.453,246.561,229,47,0.00,
35,6,bottom,host,229.74,273.552,124,68,0.00,
35,6,bottom,other,484.906,253.122,229,47,0.00,
35,7,bottom,host,238.127,278.998,123,68,0.00,
35,7,bottom,other,477.359,259.683,229,47,0.00,
35,8,bottom,host,246.514,284.444,123,68,0.00,
35,8,bottom,other,469.812,266.244,229,47,0.00,
35,9,bottom,host,254.901,289.89,123,68,0.00,
35,9,bottom,other,462.265,272.805,229,47,0.00,
35,10,bottom,host,263.288,295.336,123,68,0.00,
35,10,bottom,other,454.718,279.366,229,47,0.00,
35,11,bottom,host,271.675,300.782,123,68,0.00,
35,11,bottom,other,447.171,285.927,229,47,0.00,
35,12,bottom,host,280.062,306.228,123,68,0.00,
35,12,bottom,other,439.624,292.488,229,47,0.00,
35,13,bottom,host,288.449,311.674,123,68,0.00,
35,13,bottom,other,432.077,299.049,229,47,0.00,
35,14,bottom,host,296.836,317.12,123,68,0.00,
35,14,bottom,other,424.53,305.61,229,47,0.00,
35,15,bottom,host,305.223,322.566,123,68,0.00,
35,15,bottom,other,416.983,312.171,229,47,0.00,
35,16,bottom,host,313.703,327.865,122,68,0.00,
35,16,bottom,other,409.436,318.732,229,47,0.00,
35,17,bottom,host,322.183,333.164,122,68,0.00,
35,17,bottom,other,401.889,325.293,229,47,0.00,
35,18,bottom,host,330.663,338.463,122,68,0.00,
35,18,bottom,other,394.342,331.854,229,47,0.00,
35,19,bottom,host,339.143,343.762,122,68,0.00,
35,19,bottom,other,386.795,338.415,229,47,0.00,
35,20,bottom,host,347.803,348.762,120,68,0.00,
35,20,bottom,other,379.248,344.976,229,47,0.00,
35,21,bottom,host,356.375,353.912,121,68,0.00,
35,21,bottom,other,379.248,344.976,229,47,0.00,
35,22,bottom,host,356.375,353.912,121,68,0.00,
35,22,bottom,other,379.248,344.976,229,47,0.00,
36,1,bottom,host,188.29,245.592,124,68,0.00,
36,1,bottom,other,530,240,270,47,0.00,
36,2,bottom,host,196.58,251.184,124,68,0.00,
36,2,bottom,other,520,240,270,47,0.00,
36,3,bottom,host,204.87,256.776,124,68,0.00,
36,3,bottom,other,512.229,233.707,309,47,0.00,
36,4,bottom,host,213.16,262.368,124,68,0.00,
36,4,bottom,other,504.458,227.414,309,47,0.00,
36,5,bottom,host,221.45,267.96,124,68,0.00,
36,5,bottom,other,496.687,221.121,309,47,0.00,
36,6,bottom,host,229.74,273.552,124,68,0.00,
36,6,bottom,other,488.916,214.828,309,47,0.00,
36,7,bottom,host,238.03,279.144,124,68,0.00,
36,7,bottom,other,481.145,208.535,309,47,0.00,
36,8,bottom,host,246.32,284.736,124,68,0.00,
36,8,bottom,other,473.374,202.242,309,47,0.00,
36,9,bottom,host,254.61,290.328,124,68,0.00,
36,9,bottom,other,465.603,195.949,309,47,0.00,
36,10,bottom,host,262.9,295.92,124,68,0.00,
36,10,bottom,other,457.832,189.656,309,47,0.00,
36,11,bottom,host,271.19,301.512,124,68,0.00,
36,11,bottom,other,450.061,183.363,309,47,0.00,
36,12,bottom,host,279.48,307.104,124,68,0.00,
36,12,bottom,other,442.29,177.07,309,47,0.00,
36,13,bottom,host,287.77,312.696,124,68,0.00,
36,13,bottom,other,434.519,170.777,309,47,0.00,
36,14,bottom,host,296.06,318.288,124,68,0.00,
36,14,bottom,other,426.748,164.484,309,47,0.00,
36,15,bottom,host,304.252,324.024,125,68,0.00,
36,15,bottom,other,418.977,158.191,309,47,0.00,
36,16,bottom,host,312.444,329.76,125,68,0.00,
36,16,bottom,other,411.206,151.898,309,47,0.00,
36,17,bottom,host,320.636,335.496,125,68,0.00,
36,17,bottom,other,403.435,145.605,309,47,0.00,
36,18,bottom,host,328.926,341.088,124,68,0.00,
36,18,bottom,other,395.664,139.312,309,47,0.00,
36,19,bottom,host,337.216,346.68,124,68,0.00,
36,19,bottom,other,387.893,133.019,309,47,0.00,
36,20,bottom,host,345.408,352.416,125,72,0.00,
36,20,bottom,other,380.122,126.726,309,48,0.00,
36,21,bottom,host,353.698,358.008,124,72,0.00,
36,21,bottom,other,380.122,126.726,309,48,0.00,
36,22,bottom,host,353.698,358.008,124,72,0.00,
36,22,bottom,other,380.122,126.726,309,48,0.00,
37,1,bottom,host,188.387,245.446,123,72,0.00,
37,1,bottom,other,530,240,270,48,0.00,
37,2,bottom,host,196.774,250.892,123,72,0.00,
37,2,bottom,other,520,240,270,48,0.00,
37,3,bottom,host,204.966,256.628,125,72,0.00,
37,3,bottom,other,512.229,246.293,231,48,0.00,
37,4,bottom,host,213.158,262.364,125,72,0.00,
37,4,bottom,other,504.458,252.586,231,48,0.00,
37,5,bottom,host,221.35,268.1,125,72,0.00,
37,5,bottom,other,496.687,258.879,231,48,0.00,
37,6,bottom,host,229.64,273.692,124,72,0.00,
37,6,bottom,other,488.916,265.172,231,48,0.00,
37,7,bottom,host,238.027,279.138,123,72,0.00,
37,7,bottom,other,481.145,271.465,231,48,0.00,
37,8,bottom,host,246.414,284.584,123,72,0.00,
37,8,bottom,other,473.374,277.758,231,48,0.00,
37,9,bottom,host,254.801,290.03,123,72,0.00,
37,9,bottom,other,465.603,284.051,231,48,0.00,
37,10,bottom,host,263.188,295.476,123,72,0.00,
37,10,bottom,other,457.832,290.344,231,48,0.00,
37,11,bottom,host,271.575,300.922,123,72,0.00,
37,11,bottom,other,450.061,296.637,231,48,0.00,
37,12,bottom,host,279.962,306.368,123,72,0.00,
37,12,bottom,other,442.29,302.93,231,48,0.00,
37,13,bottom,host,288.349,311.814,123,72,0.00,
37,13,bottom,other,434.519,309.223,231,48,0.00,
37,14,bottom,host,296.736,317.26,123,72,0.00,
37,14,bottom,other,426.748,315.516,231,48,0.00,
37,15,bottom,host,299.992,307.805,19,72,0.00,
37,15,bottom,other,418.977,321.809,231,48,0.00,
37,16,bottom,host,303.082,298.294,18,72,0.00,
37,16,bottom,other,411.206,328.102,231,48,0.00,
37,17,bottom,host,306.172,288.783,18,72,0.00,
37,17,bottom,other,403.435,334.395,231,48,0.00,
37,18,bottom,host,309.262,279.272,18,72,0.00,
37,18,bottom,other,395.664,340.688,231,48,0.00,
37,19,bottom,host,312.352,269.761,18,72,0.00,
37,19,bottom,other,387.893,346.981,231,48,0.00,
37,20,bottom,host,315.442,260.25,18,72,0.00,
37,20,bottom,other,380.122,353.274,231,48,0.00,
37,21,bottom,host,318.532,250.739,18,73,0.00,
37,21,bottom,other,372.351,359.567,231,52,0.00,
37,22,bottom,host,318.532,250.739,18,73,0.00,
37,22,bottom,other,372.351,359.567,231,52,0.00,
37,23,bottom,host,318.532,250.739,18,73,0.00,
37,23,bottom,other,372.351,359.567,231,52,0.00,
38,1,top,host,188.387,245.446,123,73,0.00,
38,1,top,other,530,240,270,52,0.00,
38,2,top,host,196.774,250.892,123,73,0.00,
38,2,top,other,520,240,270,52,0.00,
38,3,top,host,205.161,256.338,123,73,0.00,
38,3,top,other,510,240,270,52,0.00,
38,4,top,host,213.548,261.784,123,73,0.00,
38,4,top,other,500,240,270,52,0.00,
38,5,top,host,221.935,267.23,123,73,0.00,
38,5,top,other,492.686,246.82,227,52,0.00,
38,6,top,host,230.322,272.676,123,73,0.00,
38,6,top,other,485.372,253.64,227,52,0.00,
38,7,top,host,238.709,278.122,123,73,0.00,
38,7,top,other,478.058,260.46,227,52,0.00,
38,8,top,host,247.096,283.568,123,73,0.00,
38,8,top,other,470.744,267.28,227,52,0.00,
38,9,top,host,255.483,289.014,123,73,0.00,
38,9,top,other,463.43,274.1,227,52,0.00,
38,10,top,host,263.87,294.46,123,73,0.00,
38,10,top,other,456.116,280.92,227,52,0.00,
38,11,top,host,272.257,299.906,123,73,0.00,
38,11,top,other,448.802,287.74,227,52,0.00,
38,12,top,host,280.644,305.352,123,73,0.00,
38,12,top,other,441.488,294.56,227,52,0.00,
38,13,top,host,289.031,310.798,123,73,0.00,
38,13,top,other,434.174,301.38,227,52,0.00,
38,14,top,host,297.418,316.244,123,73,0.00,
38,14,top,other,426.86,308.2,227,52,0.00,
38,15,top,host,305.805,321.69,123,73,0.00,
38,15,top,other,419.546,315.02,227,52,0.00,
38,16,top,host,314.192,327.136,123,73,0.00,
38,16,top,other,412.232,321.84,227,52,0.00,
38,17,top,host,322.672,332.435,122,73,0.00,
38,17,top,other,404.918,328.66,227,52,0.00,
38,18,top,host,331.059,337.881,123,73,0.00,
38,18,top,other,397.604,335.48,227,52,0.00,
38,19,top,host,339.446,343.327,123,73,0.00,
38,19,top,other,399.168,325.603,9,52,0.00,
38,20,top,host,348.106,348.327,120,74,0.00,
38,20,top,other,400.732,315.726,9,56,0.00,
38,21,top,host,356.678,353.477,121,74,0.00,
38,21,top,other,400.732,315.726,9,56,0.00,
38,22,top,host,356.678,353.477,121,74,0.00,
38,22,top,other,400.732,315.726,9,56,0.00,
39,1,top,host,189.877,241.564,99,74,0.00,
39,1,top,other,530,240,270,56,0.00,
39,2,top,host,199.871,241.215,88,74,0.00,
39,2,top,other,521.91,245.878,234,56,0.00,
39,3,top,host,209.774,239.823,82,74,0.00,
39,3,top,other,513.82,251.756,234,56,0.00,
39,4,top,host,219.518,237.573,77,74,0.00,
39,4,top,other,505.73,257.634,234,56,0.00,
39,5,top,host,229.221,235.154,76,74,0.00,
39,5,top,other,497.64,263.512,234,56,0.00,
39,6,top,host,239.098,236.718,99,74,0.00,
39,6,top,other,489.55,269.39,234,56,0.00,
39,7,top,host,249.06,237.59,95,74,0.00,
39,7,top,other,481.46,275.268,234,56,0.00,
39,8,top,host,255.488,229.93,40,74,0.00,
39,8,top,other,473.37,281.146,234,56,0.00,
39,9,top,host,265.365,231.494,99,74,0.00,
39,9,top,other,465.28,287.024,234,56,0.00,
39,10,top,host,275.146,229.415,78,74,0.00,
39,10,top,other,457.19,292.902,234,56,0.00,
39,11,top,host,284.927,231.494,102,74,0.00,
39,11,top,other,449.1,298.78,234,56,0.00,
39,12,top,host,294.708,233.573,102,74,0.00,
39,12,top,other,441.01,304.658,234,56,0.00,
39,13,top,host,301.528,226.259,43,74,0.00,
39,13,top,other,432.92,310.536,234,56,0.00,
39,14,top,host,309.299,219.966,51,74,0.00,
39,14,top,other,424.83,316.414,234,56,0.00,
39,15,top,host,317.07,213.673,51,74,0.00,
39,15,top,other,416.74,322.292,234,56,0.00,
39,16,top,host,317.07,213.673,52,74,0.00,
39,16,top,other,408.65,328.17,234,56,0.00,
39,17,top,host,325.36,208.081,56,74,0.00,
39,17,top,other,400.56,334.048,234,56,0.00,
39,18,top,host,325.36,208.081,56,74,0.00,
39,18,top,other,392.47,339.926,234,56,0.00,
39,19,top,host,334.973,210.837,106,74,0.00,
39,19,top,other,384.38,345.804,234,56,0.00,
39,20,top,host,334.973,210.837,106,74,0.00,
39,20,top,other,376.29,351.682,234,56,0.00,
39,21,top,host,336.365,200.934,8,78,0.00,
39,21,top,other,368.2,357.56,234,57,0.00,
39,22,top,host,336.365,200.934,30,78,0.00,
39,22,top,other,368.2,357.56,234,57,0.00,
39,23,top,host,336.365,200.934,91,78,0.00,
39,23,top,other,368.2,357.56,234,57,0.00,
40,1,top,host,189.659,237.412,75,78,0.00,
40,1,top,other,530,240,270,57,0.00,
40,2,top,host,199.318,234.824,75,78,0.00,
40,2,top,other,520,240,270,57,0.00,
40,3,top,host,208.977,232.236,75,78,0.00,
40,3,top,other,511.808,234.264,305,57,0.00,
40,4,top,host,217.637,227.236,60,78,0.00,
40,4,top,other,503.616,228.528,305,57,0.00,
40,5,top,host,226.117,221.937,58,78,0.00,
40,5,top,other,495.424,222.792,305,57,0.00,
40,6,top,host,234.597,216.638,58,78,0.00,
40,6,top,other,487.232,217.056,305,57,0.00,
40,7,top,host,242.789,210.902,55,78,0.00,
40,7,top,other,479.04,211.32,305,57,0.00,
40,8,top,host,251.994,206.995,67,78,0.00,
40,8,top,other,470.848,205.584,305,57,0.00,
40,9,top,host,261.391,203.575,70,78,0.00,
40,9,top,other,462.656,199.848,305,57,0.00,
40,10,top,host,271.05,200.987,75,78,0.00,
40,10,top,other,454.464,194.112,305,57,0.00,
40,11,top,host,280.831,198.908,78,78,0.00,
40,11,top,other,446.272,188.376,305,57,0.00,
40,12,top,host,289.311,193.609,58,78,0.00,
40,12,top,other,438.08,182.64,305,57,0.00,
40,13,top,host,298.516,189.702,67,78,0.00,
40,13,top,other,429.888,176.904,305,57,0.00,
40,14,top,host,307.176,184.702,60,78,0.00,
40,14,top,other,421.696,171.168,305,57,0.00,
40,15,top,host,307.176,184.702,66,78,0.00,
40,15,top,other,413.504,165.432,305,57,0.00,
40,16,top,host,307.176,184.702,66,78,0.00,
40,16,top,other,405.312,159.696,305,57,0.00,
40,17,top,host,307.176,184.702,66,78,0.00,
40,17,top,other,397.12,153.96,305,57,0.00,
40,18,top,host,317.024,182.966,80,78,0.00,
40,18,top,other,388.928,148.224,305,57,0.00,
40,19,top,host,321.25,173.903,25,78,0.00,
40,19,top,other,380.736,142.488,305,57,0.00,
40,20,top,host,326.549,165.423,32,78,0.00,
40,20,top,other,372.544,136.752,305,57,0.00,
40,21,top,host,331.848,156.943,32,78,0.00,
40,21,top,other,364.352,131.016,305,57,0.00,
40,22,top,host,337.44,148.653,34,78,0.00,
40,22,top,other,364.352,131.016,305,57,0.00,
40,23,top,host,343.032,140.363,34,78,0.00,
40,23,top,other,364.352,131.016,305,57,0.00,
41,1,bottom,host,188.09,245.878,126,78,0.00,
41,1,bottom,other,530,240,270,57,0.00,
41,2,bottom,host,196.282,251.614,125,78,0.00,
41,2,bottom,other,520,240,270,57,0.00,
41,3,bottom,host,204.474,257.35,125,78,0.00,
41,3,bottom,other,510,240,270,57,0.00,
41,4,bottom,host,212.666,263.086,125,78,0.00,
41,4,bottom,other,500,240,270,57,0.00,
41,5,bottom,host,220.858,268.822,125,78,0.00,
41,5,bottom,other,492.569,233.309,312,57,0.00,
41,6,bottom,host,229.148,274.414,124,78,0.00,
41,6,bottom,other,485.138,226.618,312,57,0.00,
41,7,bottom,host,237.535,279.86,123,78,0.00,
41,7,bottom,other,477.707,219.927,312,57,0.00,
41,8,bottom,host,245.922,285.306,123,78,0.00,
41,8,bottom,other,470.276,213.236,312,57,0.00,
41,9,bottom,host,254.309,290.752,123,78,0.00,
41,9,bottom,other,462.845,206.545,312,57,0.00,
41,10,bottom,host,262.696,296.198,123,78,0.00,
41,10,bottom,other,455.414,199.854,312,57,0.00,
41,11,bottom,host,271.083,301.644,123,78,0.00,
41,11,bottom,other,447.983,193.163,312,57,0.00,
41,12,bottom,host,279.47,307.09,123,78,0.00,
41,12,bottom,other,440.552,186.472,312,57,0.00,
41,13,bottom,host,287.95,312.389,122,78,0.00,
41,13,bottom,other,433.121,179.781,312,57,0.00,
41,14,bottom,host,296.43,317.688,122,78,0.00,
41,14,bottom,other,425.69,173.09,312,57,0.00,
41,15,bottom,host,304.91,322.987,122,78,0.00,
41,15,bottom,other,418.259,166.399,312,57,0.00,
41,16,bottom,host,313.39,328.286,122,78,0.00,
41,16,bottom,other,410.828,159.708,312,57,0.00,
41,17,bottom,host,321.87,333.585,122,78,0.00,
41,17,bottom,other,403.397,153.017,312,57,0.00,
41,18,bottom,host,330.442,338.735,121,78,0.00,
41,18,bottom,other,395.966,146.326,312,57,0.00,
41,19,bottom,host,339.014,343.885,121,78,0.00,
41,19,bottom,other,388.535,139.635,312,57,0.00,
41,20,bottom,host,347.76,348.733,119,82,0.00,
41,20,bottom,other,381.104,132.944,312,58,0.00,
41,21,bottom,host,357.215,351.989,109,82,0.00,
41,21,bottom,other,381.104,132.944,312,58,0.00,
41,22,bottom,host,357.215,351.989,109,82,0.00,
41,22,bottom,other,381.104,132.944,312,58,0.00,
42,1,bottom,host,188.387,245.446,123,82,0.00,
42,1,bottom,other,530,240,270,58,0.00,
42,2,bottom,host,194.68,253.217,141,82,0.00,
42,2,bottom,other,520,240,270,58,0.00,
42,3,bottom,host,202.666,259.235,127,82,0.00,
42,3,bottom,other,510,240,270,58,0.00,
42,4,bottom,host,210.652,265.253,127,82,0.00,
42,4,bottom,other,502.12,246.157,232,58,0.00,
42,5,bottom,host,218.742,271.131,126,82,0.00,
42,5,bottom,other,494.24,252.314,232,58,0.00,
42,6,bottom,host,228.197,274.387,109,82,0.00,
42,6,bottom,other,486.36,258.471,232,58,0.00,
42,7,bottom,host,237.652,277.643,109,82,0.00,
42,7,bottom,other,478.48,264.628,232,58,0.00,
42,8,bottom,host,247.107,280.899,109,82,0.00,
42,8,bottom,other,470.6,270.785,232,58,0.00,
42,9,bottom,host,255.679,286.049,121,82,0.00,
42,9,bottom,other,462.72,276.942,232,58,0.00,
42,10,bottom,host,264.251,291.199,121,82,0.00,
42,10,bottom,other,454.84,283.099,232,58,0.00,
42,11,bottom,host,268.946,282.37,28,82,0.00,
42,11,bottom,other,446.96,289.256,232,58,0.00,
42,12,bottom,host,273.641,273.541,28,82,0.00,
42,12,bottom,other,439.08,295.413,232,58,0.00,
42,13,bottom,host,278.336,264.712,28,82,0.00,
42,13,bottom,other,431.2,301.57,232,58,0.00,
42,14,bottom,host,283.336,256.052,30,82,0.00,
42,14,bottom,other,423.32,307.727,232,58,0.00,
42,15,bottom,host,288.336,247.392,30,82,0.00,
42,15,bottom,other,415.44,313.884,232,58,0.00,
42,16,bottom,host,293.336,238.732,30,82,0.00,
42,16,bottom,other,407.56,320.041,232,58,0.00,
42,17,bottom,host,298.336,230.072,30,82,0.00,
42,17,bottom,other,399.68,326.198,232,58,0.00,
42,18,bottom,host,303.336,221.412,30,82,0.00,
42,18,bottom,other,391.8,332.355,232,58,0.00,
42,19,bottom,host,308.336,212.752,30,82,0.00,
42,19,bottom,other,383.92,338.512,232,58,0.00,
42,20,bottom,host,313.336,204.092,30,82,0.00,
42,20,bottom,other,376.04,344.669,232,58,0.00,
42,21,bottom,host,318.336,195.432,30,83,0.00,
42,21,bottom,other,368.16,350.826,232,62,0.00,
42,22,bottom,host,318.336,195.432,30,83,0.00,
42,22,bottom,other,368.16,350.826,232,62,0.00,
42,23,bottom,host,318.336,195.432,30,83,0.00,
42,23,bottom,other,368.16,350.826,232,62,0.00,
43,1,bottom,host,188.48,245.299,122,83,0.00,
43,1,bottom,other,530,240,270,62,0.00,
43,2,bottom,host,192.387,254.504,157,83,0.00,
43,2,bottom,other,520,240,270,62,0.00,
43,3,bottom,host,200.867,259.803,122,83,0.00,
43,3,bottom,other,511.808,234.264,305,62,0.00,
43,4,bottom,host,209.347,265.102,122,83,0.00,
43,4,bottom,other,503.616,228.528,305,62,0.00,
43,5,bottom,host,217.734,270.548,123,83,0.00,
43,5,bottom,other,495.424,222.792,305,62,0.00,
43,6,bottom,host,226.214,275.847,122,83,0.00,
43,6,bottom,other,487.232,217.056,305,62,0.00,
43,7,bottom,host,234.694,281.146,122,83,0.00,
43,7,bottom,other,479.04,211.32,305,62,0.00,
43,8,bottom,host,243.174,286.445,122,83,0.00,
43,8,bottom,other,470.848,205.584,305,62,0.00,
43,9,bottom,host,251.654,291.744,122,83,0.00,
43,9,bottom,other,462.656,199.848,305,62,0.00,
43,10,bottom,host,260.134,297.043,122,83,0.00,
43,10,bottom,other,454.464,194.112,305,62,0.00,
43,11,bottom,host,268.614,302.342,122,83,0.00,
43,11,bottom,other,446.272,188.376,305,62,0.00,
43,12,bottom,host,277.094,307.641,122,83,0.00,
43,12,bottom,other,438.08,182.64,305,62,0.00,
43,13,bottom,host,286.082,312.025,116,83,0.00,
43,13,bottom,other,429.888,176.904,305,62,0.00,
43,14,bottom,host,294.562,317.324,122,83,0.00,
43,14,bottom,other,421.696,171.168,305,62,0.00,
43,15,bottom,host,303.042,322.623,122,83,0.00,
43,15,bottom,other,413.504,165.432,305,62,0.00,
43,16,bottom,host,311.522,327.922,122,83,0.00,
43,16,bottom,other,405.312,159.696,305,62,0.00,
43,17,bottom,host,320.002,333.221,122,83,0.00,
43,17,bottom,other,397.12,153.96,305,62,0.00,
43,18,bottom,host,328.482,338.52,122,83,0.00,
43,18,bottom,other,388.928,148.224,305,62,0.00,
43,19,bottom,host,336.962,343.819,122,83,0.00,
43,19,bottom,other,380.736,142.488,305,62,0.00,
43,20,bottom,host,345.442,349.118,122,83,0.00,
43,20,bottom,other,372.544,136.752,305,62,0.00,
43,21,bottom,host,353.922,354.417,122,87,0.00,
43,21,bottom,other,364.352,131.016,305,63,0.00,
43,22,bottom,host,353.922,354.417,122,87,0.00,
43,22,bottom,other,364.352,131.016,305,63,0.00,
43,23,bottom,host,353.922,354.417,122,87,0.00,
43,23,bottom,other,364.352,131.016,305,63,0.00,
44,1,bottom,host,187.431,246.691,132,87,0.00,
44,1,bottom,other,530,240,270,63,0.00,
44,2,bottom,host,196.26,251.386,118,87,0.00,
44,2,bottom,other,520,240,270,63,0.00,
44,3,bottom,host,204.92,256.386,120,87,0.00,
44,3,bottom,other,510,240,270,63,0.00,
44,4,bottom,host,213.58,261.386,120,87,0.00,
44,4,bottom,other,502.569,246.691,228,63,0.00,
44,5,bottom,host,222.24,266.386,120,87,0.00,
44,5,bottom,other,495.138,253.382,228,63,0.00,
44,6,bottom,host,230.9,271.386,120,87,0.00,
44,6,bottom,other,487.707,260.073,228,63,0.00,
44,7,bottom,host,239.56,276.386,120,87,0.00,
44,7,bottom,other,480.276,266.764,228,63,0.00,
44,8,bottom,host,248.22,281.386,120,87,0.00,
44,8,bottom,other,472.845,273.455,228,63,0.00,
44,9,bottom,host,256.88,286.386,120,87,0.00,
44,9,bottom,other,465.414,280.146,228,63,0.00,
44,10,bottom,host,265.54,291.386,120,87,0.00,
44,10,bottom,other,457.983,286.837,228,63,0.00,
44,11,bottom,host,274.2,296.386,120,87,0.00,
44,11,bottom,other,450.552,293.528,228,63,0.00,
44,12,bottom,host,282.86,301.386,120,87,0.00,
44,12,bottom,other,443.121,300.219,228,63,0.00,
44,13,bottom,host,290.846,307.404,127,87,0.00,
44,13,bottom,other,435.69,306.91,228,63,0.00,
44,14,bottom,host,298.832,313.422,127,87,0.00,
44,14,bottom,other,428.259,313.601,228,63,0.00,
44,15,bottom,host,306.922,319.3,126,87,0.00,
44,15,bottom,other,420.828,320.292,228,63,0.00,
44,16,bottom,host,315.012,325.178,126,87,0.00,
44,16,bottom,other,413.397,326.983,228,63,0.00,
44,17,bottom,host,323.102,331.056,126,87,0.00,
44,17,bottom,other,405.966,333.674,228,63,0.00,
44,18,bottom,host,331.192,336.934,126,87,0.00,
44,18,bottom,other,398.535,340.365,228,63,0.00,
44,19,bottom,host,339.282,342.812,126,87,0.00,
44,19,bottom,other,391.104,347.056,228,63,0.00,
44,20,bottom,host,347.372,348.69,126,87,0.00,
44,20,bottom,other,383.673,353.747,228,63,0.00,
44,21,bottom,host,347.372,348.69,126,87,0.00,
44,21,bottom,other,383.673,353.747,228,63,0.00,
44,22,bottom,host,347.372,348.69,126,87,0.00,
44,22,bottom,other,383.673,353.747,228,63,0.00,
45,1,bottom,host,188.29,245.592,124,87,0.00,
45,1,bottom,other,530,240,270,63,0.00,
45,2,bottom,host,193.29,254.252,150,87,0.00,
45,2,bottom,other,520,240,270,63,0.00,
45,3,bottom,host,193.29,254.252,150,87,0.00,
45,3,bottom,other,510,240,270,63,0.00,
45,4,bottom,host,193.29,254.252,150,87,0.00,
45,4,bottom,other,500,240,270,63,0.00,
45,5,bottom,host,193.29,254.252,150,87,0.00,
45,5,bottom,other,490,240,270,63,0.00,
45,6,bottom,host,193.29,254.252,150,87,0.00,
45,6,bottom,other,480,240,270,63,0.00,
45,7,bottom,host,193.29,254.252,150,87,0.00,
45,7,bottom,other,470,240,270,63,0.00,
45,8,bottom,host,193.29,254.252,150,87,0.00,
45,8,bottom,other,462.807,233.053,314,63,0.00,
45,9,bottom,host,193.29,254.252,150,87,0.00,
45,9,bottom,other,455.614,226.106,314,63,0.00,
45,10,bottom,host,193.29,254.252,150,87,0.00,
45,10,bottom,other,448.421,219.159,314,63,0.00,
45,11,bottom,host,200.483,261.199,134,87,0.00,
45,11,bottom,other,441.228,212.212,314,63,0.00,
45,12,bottom,host,209.143,266.199,120,87,0.00,
45,12,bottom,other,434.035,205.265,314,63,0.00,
45,13,bottom,host,217.889,271.047,119,87,0.00,
45,13,bottom,other,426.842,198.318,314,63,0.00,
45,14,bottom,host,226.635,275.895,119,87,0.00,
45,14,bottom,other,419.649,191.371,314,63,0.00,
45,15,bottom,host,235.295,280.895,120,87,0.00,
45,15,bottom,other,412.456,184.424,314,63,0.00,
45,16,bottom,host,243.955,285.895,120,87,0.00,
45,16,bottom,other,405.263,177.477,314,63,0.00,
45,17,bottom,host,252.701,290.743,119,87,0.00,
45,17,bottom,other,398.07,170.53,314,63,0.00,
45,18,bottom,host,261.447,295.591,119,87,0.00,
45,18,bottom,other,390.877,163.583,314,63,0.00,
45,19,bottom,host,270.193,300.439,119,87,0.00,
45,19,bottom,other,383.684,156.636,314,63,0.00,
45,20,bottom,host,278.853,305.439,120,87,0.00,
45,20,bottom,other,376.491,149.689,314,63,0.00,
45,21,bottom,host,287.513,310.439,120,87,0.00,
45,21,bottom,other,369.298,142.742,314,63,0.00,
45,22,bottom,host,296.085,315.589,121,91,0.00,
45,22,bottom,other,362.105,135.795,314,64,0.00,
45,23,bottom,host,304.745,320.589,120,91,0.00,
45,23,bottom,other,362.105,135.795,314,64,0.00,
45,24,bottom,host,313.405,325.589,120,91,0.00,
45,24,bottom,other,362.105,135.795,314,64,0.00,
46,1,top,host,186.293,247.771,141,91,0.00,
46,1,top,other,530,240,270,64,0.00,
46,2,top,host,192.586,255.542,141,91,0.00,
46,2,top,other,521.91,234.122,306,64,0.00,
46,3,top,host,201.246,260.542,120,91,0.00,
46,3,top,other,513.82,228.244,306,64,0.00,
46,4,top,host,209.818,265.692,121,91,0.00,
46,4,top,other,505.73,222.366,306,64,0.00,
46,5,top,host,218.39,270.842,121,91,0.00,
46,5,top,other,497.64,216.488,306,64,0.00,
46,6,top,host,226.87,276.141,122,91,0.00,
46,6,top,other,489.55,210.61,306,64,0.00,
46,7,top,host,235.35,281.44,122,91,0.00,
46,7,top,other,481.46,204.732,306,64,0.00,
46,8,top,host,243.922,286.59,121,91,0.00,
46,8,top,other,473.37,198.854,306,64,0.00,
46,9,top,host,252.494,291.74,121,91,0.00,
46,9,top,other,465.28,192.976,306,64,0.00,
46,10,top,host,261.066,296.89,121,91,0.00,
46,10,top,other,457.19,187.098,306,64,0.00,
46,11,top,host,269.638,302.04,121,91,0.00,
46,11,top,other,449.1,181.22,306,64,0.00,
46,12,top,host,278.21,307.19,121,91,0.00,
46,12,top,other,441.01,175.342,306,64,0.00,
46,13,top,host,286.782,312.34,121,91,0.00,
46,13,top,other,432.92,169.464,306,64,0.00,
46,14,top,host,295.442,317.34,120,91,0.00,
46,14,top,other,424.83,163.586,306,64,0.00,
46,15,top,host,304.102,322.34,120,91,0.00,
46,15,top,other,416.74,157.708,306,64,0.00,
46,16,top,host,312.762,327.34,120,91,0.00,
46,16,top,other,408.65,151.83,306,64,0.00,
46,17,top,host,321.422,332.34,120,91,0.00,
46,17,top,other,400.56,145.952,306,64,0.00,
46,18,top,host,330.082,337.34,120,91,0.00,
46,18,top,other,392.47,140.074,306,64,0.00,
46,19,top,host,338.828,342.188,119,91,0.00,
46,19,top,other,384.38,134.196,306,64,0.00,
46,20,top,host,347.574,347.036,119,92,0.00,
46,20,top,other,376.29,128.318,306,68,0.00,
46,21,top,host,347.574,347.036,119,92,0.00,
46,21,top,other,376.29,128.318,306,68,0.00,
46,22,top,host,347.574,347.036,119,92,0.00,
46,22,top,other,376.29,128.318,306,68,0.00,
47,1,bottom,host,188.29,245.592,124,92,0.00,
47,1,bottom,other,530,240,270,68,0.00,
47,2,bottom,host,194.447,253.472,142,92,0.00,
47,2,bottom,other,520,240,270,68,0.00,
47,3,bottom,host,202.737,259.064,124,92,0.00,
47,3,bottom,other,510,240,270,68,0.00,
47,4,bottom,host,211.124,264.51,123,92,0.00,
47,4,bottom,other,500,240,270,68,0.00,
47,5,bottom,host,219.511,269.956,123,92,0.00,
47,5,bottom,other,492.569,233.309,312,68,0.00,
47,6,bottom,host,227.898,275.402,123,92,0.00,
47,6,bottom,other,485.138,226.618,312,68,0.00,
47,7,bottom,host,236.285,280.848,123,92,0.00,
47,7,bottom,other,477.707,219.927,312,68,0.00,
47,8,bottom,host,244.672,286.294,123,92,0.00,
47,8,bottom,other,470.276,213.236,312,68,0.00,
47,9,bottom,host,253.059,291.74,123,92,0.00,
47,9,bottom,other,462.845,206.545,312,68,0.00,
47,10,bottom,host,261.446,297.186,123,92,0.00,
47,10,bottom,other,455.414,199.854,312,68,0.00,
47,11,bottom,host,269.833,302.632,123,92,0.00,
47,11,bottom,other,447.983,193.163,312,68,0.00,
47,12,bottom,host,278.22,308.078,123,92,0.00,
47,12,bottom,other,440.552,186.472,312,68,0.00,
47,13,bottom,host,286.607,313.524,123,92,0.00,
47,13,bottom,other,433.121,179.781,312,68,0.00,
47,14,bottom,host,294.994,318.97,123,92,0.00,
47,14,bottom,other,425.69,173.09,312,68,0.00,
47,15,bottom,host,303.381,324.416,123,92,0.00,
47,15,bottom,other,418.259,166.399,312,68,0.00,
47,16,bottom,host,311.768,329.862,123,92,0.00,
47,16,bottom,other,410.828,159.708,312,68,0.00,
47,17,bottom,host,320.155,335.308,123,92,0.00,
47,17,bottom,other,403.397,153.017,312,68,0.00,
47,18,bottom,host,328.542,340.754,123,92,0.00,
47,18,bottom,other,395.966,146.326,312,68,0.00,
47,19,bottom,host,336.929,346.2,123,92,0.00,
47,19,bottom,other,388.535,139.635,312,68,0.00,
47,20,bottom,host,345.316,351.646,123,96,0.00,
47,20,bottom,other,381.104,132.944,312,69,0.00,
47,21,bottom,host,345.316,351.646,123,96,0.00,
47,21,bottom,other,381.104,132.944,312,69,0.00,
47,22,bottom,host,345.316,351.646,123,96,0.00,
47,22,bottom,other,381.104,132.944,312,69,0.00,
48,1,top,host,189.511,236.91,72,96,0.00,
48,1,top,other,530,240,270,69,0.00,
48,2,top,host,199.292,234.831,78,96,0.00,
48,2,top,other,521.808,234.264,305,69,0.00,
48,3,top,host,209.036,232.581,77,96,0.00,
48,3,top,other,513.616,228.528,305,69,0.00,
48,4,top,host,218.78,230.331,77,96,0.00,
48,4,top,other,505.424,222.792,305,69,0.00,
48,5,top,host,228.524,228.081,77,96,0.00,
48,5,top,other,497.232,217.056,305,69,0.00,
48,6,top,host,238.268,225.831,77,96,0.00,
48,6,top,other,489.04,211.32,305,69,0.00,
48,7,top,host,245.928,219.403,50,96,0.00,
48,7,top,other,480.848,205.584,305,69,0.00,
48,8,top,host,253.588,212.975,50,96,0.00,
48,8,top,other,472.656,199.848,305,69,0.00,
48,9,top,host,261.248,206.547,50,96,0.00,
48,9,top,other,464.464,194.112,305,69,0.00,
48,10,top,host,268.908,200.119,50,96,0.00,
48,10,top,other,456.272,188.376,305,69,0.00,
48,11,top,host,276.568,193.691,50,96,0.00,
48,11,top,other,448.08,182.64,305,69,0.00,
48,12,top,host,284.228,187.263,50,96,0.00,
48,12,top,other,439.888,176.904,305,69,0.00,
48,13,top,host,291.888,180.835,50,96,0.00,
48,13,top,other,431.696,171.168,305,69,0.00,
48,14,top,host,299.548,174.407,50,96,0.00,
48,14,top,other,423.504,165.432,305,69,0.00,
48,15,top,host,307.208,167.979,50,96,0.00,
48,15,top,other,415.312,159.696,305,69,0.00,
48,16,top,host,314.868,161.551,50,96,0.00,
48,16,top,other,407.12,153.96,305,69,0.00,
48,17,top,host,322.528,155.123,50,96,0.00,
48,17,top,other,398.928,148.224,305,69,0.00,
48,18,top,host,330.188,148.695,50,96,0.00,
48,18,top,other,390.736,142.488,305,69,0.00,
48,19,top,host,337.848,142.267,50,96,0.00,
48,19,top,other,382.544,136.752,305,69,0.00,
48,20,top,host,345.508,135.839,50,96,0.00,
48,20,top,other,374.352,131.016,305,69,0.00,
48,21,top,host,353.168,129.411,50,96,0.00,
48,21,top,other,366.16,125.28,305,69,0.00,
48,22,top,host,353.168,129.411,50,96,0.00,
48,22,top,other,366.16,125.28,305,69,0.00,
48,23,top,host,353.168,129.411,50,96,0.00,
48,23,top,other,366.16,125.28,305,69,0.00,
49,1,bottom,host,188.572,245.15,121,96,0.00,
49,1,bottom,other,531.71,245.592,236,69,0.00,
49,2,bottom,host,196.662,251.028,126,96,0.00,
49,2,bottom,other,523.42,251.184,236,69,0.00,
49,3,bottom,host,204.752,256.906,126,96,0.00,
49,3,bottom,other,515.13,256.776,236,69,0.00,
49,4,bottom,host,212.842,262.784,126,96,0.00,
49,4,bottom,other,506.84,262.368,236,69,0.00,
49,5,bottom,host,221.322,268.083,122,96,0.00,
49,5,bottom,other,498.55,267.96,236,69,0.00,
49,6,bottom,host,229.514,273.819,125,96,0.00,
49,6,bottom,other,490.26,273.552,236,69,0.00,
49,7,bottom,host,237.706,279.555,125,96,0.00,
49,7,bottom,other,481.97,279.144,236,69,0.00,
49,8,bottom,host,245.898,285.291,125,96,0.00,
49,8,bottom,other,473.68,284.736,236,69,0.00,
49,9,bottom,host,254.09,291.027,125,96,0.00,
49,9,bottom,other,465.39,290.328,236,69,0.00,
49,10,bottom,host,262.282,296.763,125,96,0.00,
49,10,bottom,other,457.1,295.92,236,69,0.00,
49,11,bottom,host,267.581,288.283,32,96,0.00,
49,11,bottom,other,448.81,301.512,236,69,0.00,
49,12,bottom,host,272.88,279.803,32,96,0.00,
49,12,bottom,other,440.52,307.104,236,69,0.00,
49,13,bottom,host,277.728,271.057,29,96,0.00,
49,13,bottom,other,432.23,312.696,236,69,0.00,
49,14,bottom,host,282.576,262.311,29,96,0.00,
49,14,bottom,other,423.94,318.288,236,69,0.00,
49,15,bottom,host,287.424,253.565,29,96,0.00,
49,15,bottom,other,415.65,323.88,236,69,0.00,
49,16,bottom,host,292.272,244.819,29,96,0.00,
49,16,bottom,other,407.36,329.472,236,69,0.00,
49,17,bottom,host,297.12,236.073,29,96,0.00,
49,17,bottom,other,399.07,335.064,236,69,0.00,
49,18,bottom,host,301.968,227.327,29,96,0.00,
49,18,bottom,other,390.78,340.656,236,69,0.00,
49,19,bottom,host,306.816,218.581,29,96,0.00,
49,19,bottom,other,382.49,346.248,236,69,0.00,
49,20,bottom,host,311.664,209.835,29,97,0.00,
49,20,bottom,other,374.2,351.84,236,73,0.00,
49,21,bottom,host,311.664,209.835,29,97,0.00,
49,21,bottom,other,374.2,351.84,236,73,0.00,
49,22,bottom,host,311.664,209.835,29,97,0.00,
49,22,bottom,other,374.2,351.84,236,73,0.00,
50,1,bottom,host,190,240,90,97,0.00,
50,1,bottom,other,531.808,234.264,305,73,0.00,
50,2,bottom,host,198.48,245.299,122,97,0.00,
50,2,bottom,other,523.616,228.528,305,73,0.00,
50,3,bottom,host,206.96,250.598,122,97,0.00,
50,3,bottom,other,515.424,222.792,305,73,0.00,
50,4,bottom,host,215.152,256.334,125,97,0.00,
50,4,bottom,other,507.232,217.056,305,73,0.00,
50,5,bottom,host,223.344,262.07,125,97,0.00,
50,5,bottom,other,499.04,211.32,305,73,0.00,
50,6,bottom,host,231.536,267.806,125,97,0.00,
50,6,bottom,other,490.848,205.584,305,73,0.00,
50,7,bottom,host,239.728,273.542,125,97,0.00,
50,7,bottom,other,482.656,199.848,305,73,0.00,
50,8,bottom,host,247.92,279.278,125,97,0.00,
50,8,bottom,other,474.464,194.112,305,73,0.00,
50,9,bottom,host,256.112,285.014,125,97,0.00,
50,9,bottom,other,466.272,188.376,305,73,0.00,
50,10,bottom,host,264.304,290.75,125,97,0.00,
50,10,bottom,other,458.08,182.64,305,73,0.00,
50,11,bottom,host,272.496,296.486,125,97,0.00,
50,11,bottom,other,449.888,176.904,305,73,0.00,
50,12,bottom,host,280.688,302.222,125,97,0.00,
50,12,bottom,other,441.696,171.168,305,73,0.00,
50,13,bottom,host,288.88,307.958,125,97,0.00,
50,13,bottom,other,433.504,165.432,305,73,0.00,
50,14,bottom,host,297.072,313.694,125,97,0.00,
50,14,bottom,other,425.312,159.696,305,73,0.00,
50,15,bottom,host,305.264,319.43,125,97,0.00,
50,15,bottom,other,417.12,153.96,305,73,0.00,
50,16,bottom,host,313.456,325.166,125,97,0.00,
50,16,bottom,other,408.928,148.224,305,73,0.00,
50,17,bottom,host,321.648,330.902,125,97,0.00,
50,17,bottom,other,400.736,142.488,305,73,0.00,
50,18,bottom,host,329.84,336.638,125,97,0.00,
50,18,bottom,other,392.544,136.752,305,73,0.00,
50,19,bottom,host,338.032,342.374,125,97,0.00,
50,19,bottom,other,384.352,131.016,305,73,0.00,
50,20,bottom,host,346.224,348.11,125,101,0.00,
50,20,bottom,other,376.16,125.28,305,74,0.00,
50,21,bottom,host,346.224,348.11,125,101,0.00,
50,21,bottom,other,376.16,125.28,305,74,0.00,
50,22,bottom,host,346.224,348.11,125,101,0.00,
50,22,bottom,other,376.16,125.28,305,74,0.00,
