1,1,top,other,531.808,234.264,305,0,0,
1,1,top,host,190,240,90,0,0,
1,2,top,host,200,240,90,0,0,
1,2,top,other,523.616,228.528,305,0,0,
1,3,top,host,210,240,90,0,0,
1,3,top,other,515.424,222.792,305,0,0,
1,4,top,host,220,240,90,0,0,
1,4,top,other,507.232,217.056,305,0,0,
1,5,top,host,230,240,90,0,0,
1,5,top,other,499.04,211.32,305,0,0,
1,6,top,host,237.66,233.572,50,0,0,
1,6,top,other,490.848,205.584,305,0,0,
1,7,top,host,245.32,227.144,50,0,0,
1,7,top,other,482.656,199.848,305,0,0,
1,8,top,host,252.98,220.716,50,0,0,
1,8,top,other,474.366,194.256,304,0,0,
1,9,top,host,260.64,214.288,50,0,0,
1,9,top,other,466.076,188.664,304,0,0,
1,10,top,host,268.3,207.86,50,0,0,
1,10,top,other,457.786,183.072,304,0,0,
1,11,top,host,275.96,201.432,50,0,0,
1,11,top,other,449.496,177.48,304,0,0,
1,12,top,host,283.62,195.004,50,0,0,
1,12,top,other,441.206,171.888,304,0,0,
1,13,top,host,291.28,188.576,50,0,0,
1,13,top,other,432.916,166.296,304,0,0,
1,14,top,host,298.94,182.148,50,0,0,
1,14,top,other,424.626,160.704,304,0,0,
1,15,top,host,306.6,175.72,50,0,0,
1,15,top,other,416.336,155.112,304,0,0,
1,16,top,host,314.26,169.292,50,0,0,
1,16,top,other,408.046,149.52,304,0,0,
1,17,top,host,321.92,162.864,50,0,0,
1,17,top,other,399.659,144.074,303,0,0,
1,18,top,host,329.58,156.436,50,0,0,
1,18,top,other,391.272,138.628,303,0,0,
1,19,top,host,337.24,150.008,50,0,0,
1,19,top,other,382.982,133.036,304,0,0,
1,20,top,host,344.9,143.58,50,0,0,
1,20,top,other,374.692,127.444,304,0,0,
1,21,top,host,344.9,143.58,50,0,0,
1,21,top,other,366.402,121.852,304,0,0,
1,22,top,host,344.9,143.58,50,0,0,
1,22,top,other,366.402,121.852,304,0,0,
2,1,bottom,host,190,240,90,0,0,
2,1,bottom,other,530,240,270,0,0,
2,2,bottom,host,198.09,245.878,126,0,0,
2,2,bottom,other,520,240,270,0,0,
2,3,bottom,host,206.18,251.756,126,0,0,
2,3,bottom,other,510,240,270,0,0,
2,4,bottom,host,214.27,257.634,126,0,0,
2,4,bottom,other,501.91,245.878,234,0,0,
2,5,bottom,host,222.36,263.512,126,0,0,
2,5,bottom,other,494.139,252.171,231,0,0,
2,6,bottom,host,230.45,269.39,126,0,0,
2,6,bottom,other,486.479,258.599,230,0,0,
2,7,bottom,host,238.54,275.268,126,0,0,
2,7,bottom,other,478.932,265.16,229,0,0,
2,8,bottom,host,246.63,281.146,126,0,0,
2,8,bottom,other,471.161,271.453,231,0,0,
2,9,bottom,host,254.72,287.024,126,0,0,
2,9,bottom,other,463.39,277.746,231,0,0,
2,10,bottom,host,262.81,292.902,126,0,0,
2,10,bottom,other,455.619,284.039,231,0,0,
2,11,bottom,host,270.9,298.78,126,0,0,
2,11,bottom,other,447.848,290.332,231,0,0,
2,12,bottom,host,278.99,304.658,126,0,0,
2,12,bottom,other,440.077,296.625,231,0,0,
2,13,bottom,host,287.08,310.536,126,0,0,
2,13,bottom,other,432.306,302.918,231,0,0,
2,14,bottom,host,295.17,316.414,126,0,0,
2,14,bottom,other,424.535,309.211,231,0,0,
2,15,bottom,host,303.26,322.292,126,0,0,
2,15,bottom,other,416.764,315.504,231,0,0,
2,16,bottom,host,311.35,328.17,126,0,0,
2,16,bottom,other,408.993,321.797,231,0,0,
2,17,bottom,host,319.44,334.048,126,0,0,
2,17,bottom,other,401.222,328.09,231,0,0,
2,18,bottom,host,327.53,339.926,126,0,0,
2,18,bottom,other,393.451,334.383,231,0,0,
2,19,bottom,host,335.62,345.804,126,0,0,
2,19,bottom,other,385.571,340.54,232,0,0,
2,20,bottom,host,343.71,351.682,126,0,0,
2,20,bottom,other,377.691,346.697,232,0,0,
2,21,bottom,host,351.8,357.56,126,0,0,
2,21,bottom,other,369.811,352.854,232,0,0,
2,22,bottom,host,351.8,357.56,126,0,0,
2,22,bottom,other,362.151,359.282,230,0,0,
2,23,bottom,host,351.8,357.56,126,0,0,
2,23,bottom,other,362.151,359.282,230,0,0,
3,1,top,host,190,240,90,0,0,
3,1,top,other,531.71,234.408,304,0,0,
3,2,top,host,200,240,90,0,0,
3,2,top,other,523.42,228.816,304,0,0,
3,3,top,host,207.88,233.843,52,0,0,
3,3,top,other,515.13,223.224,304,0,0,
3,4,top,host,215.76,227.686,52,0,0,
3,4,top,other,506.84,217.632,304,0,0,
3,5,top,host,223.64,221.529,52,0,0,
3,5,top,other,498.55,212.04,304,0,0,
3,6,top,host,231.52,215.372,52,0,0,
3,6,top,other,490.26,206.448,304,0,0,
3,7,top,host,239.4,209.215,52,0,0,
3,7,top,other,481.97,200.856,304,0,0,
3,8,top,host,247.28,203.058,52,0,0,
3,8,top,other,473.68,195.264,304,0,0,
3,9,top,host,255.16,196.901,52,0,0,
3,9,top,other,465.39,189.672,304,0,0,
3,10,top,host,263.04,190.744,52,0,0,
3,10,top,other,457.1,184.08,304,0,0,
3,11,top,host,270.92,184.587,52,0,0,
3,11,top,other,448.81,178.488,304,0,0,
3,12,top,host,278.8,178.43,52,0,0,
3,12,top,other,440.52,172.896,304,0,0,
3,13,top,host,286.68,172.273,52,0,0,
3,13,top,other,432.23,167.304,304,0,0,
3,14,top,host,294.56,166.116,52,0,0,
3,14,top,other,423.94,161.712,304,0,0,
3,15,top,host,302.44,159.959,52,0,0,
3,15,top,other,415.65,156.12,304,0,0,
3,16,top,host,310.32,153.802,52,0,0,
3,16,top,other,407.36,150.528,304,0,0,
3,17,top,host,318.2,147.645,52,0,0,
3,17,top,other,399.07,144.936,304,0,0,
3,18,top,host,326.08,141.488,52,0,0,
3,18,top,other,390.78,139.344,304,0,0,
3,19,top,host,333.96,135.331,52,0,0,
3,19,top,other,382.49,133.752,304,0,0,
3,20,top,host,341.84,129.174,52,0,0,
3,20,top,other,374.298,128.016,305,0,0,
3,21,top,host,341.84,129.174,52,0,0,
3,21,top,other,366.106,122.28,305,0,0,
3,22,top,host,341.84,129.174,52,0,0,
3,22,top,other,366.106,122.28,305,0,0,
4,1,bottom,host,190,240,90,0,0,
4,1,bottom,other,531.808,245.736,235,0,0,
4,2,bottom,host,198.387,245.446,123,0,0,
4,2,bottom,other,523.616,251.472,235,0,0,
4,3,bottom,host,206.774,250.892,123,0,0,
4,3,bottom,other,515.424,257.208,235,0,0,
4,4,bottom,host,215.161,256.338,123,0,0,
4,4,bottom,other,507.232,262.944,235,0,0,
4,5,bottom,host,223.548,261.784,123,0,0,
4,5,bottom,other,499.04,268.68,235,0,0,
4,6,bottom,host,231.935,267.23,123,0,0,
4,6,bottom,other,490.75,274.272,236,0,0,
4,7,bottom,host,240.322,272.676,123,0,0,
4,7,bottom,other,482.46,279.864,236,0,0,
4,8,bottom,host,248.709,278.122,123,0,0,
4,8,bottom,other,474.17,285.456,236,0,0,
4,9,bottom,host,257.096,283.568,123,0,0,
4,9,bottom,other,465.88,291.048,236,0,0,
4,10,bottom,host,265.483,289.014,123,0,0,
4,10,bottom,other,457.59,296.64,236,0,0,
4,11,bottom,host,273.87,294.46,123,0,0,
4,11,bottom,other,449.3,302.232,236,0,0,
4,12,bottom,host,282.257,299.906,123,0,0,
4,12,bottom,other,441.01,307.824,236,0,0,
4,13,bottom,host,290.644,305.352,123,0,0,
4,13,bottom,other,432.72,313.416,236,0,0,
4,14,bottom,host,299.031,310.798,123,0,0,
4,14,bottom,other,424.43,319.008,236,0,0,
4,15,bottom,host,307.418,316.244,123,0,0,
4,15,bottom,other,416.14,324.6,236,0,0,
4,16,bottom,host,315.805,321.69,123,0,0,
4,16,bottom,other,407.85,330.192,236,0,0,
4,17,bottom,host,324.192,327.136,123,0,0,
4,17,bottom,other,399.56,335.784,236,0,0,
4,18,bottom,host,332.579,332.582,123,0,0,
4,18,bottom,other,391.27,341.376,236,0,0,
4,19,bottom,host,340.966,338.028,123,0,0,
4,19,bottom,other,382.98,346.968,236,0,0,
4,20,bottom,host,349.353,343.474,123,0,0,
4,20,bottom,other,374.69,352.56,236,0,0,
4,21,bottom,host,349.353,343.474,123,0,0,
4,21,bottom,other,374.69,352.56,236,0,0,
4,22,bottom,host,349.353,343.474,123,0,0,
4,22,bottom,other,374.69,352.56,236,0,0,
5,1,top,host,190,240,90,0,0,
5,1,top,other,530,240,270,0,0,
5,2,top,host,200,240,90,0,0,
5,2,top,other,520,240,270,0,0,
5,3,top,host,208.387,234.554,57,0,0,
5,3,top,other,511.71,234.408,304,0,0,
5,4,top,host,216.774,229.108,57,0,0,
5,4,top,other,503.42,228.816,304,0,0,
5,5,top,host,225.161,223.662,57,0,0,
5,5,top,other,495.13,223.224,304,0,0,
5,6,top,host,233.548,218.216,57,0,0,
5,6,top,other,486.84,217.632,304,0,0,
5,7,top,host,241.935,212.77,57,0,0,
5,7,top,other,478.55,212.04,304,0,0,
5,8,top,host,250.322,207.324,57,0,0,
5,8,top,other,470.26,206.448,304,0,0,
5,9,top,host,258.709,201.878,57,0,0,
5,9,top,other,461.97,200.856,304,0,0,
5,10,top,host,267.096,196.432,57,0,0,
5,10,top,other,453.68,195.264,304,0,0,
5,11,top,host,275.483,190.986,57,0,0,
5,11,top,other,445.39,189.672,304,0,0,
5,12,top,host,283.87,185.54,57,0,0,
5,12,top,other,437.1,184.08,304,0,0,
5,13,top,host,292.257,180.094,57,0,0,
5,13,top,other,428.81,178.488,304,0,0,
5,14,top,host,300.644,174.648,57,0,0,
5,14,top,other,420.52,172.896,304,0,0,
5,15,top,host,309.031,169.202,57,0,0,
5,15,top,other,412.23,167.304,304,0,0,
5,16,top,host,317.418,163.756,57,0,0,
5,16,top,other,403.94,161.712,304,0,0,
5,17,top,host,325.805,158.31,57,0,0,
5,17,top,other,395.65,156.12,304,0,0,
5,18,top,host,334.192,152.864,57,0,0,
5,18,top,other,387.36,150.528,304,0,0,
5,19,top,host,342.579,147.418,57,0,0,
5,19,top,other,379.07,144.936,304,0,0,
5,20,top,host,350.966,141.972,57,0,0,
5,20,top,other,370.78,139.344,304,0,0,
5,21,top,host,359.353,136.526,57,0,0,
5,21,top,other,362.49,133.752,304,0,0,
5,22,top,host,359.353,136.526,57,0,0,
5,22,top,other,362.49,133.752,304,0,0,
5,23,top,host,359.353,136.526,57,0,0,
5,23,top,other,362.49,133.752,304,0,0,
6,1,bottom,host,190,240,90,0,0,
6,1,bottom,other,531.91,245.878,234,0,0,
6,2,bottom,host,200,240,90,0,0,
6,2,bottom,other,523.82,251.756,234,0,0,
6,3,bottom,host,208.192,245.736,125,0,0,
6,3,bottom,other,515.73,257.634,234,0,0,
6,4,bottom,host,216.384,251.472,125,0,0,
6,4,bottom,other,507.64,263.512,234,0,0,
6,5,bottom,host,224.576,257.208,125,0,0,
6,5,bottom,other,499.55,269.39,234,0,0,
6,6,bottom,host,232.768,262.944,125,0,0,
6,6,bottom,other,491.46,275.268,234,0,0,
6,7,bottom,host,240.96,268.68,125,0,0,
6,7,bottom,other,483.37,281.146,234,0,0,
6,8,bottom,host,249.152,274.416,125,0,0,
6,8,bottom,other,475.28,287.024,234,0,0,
6,9,bottom,host,257.344,280.152,125,0,0,
6,9,bottom,other,467.849,280.333,312,0,0,
6,10,bottom,host,265.536,285.888,125,0,0,
6,10,bottom,other,460.418,273.642,312,0,0,
6,11,bottom,host,273.728,291.624,125,0,0,
6,11,bottom,other,451.938,278.941,238,0,0,
6,12,bottom,host,281.92,297.36,125,0,0,
6,12,bottom,other,443.458,284.24,238,0,0,
6,13,bottom,host,290.112,303.096,125,0,0,
6,13,bottom,other,434.978,289.539,238,0,0,
6,14,bottom,host,298.304,308.832,125,0,0,
6,14,bottom,other,426.498,294.838,238,0,0,
6,15,bottom,host,306.496,314.568,125,0,0,
6,15,bottom,other,418.018,300.137,238,0,0,
6,16,bottom,host,314.688,320.304,125,0,0,
6,16,bottom,other,409.538,305.436,238,0,0,
6,17,bottom,host,322.88,326.04,125,0,0,
6,17,bottom,other,401.058,310.735,238,0,0,
6,18,bottom,host,331.072,331.776,125,0,0,
6,18,bottom,other,392.578,316.034,238,0,0,
6,19,bottom,host,339.264,337.512,125,0,0,
6,19,bottom,other,384.098,321.333,238,0,0,
6,20,bottom,host,347.456,343.248,125,0,0,
6,20,bottom,other,375.618,326.632,238,0,0,
6,21,bottom,host,355.648,348.984,125,0,0,
6,21,bottom,other,367.138,331.931,238,0,0,
6,22,bottom,host,355.648,348.984,125,0,0,
6,22,bottom,other,367.138,331.931,238,0,0,
6,23,bottom,host,355.648,348.984,125,0,0,
6,23,bottom,other,367.138,331.931,238,0,0,
7,1,top,host,190,240,90,0,0,
7,1,top,other,531.808,234.264,305,0,0,
7,2,top,host,198.387,234.554,57,0,0,
7,2,top,other,523.616,228.528,305,0,0,
7,3,top,host,206.774,229.108,57,0,0,
7,3,top,other,515.424,222.792,305,0,0,
7,4,top,host,215.161,223.662,57,0,0,
7,4,top,other,507.232,217.056,305,0,0,
7,5,top,host,223.548,218.216,57,0,0,
7,5,top,other,499.04,211.32,305,0,0,
7,6,top,host,231.935,212.77,57,0,0,
7,6,top,other,490.848,205.584,305,0,0,
7,7,top,host,240.322,207.324,57,0,0,
7,7,top,other,482.656,199.848,305,0,0,
7,8,top,host,248.709,201.878,57,0,0,
7,8,top,other,474.464,194.112,305,0,0,
7,9,top,host,257.096,196.432,57,0,0,
7,9,top,other,466.272,188.376,305,0,0,
7,10,top,host,265.483,190.986,57,0,0,
7,10,top,other,458.08,182.64,305,0,0,
7,11,top,host,273.87,185.54,57,0,0,
7,11,top,other,449.888,176.904,305,0,0,
7,12,top,host,282.257,180.094,57,0,0,
7,12,top,other,441.696,171.168,305,0,0,
7,13,top,host,290.644,174.648,57,0,0,
7,13,top,other,433.504,165.432,305,0,0,
7,14,top,host,299.031,169.202,57,0,0,
7,14,top,other,425.312,159.696,305,0,0,
7,15,top,host,307.418,163.756,57,0,0,
7,15,top,other,417.12,153.96,305,0,0,
7,16,top,host,315.805,158.31,57,0,0,
7,16,top,other,408.928,148.224,305,0,0,
7,17,top,host,324.192,152.864,57,0,0,
7,17,top,other,400.736,142.488,305,0,0,
7,18,top,host,332.579,147.418,57,0,0,
7,18,top,other,392.544,136.752,305,0,0,
7,19,top,host,340.966,141.972,57,0,0,
7,19,top,other,384.352,131.016,305,0,0,
7,20,top,host,349.353,136.526,57,0,0,
7,20,top,other,376.16,125.28,305,0,0,
7,21,top,host,349.353,136.526,57,0,0,
7,21,top,other,376.16,125.28,305,0,0,
7,22,top,host,349.353,136.526,57,0,0,
7,22,top,other,376.16,125.28,305,0,0,
8,1,bottom,host,190,240,90,0,0,
8,1,bottom,other,531.808,245.736,235,0,0,
8,2,bottom,host,198.29,245.592,124,0,0,
8,2,bottom,other,523.616,251.472,235,0,0,
8,3,bottom,host,206.58,251.184,124,0,0,
8,3,bottom,other,515.424,257.208,235,0,0,
8,4,bottom,host,214.87,256.776,124,0,0,
8,4,bottom,other,507.232,262.944,235,0,0,
8,5,bottom,host,223.16,262.368,124,0,0,
8,5,bottom,other,499.04,268.68,235,0,0,
8,6,bottom,host,231.45,267.96,124,0,0,
8,6,bottom,other,490.848,274.416,235,0,0,
8,7,bottom,host,239.74,273.552,124,0,0,
8,7,bottom,other,482.656,280.152,235,0,0,
8,8,bottom,host,248.03,279.144,124,0,0,
8,8,bottom,other,474.464,285.888,235,0,0,
8,9,bottom,host,256.32,284.736,124,0,0,
8,9,bottom,other,466.272,291.624,235,0,0,
8,10,bottom,host,264.61,290.328,124,0,0,
8,10,bottom,other,458.08,297.36,235,0,0,
8,11,bottom,host,272.9,295.92,124,0,0,
8,11,bottom,other,449.888,303.096,235,0,0,
8,12,bottom,host,281.19,301.512,124,0,0,
8,12,bottom,other,441.696,308.832,235,0,0,
8,13,bottom,host,289.48,307.104,124,0,0,
8,13,bottom,other,433.504,314.568,235,0,0,
8,14,bottom,host,297.77,312.696,124,0,0,
8,14,bottom,other,425.312,320.304,235,0,0,
8,15,bottom,host,306.06,318.288,124,0,0,
8,15,bottom,other,417.12,326.04,235,0,0,
8,16,bottom,host,314.35,323.88,124,0,0,
8,16,bottom,other,408.928,331.776,235,0,0,
8,17,bottom,host,322.64,329.472,124,0,0,
8,17,bottom,other,400.736,337.512,235,0,0,
8,18,bottom,host,330.93,335.064,124,0,0,
8,18,bottom,other,392.544,343.248,235,0,0,
8,19,bottom,host,339.22,340.656,124,0,0,
8,19,bottom,other,384.352,348.984,235,0,0,
8,20,bottom,host,347.51,346.248,124,0,0,
8,20,bottom,other,376.16,354.72,235,0,0,
8,21,bottom,host,347.51,346.248,124,0,0,
8,21,bottom,other,376.16,354.72,235,0,0,
8,22,bottom,host,347.51,346.248,124,0,0,
8,22,bottom,other,376.16,354.72,235,0,0,
9,1,bottom,host,190,240,90,0,0,
9,1,bottom,other,530,240,270,0,0,
9,2,bottom,host,198.192,245.736,125,0,0,
9,2,bottom,other,520,240,270,0,0,
9,3,bottom,host,206.384,251.472,125,0,0,
9,3,bottom,other,510,240,270,0,0,
9,4,bottom,host,214.576,257.208,125,0,0,
9,4,bottom,other,500,240,270,0,0,
9,5,bottom,host,222.768,262.944,125,0,0,
9,5,bottom,other,492.569,246.691,228,0,0,
9,6,bottom,host,230.96,268.68,125,0,0,
9,6,bottom,other,485.138,253.382,228,0,0,
9,7,bottom,host,239.152,274.416,125,0,0,
9,7,bottom,other,477.707,260.073,228,0,0,
9,8,bottom,host,247.344,280.152,125,0,0,
9,8,bottom,other,470.276,266.764,228,0,0,
9,9,bottom,host,255.536,285.888,125,0,0,
9,9,bottom,other,462.845,273.455,228,0,0,
9,10,bottom,host,263.728,291.624,125,0,0,
9,10,bottom,other,455.414,280.146,228,0,0,
9,11,bottom,host,271.92,297.36,125,0,0,
9,11,bottom,other,447.983,286.837,228,0,0,
9,12,bottom,host,280.112,303.096,125,0,0,
9,12,bottom,other,440.552,293.528,228,0,0,
9,13,bottom,host,288.304,308.832,125,0,0,
9,13,bottom,other,433.121,300.219,228,0,0,
9,14,bottom,host,296.496,314.568,125,0,0,
9,14,bottom,other,425.69,306.91,228,0,0,
9,15,bottom,host,304.688,320.304,125,0,0,
9,15,bottom,other,418.259,313.601,228,0,0,
9,16,bottom,host,312.88,326.04,125,0,0,
9,16,bottom,other,410.828,320.292,228,0,0,
9,17,bottom,host,321.072,331.776,125,0,0,
9,17,bottom,other,403.397,326.983,228,0,0,
9,18,bottom,host,329.264,337.512,125,0,0,
9,18,bottom,other,395.966,333.674,228,0,0,
9,19,bottom,host,337.456,343.248,125,0,0,
9,19,bottom,other,388.535,340.365,228,0,0,
9,20,bottom,host,345.648,348.984,125,0,0,
9,20,bottom,other,381.104,347.056,228,0,0,
9,21,bottom,host,353.84,354.72,125,0,0,
9,21,bottom,other,373.673,353.747,228,0,0,
9,22,bottom,host,353.84,354.72,125,0,0,
9,22,bottom,other,373.673,353.747,228,0,0,
9,23,bottom,host,353.84,354.72,125,0,0,
9,23,bottom,other,373.673,353.747,228,0,0,
10,1,bottom,host,190,240,90,0,0,
10,1,bottom,other,530,240,270,0,0,
10,2,bottom,host,198.29,245.592,124,0,0,
10,2,bottom,other,520,240,270,0,0,
10,3,bottom,host,206.58,251.184,124,0,0,
10,3,bottom,other,510,240,270,0,0,
10,4,bottom,host,214.87,256.776,124,0,0,
10,4,bottom,other,500,240,270,0,0,
10,5,bottom,host,223.16,262.368,124,0,0,
10,5,bottom,other,490,240,270,0,0,
10,6,bottom,host,231.45,267.96,124,0,0,
10,6,bottom,other,482.229,246.293,231,0,0,
10,7,bottom,host,239.74,273.552,124,0,0,
10,7,bottom,other,474.458,252.586,231,0,0,
10,8,bottom,host,248.03,279.144,124,0,0,
10,8,bottom,other,466.687,258.879,231,0,0,
10,9,bottom,host,256.32,284.736,124,0,0,
10,9,bottom,other,458.916,265.172,231,0,0,
10,10,bottom,host,264.61,290.328,124,0,0,
10,10,bottom,other,451.145,271.465,231,0,0,
10,11,bottom,host,272.9,295.92,124,0,0,
10,11,bottom,other,443.374,277.758,231,0,0,
10,12,bottom,host,281.19,301.512,124,0,0,
10,12,bottom,other,435.603,284.051,231,0,0,
10,13,bottom,host,289.48,307.104,124,0,0,
10,13,bottom,other,427.832,290.344,231,0,0,
10,14,bottom,host,297.77,312.696,124,0,0,
10,14,bottom,other,420.061,296.637,231,0,0,
10,15,bottom,host,306.06,318.288,124,0,0,
10,15,bottom,other,412.29,302.93,231,0,0,
10,16,bottom,host,314.35,323.88,124,0,0,
10,16,bottom,other,404.519,309.223,231,0,0,
10,17,bottom,host,322.64,329.472,124,0,0,
10,17,bottom,other,396.748,315.516,231,0,0,
10,18,bottom,host,330.93,335.064,124,0,0,
10,18,bottom,other,388.977,321.809,231,0,0,
10,19,bottom,host,339.22,340.656,124,0,0,
10,19,bottom,other,381.206,328.102,231,0,0,
10,20,bottom,host,347.51,346.248,124,0,0,
10,20,bottom,other,373.435,334.395,231,0,0,
10,21,bottom,host,355.8,351.84,124,0,0,
10,21,bottom,other,365.664,340.688,231,0,0,
10,22,bottom,host,355.8,351.84,124,0,0,
10,22,bottom,other,365.664,340.688,231,0,0,
10,23,bottom,host,355.8,351.84,124,0,0,
10,23,bottom,other,365.664,340.688,231,0,0,
11,1,bottom,host,190,240,90,0,0,
11,1,bottom,other,531.71,245.592,236,0,0,
11,2,bottom,host,198.192,245.736,125,0,0,
11,2,bottom,other,523.42,251.184,236,0,0,
11,3,bottom,host,206.384,251.472,125,0,0,
11,3,bottom,other,515.13,256.776,236,0,0,
11,4,bottom,host,214.576,257.208,125,0,0,
11,4,bottom,other,506.84,262.368,236,0,0,
11,5,bottom,host,222.768,262.944,125,0,0,
11,5,bottom,other,498.55,267.96,236,0,0,
11,6,bottom,host,230.96,268.68,125,0,0,
11,6,bottom,other,490.26,273.552,236,0,0,
11,7,bottom,host,239.152,274.416,125,0,0,
11,7,bottom,other,481.97,279.144,236,0,0,
11,8,bottom,host,247.344,280.152,125,0,0,
11,8,bottom,other,473.68,284.736,236,0,0,
11,9,bottom,host,255.536,285.888,125,0,0,
11,9,bottom,other,465.39,290.328,236,0,0,
11,10,bottom,host,263.728,291.624,125,0,0,
11,10,bottom,other,457.1,295.92,236,0,0,
11,11,bottom,host,271.92,297.36,125,0,0,
11,11,bottom,other,448.81,301.512,236,0,0,
11,12,bottom,host,280.112,303.096,125,0,0,
11,12,bottom,other,440.52,307.104,236,0,0,
11,13,bottom,host,288.304,308.832,125,0,0,
11,13,bottom,other,432.23,312.696,236,0,0,
11,14,bottom,host,296.496,314.568,125,0,0,
11,14,bottom,other,423.94,318.288,236,0,0,
11,15,bottom,host,304.688,320.304,125,0,0,
11,15,bottom,other,415.65,323.88,236,0,0,
11,16,bottom,host,312.88,326.04,125,0,0,
11,16,bottom,other,407.36,329.472,236,0,0,
11,17,bottom,host,321.072,331.776,125,0,0,
11,17,bottom,other,399.07,335.064,236,0,0,
11,18,bottom,host,329.264,337.512,125,0,0,
11,18,bottom,other,390.78,340.656,236,0,0,
11,19,bottom,host,337.456,343.248,125,0,0,
11,19,bottom,other,382.49,346.248,236,0,0,
11,20,bottom,host,345.648,348.984,125,0,0,
11,20,bottom,other,374.2,351.84,236,0,0,
11,21,bottom,host,345.648,348.984,125,0,0,
11,21,bottom,other,374.2,351.84,236,0,0,
11,22,bottom,host,345.648,348.984,125,0,0,
11,22,bottom,other,374.2,351.84,236,0,0,
12,1,top,host,190,240,90,0,0,
12,1,top,other,530,240,270,0,0,
12,2,top,host,198.192,234.264,55,0,0,
12,2,top,other,520,240,270,0,0,
12,3,top,host,206.384,228.528,55,0,0,
12,3,top,other,511.91,234.122,306,0,0,
12,4,top,host,214.576,222.792,55,0,0,
12,4,top,other,503.82,228.244,306,0,0,
12,5,top,host,222.768,217.056,55,0,0,
12,5,top,other,495.73,222.366,306,0,0,
12,6,top,host,230.96,211.32,55,0,0,
12,6,top,other,487.64,216.488,306,0,0,
12,7,top,host,239.152,205.584,55,0,0,
12,7,top,other,479.55,210.61,306,0,0,
12,8,top,host,247.344,199.848,55,0,0,
12,8,top,other,471.46,204.732,306,0,0,
12,9,top,host,255.536,194.112,55,0,0,
12,9,top,other,463.37,198.854,306,0,0,
12,10,top,host,263.728,188.376,55,0,0,
12,10,top,other,455.28,192.976,306,0,0,
12,11,top,host,271.92,182.64,55,0,0,
12,11,top,other,447.19,187.098,306,0,0,
12,12,top,host,280.112,176.904,55,0,0,
12,12,top,other,439.1,181.22,306,0,0,
12,13,top,host,288.304,171.168,55,0,0,
12,13,top,other,431.01,175.342,306,0,0,
12,14,top,host,296.496,165.432,55,0,0,
12,14,top,other,422.92,169.464,306,0,0,
12,15,top,host,304.688,159.696,55,0,0,
12,15,top,other,414.83,163.586,306,0,0,
12,16,top,host,312.88,153.96,55,0,0,
12,16,top,other,406.74,157.708,306,0,0,
12,17,top,host,321.072,148.224,55,0,0,
12,17,top,other,398.65,151.83,306,0,0,
12,18,top,host,329.264,142.488,55,0,0,
12,18,top,other,390.56,145.952,306,0,0,
12,19,top,host,337.456,136.752,55,0,0,
12,19,top,other,382.47,140.074,306,0,0,
12,20,top,host,345.648,131.016,55,0,0,
12,20,top,other,374.38,134.196,306,0,0,
12,21,top,host,353.84,125.28,55,0,0,
12,21,top,other,366.29,128.318,306,0,0,
12,22,top,host,353.84,125.28,55,0,0,
12,22,top,other,366.29,128.318,306,0,0,
12,23,top,host,353.84,125.28,55,0,0,
12,23,top,other,366.29,128.318,306,0,0,
13,1,top,host,188.387,234.554,57,0,0,
13,1,top,other,530,240,270,0,0,
13,2,top,host,196.774,229.108,57,0,0,
13,2,top,other,521.71,234.408,304,0,0,
13,3,top,host,205.161,223.662,57,0,0,
13,3,top,other,513.42,228.816,304,0,0,
13,4,top,host,213.548,218.216,57,0,0,
13,4,top,other,505.13,223.224,304,0,0,
13,5,top,host,221.935,212.77,57,0,0,
13,5,top,other,496.84,217.632,304,0,0,
13,6,top,host,230.322,207.324,57,0,0,
13,6,top,other,488.55,212.04,304,0,0,
13,7,top,host,238.709,201.878,57,0,0,
13,7,top,other,480.26,206.448,304,0,0,
13,8,top,host,247.096,196.432,57,0,0,
13,8,top,other,471.97,200.856,304,0,0,
13,9,top,host,255.483,190.986,57,0,0,
13,9,top,other,463.68,195.264,304,0,0,
13,10,top,host,263.87,185.54,57,0,0,
13,10,top,other,455.39,189.672,304,0,0,
13,11,top,host,272.257,180.094,57,0,0,
13,11,top,other,447.1,184.08,304,0,0,
13,12,top,host,280.644,174.648,57,0,0,
13,12,top,other,438.81,178.488,304,0,0,
13,13,top,host,289.031,169.202,57,0,0,
13,13,top,other,430.52,172.896,304,0,0,
13,14,top,host,297.418,163.756,57,0,0,
13,14,top,other,422.23,167.304,304,0,0,
13,15,top,host,305.805,158.31,57,0,0,
13,15,top,other,413.94,161.712,304,0,0,
13,16,top,host,314.192,152.864,57,0,0,
13,16,top,other,405.65,156.12,304,0,0,
13,17,top,host,322.579,147.418,57,0,0,
13,17,top,other,397.36,150.528,304,0,0,
13,18,top,host,330.966,141.972,57,0,0,
13,18,top,other,389.07,144.936,304,0,0,
13,19,top,host,339.353,136.526,57,0,0,
13,19,top,other,380.78,139.344,304,0,0,
13,20,top,host,347.74,131.08,57,0,0,
13,20,top,other,372.49,133.752,304,0,0,
13,21,top,host,347.74,131.08,57,0,0,
13,21,top,other,372.49,133.752,304,0,0,
13,22,top,host,347.74,131.08,57,0,0,
13,22,top,other,372.49,133.752,304,0,0,
14,1,top,host,190,240,90,0,0,
14,1,top,other,531.71,234.408,304,0,0,
14,2,top,host,198.387,245.446,123,0,0,
14,2,top,other,523.42,228.816,304,0,0,
14,3,top,host,206.774,250.892,123,0,0,
14,3,top,other,515.13,223.224,304,0,0,
14,4,top,host,215.161,256.338,123,0,0,
14,4,top,other,506.84,217.632,304,0,0,
14,5,top,host,223.548,261.784,123,0,0,
14,5,top,other,498.55,212.04,304,0,0,
14,6,top,host,231.935,267.23,123,0,0,
14,6,top,other,490.26,206.448,304,0,0,
14,7,top,host,240.322,272.676,123,0,0,
14,7,top,other,481.97,200.856,304,0,0,
14,8,top,host,248.709,278.122,123,0,0,
14,8,top,other,473.68,195.264,304,0,0,
14,9,top,host,257.096,283.568,123,0,0,
14,9,top,other,465.39,189.672,304,0,0,
14,10,top,host,265.483,289.014,123,0,0,
14,10,top,other,457.1,184.08,304,0,0,
14,11,top,host,273.87,294.46,123,0,0,
14,11,top,other,448.81,178.488,304,0,0,
14,12,top,host,282.257,299.906,123,0,0,
14,12,top,other,440.52,172.896,304,0,0,
14,13,top,host,290.644,305.352,123,0,0,
14,13,top,other,432.23,167.304,304,0,0,
14,14,top,host,299.031,310.798,123,0,0,
14,14,top,other,423.94,161.712,304,0,0,
14,15,top,host,307.418,316.244,123,0,0,
14,15,top,other,415.65,156.12,304,0,0,
14,16,top,host,315.805,321.69,123,0,0,
14,16,top,other,407.36,150.528,304,0,0,
14,17,top,host,324.192,327.136,123,0,0,
14,17,top,other,399.07,144.936,304,0,0,
14,18,top,host,332.579,332.582,123,0,0,
14,18,top,other,390.78,139.344,304,0,0,
14,19,top,host,340.966,338.028,123,0,0,
14,19,top,other,382.49,133.752,304,0,0,
14,20,top,host,349.353,343.474,123,1,0,
14,20,top,other,374.2,128.16,304,4,0,
14,21,top,host,349.353,343.474,123,1,0,
14,21,top,other,374.2,128.16,304,4,0,
14,22,top,host,349.353,343.474,123,1,0,
14,22,top,other,374.2,128.16,304,4,0,
15,1,bottom,host,190,240,90,1,0,
15,1,bottom,other,531.71,234.408,304,4,0,
15,2,bottom,host,200,240,90,1,0,
15,2,bottom,other,523.42,228.816,304,4,0,
15,3,bottom,host,208.29,245.592,124,1,0,
15,3,bottom,other,515.13,223.224,304,4,0,
15,4,bottom,host,216.58,251.184,124,1,0,
15,4,bottom,other,506.84,217.632,304,4,0,
15,5,bottom,host,224.87,256.776,124,1,0,
15,5,bottom,other,498.55,212.04,304,4,0,
15,6,bottom,host,233.16,262.368,124,1,0,
15,6,bottom,other,490.26,206.448,304,4,0,
15,7,bottom,host,241.45,267.96,124,1,0,
15,7,bottom,other,481.97,200.856,304,4,0,
15,8,bottom,host,249.74,273.552,124,1,0,
15,8,bottom,other,473.68,195.264,304,4,0,
15,9,bottom,host,258.03,279.144,124,1,0,
15,9,bottom,other,465.39,189.672,304,4,0,
15,10,bottom,host,266.32,284.736,124,1,0,
15,10,bottom,other,457.1,184.08,304,4,0,
15,11,bottom,host,274.61,290.328,124,1,0,
15,11,bottom,other,448.81,178.488,304,4,0,
15,12,bottom,host,282.9,295.92,124,1,0,
15,12,bottom,other,440.52,172.896,304,4,0,
15,13,bottom,host,291.19,301.512,124,1,0,
15,13,bottom,other,432.23,167.304,304,4,0,
15,14,bottom,host,299.48,307.104,124,1,0,
15,14,bottom,other,423.94,161.712,304,4,0,
15,15,bottom,host,307.77,312.696,124,1,0,
15,15,bottom,other,415.65,156.12,304,4,0,
15,16,bottom,host,316.06,318.288,124,1,0,
15,16,bottom,other,407.36,150.528,304,4,0,
15,17,bottom,host,324.35,323.88,124,1,0,
15,17,bottom,other,399.07,144.936,304,4,0,
15,18,bottom,host,332.64,329.472,124,1,0,
15,18,bottom,other,390.78,139.344,304,4,0,
15,19,bottom,host,340.93,335.064,124,1,0,
15,19,bottom,other,382.49,133.752,304,4,0,
15,20,bottom,host,349.22,340.656,124,5,0,
15,20,bottom,other,374.2,128.16,304,5,0,
15,21,bottom,host,349.22,340.656,124,5,0,
15,21,bottom,other,374.2,128.16,304,5,0,
15,22,bottom,host,349.22,340.656,124,5,0,
15,22,bottom,other,374.2,128.16,304,5,0,
16,1,top,host,190,240,90,5,0,
16,1,top,other,531.71,234.408,304,5,0,
16,2,top,host,198.192,245.736,125,5,0,
16,2,top,other,523.42,228.816,304,5,0,
16,3,top,host,206.384,251.472,125,5,0,
16,3,top,other,515.13,223.224,304,5,0,
16,4,top,host,214.576,257.208,125,5,0,
16,4,top,other,506.84,217.632,304,5,0,
16,5,top,host,222.768,262.944,125,5,0,
16,5,top,other,498.55,212.04,304,5,0,
16,6,top,host,230.96,268.68,125,5,0,
16,6,top,other,490.26,206.448,304,5,0,
16,7,top,host,239.152,274.416,125,5,0,
16,7,top,other,481.97,200.856,304,5,0,
16,8,top,host,247.344,280.152,125,5,0,
16,8,top,other,473.68,195.264,304,5,0,
16,9,top,host,255.536,285.888,125,5,0,
16,9,top,other,465.39,189.672,304,5,0,
16,10,top,host,263.728,291.624,125,5,0,
16,10,top,other,457.1,184.08,304,5,0,
16,11,top,host,271.92,297.36,125,5,0,
16,11,top,other,448.81,178.488,304,5,0,
16,12,top,host,280.112,303.096,125,5,0,
16,12,top,other,440.52,172.896,304,5,0,
16,13,top,host,288.304,308.832,125,5,0,
16,13,top,other,432.23,167.304,304,5,0,
16,14,top,host,296.496,314.568,125,5,0,
16,14,top,other,423.94,161.712,304,5,0,
16,15,top,host,304.688,320.304,125,5,0,
16,15,top,other,415.65,156.12,304,5,0,
16,16,top,host,312.88,326.04,125,5,0,
16,16,top,other,407.36,150.528,304,5,0,
16,17,top,host,321.072,331.776,125,5,0,
16,17,top,other,399.07,144.936,304,5,0,
16,18,top,host,329.264,337.512,125,5,0,
16,18,top,other,390.78,139.344,304,5,0,
16,19,top,host,337.456,343.248,125,5,0,
16,19,top,other,382.49,133.752,304,5,0,
16,20,top,host,345.648,348.984,125,6,0,
16,20,top,other,374.2,128.16,304,9,0,
16,21,top,host,345.648,348.984,125,6,0,
16,21,top,other,374.2,128.16,304,9,0,
16,22,top,host,345.648,348.984,125,6,0,
16,22,top,other,374.2,128.16,304,9,0,
17,1,top,host,190,240,90,6,0,
17,1,top,other,530,240,270,9,0,
17,2,top,host,198.387,234.554,57,6,0,
17,2,top,other,521.71,234.408,304,9,0,
17,3,top,host,206.774,229.108,57,6,0,
17,3,top,other,513.42,228.816,304,9,0,
17,4,top,host,215.161,223.662,57,6,0,
17,4,top,other,505.13,223.224,304,9,0,
17,5,top,host,223.548,218.216,57,6,0,
17,5,top,other,496.84,217.632,304,9,0,
17,6,top,host,231.935,212.77,57,6,0,
17,6,top,other,488.55,212.04,304,9,0,
17,7,top,host,240.322,207.324,57,6,0,
17,7,top,other,482.122,219.7,220,9,0,
17,8,top,host,248.709,201.878,57,6,0,
17,8,top,other,475.694,227.36,220,9,0,
17,9,top,host,257.096,196.432,57,6,0,
17,9,top,other,469.266,235.02,220,9,0,
17,10,top,host,265.483,190.986,57,6,0,
17,10,top,other,462.838,242.68,220,9,0,
17,11,top,host,273.87,185.54,57,6,0,
17,11,top,other,456.41,250.34,220,9,0,
17,12,top,host,282.257,180.094,57,6,0,
17,12,top,other,449.982,258,220,9,0,
17,13,top,host,290.644,174.648,57,6,0,
17,13,top,other,443.554,265.66,220,9,0,
17,14,top,host,299.031,169.202,57,6,0,
17,14,top,other,437.126,273.32,220,9,0,
17,15,top,host,307.418,163.756,57,6,0,
17,15,top,other,430.698,280.98,220,9,0,
17,16,top,host,315.805,158.31,57,6,0,
17,16,top,other,424.27,288.64,220,9,0,
17,17,top,host,324.192,152.864,57,6,0,
17,17,top,other,417.842,296.3,220,9,0,
17,18,top,host,332.579,147.418,57,6,0,
17,18,top,other,411.414,303.96,220,9,0,
17,19,top,host,340.966,141.972,57,6,0,
17,19,top,other,404.986,311.62,220,9,0,
17,20,top,host,349.353,136.526,57,6,0,
17,20,top,other,398.558,319.28,220,9,0,
17,21,top,host,357.74,131.08,57,10,0,
17,21,top,other,392.13,326.94,220,10,0,
17,22,top,host,357.74,131.08,57,10,0,
17,22,top,other,392.13,326.94,220,10,0,
17,23,top,host,357.74,131.08,57,10,0,
17,23,top,other,392.13,326.94,220,10,0,
18,1,bottom,host,190,240,90,10,0,
18,1,bottom,other,531.808,234.264,305,10,0,
18,2,bottom,host,198.387,234.554,57,10,0,
18,2,bottom,other,523.616,228.528,305,10,0,
18,3,bottom,host,206.774,229.108,57,10,0,
18,3,bottom,other,515.424,222.792,305,10,0,
18,4,bottom,host,215.161,223.662,57,10,0,
18,4,bottom,other,507.232,217.056,305,10,0,
18,5,bottom,host,223.548,218.216,57,10,0,
18,5,bottom,other,499.04,211.32,305,10,0,
18,6,bottom,host,231.935,212.77,57,10,0,
18,6,bottom,other,490.848,205.584,305,10,0,
18,7,bottom,host,240.322,207.324,57,10,0,
18,7,bottom,other,482.656,199.848,305,10,0,
18,8,bottom,host,248.709,201.878,57,10,0,
18,8,bottom,other,474.464,194.112,305,10,0,
18,9,bottom,host,257.096,196.432,57,10,0,
18,9,bottom,other,468.872,202.402,214,10,0,
18,10,bottom,host,265.483,190.986,57,10,0,
18,10,bottom,other,463.28,210.692,214,10,0,
18,11,bottom,host,273.87,185.54,57,10,0,
18,11,bottom,other,457.688,218.982,214,10,0,
18,12,bottom,host,282.257,180.094,57,10,0,
18,12,bottom,other,452.096,227.272,214,10,0,
18,13,bottom,host,290.644,174.648,57,10,0,
18,13,bottom,other,446.504,235.562,214,10,0,
18,14,bottom,host,299.031,169.202,57,10,0,
18,14,bottom,other,440.912,243.852,214,10,0,
18,15,bottom,host,307.418,163.756,57,10,0,
18,15,bottom,other,435.32,252.142,214,10,0,
18,16,bottom,host,315.805,158.31,57,10,0,
18,16,bottom,other,429.728,260.432,214,10,0,
18,17,bottom,host,324.192,152.864,57,10,0,
18,17,bottom,other,424.136,268.722,214,10,0,
18,18,bottom,host,332.579,147.418,57,10,0,
18,18,bottom,other,418.544,277.012,214,10,0,
18,19,bottom,host,340.966,141.972,57,10,0,
18,19,bottom,other,412.952,285.302,214,10,0,
18,20,bottom,host,349.353,136.526,57,10,0,
18,20,bottom,other,407.36,293.592,214,10,0,
18,21,bottom,host,357.74,131.08,57,11,0,
18,21,bottom,other,401.768,301.882,214,14,0,
18,22,bottom,host,357.74,131.08,57,11,0,
18,22,bottom,other,401.768,301.882,214,14,0,
18,23,bottom,host,357.74,131.08,57,11,0,
18,23,bottom,other,401.768,301.882,214,14,0,
19,1,bottom,host,190,240,90,11,0,
19,1,bottom,other,530,240,270,14,0,
19,2,bottom,host,198.192,245.736,125,11,0,
19,2,bottom,other,520,240,270,14,0,
19,3,bottom,host,206.384,251.472,125,11,0,
19,3,bottom,other,511.91,234.122,306,14,0,
19,4,bottom,host,214.576,257.208,125,11,0,
19,4,bottom,other,503.82,228.244,306,14,0,
19,5,bottom,host,222.768,262.944,125,11,0,
19,5,bottom,other,495.73,222.366,306,14,0,
19,6,bottom,host,230.96,268.68,125,11,0,
19,6,bottom,other,487.64,216.488,306,14,0,
19,7,bottom,host,239.152,274.416,125,11,0,
19,7,bottom,other,479.55,210.61,306,14,0,
19,8,bottom,host,247.344,280.152,125,11,0,
19,8,bottom,other,471.46,204.732,306,14,0,
19,9,bottom,host,255.536,285.888,125,11,0,
19,9,bottom,other,463.37,198.854,306,14,0,
19,10,bottom,host,263.728,291.624,125,11,0,
19,10,bottom,other,455.28,192.976,306,14,0,
19,11,bottom,host,271.92,297.36,125,11,0,
19,11,bottom,other,447.19,187.098,306,14,0,
19,12,bottom,host,280.112,303.096,125,11,0,
19,12,bottom,other,439.1,181.22,306,14,0,
19,13,bottom,host,288.304,308.832,125,11,0,
19,13,bottom,other,431.01,175.342,306,14,0,
19,14,bottom,host,296.496,314.568,125,11,0,
19,14,bottom,other,422.92,169.464,306,14,0,
19,15,bottom,host,304.688,320.304,125,11,0,
19,15,bottom,other,414.83,163.586,306,14,0,
19,16,bottom,host,312.88,326.04,125,11,0,
19,16,bottom,other,406.74,157.708,306,14,0,
19,17,bottom,host,321.072,331.776,125,11,0,
19,17,bottom,other,398.65,151.83,306,14,0,
19,18,bottom,host,329.264,337.512,125,11,0,
19,18,bottom,other,390.56,145.952,306,14,0,
19,19,bottom,host,337.456,343.248,125,11,0,
19,19,bottom,other,382.47,140.074,306,14,0,
19,20,bottom,host,345.648,348.984,125,11,0,
19,20,bottom,other,374.38,134.196,306,14,0,
19,21,bottom,host,353.84,354.72,125,15,0,
19,21,bottom,other,366.29,128.318,306,15,0,
19,22,bottom,host,353.84,354.72,125,15,0,
19,22,bottom,other,366.29,128.318,306,15,0,
19,23,bottom,host,353.84,354.72,125,15,0,
19,23,bottom,other,366.29,128.318,306,15,0,
20,1,bottom,host,190,240,90,15,0,
20,1,bottom,other,530,240,270,15,0,
20,2,bottom,host,198.29,234.408,56,15,0,
20,2,bottom,other,520,240,270,15,0,
20,3,bottom,host,206.58,228.816,56,15,0,
20,3,bottom,other,510,240,270,15,0,
20,4,bottom,host,214.87,223.224,56,15,0,
20,4,bottom,other,502.229,233.707,309,15,0,
20,5,bottom,host,223.16,217.632,56,15,0,
20,5,bottom,other,494.682,240.268,229,15,0,
20,6,bottom,host,231.45,212.04,56,15,0,
20,6,bottom,other,486.802,246.425,232,15,0,
20,7,bottom,host,239.74,206.448,56,15,0,
20,7,bottom,other,478.922,252.582,232,15,0,
20,8,bottom,host,248.03,200.856,56,15,0,
20,8,bottom,other,471.042,258.739,232,15,0,
20,9,bottom,host,256.32,195.264,56,15,0,
20,9,bottom,other,463.162,264.896,232,15,0,
20,10,bottom,host,264.61,189.672,56,15,0,
20,10,bottom,other,455.282,271.053,232,15,0,
20,11,bottom,host,272.9,184.08,56,15,0,
20,11,bottom,other,447.402,277.21,232,15,0,
20,12,bottom,host,281.19,178.488,56,15,0,
20,12,bottom,other,439.522,283.367,232,15,0,
20,13,bottom,host,289.48,172.896,56,15,0,
20,13,bottom,other,431.642,289.524,232,15,0,
20,14,bottom,host,297.77,167.304,56,15,0,
20,14,bottom,other,423.762,295.681,232,15,0,
20,15,bottom,host,306.06,161.712,56,15,0,
20,15,bottom,other,415.882,301.838,232,15,0,
20,16,bottom,host,314.35,156.12,56,15,0,
20,16,bottom,other,408.002,307.995,232,15,0,
20,17,bottom,host,322.64,150.528,56,15,0,
20,17,bottom,other,400.122,314.152,232,15,0,
20,18,bottom,host,330.93,144.936,56,15,0,
20,18,bottom,other,392.242,320.309,232,15,0,
20,19,bottom,host,339.22,139.344,56,15,0,
20,19,bottom,other,384.362,326.466,232,15,0,
20,20,bottom,host,347.51,133.752,56,15,0,
20,20,bottom,other,376.482,332.623,232,15,0,
20,21,bottom,host,355.8,128.16,56,16,0,
20,21,bottom,other,368.602,338.78,232,19,0,
20,22,bottom,host,355.8,128.16,56,16,0,
20,22,bottom,other,368.602,338.78,232,19,0,
20,23,bottom,host,355.8,128.16,56,16,0,
20,23,bottom,other,368.602,338.78,232,19,0,
21,1,bottom,host,190,240,90,16,0,
21,1,bottom,other,530,240,270,19,0,
21,2,bottom,host,198.29,245.592,124,16,0,
21,2,bottom,other,520,240,270,19,0,
21,3,bottom,host,206.58,251.184,124,16,0,
21,3,bottom,other,510,240,270,19,0,
21,4,bottom,host,214.87,256.776,124,16,0,
21,4,bottom,other,502.12,246.157,232,19,0,
21,5,bottom,host,223.16,262.368,124,16,0,
21,5,bottom,other,494.03,240.279,306,19,0,
21,6,bottom,host,231.45,267.96,124,16,0,
21,6,bottom,other,485.94,234.401,306,19,0,
21,7,bottom,host,239.74,273.552,124,16,0,
21,7,bottom,other,477.85,228.523,306,19,0,
21,8,bottom,host,248.03,279.144,124,16,0,
21,8,bottom,other,469.76,222.645,306,19,0,
21,9,bottom,host,256.32,284.736,124,16,0,
21,9,bottom,other,461.67,216.767,306,19,0,
21,10,bottom,host,264.61,290.328,124,16,0,
21,10,bottom,other,453.58,210.889,306,19,0,
21,11,bottom,host,272.9,295.92,124,16,0,
21,11,bottom,other,445.49,205.011,306,19,0,
21,12,bottom,host,281.19,301.512,124,16,0,
21,12,bottom,other,437.4,199.133,306,19,0,
21,13,bottom,host,289.48,307.104,124,16,0,
21,13,bottom,other,429.31,193.255,306,19,0,
21,14,bottom,host,297.77,312.696,124,16,0,
21,14,bottom,other,421.22,187.377,306,19,0,
21,15,bottom,host,306.06,318.288,124,16,0,
21,15,bottom,other,413.13,181.499,306,19,0,
21,16,bottom,host,314.35,323.88,124,16,0,
21,16,bottom,other,405.04,175.621,306,19,0,
21,17,bottom,host,322.64,329.472,124,16,0,
21,17,bottom,other,396.95,169.743,306,19,0,
21,18,bottom,host,330.93,335.064,124,16,0,
21,18,bottom,other,388.86,163.865,306,19,0,
21,19,bottom,host,339.22,340.656,124,16,0,
21,19,bottom,other,380.77,157.987,306,19,0,
21,20,bottom,host,347.51,346.248,124,16,0,
21,20,bottom,other,372.68,152.109,306,19,0,
21,21,bottom,host,355.8,351.84,124,20,0,
21,21,bottom,other,364.59,146.231,306,20,0,
21,22,bottom,host,355.8,351.84,124,20,0,
21,22,bottom,other,364.59,146.231,306,20,0,
21,23,bottom,host,355.8,351.84,124,20,0,
21,23,bottom,other,364.59,146.231,306,20,0,
22,1,bottom,host,190,240,90,20,0,
22,1,bottom,other,530,240,270,20,0,
22,2,bottom,host,198.192,234.264,55,20,0,
22,2,bottom,other,522.014,246.018,233,20,0,
22,3,bottom,host,206.384,228.528,55,20,0,
22,3,bottom,other,514.028,252.036,233,20,0,
22,4,bottom,host,214.576,222.792,55,20,0,
22,4,bottom,other,506.042,258.054,233,20,0,
22,5,bottom,host,222.768,217.056,55,20,0,
22,5,bottom,other,498.056,264.072,233,20,0,
22,6,bottom,host,230.96,211.32,55,20,0,
22,6,bottom,other,490.07,270.09,233,20,0,
22,7,bottom,host,239.152,205.584,55,20,0,
22,7,bottom,other,482.084,276.108,233,20,0,
22,8,bottom,host,247.344,199.848,55,20,0,
22,8,bottom,other,474.098,282.126,233,20,0,
22,9,bottom,host,255.536,194.112,55,20,0,
22,9,bottom,other,466.112,288.144,233,20,0,
22,10,bottom,host,263.728,188.376,55,20,0,
22,10,bottom,other,458.126,294.162,233,20,0,
22,11,bottom,host,271.92,182.64,55,20,0,
22,11,bottom,other,450.14,300.18,233,20,0,
22,12,bottom,host,280.112,176.904,55,20,0,
22,12,bottom,other,442.154,306.198,233,20,0,
22,13,bottom,host,288.304,171.168,55,20,0,
22,13,bottom,other,434.168,312.216,233,20,0,
22,14,bottom,host,296.496,165.432,55,20,0,
22,14,bottom,other,426.182,318.234,233,20,0,
22,15,bottom,host,304.688,159.696,55,20,0,
22,15,bottom,other,418.196,324.252,233,20,0,
22,16,bottom,host,312.88,153.96,55,20,0,
22,16,bottom,other,410.21,330.27,233,20,0,
22,17,bottom,host,321.072,148.224,55,20,0,
22,17,bottom,other,402.224,336.288,233,20,0,
22,18,bottom,host,329.264,142.488,55,20,0,
22,18,bottom,other,394.238,342.306,233,20,0,
22,19,bottom,host,337.456,136.752,55,20,0,
22,19,bottom,other,386.252,348.324,233,20,0,
22,20,bottom,host,345.648,131.016,55,20,0,
22,20,bottom,other,378.266,354.342,233,20,0,
22,21,bottom,host,353.84,125.28,55,21,0,
22,21,bottom,other,370.28,360.36,233,24,0,
22,22,bottom,host,353.84,125.28,55,21,0,
22,22,bottom,other,370.28,360.36,233,24,0,
22,23,bottom,host,353.84,125.28,55,21,0,
22,23,bottom,other,370.28,360.36,233,24,0,
23,1,bottom,host,190,240,90,21,0,
23,1,bottom,other,530,240,270,24,0,
23,2,bottom,host,198.387,245.446,123,21,0,
23,2,bottom,other,520,240,270,24,0,
23,3,bottom,host,206.774,250.892,123,21,0,
23,3,bottom,other,510,240,270,24,0,
23,4,bottom,host,215.161,256.338,123,21,0,
23,4,bottom,other,502.014,233.982,307,24,0,
23,5,bottom,host,223.548,261.784,123,21,0,
23,5,bottom,other,494.028,227.964,307,24,0,
23,6,bottom,host,231.935,267.23,123,21,0,
23,6,bottom,other,486.042,221.946,307,24,0,
23,7,bottom,host,240.322,272.676,123,21,0,
23,7,bottom,other,478.056,215.928,307,24,0,
23,8,bottom,host,248.709,278.122,123,21,0,
23,8,bottom,other,470.07,209.91,307,24,0,
23,9,bottom,host,257.096,283.568,123,21,0,
23,9,bottom,other,462.084,203.892,307,24,0,
23,10,bottom,host,265.483,289.014,123,21,0,
23,10,bottom,other,454.098,197.874,307,24,0,
23,11,bottom,host,273.87,294.46,123,21,0,
23,11,bottom,other,446.112,191.856,307,24,0,
23,12,bottom,host,282.257,299.906,123,21,0,
23,12,bottom,other,438.126,185.838,307,24,0,
23,13,bottom,host,290.644,305.352,123,21,0,
23,13,bottom,other,430.14,179.82,307,24,0,
23,14,bottom,host,299.031,310.798,123,21,0,
23,14,bottom,other,422.154,173.802,307,24,0,
23,15,bottom,host,307.418,316.244,123,21,0,
23,15,bottom,other,414.168,167.784,307,24,0,
23,16,bottom,host,315.805,321.69,123,21,0,
23,16,bottom,other,406.182,161.766,307,24,0,
23,17,bottom,host,324.192,327.136,123,21,0,
23,17,bottom,other,398.196,155.748,307,24,0,
23,18,bottom,host,332.579,332.582,123,21,0,
23,18,bottom,other,390.21,149.73,307,24,0,
23,19,bottom,host,340.966,338.028,123,21,0,
23,19,bottom,other,382.224,143.712,307,24,0,
23,20,bottom,host,349.353,343.474,123,21,0,
23,20,bottom,other,374.238,137.694,307,24,0,
23,21,bottom,host,357.74,348.92,123,25,0,
23,21,bottom,other,366.252,131.676,307,25,0,
23,22,bottom,host,357.74,348.92,123,25,0,
23,22,bottom,other,366.252,131.676,307,25,0,
23,23,bottom,host,357.74,348.92,123,25,0,
23,23,bottom,other,366.252,131.676,307,25,0,
24,1,top,host,190,240,90,25,0,
24,1,top,other,530,240,270,25,0,
24,2,top,host,198.29,245.592,124,25,0,
24,2,top,other,520,240,270,25,0,
24,3,top,host,206.58,251.184,124,25,0,
24,3,top,other,511.808,234.264,305,25,0,
24,4,top,host,214.87,256.776,124,25,0,
24,4,top,other,503.616,228.528,305,25,0,
24,5,top,host,223.16,262.368,124,25,0,
24,5,top,other,495.424,222.792,305,25,0,
24,6,top,host,231.45,267.96,124,25,0,
24,6,top,other,487.232,217.056,305,25,0,
24,7,top,host,239.74,273.552,124,25,0,
24,7,top,other,479.04,211.32,305,25,0,
24,8,top,host,248.03,279.144,124,25,0,
24,8,top,other,470.848,205.584,305,25,0,
24,9,top,host,256.32,284.736,124,25,0,
24,9,top,other,462.656,199.848,305,25,0,
24,10,top,host,264.61,290.328,124,25,0,
24,10,top,other,454.464,194.112,305,25,0,
24,11,top,host,272.9,295.92,124,25,0,
24,11,top,other,446.272,188.376,305,25,0,
24,12,top,host,281.19,301.512,124,25,0,
24,12,top,other,438.08,182.64,305,25,0,
24,13,top,host,289.48,307.104,124,25,0,
24,13,top,other,429.888,176.904,305,25,0,
24,14,top,host,297.77,312.696,124,25,0,
24,14,top,other,421.696,171.168,305,25,0,
24,15,top,host,306.06,318.288,124,25,0,
24,15,top,other,413.504,165.432,305,25,0,
24,16,top,host,314.35,323.88,124,25,0,
24,16,top,other,405.312,159.696,305,25,0,
24,17,top,host,322.64,329.472,124,25,0,
24,17,top,other,397.12,153.96,305,25,0,
24,18,top,host,330.93,335.064,124,25,0,
24,18,top,other,388.928,148.224,305,25,0,
24,19,top,host,339.22,340.656,124,25,0,
24,19,top,other,380.736,142.488,305,25,0,
24,20,top,host,347.51,346.248,124,25,0,
24,20,top,other,372.544,136.752,305,25,0,
24,21,top,host,355.8,351.84,124,26,0,
24,21,top,other,364.352,131.016,305,29,0,
24,22,top,host,355.8,351.84,124,26,0,
24,22,top,other,364.352,131.016,305,29,0,
24,23,top,host,355.8,351.84,124,26,0,
24,23,top,other,364.352,131.016,305,29,0,
25,1,bottom,host,190,240,90,26,0,
25,1,bottom,other,530,240,270,29,0,
25,2,bottom,host,200,240,90,26,0,
25,2,bottom,other,520,240,270,29,0,
25,3,bottom,host,208.192,245.736,125,26,0,
25,3,bottom,other,510,240,270,29,0,
25,4,bottom,host,216.384,251.472,125,26,0,
25,4,bottom,other,500,240,270,29,0,
25,5,bottom,host,224.576,257.208,125,26,0,
25,5,bottom,other,491.71,234.408,304,29,0,
25,6,bottom,host,232.768,262.944,125,26,0,
25,6,bottom,other,483.42,228.816,304,29,0,
25,7,bottom,host,240.96,268.68,125,26,0,
25,7,bottom,other,475.13,223.224,304,29,0,
25,8,bottom,host,249.152,274.416,125,26,0,
25,8,bottom,other,466.84,217.632,304,29,0,
25,9,bottom,host,257.344,280.152,125,26,0,
25,9,bottom,other,458.55,212.04,304,29,0,
25,10,bottom,host,265.536,285.888,125,26,0,
25,10,bottom,other,450.26,206.448,304,29,0,
25,11,bottom,host,273.728,291.624,125,26,0,
25,11,bottom,other,441.97,200.856,304,29,0,
25,12,bottom,host,281.92,297.36,125,26,0,
25,12,bottom,other,433.68,195.264,304,29,0,
25,13,bottom,host,290.112,303.096,125,26,0,
25,13,bottom,other,425.39,189.672,304,29,0,
25,14,bottom,host,298.304,308.832,125,26,0,
25,14,bottom,other,417.1,184.08,304,29,0,
25,15,bottom,host,306.496,314.568,125,26,0,
25,15,bottom,other,408.81,178.488,304,29,0,
25,16,bottom,host,314.688,320.304,125,26,0,
25,16,bottom,other,400.52,172.896,304,29,0,
25,17,bottom,host,322.88,326.04,125,26,0,
25,17,bottom,other,392.23,167.304,304,29,0,
25,18,bottom,host,331.072,331.776,125,26,0,
25,18,bottom,other,383.94,161.712,304,29,0,
25,19,bottom,host,339.264,337.512,125,26,0,
25,19,bottom,other,375.65,156.12,304,29,0,
25,20,bottom,host,347.456,343.248,125,26,0,
25,20,bottom,other,367.36,150.528,304,29,0,
25,21,bottom,host,355.648,348.984,125,30,0,
25,21,bottom,other,359.07,144.936,304,30,0,
25,22,bottom,host,355.648,348.984,125,30,0,
25,22,bottom,other,359.07,144.936,304,30,0,
25,23,bottom,host,355.648,348.984,125,30,0,
25,23,bottom,other,359.07,144.936,304,30,0,
26,1,bottom,host,188.387,234.554,57,30,0,
26,1,bottom,other,530,240,270,30,0,
26,2,bottom,host,196.774,229.108,57,30,0,
26,2,bottom,other,520,240,270,30,0,
26,3,bottom,host,205.161,223.662,57,30,0,
26,3,bottom,other,510,240,270,30,0,
26,4,bottom,host,213.548,218.216,57,30,0,
26,4,bottom,other,500,240,270,30,0,
26,5,bottom,host,221.935,212.77,57,30,0,
26,5,bottom,other,490,240,270,30,0,
26,6,bottom,host,230.322,207.324,57,30,0,
26,6,bottom,other,480,240,270,30,0,
26,7,bottom,host,238.709,201.878,57,30,0,
26,7,bottom,other,470,240,270,30,0,
26,8,bottom,host,247.096,196.432,57,30,0,
26,8,bottom,other,460,240,270,30,0,
26,9,bottom,host,255.483,190.986,57,30,0,
26,9,bottom,other,450,240,270,30,0,
26,10,bottom,host,263.87,185.54,57,30,0,
26,10,bottom,other,440,240,270,30,0,
26,11,bottom,host,272.257,180.094,57,30,0,
26,11,bottom,other,430,240,270,30,0,
26,12,bottom,host,280.644,174.648,57,30,0,
26,12,bottom,other,420,240,270,30,0,
26,13,bottom,host,289.031,169.202,57,30,0,
26,13,bottom,other,410,240,270,30,0,
26,14,bottom,host,297.418,163.756,57,30,0,
26,14,bottom,other,400,240,270,30,0,
26,15,bottom,host,305.805,158.31,57,30,0,
26,15,bottom,other,390,240,270,30,0,
26,16,bottom,host,314.192,152.864,57,30,0,
26,16,bottom,other,380,240,270,30,0,
26,17,bottom,host,322.579,147.418,57,30,0,
26,17,bottom,other,370,240,270,30,0,
26,18,bottom,host,330.966,141.972,57,30,0,
26,18,bottom,other,367.921,249.781,192,30,0,
26,19,bottom,host,339.353,136.526,57,30,0,
26,19,bottom,other,365.842,259.562,192,30,0,
26,20,bottom,host,347.74,131.08,57,31,0,
26,20,bottom,other,363.763,269.343,192,34,0,
26,21,bottom,host,347.74,131.08,57,31,0,
26,21,bottom,other,363.763,269.343,192,34,0,
26,22,bottom,host,347.74,131.08,57,31,0,
26,22,bottom,other,363.763,269.343,192,34,0,
27,1,bottom,host,190,240,90,31,0,
27,1,bottom,other,530,240,270,34,0,
27,2,bottom,host,198.192,245.736,125,31,0,
27,2,bottom,other,520,240,270,34,0,
27,3,bottom,host,206.384,251.472,125,31,0,
27,3,bottom,other,510,240,270,34,0,
27,4,bottom,host,214.576,257.208,125,31,0,
27,4,bottom,other,500,240,270,34,0,
27,5,bottom,host,222.768,262.944,125,31,0,
27,5,bottom,other,492.12,233.843,308,34,0,
27,6,bottom,host,230.96,268.68,125,31,0,
27,6,bottom,other,484.24,227.686,308,34,0,
27,7,bottom,host,239.152,274.416,125,31,0,
27,7,bottom,other,476.36,221.529,308,34,0,
27,8,bottom,host,247.344,280.152,125,31,0,
27,8,bottom,other,468.48,215.372,308,34,0,
27,9,bottom,host,255.536,285.888,125,31,0,
27,9,bottom,other,460.6,209.215,308,34,0,
27,10,bottom,host,263.728,291.624,125,31,0,
27,10,bottom,other,452.72,203.058,308,34,0,
27,11,bottom,host,271.92,297.36,125,31,0,
27,11,bottom,other,444.84,196.901,308,34,0,
27,12,bottom,host,280.112,303.096,125,31,0,
27,12,bottom,other,436.96,190.744,308,34,0,
27,13,bottom,host,288.304,308.832,125,31,0,
27,13,bottom,other,429.08,184.587,308,34,0,
27,14,bottom,host,296.496,314.568,125,31,0,
27,14,bottom,other,421.2,178.43,308,34,0,
27,15,bottom,host,304.688,320.304,125,31,0,
27,15,bottom,other,413.32,172.273,308,34,0,
27,16,bottom,host,312.88,326.04,125,31,0,
27,16,bottom,other,405.44,166.116,308,34,0,
27,17,bottom,host,321.072,331.776,125,31,0,
27,17,bottom,other,397.56,159.959,308,34,0,
27,18,bottom,host,329.264,337.512,125,31,0,
27,18,bottom,other,389.68,153.802,308,34,0,
27,19,bottom,host,337.456,343.248,125,31,0,
27,19,bottom,other,381.8,147.645,308,34,0,
27,20,bottom,host,345.648,348.984,125,31,0,
27,20,bottom,other,373.92,141.488,308,34,0,
27,21,bottom,host,353.84,354.72,125,35,0,
27,21,bottom,other,366.04,135.331,308,35,0,
27,22,bottom,host,353.84,354.72,125,35,0,
27,22,bottom,other,366.04,135.331,308,35,0,
27,23,bottom,host,353.84,354.72,125,35,0,
27,23,bottom,other,366.04,135.331,308,35,0,
28,1,top,host,190,240,90,35,0,
28,1,top,other,530,240,270,35,0,
28,2,top,host,198.29,245.592,124,35,0,
28,2,top,other,520,240,270,35,0,
28,3,top,host,206.58,251.184,124,35,0,
28,3,top,other,510,240,270,35,0,
28,4,top,host,214.87,256.776,124,35,0,
28,4,top,other,502.12,233.843,308,35,0,
28,5,top,host,223.16,262.368,124,35,0,
28,5,top,other,494.24,227.686,308,35,0,
28,6,top,host,231.45,267.96,124,35,0,
28,6,top,other,486.36,221.529,308,35,0,
28,7,top,host,239.74,273.552,124,35,0,
28,7,top,other,478.48,215.372,308,35,0,
28,8,top,host,248.03,279.144,124,35,0,
28,8,top,other,470.6,209.215,308,35,0,
28,9,top,host,256.32,284.736,124,35,0,
28,9,top,other,462.72,203.058,308,35,0,
28,10,top,host,264.61,290.328,124,35,0,
28,10,top,other,454.84,196.901,308,35,0,
28,11,top,host,272.9,295.92,124,35,0,
28,11,top,other,446.96,190.744,308,35,0,
28,12,top,host,281.19,301.512,124,35,0,
28,12,top,other,439.08,184.587,308,35,0,
28,13,top,host,289.48,307.104,124,35,0,
28,13,top,other,431.2,178.43,308,35,0,
28,14,top,host,297.77,312.696,124,35,0,
28,14,top,other,423.32,172.273,308,35,0,
28,15,top,host,306.06,318.288,124,35,0,
28,15,top,other,415.44,166.116,308,35,0,
28,16,top,host,314.35,323.88,124,35,0,
28,16,top,other,407.56,159.959,308,35,0,
28,17,top,host,322.64,329.472,124,35,0,
28,17,top,other,399.68,153.802,308,35,0,
28,18,top,host,330.93,335.064,124,35,0,
28,18,top,other,391.8,147.645,308,35,0,
28,19,top,host,339.22,340.656,124,35,0,
28,19,top,other,383.92,141.488,308,35,0,
28,20,top,host,347.51,346.248,124,35,0,
28,20,top,other,376.04,135.331,308,35,0,
28,21,top,host,355.8,351.84,124,36,0,
28,21,top,other,368.16,129.174,308,39,0,
28,22,top,host,355.8,351.84,124,36,0,
28,22,top,other,368.16,129.174,308,39,0,
28,23,top,host,355.8,351.84,124,36,0,
28,23,top,other,368.16,129.174,308,39,0,
29,1,bottom,host,190,240,90,36,0,
29,1,bottom,other,530,240,270,39,0,
29,2,bottom,host,198.387,245.446,123,36,0,
29,2,bottom,other,520,240,270,39,0,
29,3,bottom,host,206.774,250.892,123,36,0,
29,3,bottom,other,510,240,270,39,0,
29,4,bottom,host,215.161,256.338,123,36,0,
29,4,bottom,other,501.808,234.264,305,39,0,
29,5,bottom,host,223.548,261.784,123,36,0,
29,5,bottom,other,493.616,228.528,305,39,0,
29,6,bottom,host,231.935,267.23,123,36,0,
29,6,bottom,other,485.424,222.792,305,39,0,
29,7,bottom,host,240.322,272.676,123,36,0,
29,7,bottom,other,477.232,217.056,305,39,0,
29,8,bottom,host,248.709,278.122,123,36,0,
29,8,bottom,other,469.04,211.32,305,39,0,
29,9,bottom,host,257.096,283.568,123,36,0,
29,9,bottom,other,460.848,205.584,305,39,0,
29,10,bottom,host,265.483,289.014,123,36,0,
29,10,bottom,other,452.656,199.848,305,39,0,
29,11,bottom,host,273.87,294.46,123,36,0,
29,11,bottom,other,444.464,194.112,305,39,0,
29,12,bottom,host,282.257,299.906,123,36,0,
29,12,bottom,other,436.272,188.376,305,39,0,
29,13,bottom,host,290.644,305.352,123,36,0,
29,13,bottom,other,428.08,182.64,305,39,0,
29,14,bottom,host,299.031,310.798,123,36,0,
29,14,bottom,other,419.888,176.904,305,39,0,
29,15,bottom,host,307.418,316.244,123,36,0,
29,15,bottom,other,411.696,171.168,305,39,0,
29,16,bottom,host,315.805,321.69,123,36,0,
29,16,bottom,other,403.504,165.432,305,39,0,
29,17,bottom,host,324.192,327.136,123,36,0,
29,17,bottom,other,395.312,159.696,305,39,0,
29,18,bottom,host,332.579,332.582,123,36,0,
29,18,bottom,other,387.12,153.96,305,39,0,
29,19,bottom,host,340.966,338.028,123,36,0,
29,19,bottom,other,378.928,148.224,305,39,0,
29,20,bottom,host,349.353,343.474,123,36,0,
29,20,bottom,other,370.736,142.488,305,39,0,
29,21,bottom,host,357.74,348.92,123,40,0,
29,21,bottom,other,362.544,136.752,305,40,0,
29,22,bottom,host,357.74,348.92,123,40,0,
29,22,bottom,other,362.544,136.752,305,40,0,
29,23,bottom,host,357.74,348.92,123,40,0,
29,23,bottom,other,362.544,136.752,305,40,0,
30,1,top,host,190,240,90,40,0,
30,1,top,other,530,240,270,40,0,
30,2,top,host,198.387,245.446,123,40,0,
30,2,top,other,520,240,270,40,0,
30,3,top,host,206.774,250.892,123,40,0,
30,3,top,other,511.808,234.264,305,40,0,
30,4,top,host,215.161,256.338,123,40,0,
30,4,top,other,503.616,228.528,305,40,0,
30,5,top,host,223.548,261.784,123,40,0,
30,5,top,other,495.424,222.792,305,40,0,
30,6,top,host,231.935,267.23,123,40,0,
30,6,top,other,487.232,217.056,305,40,0,
30,7,top,host,240.322,272.676,123,40,0,
30,7,top,other,479.04,211.32,305,40,0,
30,8,top,host,248.709,278.122,123,40,0,
30,8,top,other,470.848,205.584,305,40,0,
30,9,top,host,257.096,283.568,123,40,0,
30,9,top,other,462.656,199.848,305,40,0,
30,10,top,host,265.483,289.014,123,40,0,
30,10,top,other,454.464,194.112,305,40,0,
30,11,top,host,273.87,294.46,123,40,0,
30,11,top,other,446.272,188.376,305,40,0,
30,12,top,host,282.257,299.906,123,40,0,
30,12,top,other,438.08,182.64,305,40,0,
30,13,top,host,290.644,305.352,123,40,0,
30,13,top,other,429.888,176.904,305,40,0,
30,14,top,host,299.031,310.798,123,40,0,
30,14,top,other,421.696,171.168,305,40,0,
30,15,top,host,307.418,316.244,123,40,0,
30,15,top,other,413.504,165.432,305,40,0,
30,16,top,host,315.805,321.69,123,40,0,
30,16,top,other,405.312,159.696,305,40,0,
30,17,top,host,324.192,327.136,123,40,0,
30,17,top,other,397.12,153.96,305,40,0,
30,18,top,host,332.579,332.582,123,40,0,
30,18,top,other,388.928,148.224,305,40,0,
30,19,top,host,340.966,338.028,123,40,0,
30,19,top,other,380.736,142.488,305,40,0,
30,20,top,host,349.353,343.474,123,40,0,
30,20,top,other,372.544,136.752,305,40,0,
30,21,top,host,357.74,348.92,123,41,0,
30,21,top,other,364.352,131.016,305,44,0,
30,22,top,host,357.74,348.92,123,41,0,
30,22,top,other,364.352,131.016,305,44,0,
30,23,top,host,357.74,348.92,123,41,0,
30,23,top,other,364.352,131.016,305,44,0,
31,1,top,host,188.387,234.554,57,41,0,
31,1,top,other,530,240,270,44,0,
31,2,top,host,196.774,229.108,57,41,0,
31,2,top,other,520,240,270,44,0,
31,3,top,host,205.161,223.662,57,41,0,
31,3,top,other,510,240,270,44,0,
31,4,top,host,213.548,218.216,57,41,0,
31,4,top,other,500,240,270,44,0,
31,5,top,host,221.935,212.77,57,41,0,
31,5,top,other,490,240,270,44,0,
31,6,top,host,230.322,207.324,57,41,0,
31,6,top,other,482.34,246.428,230,44,0,
31,7,top,host,238.709,201.878,57,41,0,
31,7,top,other,474.68,252.856,230,44,0,
31,8,top,host,247.096,196.432,57,41,0,
31,8,top,other,467.02,259.284,230,44,0,
31,9,top,host,255.483,190.986,57,41,0,
31,9,top,other,459.36,265.712,230,44,0,
31,10,top,host,263.87,185.54,57,41,0,
31,10,top,other,451.7,272.14,230,44,0,
31,11,top,host,272.257,180.094,57,41,0,
31,11,top,other,444.04,278.568,230,44,0,
31,12,top,host,280.644,174.648,57,41,0,
31,12,top,other,436.38,284.996,230,44,0,
31,13,top,host,289.031,169.202,57,41,0,
31,13,top,other,428.72,291.424,230,44,0,
31,14,top,host,297.418,163.756,57,41,0,
31,14,top,other,421.06,297.852,230,44,0,
31,15,top,host,305.805,158.31,57,41,0,
31,15,top,other,413.4,304.28,230,44,0,
31,16,top,host,314.192,152.864,57,41,0,
31,16,top,other,405.74,310.708,230,44,0,
31,17,top,host,322.579,147.418,57,41,0,
31,17,top,other,398.08,317.136,230,44,0,
31,18,top,host,330.966,141.972,57,41,0,
31,18,top,other,390.42,323.564,230,44,0,
31,19,top,host,339.353,136.526,57,41,0,
31,19,top,other,382.76,329.992,230,44,0,
31,20,top,host,347.74,131.08,57,45,0,
31,20,top,other,375.1,336.42,230,45,0,
31,21,top,host,347.74,131.08,57,45,0,
31,21,top,other,375.1,336.42,230,45,0,
31,22,top,host,347.74,131.08,57,45,0,
31,22,top,other,375.1,336.42,230,45,0,
32,1,top,host,188.29,245.592,124,45,0,
32,1,top,other,530,240,270,45,0,
32,2,top,host,196.58,251.184,124,45,0,
32,2,top,other,520,240,270,45,0,
32,3,top,host,204.87,256.776,124,45,0,
32,3,top,other,510,240,270,45,0,
32,4,top,host,213.16,262.368,124,45,0,
32,4,top,other,501.808,234.264,305,45,0,
32,5,top,host,221.45,267.96,124,45,0,
32,5,top,other,493.616,228.528,305,45,0,
32,6,top,host,229.74,273.552,124,45,0,
32,6,top,other,485.424,222.792,305,45,0,
32,7,top,host,238.03,279.144,124,45,0,
32,7,top,other,477.232,217.056,305,45,0,
32,8,top,host,246.32,284.736,124,45,0,
32,8,top,other,469.04,211.32,305,45,0,
32,9,top,host,254.61,290.328,124,45,0,
32,9,top,other,460.848,205.584,305,45,0,
32,10,top,host,262.9,295.92,124,45,0,
32,10,top,other,452.656,199.848,305,45,0,
32,11,top,host,271.19,301.512,124,45,0,
32,11,top,other,444.464,194.112,305,45,0,
32,12,top,host,279.48,307.104,124,45,0,
32,12,top,other,436.272,188.376,305,45,0,
32,13,top,host,287.77,312.696,124,45,0,
32,13,top,other,428.08,182.64,305,45,0,
32,14,top,host,296.06,318.288,124,45,0,
32,14,top,other,419.888,176.904,305,45,0,
32,15,top,host,304.35,323.88,124,45,0,
32,15,top,other,411.696,171.168,305,45,0,
32,16,top,host,312.64,329.472,124,45,0,
32,16,top,other,403.504,165.432,305,45,0,
32,17,top,host,320.93,335.064,124,45,0,
32,17,top,other,395.312,159.696,305,45,0,
32,18,top,host,329.22,340.656,124,45,0,
32,18,top,other,387.12,153.96,305,45,0,
32,19,top,host,337.51,346.248,124,45,0,
32,19,top,other,378.928,148.224,305,45,0,
32,20,top,host,345.8,351.84,124,46,0,
32,20,top,other,370.736,142.488,305,49,0,
32,21,top,host,345.8,351.84,124,46,0,
32,21,top,other,370.736,142.488,305,49,0,
32,22,top,host,345.8,351.84,124,46,0,
32,22,top,other,370.736,142.488,305,49,0,
33,1,bottom,host,188.29,245.592,124,46,0,
33,1,bottom,other,530,240,270,49,0,
33,2,bottom,host,196.58,251.184,124,46,0,
33,2,bottom,other,520,240,270,49,0,
33,3,bottom,host,204.87,256.776,124,46,0,
33,3,bottom,other,510,240,270,49,0,
33,4,bottom,host,213.16,262.368,124,46,0,
33,4,bottom,other,500,240,270,49,0,
33,5,bottom,host,221.45,267.96,124,46,0,
33,5,bottom,other,490,240,270,49,0,
33,6,bottom,host,229.74,273.552,124,46,0,
33,6,bottom,other,480,240,270,49,0,
33,7,bottom,host,238.03,279.144,124,46,0,
33,7,bottom,other,472.686,233.18,313,49,0,
33,8,bottom,host,246.32,284.736,124,46,0,
33,8,bottom,other,465.372,226.36,313,49,0,
33,9,bottom,host,254.61,290.328,124,46,0,
33,9,bottom,other,458.058,219.54,313,49,0,
33,10,bottom,host,262.9,295.92,124,46,0,
33,10,bottom,other,450.744,212.72,313,49,0,
33,11,bottom,host,271.19,301.512,124,46,0,
33,11,bottom,other,443.43,205.9,313,49,0,
33,12,bottom,host,279.48,307.104,124,46,0,
33,12,bottom,other,436.116,199.08,313,49,0,
33,13,bottom,host,287.77,312.696,124,46,0,
33,13,bottom,other,428.802,192.26,313,49,0,
33,14,bottom,host,296.06,318.288,124,46,0,
33,14,bottom,other,421.488,185.44,313,49,0,
33,15,bottom,host,304.35,323.88,124,46,0,
33,15,bottom,other,414.174,178.62,313,49,0,
33,16,bottom,host,312.64,329.472,124,46,0,
33,16,bottom,other,406.86,171.8,313,49,0,
33,17,bottom,host,320.93,335.064,124,46,0,
33,17,bottom,other,399.546,164.98,313,49,0,
33,18,bottom,host,329.22,340.656,124,46,0,
33,18,bottom,other,392.232,158.16,313,49,0,
33,19,bottom,host,337.51,346.248,124,46,0,
33,19,bottom,other,384.918,151.34,313,49,0,
33,20,bottom,host,345.8,351.84,124,50,0,
33,20,bottom,other,377.604,144.52,313,50,0,
33,21,bottom,host,345.8,351.84,124,50,0,
33,21,bottom,other,377.604,144.52,313,50,0,
33,22,bottom,host,345.8,351.84,124,50,0,
33,22,bottom,other,377.604,144.52,313,50,0,
34,1,bottom,host,190,240,90,50,0,
34,1,bottom,other,530,240,270,50,0,
34,2,bottom,host,198.29,234.408,56,50,0,
34,2,bottom,other,520,240,270,50,0,
34,3,bottom,host,206.58,228.816,56,50,0,
34,3,bottom,other,510,240,270,50,0,
34,4,bottom,host,214.87,223.224,56,50,0,
34,4,bottom,other,500,240,270,50,0,
34,5,bottom,host,223.16,217.632,56,50,0,
34,5,bottom,other,490,240,270,50,0,
34,6,bottom,host,231.45,212.04,56,50,0,
34,6,bottom,other,482.34,246.428,230,50,0,
34,7,bottom,host,239.74,206.448,56,50,0,
34,7,bottom,other,474.68,252.856,230,50,0,
34,8,bottom,host,248.03,200.856,56,50,0,
34,8,bottom,other,467.02,259.284,230,50,0,
34,9,bottom,host,256.32,195.264,56,50,0,
34,9,bottom,other,459.36,265.712,230,50,0,
34,10,bottom,host,264.61,189.672,56,50,0,
34,10,bottom,other,451.7,272.14,230,50,0,
34,11,bottom,host,272.9,184.08,56,50,0,
34,11,bottom,other,444.04,278.568,230,50,0,
34,12,bottom,host,281.19,178.488,56,50,0,
34,12,bottom,other,436.38,284.996,230,50,0,
34,13,bottom,host,289.48,172.896,56,50,0,
34,13,bottom,other,428.72,291.424,230,50,0,
34,14,bottom,host,297.77,167.304,56,50,0,
34,14,bottom,other,421.06,297.852,230,50,0,
34,15,bottom,host,306.06,161.712,56,50,0,
34,15,bottom,other,413.4,304.28,230,50,0,
34,16,bottom,host,314.35,156.12,56,50,0,
34,16,bottom,other,405.74,310.708,230,50,0,
34,17,bottom,host,322.64,150.528,56,50,0,
34,17,bottom,other,398.08,317.136,230,50,0,
34,18,bottom,host,330.93,144.936,56,50,0,
34,18,bottom,other,390.42,323.564,230,50,0,
34,19,bottom,host,339.22,139.344,56,50,0,
34,19,bottom,other,382.76,329.992,230,50,0,
34,20,bottom,host,347.51,133.752,56,50,0,
34,20,bottom,other,375.1,336.42,230,50,0,
34,21,bottom,host,355.8,128.16,56,51,0,
34,21,bottom,other,367.44,342.848,230,54,0,
34,22,bottom,host,355.8,128.16,56,51,0,
34,22,bottom,other,367.44,342.848,230,54,0,
34,23,bottom,host,355.8,128.16,56,51,0,
34,23,bottom,other,367.44,342.848,230,54,0,
35,1,bottom,host,190,240,90,51,0,
35,1,bottom,other,530,240,270,54,0,
35,2,bottom,host,198.29,245.592,124,51,0,
35,2,bottom,other,520,240,270,54,0,
35,3,bottom,host,206.58,251.184,124,51,0,
35,3,bottom,other,510,240,270,54,0,
35,4,bottom,host,214.87,256.776,124,51,0,
35,4,bottom,other,502.014,233.982,307,54,0,
35,5,bottom,host,223.16,262.368,124,51,0,
35,5,bottom,other,494.028,227.964,307,54,0,
35,6,bottom,host,231.45,267.96,124,51,0,
35,6,bottom,other,486.042,221.946,307,54,0,
35,7,bottom,host,239.74,273.552,124,51,0,
35,7,bottom,other,478.056,215.928,307,54,0,
35,8,bottom,host,248.03,279.144,124,51,0,
35,8,bottom,other,470.07,209.91,307,54,0,
35,9,bottom,host,256.32,284.736,124,51,0,
35,9,bottom,other,462.084,203.892,307,54,0,
35,10,bottom,host,264.61,290.328,124,51,0,
35,10,bottom,other,454.098,197.874,307,54,0,
35,11,bottom,host,272.9,295.92,124,51,0,
35,11,bottom,other,446.112,191.856,307,54,0,
35,12,bottom,host,281.19,301.512,124,51,0,
35,12,bottom,other,438.126,185.838,307,54,0,
35,13,bottom,host,289.48,307.104,124,51,0,
35,13,bottom,other,430.14,179.82,307,54,0,
35,14,bottom,host,297.77,312.696,124,51,0,
35,14,bottom,other,422.154,173.802,307,54,0,
35,15,bottom,host,306.06,318.288,124,51,0,
35,15,bottom,other,414.168,167.784,307,54,0,
35,16,bottom,host,314.35,323.88,124,51,0,
35,16,bottom,other,406.182,161.766,307,54,0,
35,17,bottom,host,322.64,329.472,124,51,0,
35,17,bottom,other,398.196,155.748,307,54,0,
35,18,bottom,host,330.93,335.064,124,51,0,
35,18,bottom,other,390.21,149.73,307,54,0,
35,19,bottom,host,339.22,340.656,124,51,0,
35,19,bottom,other,382.224,143.712,307,54,0,
35,20,bottom,host,347.51,346.248,124,51,0,
35,20,bottom,other,374.238,137.694,307,54,0,
35,21,bottom,host,355.8,351.84,124,55,0,
35,21,bottom,other,366.252,131.676,307,55,0,
35,22,bottom,host,355.8,351.84,124,55,0,
35,22,bottom,other,366.252,131.676,307,55,0,
35,23,bottom,host,355.8,351.84,124,55,0,
35,23,bottom,other,366.252,131.676,307,55,0,
36,1,top,host,188.192,245.736,125,55,0,
36,1,top,other,530,240,270,55,0,
36,2,top,host,196.384,251.472,125,55,0,
36,2,top,other,520,240,270,55,0,
36,3,top,host,204.576,257.208,125,55,0,
36,3,top,other,510,240,270,55,0,
36,4,top,host,212.768,262.944,125,55,0,
36,4,top,other,500,240,270,55,0,
36,5,top,host,220.96,268.68,125,55,0,
36,5,top,other,490,240,270,55,0,
36,6,top,host,229.152,274.416,125,55,0,
36,6,top,other,480,240,270,55,0,
36,7,top,host,237.344,280.152,125,55,0,
36,7,top,other,470,240,270,55,0,
36,8,top,host,245.536,285.888,125,55,0,
36,8,top,other,462.686,233.18,313,55,0,
36,9,top,host,253.728,291.624,125,55,0,
36,9,top,other,455.372,226.36,313,55,0,
36,10,top,host,261.92,297.36,125,55,0,
36,10,top,other,448.058,219.54,313,55,0,
36,11,top,host,270.112,303.096,125,55,0,
36,11,top,other,440.744,212.72,313,55,0,
36,12,top,host,278.304,308.832,125,55,0,
36,12,top,other,433.43,205.9,313,55,0,
36,13,top,host,286.496,314.568,125,55,0,
36,13,top,other,426.116,199.08,313,55,0,
36,14,top,host,294.688,320.304,125,55,0,
36,14,top,other,418.802,192.26,313,55,0,
36,15,top,host,302.88,326.04,125,55,0,
36,15,top,other,411.488,185.44,313,55,0,
36,16,top,host,311.072,331.776,125,55,0,
36,16,top,other,404.174,178.62,313,55,0,
36,17,top,host,319.264,337.512,125,55,0,
36,17,top,other,396.86,171.8,313,55,0,
36,18,top,host,327.456,343.248,125,55,0,
36,18,top,other,389.546,164.98,313,55,0,
36,19,top,host,335.648,348.984,125,55,0,
36,19,top,other,382.232,158.16,313,55,0,
36,20,top,host,343.84,354.72,125,56,0,
36,20,top,other,374.918,151.34,313,59,0,
36,21,top,host,343.84,354.72,125,56,0,
36,21,top,other,374.918,151.34,313,59,0,
36,22,top,host,343.84,354.72,125,56,0,
36,22,top,other,374.918,151.34,313,59,0,
37,1,top,host,190,240,90,56,0,
37,1,top,other,530,240,270,59,0,
37,2,top,host,198.192,234.264,55,56,0,
37,2,top,other,520,240,270,59,0,
37,3,top,host,206.384,228.528,55,56,0,
37,3,top,other,511.613,234.554,303,59,0,
37,4,top,host,214.576,222.792,55,56,0,
37,4,top,other,503.627,240.572,233,59,0,
37,5,top,host,222.768,217.056,55,56,0,
37,5,top,other,495.641,246.59,233,59,0,
37,6,top,host,230.96,211.32,55,56,0,
37,6,top,other,487.655,252.608,233,59,0,
37,7,top,host,239.152,205.584,55,56,0,
37,7,top,other,479.669,258.626,233,59,0,
37,8,top,host,247.344,199.848,55,56,0,
37,8,top,other,471.683,264.644,233,59,0,
37,9,top,host,255.536,194.112,55,56,0,
37,9,top,other,463.697,270.662,233,59,0,
37,10,top,host,263.728,188.376,55,56,0,
37,10,top,other,455.711,276.68,233,59,0,
37,11,top,host,271.92,182.64,55,56,0,
37,11,top,other,447.725,282.698,233,59,0,
37,12,top,host,280.112,176.904,55,56,0,
37,12,top,other,439.739,288.716,233,59,0,
37,13,top,host,288.304,171.168,55,56,0,
37,13,top,other,431.753,294.734,233,59,0,
37,14,top,host,296.496,165.432,55,56,0,
37,14,top,other,423.767,300.752,233,59,0,
37,15,top,host,304.688,159.696,55,56,0,
37,15,top,other,415.781,306.77,233,59,0,
37,16,top,host,312.88,153.96,55,56,0,
37,16,top,other,407.795,312.788,233,59,0,
37,17,top,host,321.072,148.224,55,56,0,
37,17,top,other,399.809,318.806,233,59,0,
37,18,top,host,329.264,142.488,55,56,0,
37,18,top,other,391.823,324.824,233,59,0,
37,19,top,host,337.456,136.752,55,56,0,
37,19,top,other,383.837,330.842,233,59,0,
37,20,top,host,345.648,131.016,55,56,0,
37,20,top,other,375.851,336.86,233,59,0,
37,21,top,host,353.84,125.28,55,60,0,
37,21,top,other,367.865,342.878,233,60,0,
37,22,top,host,353.84,125.28,55,60,0,
37,22,top,other,367.865,342.878,233,60,0,
37,23,top,host,353.84,125.28,55,60,0,
37,23,top,other,367.865,342.878,233,60,0,
38,1,top,host,190,240,90,60,0,
38,1,top,other,530,240,270,60,0,
38,2,top,host,198.29,245.592,124,60,0,
38,2,top,other,520,240,270,60,0,
38,3,top,host,206.58,251.184,124,60,0,
38,3,top,other,511.613,234.554,303,60,0,
38,4,top,host,214.87,256.776,124,60,0,
38,4,top,other,503.226,229.108,303,60,0,
38,5,top,host,223.16,262.368,124,60,0,
38,5,top,other,494.839,223.662,303,60,0,
38,6,top,host,231.45,267.96,124,60,0,
38,6,top,other,486.452,218.216,303,60,0,
38,7,top,host,239.74,273.552,124,60,0,
38,7,top,other,478.065,212.77,303,60,0,
38,8,top,host,248.03,279.144,124,60,0,
38,8,top,other,469.678,207.324,303,60,0,
38,9,top,host,256.32,284.736,124,60,0,
38,9,top,other,461.291,201.878,303,60,0,
38,10,top,host,264.61,290.328,124,60,0,
38,10,top,other,452.904,196.432,303,60,0,
38,11,top,host,272.9,295.92,124,60,0,
38,11,top,other,444.517,190.986,303,60,0,
38,12,top,host,281.19,301.512,124,60,0,
38,12,top,other,436.13,185.54,303,60,0,
38,13,top,host,289.48,307.104,124,60,0,
38,13,top,other,427.743,180.094,303,60,0,
38,14,top,host,297.77,312.696,124,60,0,
38,14,top,other,419.356,174.648,303,60,0,
38,15,top,host,306.06,318.288,124,60,0,
38,15,top,other,410.969,169.202,303,60,0,
38,16,top,host,314.35,323.88,124,60,0,
38,16,top,other,402.582,163.756,303,60,0,
38,17,top,host,322.64,329.472,124,60,0,
38,17,top,other,394.195,158.31,303,60,0,
38,18,top,host,330.93,335.064,124,60,0,
38,18,top,other,385.808,152.864,303,60,0,
38,19,top,host,339.22,340.656,124,60,0,
38,19,top,other,377.421,147.418,303,60,0,
38,20,top,host,347.51,346.248,124,60,0,
38,20,top,other,369.034,141.972,303,60,0,
38,21,top,host,355.8,351.84,124,61,0,
38,21,top,other,360.647,136.526,303,64,0,
38,22,top,host,355.8,351.84,124,61,0,
38,22,top,other,360.647,136.526,303,64,0,
38,23,top,host,355.8,351.84,124,61,0,
38,23,top,other,360.647,136.526,303,64,0,
39,1,top,host,190,240,90,61,0,
39,1,top,other,530,240,270,64,0,
39,2,top,host,198.572,234.85,59,61,0,
39,2,top,other,520,240,270,64,0,
39,3,top,host,207.144,229.7,59,61,0,
39,3,top,other,510,240,270,64,0,
39,4,top,host,215.716,224.55,59,61,0,
39,4,top,other,500,240,270,64,0,
39,5,top,host,224.288,219.4,59,61,0,
39,5,top,other,490,240,270,64,0,
39,6,top,host,232.86,214.25,59,61,0,
39,6,top,other,482.12,246.157,232,64,0,
39,7,top,host,241.432,209.1,59,61,0,
39,7,top,other,474.806,252.977,227,64,0,
39,8,top,host,250.004,203.95,59,61,0,
39,8,top,other,467.492,259.797,227,64,0,
39,9,top,host,258.576,198.8,59,61,0,
39,9,top,other,460.178,266.617,227,64,0,
39,10,top,host,267.148,193.65,59,61,0,
39,10,top,other,452.864,273.437,227,64,0,
39,11,top,host,275.72,188.5,59,61,0,
39,11,top,other,445.55,280.257,227,64,0,
39,12,top,host,284.292,183.35,59,61,0,
39,12,top,other,438.236,287.077,227,64,0,
39,13,top,host,292.864,178.2,59,61,0,
39,13,top,other,430.922,293.897,227,64,0,
39,14,top,host,301.436,173.05,59,61,0,
39,14,top,other,423.608,300.717,227,64,0,
39,15,top,host,310.008,167.9,59,61,0,
39,15,top,other,416.294,307.537,227,64,0,
39,16,top,host,318.58,162.75,59,61,0,
39,16,top,other,408.98,314.357,227,64,0,
39,17,top,host,327.152,157.6,59,61,0,
39,17,top,other,401.666,321.177,227,64,0,
39,18,top,host,335.724,152.45,59,61,0,
39,18,top,other,394.352,327.997,227,64,0,
39,19,top,host,344.296,147.3,59,61,0,
39,19,top,other,387.038,334.817,227,64,0,
39,20,top,host,352.868,142.15,59,61,0,
39,20,top,other,379.724,341.637,227,64,0,
39,21,top,host,361.44,137,59,65,0,
39,21,top,other,372.41,348.457,227,65,0,
39,22,top,host,361.44,137,59,65,0,
39,22,top,other,372.41,348.457,227,65,0,
39,23,top,host,361.44,137,59,65,0,
39,23,top,other,372.41,348.457,227,65,0,
40,1,bottom,host,190,240,90,65,0,
40,1,bottom,other,530,240,270,65,0,
40,2,bottom,host,200,240,90,65,0,
40,2,bottom,other,520,240,270,65,0,
40,3,bottom,host,208.387,234.554,57,65,0,
40,3,bottom,other,510,240,270,65,0,
40,4,bottom,host,216.774,229.108,57,65,0,
40,4,bottom,other,500,240,270,65,0,
40,5,bottom,host,225.161,223.662,57,65,0,
40,5,bottom,other,490,240,270,65,0,
40,6,bottom,host,233.548,218.216,57,65,0,
40,6,bottom,other,482.34,246.428,230,65,0,
40,7,bottom,host,241.935,212.77,57,65,0,
40,7,bottom,other,474.68,252.856,230,65,0,
40,8,bottom,host,250.322,207.324,57,65,0,
40,8,bottom,other,467.02,259.284,230,65,0,
40,9,bottom,host,258.709,201.878,57,65,0,
40,9,bottom,other,459.36,265.712,230,65,0,
40,10,bottom,host,267.096,196.432,57,65,0,
40,10,bottom,other,451.7,272.14,230,65,0,
40,11,bottom,host,275.483,190.986,57,65,0,
40,11,bottom,other,444.04,278.568,230,65,0,
40,12,bottom,host,283.87,185.54,57,65,0,
40,12,bottom,other,436.38,284.996,230,65,0,
40,13,bottom,host,292.257,180.094,57,65,0,
40,13,bottom,other,428.72,291.424,230,65,0,
40,14,bottom,host,300.644,174.648,57,65,0,
40,14,bottom,other,421.06,297.852,230,65,0,
40,15,bottom,host,309.031,169.202,57,65,0,
40,15,bottom,other,413.4,304.28,230,65,0,
40,16,bottom,host,317.418,163.756,57,65,0,
40,16,bottom,other,405.74,310.708,230,65,0,
40,17,bottom,host,325.805,158.31,57,65,0,
40,17,bottom,other,398.08,317.136,230,65,0,
40,18,bottom,host,334.192,152.864,57,65,0,
40,18,bottom,other,390.42,323.564,230,65,0,
40,19,bottom,host,342.579,147.418,57,65,0,
40,19,bottom,other,382.76,329.992,230,65,0,
40,20,bottom,host,350.966,141.972,57,65,0,
40,20,bottom,other,375.1,336.42,230,65,0,
40,21,bottom,host,359.353,136.526,57,66,0,
40,21,bottom,other,367.44,342.848,230,69,0,
40,22,bottom,host,359.353,136.526,57,66,0,
40,22,bottom,other,367.44,342.848,230,69,0,
40,23,bottom,host,359.353,136.526,57,66,0,
40,23,bottom,other,367.44,342.848,230,69,0,
41,1,top,host,190,240,90,66,0,
41,1,top,other,530,240,270,69,0,
41,2,top,host,198.387,234.554,57,66,0,
41,2,top,other,520,240,270,69,0,
41,3,top,host,206.774,229.108,57,66,0,
41,3,top,other,510,240,270,69,0,
41,4,top,host,215.161,223.662,57,66,0,
41,4,top,other,500,240,270,69,0,
41,5,top,host,223.548,218.216,57,66,0,
41,5,top,other,492.12,246.157,232,69,0,
41,6,top,host,231.935,212.77,57,66,0,
41,6,top,other,484.24,252.314,232,69,0,
41,7,top,host,240.322,207.324,57,66,0,
41,7,top,other,476.36,258.471,232,69,0,
41,8,top,host,248.709,201.878,57,66,0,
41,8,top,other,468.48,264.628,232,69,0,
41,9,top,host,257.096,196.432,57,66,0,
41,9,top,other,460.6,270.785,232,69,0,
41,10,top,host,265.483,190.986,57,66,0,
41,10,top,other,452.72,276.942,232,69,0,
41,11,top,host,273.87,185.54,57,66,0,
41,11,top,other,444.84,283.099,232,69,0,
41,12,top,host,282.257,180.094,57,66,0,
41,12,top,other,436.96,289.256,232,69,0,
41,13,top,host,290.644,174.648,57,66,0,
41,13,top,other,429.08,295.413,232,69,0,
41,14,top,host,299.031,169.202,57,66,0,
41,14,top,other,421.2,301.57,232,69,0,
41,15,top,host,307.418,163.756,57,66,0,
41,15,top,other,413.32,307.727,232,69,0,
41,16,top,host,315.805,158.31,57,66,0,
41,16,top,other,405.44,313.884,232,69,0,
41,17,top,host,324.192,152.864,57,66,0,
41,17,top,other,397.56,320.041,232,69,0,
41,18,top,host,332.579,147.418,57,66,0,
41,18,top,other,389.68,326.198,232,69,0,
41,19,top,host,340.966,141.972,57,66,0,
41,19,top,other,381.8,332.355,232,69,0,
41,20,top,host,349.353,136.526,57,66,0,
41,20,top,other,373.92,338.512,232,69,0,
41,21,top,host,357.74,131.08,57,70,0,
41,21,top,other,366.04,344.669,232,70,0,
41,22,top,host,357.74,131.08,57,70,0,
41,22,top,other,366.04,344.669,232,70,0,
41,23,top,host,357.74,131.08,57,70,0,
41,23,top,other,366.04,344.669,232,70,0,
42,1,top,host,190,240,90,70,0,
42,1,top,other,530,240,270,70,0,
42,2,top,host,200,240,90,70,0,
42,2,top,other,520,240,270,70,0,
42,3,top,host,210,240,90,70,0,
42,3,top,other,510,240,270,70,0,
42,4,top,host,218.09,245.878,126,70,0,
42,4,top,other,500,240,270,70,0,
42,5,top,host,226.18,251.756,126,70,0,
42,5,top,other,491.808,234.264,305,70,0,
42,6,top,host,234.27,257.634,126,70,0,
42,6,top,other,483.616,228.528,305,70,0,
42,7,top,host,242.36,263.512,126,70,0,
42,7,top,other,475.424,222.792,305,70,0,
42,8,top,host,250.45,269.39,126,70,0,
42,8,top,other,467.232,217.056,305,70,0,
42,9,top,host,258.54,275.268,126,70,0,
42,9,top,other,459.04,211.32,305,70,0,
42,10,top,host,266.63,281.146,126,70,0,
42,10,top,other,450.848,205.584,305,70,0,
42,11,top,host,274.72,287.024,126,70,0,
42,11,top,other,442.656,199.848,305,70,0,
42,12,top,host,282.81,292.902,126,70,0,
42,12,top,other,434.464,194.112,305,70,0,
42,13,top,host,290.9,298.78,126,70,0,
42,13,top,other,426.272,188.376,305,70,0,
42,14,top,host,298.99,304.658,126,70,0,
42,14,top,other,418.08,182.64,305,70,0,
42,15,top,host,307.08,310.536,126,70,0,
42,15,top,other,409.888,176.904,305,70,0,
42,16,top,host,315.17,316.414,126,70,0,
42,16,top,other,401.696,171.168,305,70,0,
42,17,top,host,323.26,322.292,126,70,0,
42,17,top,other,393.504,165.432,305,70,0,
42,18,top,host,331.35,328.17,126,70,0,
42,18,top,other,385.312,159.696,305,70,0,
42,19,top,host,339.44,334.048,126,70,0,
42,19,top,other,377.12,153.96,305,70,0,
42,20,top,host,347.53,339.926,126,70,0,
42,20,top,other,368.928,148.224,305,70,0,
42,21,top,host,355.62,345.804,126,71,0,
42,21,top,other,360.736,142.488,305,74,0,
42,22,top,host,355.62,345.804,126,71,0,
42,22,top,other,360.736,142.488,305,74,0,
42,23,top,host,355.62,345.804,126,71,0,
42,23,top,other,360.736,142.488,305,74,0,
43,1,bottom,host,190,240,90,71,0,
43,1,bottom,other,530,240,270,74,0,
43,2,bottom,host,198.29,245.592,124,71,0,
43,2,bottom,other,520,240,270,74,0,
43,3,bottom,host,206.58,251.184,124,71,0,
43,3,bottom,other,510,240,270,74,0,
43,4,bottom,host,214.87,256.776,124,71,0,
43,4,bottom,other,500,240,270,74,0,
43,5,bottom,host,223.16,262.368,124,71,0,
43,5,bottom,other,492.12,233.843,308,74,0,
43,6,bottom,host,231.45,267.96,124,71,0,
43,6,bottom,other,484.24,227.686,308,74,0,
43,7,bottom,host,239.74,273.552,124,71,0,
43,7,bottom,other,476.36,221.529,308,74,0,
43,8,bottom,host,248.03,279.144,124,71,0,
43,8,bottom,other,468.48,215.372,308,74,0,
43,9,bottom,host,256.32,284.736,124,71,0,
43,9,bottom,other,460.6,209.215,308,74,0,
43,10,bottom,host,264.61,290.328,124,71,0,
43,10,bottom,other,452.72,203.058,308,74,0,
43,11,bottom,host,272.9,295.92,124,71,0,
43,11,bottom,other,444.84,196.901,308,74,0,
43,12,bottom,host,281.19,301.512,124,71,0,
43,12,bottom,other,436.96,190.744,308,74,0,
43,13,bottom,host,289.48,307.104,124,71,0,
43,13,bottom,other,429.08,184.587,308,74,0,
43,14,bottom,host,297.77,312.696,124,71,0,
43,14,bottom,other,421.2,178.43,308,74,0,
43,15,bottom,host,306.06,318.288,124,71,0,
43,15,bottom,other,413.32,172.273,308,74,0,
43,16,bottom,host,314.35,323.88,124,71,0,
43,16,bottom,other,405.44,166.116,308,74,0,
43,17,bottom,host,322.64,329.472,124,71,0,
43,17,bottom,other,397.56,159.959,308,74,0,
43,18,bottom,host,330.93,335.064,124,71,0,
43,18,bottom,other,389.68,153.802,308,74,0,
43,19,bottom,host,339.22,340.656,124,71,0,
43,19,bottom,other,381.8,147.645,308,74,0,
43,20,bottom,host,347.51,346.248,124,71,0,
43,20,bottom,other,373.92,141.488,308,74,0,
43,21,bottom,host,355.8,351.84,124,75,0,
43,21,bottom,other,366.04,135.331,308,75,0,
43,22,bottom,host,355.8,351.84,124,75,0,
43,22,bottom,other,366.04,135.331,308,75,0,
43,23,bottom,host,355.8,351.84,124,75,0,
43,23,bottom,other,366.04,135.331,308,75,0,
44,1,top,host,188.29,245.592,124,75,0,
44,1,top,other,530,240,270,75,0,
44,2,top,host,196.58,251.184,124,75,0,
44,2,top,other,520,240,270,75,0,
44,3,top,host,204.87,256.776,124,75,0,
44,3,top,other,512.12,233.843,308,75,0,
44,4,top,host,213.16,262.368,124,75,0,
44,4,top,other,504.24,227.686,308,75,0,
44,5,top,host,221.45,267.96,124,75,0,
44,5,top,other,496.36,221.529,308,75,0,
44,6,top,host,229.74,273.552,124,75,0,
44,6,top,other,488.48,215.372,308,75,0,
44,7,top,host,238.03,279.144,124,75,0,
44,7,top,other,480.6,209.215,308,75,0,
44,8,top,host,246.32,284.736,124,75,0,
44,8,top,other,472.72,203.058,308,75,0,
44,9,top,host,254.61,290.328,124,75,0,
44,9,top,other,464.84,196.901,308,75,0,
44,10,top,host,262.9,295.92,124,75,0,
44,10,top,other,456.96,190.744,308,75,0,
44,11,top,host,271.19,301.512,124,75,0,
44,11,top,other,449.08,184.587,308,75,0,
44,12,top,host,279.48,307.104,124,75,0,
44,12,top,other,441.2,178.43,308,75,0,
44,13,top,host,287.77,312.696,124,75,0,
44,13,top,other,433.32,172.273,308,75,0,
44,14,top,host,296.06,318.288,124,75,0,
44,14,top,other,425.44,166.116,308,75,0,
44,15,top,host,304.35,323.88,124,75,0,
44,15,top,other,417.56,159.959,308,75,0,
44,16,top,host,312.64,329.472,124,75,0,
44,16,top,other,409.68,153.802,308,75,0,
44,17,top,host,320.93,335.064,124,75,0,
44,17,top,other,401.8,147.645,308,75,0,
44,18,top,host,329.22,340.656,124,75,0,
44,18,top,other,393.92,141.488,308,75,0,
44,19,top,host,337.51,346.248,124,75,0,
44,19,top,other,386.04,135.331,308,75,0,
44,20,top,host,345.8,351.84,124,76,0,
44,20,top,other,378.16,129.174,308,79,0,
44,21,top,host,345.8,351.84,124,76,0,
44,21,top,other,378.16,129.174,308,79,0,
44,22,top,host,345.8,351.84,124,76,0,
44,22,top,other,378.16,129.174,308,79,0,
45,1,bottom,host,190,240,90,76,0,
45,1,bottom,other,530,240,270,79,0,
45,2,bottom,host,198.29,245.592,124,76,0,
45,2,bottom,other,520,240,270,79,0,
45,3,bottom,host,206.58,251.184,124,76,0,
45,3,bottom,other,510,240,270,79,0,
45,4,bottom,host,214.87,256.776,124,76,0,
45,4,bottom,other,502.12,233.843,308,79,0,
45,5,bottom,host,223.16,262.368,124,76,0,
45,5,bottom,other,494.24,227.686,308,79,0,
45,6,bottom,host,231.45,267.96,124,76,0,
45,6,bottom,other,486.36,221.529,308,79,0,
45,7,bottom,host,239.74,273.552,124,76,0,
45,7,bottom,other,478.48,215.372,308,79,0,
45,8,bottom,host,248.03,279.144,124,76,0,
45,8,bottom,other,470.6,209.215,308,79,0,
45,9,bottom,host,256.32,284.736,124,76,0,
45,9,bottom,other,462.72,203.058,308,79,0,
45,10,bottom,host,264.61,290.328,124,76,0,
45,10,bottom,other,454.84,196.901,308,79,0,
45,11,bottom,host,272.9,295.92,124,76,0,
45,11,bottom,other,446.96,190.744,308,79,0,
45,12,bottom,host,281.19,301.512,124,76,0,
45,12,bottom,other,439.08,184.587,308,79,0,
45,13,bottom,host,289.48,307.104,124,76,0,
45,13,bottom,other,431.2,178.43,308,79,0,
45,14,bottom,host,297.77,312.696,124,76,0,
45,14,bottom,other,423.32,172.273,308,79,0,
45,15,bottom,host,306.06,318.288,124,76,0,
45,15,bottom,other,415.44,166.116,308,79,0,
45,16,bottom,host,314.35,323.88,124,76,0,
45,16,bottom,other,407.56,159.959,308,79,0,
45,17,bottom,host,322.64,329.472,124,76,0,
45,17,bottom,other,399.68,153.802,308,79,0,
45,18,bottom,host,330.93,335.064,124,76,0,
45,18,bottom,other,391.8,147.645,308,79,0,
45,19,bottom,host,339.22,340.656,124,76,0,
45,19,bottom,other,383.92,141.488,308,79,0,
45,20,bottom,host,347.51,346.248,124,76,0,
45,20,bottom,other,376.04,135.331,308,79,0,
45,21,bottom,host,355.8,351.84,124,80,0,
45,21,bottom,other,368.16,129.174,308,80,0,
45,22,bottom,host,355.8,351.84,124,80,0,
45,22,bottom,other,368.16,129.174,308,80,0,
45,23,bottom,host,355.8,351.84,124,80,0,
45,23,bottom,other,368.16,129.174,308,80,0,
46,1,top,host,190,240,90,80,0,
46,1,top,other,530,240,270,80,0,
46,2,top,host,200,240,90,80,0,
46,2,top,other,521.71,234.408,304,80,0,
46,3,top,host,207.986,246.018,127,80,0,
46,3,top,other,513.42,228.816,304,80,0,
46,4,top,host,215.972,252.036,127,80,0,
46,4,top,other,505.13,223.224,304,80,0,
46,5,top,host,223.958,258.054,127,80,0,
46,5,top,other,496.84,217.632,304,80,0,
46,6,top,host,231.944,264.072,127,80,0,
46,6,top,other,488.55,212.04,304,80,0,
46,7,top,host,239.93,270.09,127,80,0,
46,7,top,other,480.26,206.448,304,80,0,
46,8,top,host,247.916,276.108,127,80,0,
46,8,top,other,471.97,200.856,304,80,0,
46,9,top,host,255.902,282.126,127,80,0,
46,9,top,other,463.68,195.264,304,80,0,
46,10,top,host,263.888,288.144,127,80,0,
46,10,top,other,455.39,189.672,304,80,0,
46,11,top,host,271.874,294.162,127,80,0,
46,11,top,other,447.1,184.08,304,80,0,
46,12,top,host,279.86,300.18,127,80,0,
46,12,top,other,438.81,178.488,304,80,0,
46,13,top,host,287.846,306.198,127,80,0,
46,13,top,other,430.52,172.896,304,80,0,
46,14,top,host,295.832,312.216,127,80,0,
46,14,top,other,422.23,167.304,304,80,0,
46,15,top,host,303.818,318.234,127,80,0,
46,15,top,other,413.94,161.712,304,80,0,
46,16,top,host,311.804,324.252,127,80,0,
46,16,top,other,405.65,156.12,304,80,0,
46,17,top,host,319.79,330.27,127,80,0,
46,17,top,other,397.36,150.528,304,80,0,
46,18,top,host,327.776,336.288,127,80,0,
46,18,top,other,389.07,144.936,304,80,0,
46,19,top,host,335.762,342.306,127,80,0,
46,19,top,other,380.78,139.344,304,80,0,
46,20,top,host,343.748,348.324,127,80,0,
46,20,top,other,372.49,133.752,304,80,0,
46,21,top,host,351.734,354.342,127,81,0,
46,21,top,other,364.2,128.16,304,84,0,
46,22,top,host,351.734,354.342,127,81,0,
46,22,top,other,364.2,128.16,304,84,0,
46,23,top,host,351.734,354.342,127,81,0,
46,23,top,other,364.2,128.16,304,84,0,
47,1,top,host,190,240,90,81,0,
47,1,top,other,530,240,270,84,0,
47,2,top,host,198.387,234.554,57,81,0,
47,2,top,other,520,240,270,84,0,
47,3,top,host,206.774,229.108,57,81,0,
47,3,top,other,512.229,246.293,231,84,0,
47,4,top,host,215.161,223.662,57,81,0,
47,4,top,other,504.458,252.586,231,84,0,
47,5,top,host,223.548,218.216,57,81,0,
47,5,top,other,496.687,258.879,231,84,0,
47,6,top,host,231.935,212.77,57,81,0,
47,6,top,other,488.916,265.172,231,84,0,
47,7,top,host,240.322,207.324,57,81,0,
47,7,top,other,481.145,271.465,231,84,0,
47,8,top,host,248.709,201.878,57,81,0,
47,8,top,other,473.374,277.758,231,84,0,
47,9,top,host,257.096,196.432,57,81,0,
47,9,top,other,465.603,284.051,231,84,0,
47,10,top,host,265.483,190.986,57,81,0,
47,10,top,other,457.832,290.344,231,84,0,
47,11,top,host,273.87,185.54,57,81,0,
47,11,top,other,450.061,296.637,231,84,0,
47,12,top,host,282.257,180.094,57,81,0,
47,12,top,other,442.29,302.93,231,84,0,
47,13,top,host,290.644,174.648,57,81,0,
47,13,top,other,434.519,309.223,231,84,0,
47,14,top,host,299.031,169.202,57,81,0,
47,14,top,other,426.748,315.516,231,84,0,
47,15,top,host,307.418,163.756,57,81,0,
47,15,top,other,418.977,321.809,231,84,0,
47,16,top,host,315.805,158.31,57,81,0,
47,16,top,other,411.206,328.102,231,84,0,
47,17,top,host,324.192,152.864,57,81,0,
47,17,top,other,403.435,334.395,231,84,0,
47,18,top,host,332.579,147.418,57,81,0,
47,18,top,other,395.664,340.688,231,84,0,
47,19,top,host,340.966,141.972,57,81,0,
47,19,top,other,387.893,346.981,231,84,0,
47,20,top,host,349.353,136.526,57,81,0,
47,20,top,other,380.122,353.274,231,84,0,
47,21,top,host,357.74,131.08,57,85,0,
47,21,top,other,372.351,359.567,231,85,0,
47,22,top,host,357.74,131.08,57,85,0,
47,22,top,other,372.351,359.567,231,85,0,
47,23,top,host,357.74,131.08,57,85,0,
47,23,top,other,372.351,359.567,231,85,0,
48,1,top,host,190,240,90,85,0,
48,1,top,other,530,240,270,85,0,
48,2,top,host,198.192,245.736,125,85,0,
48,2,top,other,521.91,234.122,306,85,0,
48,3,top,host,206.384,251.472,125,85,0,
48,3,top,other,513.82,228.244,306,85,0,
48,4,top,host,214.576,257.208,125,85,0,
48,4,top,other,505.73,222.366,306,85,0,
48,5,top,host,222.768,262.944,125,85,0,
48,5,top,other,497.64,216.488,306,85,0,
48,6,top,host,230.96,268.68,125,85,0,
48,6,top,other,489.55,210.61,306,85,0,
48,7,top,host,239.152,274.416,125,85,0,
48,7,top,other,481.46,204.732,306,85,0,
48,8,top,host,247.344,280.152,125,85,0,
48,8,top,other,473.37,198.854,306,85,0,
48,9,top,host,255.536,285.888,125,85,0,
48,9,top,other,465.28,192.976,306,85,0,
48,10,top,host,263.728,291.624,125,85,0,
48,10,top,other,457.19,187.098,306,85,0,
48,11,top,host,271.92,297.36,125,85,0,
48,11,top,other,449.1,181.22,306,85,0,
48,12,top,host,280.112,303.096,125,85,0,
48,12,top,other,441.01,175.342,306,85,0,
48,13,top,host,288.304,308.832,125,85,0,
48,13,top,other,432.92,169.464,306,85,0,
48,14,top,host,296.496,314.568,125,85,0,
48,14,top,other,424.83,163.586,306,85,0,
48,15,top,host,304.688,320.304,125,85,0,
48,15,top,other,416.74,157.708,306,85,0,
48,16,top,host,312.88,326.04,125,85,0,
48,16,top,other,408.65,151.83,306,85,0,
48,17,top,host,321.072,331.776,125,85,0,
48,17,top,other,400.56,145.952,306,85,0,
48,18,top,host,329.264,337.512,125,85,0,
48,18,top,other,392.47,140.074,306,85,0,
48,19,top,host,337.456,343.248,125,85,0,
48,19,top,other,384.38,134.196,306,85,0,
48,20,top,host,345.648,348.984,125,85,0,
48,20,top,other,376.29,128.318,306,85,0,
48,21,top,host,353.84,354.72,125,86,0,
48,21,top,other,368.2,122.44,306,89,0,
48,22,top,host,353.84,354.72,125,86,0,
48,22,top,other,368.2,122.44,306,89,0,
48,23,top,host,353.84,354.72,125,86,0,
48,23,top,other,368.2,122.44,306,89,0,
49,1,top,host,190,240,90,86,0,
49,1,top,other,530,240,270,89,0,
49,2,top,host,198.29,234.408,56,86,0,
49,2,top,other,521.71,245.592,236,89,0,
49,3,top,host,206.58,228.816,56,86,0,
49,3,top,other,513.42,251.184,236,89,0,
49,4,top,host,214.87,223.224,56,86,0,
49,4,top,other,505.13,256.776,236,89,0,
49,5,top,host,223.16,217.632,56,86,0,
49,5,top,other,496.84,262.368,236,89,0,
49,6,top,host,231.45,212.04,56,86,0,
49,6,top,other,488.55,267.96,236,89,0,
49,7,top,host,239.74,206.448,56,86,0,
49,7,top,other,480.26,273.552,236,89,0,
49,8,top,host,248.03,200.856,56,86,0,
49,8,top,other,471.97,279.144,236,89,0,
49,9,top,host,256.32,195.264,56,86,0,
49,9,top,other,463.68,284.736,236,89,0,
49,10,top,host,264.61,189.672,56,86,0,
49,10,top,other,455.39,290.328,236,89,0,
49,11,top,host,272.9,184.08,56,86,0,
49,11,top,other,447.1,295.92,236,89,0,
49,12,top,host,281.19,178.488,56,86,0,
49,12,top,other,438.81,301.512,236,89,0,
49,13,top,host,289.48,172.896,56,86,0,
49,13,top,other,430.52,307.104,236,89,0,
49,14,top,host,297.77,167.304,56,86,0,
49,14,top,other,422.23,312.696,236,89,0,
49,15,top,host,306.06,161.712,56,86,0,
49,15,top,other,413.94,318.288,236,89,0,
49,16,top,host,314.35,156.12,56,86,0,
49,16,top,other,405.65,323.88,236,89,0,
49,17,top,host,322.64,150.528,56,86,0,
49,17,top,other,397.36,329.472,236,89,0,
49,18,top,host,330.93,144.936,56,86,0,
49,18,top,other,389.07,335.064,236,89,0,
49,19,top,host,339.22,139.344,56,86,0,
49,19,top,other,380.78,340.656,236,89,0,
49,20,top,host,347.51,133.752,56,86,0,
49,20,top,other,372.49,346.248,236,89,0,
49,21,top,host,355.8,128.16,56,90,0,
49,21,top,other,364.2,351.84,236,90,0,
49,22,top,host,355.8,128.16,56,90,0,
49,22,top,other,364.2,351.84,236,90,0,
49,23,top,host,355.8,128.16,56,90,0,
49,23,top,other,364.2,351.84,236,90,0,
50,1,bottom,host,190,240,90,90,0,
50,1,bottom,other,530,240,270,90,0,
50,2,bottom,host,200,240,90,90,0,
50,2,bottom,other,520,240,270,90,0,
50,3,bottom,host,210,240,90,90,0,
50,3,bottom,other,510,240,270,90,0,
50,4,bottom,host,220,240,90,90,0,
50,4,bottom,other,500,240,270,90,0,
50,5,bottom,host,230,240,90,90,0,
50,5,bottom,other,490,240,270,90,0,
50,6,bottom,host,237.66,233.572,50,90,0,
50,6,bottom,other,480,240,270,90,0,
50,7,bottom,host,245.32,227.144,50,90,0,
50,7,bottom,other,472.34,246.428,230,90,0,
50,8,bottom,host,252.98,220.716,50,90,0,
50,8,bottom,other,464.68,252.856,230,90,0,
50,9,bottom,host,260.64,214.288,50,90,0,
50,9,bottom,other,457.02,259.284,230,90,0,
50,10,bottom,host,268.3,207.86,50,90,0,
50,10,bottom,other,449.36,265.712,230,90,0,
50,11,bottom,host,275.96,201.432,50,90,0,
50,11,bottom,other,441.7,272.14,230,90,0,
50,12,bottom,host,283.62,195.004,50,90,0,
50,12,bottom,other,434.04,278.568,230,90,0,
50,13,bottom,host,291.28,188.576,50,90,0,
50,13,bottom,other,426.38,284.996,230,90,0,
50,14,bottom,host,298.94,182.148,50,90,0,
50,14,bottom,other,418.72,291.424,230,90,0,
50,15,bottom,host,306.6,175.72,50,90,0,
50,15,bottom,other,411.06,297.852,230,90,0,
50,16,bottom,host,314.26,169.292,50,90,0,
50,16,bottom,other,403.4,304.28,230,90,0,
50,17,bottom,host,321.92,162.864,50,90,0,
50,17,bottom,other,395.74,310.708,230,90,0,
50,18,bottom,host,329.58,156.436,50,90,0,
50,18,bottom,other,388.08,317.136,230,90,0,
50,19,bottom,host,337.24,150.008,50,90,0,
50,19,bottom,other,380.42,323.564,230,90,0,
50,20,bottom,host,344.9,143.58,50,90,0,
50,20,bottom,other,372.76,329.992,230,90,0,
50,21,bottom,host,352.56,137.152,50,90,0,
50,21,bottom,other,365.1,336.42,230,90,0,
50,22,bottom,host,360.22,130.724,50,91,0,
50,22,bottom,other,357.44,342.848,230,94,0,
50,23,bottom,host,360.22,130.724,50,91,0,
50,23,bottom,other,357.44,342.848,230,94,0,
50,24,bottom,host,360.22,130.724,50,91,0,
50,24,bottom,other,357.44,342.848,230,94,0,
