1,1,bottom,other,530,240,270,0,0,
1,1,bottom,host,190,240,90,0,0,
1,2,bottom,host,200,240,90,0,0,
1,2,bottom,other,520,240,270,0,0,
1,3,bottom,host,210,240,90,0,0,
1,3,bottom,other,510,240,270,0,0,
1,4,bottom,host,217.986,246.018,127,0,0,
1,4,bottom,other,500,240,270,0,0,
1,5,bottom,host,225.972,252.036,127,0,0,
1,5,bottom,other,492.453,246.561,229,0,0,
1,6,bottom,host,233.958,258.054,127,0,0,
1,6,bottom,other,484.906,253.122,229,0,0,
1,7,bottom,host,241.944,264.072,127,0,0,
1,7,bottom,other,477.359,259.683,229,0,0,
1,8,bottom,host,249.93,270.09,127,0,0,
1,8,bottom,other,469.812,266.244,229,0,0,
1,9,bottom,host,257.916,276.108,127,0,0,
1,9,bottom,other,462.265,272.805,229,0,0,
1,10,bottom,host,265.902,282.126,127,0,0,
1,10,bottom,other,454.718,279.366,229,0,0,
1,11,bottom,host,273.888,288.144,127,0,0,
1,11,bottom,other,447.171,285.927,229,0,0,
1,12,bottom,host,281.874,294.162,127,0,0,
1,12,bottom,other,439.624,292.488,229,0,0,
1,13,bottom,host,289.86,300.18,127,0,0,
1,13,bottom,other,432.077,299.049,229,0,0,
1,14,bottom,host,297.846,306.198,127,0,0,
1,14,bottom,other,424.53,305.61,229,0,0,
1,15,bottom,host,305.832,312.216,127,0,0,
1,15,bottom,other,416.983,312.171,229,0,0,
1,16,bottom,host,313.818,318.234,127,0,0,
1,16,bottom,other,409.436,318.732,229,0,0,
1,17,bottom,host,321.804,324.252,127,0,0,
1,17,bottom,other,401.889,325.293,229,0,0,
1,18,bottom,host,329.79,330.27,127,0,0,
1,18,bottom,other,394.342,331.854,229,0,0,
1,19,bottom,host,337.776,336.288,127,0,0,
1,19,bottom,other,386.795,338.415,229,0,0,
1,20,bottom,host,345.762,342.306,127,0,0,
1,20,bottom,other,379.248,344.976,229,0,0,
1,21,bottom,host,353.748,348.324,127,0,0,
1,21,bottom,other,371.701,351.537,229,0,0,
1,22,bottom,host,353.748,348.324,127,0,0,
1,22,bottom,other,371.701,351.537,229,0,0,
1,23,bottom,host,353.748,348.324,127,0,0,
1,23,bottom,other,371.701,351.537,229,0,0,
2,1,top,host,188.192,234.264,55,0,0,
2,1,top,other,530,240,270,0,0,
2,2,top,host,196.384,228.528,55,0,0,
2,2,top,other,521.808,245.736,235,0,0,
2,3,top,host,204.576,222.792,55,0,0,
2,3,top,other,513.616,251.472,235,0,0,
2,4,top,host,212.768,217.056,55,0,0,
2,4,top,other,505.424,257.208,235,0,0,
2,5,top,host,220.96,211.32,55,0,0,
2,5,top,other,497.232,262.944,235,0,0,
2,6,top,host,229.152,205.584,55,0,0,
2,6,top,other,489.04,268.68,235,0,0,
2,7,top,host,237.344,199.848,55,0,0,
2,7,top,other,480.848,274.416,235,0,0,
2,8,top,host,245.536,194.112,55,0,0,
2,8,top,other,472.656,280.152,235,0,0,
2,9,top,host,253.728,188.376,55,0,0,
2,9,top,other,464.464,285.888,235,0,0,
2,10,top,host,261.92,182.64,55,0,0,
2,10,top,other,456.272,291.624,235,0,0,
2,11,top,host,270.112,176.904,55,0,0,
2,11,top,other,448.08,297.36,235,0,0,
2,12,top,host,278.304,171.168,55,0,0,
2,12,top,other,439.888,303.096,235,0,0,
2,13,top,host,286.496,165.432,55,0,0,
2,13,top,other,431.696,308.832,235,0,0,
2,14,top,host,294.688,159.696,55,0,0,
2,14,top,other,423.504,314.568,235,0,0,
2,15,top,host,302.88,153.96,55,0,0,
2,15,top,other,415.312,320.304,235,0,0,
2,16,top,host,311.072,148.224,55,0,0,
2,16,top,other,407.12,326.04,235,0,0,
2,17,top,host,319.264,142.488,55,0,0,
2,17,top,other,398.928,331.776,235,0,0,
2,18,top,host,327.456,136.752,55,0,0,
2,18,top,other,390.736,337.512,235,0,0,
2,19,top,host,335.648,131.016,55,0,0,
2,19,top,other,382.544,343.248,235,0,0,
2,20,top,host,343.84,125.28,55,4,0,
2,20,top,other,374.352,348.984,235,1,0,
2,21,top,host,343.84,125.28,55,4,0,
2,21,top,other,374.352,348.984,235,1,0,
2,22,top,host,343.84,125.28,55,4,0,
2,22,top,other,374.352,348.984,235,1,0,
3,1,top,host,188.387,234.554,57,4,0,
3,1,top,other,531.71,234.408,304,1,0,
3,2,top,host,196.774,229.108,57,4,0,
3,2,top,other,523.42,228.816,304,1,0,
3,3,top,host,205.161,223.662,57,4,0,
3,3,top,other,515.13,223.224,304,1,0,
3,4,top,host,213.548,218.216,57,4,0,
3,4,top,other,506.84,217.632,304,1,0,
3,5,top,host,221.935,212.77,57,4,0,
3,5,top,other,498.55,212.04,304,1,0,
3,6,top,host,230.322,207.324,57,4,0,
3,6,top,other,490.26,206.448,304,1,0,
3,7,top,host,238.709,201.878,57,4,0,
3,7,top,other,481.97,200.856,304,1,0,
3,8,top,host,247.096,196.432,57,4,0,
3,8,top,other,473.68,195.264,304,1,0,
3,9,top,host,255.483,190.986,57,4,0,
3,9,top,other,465.39,189.672,304,1,0,
3,10,top,host,263.87,185.54,57,4,0,
3,10,top,other,457.1,184.08,304,1,0,
3,11,top,host,272.257,180.094,57,4,0,
3,11,top,other,448.81,178.488,304,1,0,
3,12,top,host,280.644,174.648,57,4,0,
3,12,top,other,440.52,172.896,304,1,0,
3,13,top,host,289.031,169.202,57,4,0,
3,13,top,other,432.23,167.304,304,1,0,
3,14,top,host,297.418,163.756,57,4,0,
3,14,top,other,423.94,161.712,304,1,0,
3,15,top,host,305.805,158.31,57,4,0,
3,15,top,other,415.65,156.12,304,1,0,
3,16,top,host,314.192,152.864,57,4,0,
3,16,top,other,407.36,150.528,304,1,0,
3,17,top,host,322.579,147.418,57,4,0,
3,17,top,other,399.07,144.936,304,1,0,
3,18,top,host,330.966,141.972,57,4,0,
3,18,top,other,390.78,139.344,304,1,0,
3,19,top,host,339.353,136.526,57,4,0,
3,19,top,other,382.49,133.752,304,1,0,
3,20,top,host,347.74,131.08,57,4,0,
3,20,top,other,374.2,128.16,304,1,0,
3,21,top,host,347.74,131.08,57,4,0,
3,21,top,other,374.2,128.16,304,1,0,
3,22,top,host,347.74,131.08,57,4,0,
3,22,top,other,374.2,128.16,304,1,0,
4,1,top,host,188.387,234.554,57,4,0,
4,1,top,other,531.52,234.701,302,1,0,
4,2,top,host,196.774,229.108,57,4,0,
4,2,top,other,523.04,229.402,302,1,0,
4,3,top,host,205.161,223.662,57,4,0,
4,3,top,other,514.56,224.103,302,1,0,
4,4,top,host,213.548,218.216,57,4,0,
4,4,top,other,506.08,218.804,302,1,0,
4,5,top,host,221.935,212.77,57,4,0,
4,5,top,other,497.6,213.505,302,1,0,
4,6,top,host,230.322,207.324,57,4,0,
4,6,top,other,489.12,208.206,302,1,0,
4,7,top,host,238.709,201.878,57,4,0,
4,7,top,other,480.64,202.907,302,1,0,
4,8,top,host,247.096,196.432,57,4,0,
4,8,top,other,472.16,197.608,302,1,0,
4,9,top,host,255.483,190.986,57,4,0,
4,9,top,other,463.68,192.309,302,1,0,
4,10,top,host,263.87,185.54,57,4,0,
4,10,top,other,455.2,187.01,302,1,0,
4,11,top,host,272.257,180.094,57,4,0,
4,11,top,other,446.72,181.711,302,1,0,
4,12,top,host,280.644,174.648,57,4,0,
4,12,top,other,438.24,176.412,302,1,0,
4,13,top,host,289.031,169.202,57,4,0,
4,13,top,other,429.76,171.113,302,1,0,
4,14,top,host,297.418,163.756,57,4,0,
4,14,top,other,421.28,165.814,302,1,0,
4,15,top,host,305.805,158.31,57,4,0,
4,15,top,other,412.8,160.515,302,1,0,
4,16,top,host,314.192,152.864,57,4,0,
4,16,top,other,404.32,155.216,302,1,0,
4,17,top,host,322.579,147.418,57,4,0,
4,17,top,other,395.84,149.917,302,1,0,
4,18,top,host,330.966,141.972,57,4,0,
4,18,top,other,387.36,144.618,302,1,0,
4,19,top,host,339.353,136.526,57,4,0,
4,19,top,other,378.88,139.319,302,1,0,
4,20,top,host,347.74,131.08,57,4,0,
4,20,top,other,370.4,134.02,302,1,0,
4,21,top,host,347.74,131.08,57,4,0,
4,21,top,other,370.4,134.02,302,1,0,
4,22,top,host,347.74,131.08,57,4,0,
4,22,top,other,370.4,134.02,302,1,0,
5,1,bottom,host,188.387,245.446,123,4,0,
5,1,bottom,other,531.613,234.554,303,1,0,
5,2,bottom,host,196.774,250.892,123,4,0,
5,2,bottom,other,523.226,229.108,303,1,0,
5,3,bottom,host,205.161,256.338,123,4,0,
5,3,bottom,other,514.839,223.662,303,1,0,
5,4,bottom,host,213.548,261.784,123,4,0,
5,4,bottom,other,506.452,218.216,303,1,0,
5,5,bottom,host,221.935,267.23,123,4,0,
5,5,bottom,other,498.065,212.77,303,1,0,
5,6,bottom,host,230.322,272.676,123,4,0,
5,6,bottom,other,489.678,207.324,303,1,0,
5,7,bottom,host,238.709,278.122,123,4,0,
5,7,bottom,other,481.291,201.878,303,1,0,
5,8,bottom,host,247.096,283.568,123,4,0,
5,8,bottom,other,472.904,196.432,303,1,0,
5,9,bottom,host,255.483,289.014,123,4,0,
5,9,bottom,other,464.517,190.986,303,1,0,
5,10,bottom,host,263.87,294.46,123,4,0,
5,10,bottom,other,456.13,185.54,303,1,0,
5,11,bottom,host,272.257,299.906,123,4,0,
5,11,bottom,other,447.743,180.094,303,1,0,
5,12,bottom,host,280.644,305.352,123,4,0,
5,12,bottom,other,439.356,174.648,303,1,0,
5,13,bottom,host,289.031,310.798,123,4,0,
5,13,bottom,other,430.969,169.202,303,1,0,
5,14,bottom,host,297.418,316.244,123,4,0,
5,14,bottom,other,422.582,163.756,303,1,0,
5,15,bottom,host,305.805,321.69,123,4,0,
5,15,bottom,other,414.195,158.31,303,1,0,
5,16,bottom,host,314.192,327.136,123,4,0,
5,16,bottom,other,405.808,152.864,303,1,0,
5,17,bottom,host,322.579,332.582,123,4,0,
5,17,bottom,other,397.421,147.418,303,1,0,
5,18,bottom,host,330.966,338.028,123,4,0,
5,18,bottom,other,389.034,141.972,303,1,0,
5,19,bottom,host,339.353,343.474,123,4,0,
5,19,bottom,other,380.647,136.526,303,1,0,
5,20,bottom,host,347.74,348.92,123,8,0,
5,20,bottom,other,372.26,131.08,303,2,0,
5,21,bottom,host,347.74,348.92,123,8,0,
5,21,bottom,other,372.26,131.08,303,2,0,
5,22,bottom,host,347.74,348.92,123,8,0,
5,22,bottom,other,372.26,131.08,303,2,0,
6,1,bottom,host,188.387,245.446,123,8,0,
6,1,bottom,other,531.808,245.736,235,2,0,
6,2,bottom,host,196.774,250.892,123,8,0,
6,2,bottom,other,523.616,251.472,235,2,0,
6,3,bottom,host,205.161,256.338,123,8,0,
6,3,bottom,other,515.424,257.208,235,2,0,
6,4,bottom,host,213.548,261.784,123,8,0,
6,4,bottom,other,507.232,262.944,235,2,0,
6,5,bottom,host,221.935,267.23,123,8,0,
6,5,bottom,other,499.04,268.68,235,2,0,
6,6,bottom,host,230.322,272.676,123,8,0,
6,6,bottom,other,490.848,274.416,235,2,0,
6,7,bottom,host,238.709,278.122,123,8,0,
6,7,bottom,other,482.656,280.152,235,2,0,
6,8,bottom,host,247.096,283.568,123,8,0,
6,8,bottom,other,474.464,285.888,235,2,0,
6,9,bottom,host,255.483,289.014,123,8,0,
6,9,bottom,other,466.272,291.624,235,2,0,
6,10,bottom,host,263.87,294.46,123,8,0,
6,10,bottom,other,458.08,297.36,235,2,0,
6,11,bottom,host,272.257,299.906,123,8,0,
6,11,bottom,other,449.888,303.096,235,2,0,
6,12,bottom,host,280.644,305.352,123,8,0,
6,12,bottom,other,441.696,308.832,235,2,0,
6,13,bottom,host,289.031,310.798,123,8,0,
6,13,bottom,other,433.504,314.568,235,2,0,
6,14,bottom,host,297.418,316.244,123,8,0,
6,14,bottom,other,425.312,320.304,235,2,0,
6,15,bottom,host,305.805,321.69,123,8,0,
6,15,bottom,other,417.12,326.04,235,2,0,
6,16,bottom,host,314.192,327.136,123,8,0,
6,16,bottom,other,408.928,331.776,235,2,0,
6,17,bottom,host,322.579,332.582,123,8,0,
6,17,bottom,other,400.736,337.512,235,2,0,
6,18,bottom,host,330.966,338.028,123,8,0,
6,18,bottom,other,392.544,343.248,235,2,0,
6,19,bottom,host,339.353,343.474,123,8,0,
6,19,bottom,other,384.352,348.984,235,2,0,
6,20,bottom,host,347.74,348.92,123,8,0,
6,20,bottom,other,376.16,354.72,235,2,0,
6,21,bottom,host,347.74,348.92,123,8,0,
6,21,bottom,other,376.16,354.72,235,2,0,
6,22,bottom,host,347.74,348.92,123,8,0,
6,22,bottom,other,376.16,354.72,235,2,0,
7,1,top,host,188.572,234.85,59,8,0,
7,1,top,other,531.71,234.408,304,2,0,
7,2,top,host,196.959,229.404,57,8,0,
7,2,top,other,523.42,228.816,304,2,0,
7,3,top,host,205.346,223.958,57,8,0,
7,3,top,other,515.13,223.224,304,2,0,
7,4,top,host,213.826,218.659,58,8,0,
7,4,top,other,506.84,217.632,304,2,0,
7,5,top,host,222.306,213.36,58,8,0,
7,5,top,other,498.55,212.04,304,2,0,
7,6,top,host,230.786,208.061,58,8,0,
7,6,top,other,490.26,206.448,304,2,0,
7,7,top,host,239.173,202.615,57,8,0,
7,7,top,other,481.97,200.856,304,2,0,
7,8,top,host,247.56,197.169,57,8,0,
7,8,top,other,473.68,195.264,304,2,0,
7,9,top,host,255.947,191.723,57,8,0,
7,9,top,other,465.39,189.672,304,2,0,
7,10,top,host,264.334,186.277,57,8,0,
7,10,top,other,457.1,184.08,304,2,0,
7,11,top,host,272.721,180.831,57,8,0,
7,11,top,other,448.81,178.488,304,2,0,
7,12,top,host,267.275,172.444,327,8,0,
7,12,top,other,440.52,172.896,304,2,0,
7,13,top,host,261.829,164.057,327,8,0,
7,13,top,other,432.23,167.304,304,2,0,
7,14,top,host,256.383,155.67,327,8,0,
7,14,top,other,423.94,161.712,304,2,0,
7,15,top,host,265.212,150.975,62,8,0,
7,15,top,other,415.65,156.12,304,2,0,
7,16,top,host,274.041,146.28,62,8,0,
7,16,top,other,407.36,150.528,304,2,0,
7,17,top,host,282.87,141.585,62,8,0,
7,17,top,other,399.07,144.936,304,2,0,
7,18,top,host,292.433,138.661,73,8,0,
7,18,top,other,390.78,139.344,304,2,0,
7,19,top,host,301.996,135.737,73,8,0,
7,19,top,other,382.49,133.752,304,2,0,
7,20,top,host,311.559,132.813,73,8,0,
7,20,top,other,374.2,128.16,304,2,0,
7,21,top,host,311.559,132.813,73,8,0,
7,21,top,other,374.2,128.16,304,2,0,
7,22,top,host,311.559,132.813,73,8,0,
7,22,top,other,374.2,128.16,304,2,0,
8,1,top,host,188.572,234.85,59,8,0,
8,1,top,other,531.71,234.408,304,2,0,
8,2,top,host,197.144,229.7,59,8,0,
8,2,top,other,523.42,228.816,304,2,0,
8,3,top,host,205.716,224.55,59,8,0,
8,3,top,other,515.13,223.224,304,2,0,
8,4,top,host,214.288,219.4,59,8,0,
8,4,top,other,506.84,217.632,304,2,0,
8,5,top,host,222.86,214.25,59,8,0,
8,5,top,other,498.55,212.04,304,2,0,
8,6,top,host,231.432,209.1,59,8,0,
8,6,top,other,490.26,206.448,304,2,0,
8,7,top,host,240.004,203.95,59,8,0,
8,7,top,other,481.97,200.856,304,2,0,
8,8,top,host,248.576,198.8,59,8,0,
8,8,top,other,473.68,195.264,304,2,0,
8,9,top,host,257.148,193.65,59,8,0,
8,9,top,other,465.39,189.672,304,2,0,
8,10,top,host,265.72,188.5,59,8,0,
8,10,top,other,457.1,184.08,304,2,0,
8,11,top,host,274.292,183.35,59,8,0,
8,11,top,other,448.81,178.488,304,2,0,
8,12,top,host,282.864,178.2,59,8,0,
8,12,top,other,440.52,172.896,304,2,0,
8,13,top,host,291.436,173.05,59,8,0,
8,13,top,other,432.23,167.304,304,2,0,
8,14,top,host,300.008,167.9,59,8,0,
8,14,top,other,423.94,161.712,304,2,0,
8,15,top,host,308.58,162.75,59,8,0,
8,15,top,other,415.65,156.12,304,2,0,
8,16,top,host,317.152,157.6,59,8,0,
8,16,top,other,407.36,150.528,304,2,0,
8,17,top,host,325.724,152.45,59,8,0,
8,17,top,other,399.07,144.936,304,2,0,
8,18,top,host,334.296,147.3,59,8,0,
8,18,top,other,390.78,139.344,304,2,0,
8,19,top,host,342.868,142.15,59,8,0,
8,19,top,other,382.49,133.752,304,2,0,
8,20,top,host,351.44,137,59,8,0,
8,20,top,other,374.2,128.16,304,2,0,
8,21,top,host,351.44,137,59,8,0,
8,21,top,other,374.2,128.16,304,2,0,
8,22,top,host,351.44,137,59,8,0,
8,22,top,other,374.2,128.16,304,2,0,
9,1,bottom,host,188.29,245.592,124,8,0,
9,1,bottom,other,531.91,245.878,234,2,0,
9,2,bottom,host,196.58,251.184,124,8,0,
9,2,bottom,other,523.82,251.756,234,2,0,
9,3,bottom,host,204.87,256.776,124,8,0,
9,3,bottom,other,515.73,257.634,234,2,0,
9,4,bottom,host,213.16,262.368,124,8,0,
9,4,bottom,other,507.64,263.512,234,2,0,
9,5,bottom,host,221.45,267.96,124,8,0,
9,5,bottom,other,499.55,269.39,234,2,0,
9,6,bottom,host,229.74,273.552,124,8,0,
9,6,bottom,other,491.46,275.268,234,2,0,
9,7,bottom,host,238.03,279.144,124,8,0,
9,7,bottom,other,483.37,281.146,234,2,0,
9,8,bottom,host,246.32,284.736,124,8,0,
9,8,bottom,other,475.28,287.024,234,2,0,
9,9,bottom,host,254.61,290.328,124,8,0,
9,9,bottom,other,467.19,292.902,234,2,0,
9,10,bottom,host,262.9,295.92,124,8,0,
9,10,bottom,other,459.1,298.78,234,2,0,
9,11,bottom,host,271.19,301.512,124,8,0,
9,11,bottom,other,451.01,304.658,234,2,0,
9,12,bottom,host,279.48,307.104,124,8,0,
9,12,bottom,other,442.92,310.536,234,2,0,
9,13,bottom,host,287.77,312.696,124,8,0,
9,13,bottom,other,434.83,316.414,234,2,0,
9,14,bottom,host,296.06,318.288,124,8,0,
9,14,bottom,other,426.74,322.292,234,2,0,
9,15,bottom,host,304.35,323.88,124,8,0,
9,15,bottom,other,418.65,328.17,234,2,0,
9,16,bottom,host,312.64,329.472,124,8,0,
9,16,bottom,other,410.56,334.048,234,2,0,
9,17,bottom,host,320.93,335.064,124,8,0,
9,17,bottom,other,402.47,339.926,234,2,0,
9,18,bottom,host,329.22,340.656,124,8,0,
9,18,bottom,other,394.38,345.804,234,2,0,
9,19,bottom,host,337.51,346.248,124,8,0,
9,19,bottom,other,386.29,351.682,234,2,0,
9,20,bottom,host,345.8,351.84,124,8,0,
9,20,bottom,other,378.2,357.56,234,2,0,
9,21,bottom,host,345.8,351.84,124,8,0,
9,21,bottom,other,378.2,357.56,234,2,0,
9,22,bottom,host,345.8,351.84,124,8,0,
9,22,bottom,other,378.2,357.56,234,2,0,
10,1,top,host,188.29,234.408,56,8,0,
10,1,top,other,531.613,234.554,303,2,0,
10,2,top,host,196.58,228.816,56,8,0,
10,2,top,other,523.226,229.108,303,2,0,
10,3,top,host,204.87,223.224,56,8,0,
10,3,top,other,514.839,223.662,303,2,0,
10,4,top,host,213.16,217.632,56,8,0,
10,4,top,other,506.452,218.216,303,2,0,
10,5,top,host,221.45,212.04,56,8,0,
10,5,top,other,498.065,212.77,303,2,0,
10,6,top,host,229.74,206.448,56,8,0,
10,6,top,other,489.678,207.324,303,2,0,
10,7,top,host,238.03,200.856,56,8,0,
10,7,top,other,481.291,201.878,303,2,0,
10,8,top,host,246.32,195.264,56,8,0,
10,8,top,other,472.904,196.432,303,2,0,
10,9,top,host,254.61,189.672,56,8,0,
10,9,top,other,464.517,190.986,303,2,0,
10,10,top,host,262.9,184.08,56,8,0,
10,10,top,other,456.13,185.54,303,2,0,
10,11,top,host,271.19,178.488,56,8,0,
10,11,top,other,447.743,180.094,303,2,0,
10,12,top,host,279.48,172.896,56,8,0,
10,12,top,other,439.356,174.648,303,2,0,
10,13,top,host,287.77,167.304,56,8,0,
10,13,top,other,430.969,169.202,303,2,0,
10,14,top,host,296.06,161.712,56,8,0,
10,14,top,other,422.582,163.756,303,2,0,
10,15,top,host,304.35,156.12,56,8,0,
10,15,top,other,414.195,158.31,303,2,0,
10,16,top,host,312.64,150.528,56,8,0,
10,16,top,other,405.808,152.864,303,2,0,
10,17,top,host,320.93,144.936,56,8,0,
10,17,top,other,397.421,147.418,303,2,0,
10,18,top,host,329.22,139.344,56,8,0,
10,18,top,other,389.034,141.972,303,2,0,
10,19,top,host,337.51,133.752,56,8,0,
10,19,top,other,380.647,136.526,303,2,0,
10,20,top,host,345.8,128.16,56,8,0,
10,20,top,other,372.26,131.08,303,2,0,
10,21,top,host,345.8,128.16,56,8,0,
10,21,top,other,372.26,131.08,303,2,0,
10,22,top,host,345.8,128.16,56,8,0,
10,22,top,other,372.26,131.08,303,2,0,
11,1,bottom,host,188.387,245.446,123,8,0,
11,1,bottom,other,531.71,245.592,236,2,0,
11,2,bottom,host,196.774,250.892,123,8,0,
11,2,bottom,other,523.42,251.184,236,2,0,
11,3,bottom,host,205.161,256.338,123,8,0,
11,3,bottom,other,515.13,256.776,236,2,0,
11,4,bottom,host,213.548,261.784,123,8,0,
11,4,bottom,other,506.84,262.368,236,2,0,
11,5,bottom,host,221.935,267.23,123,8,0,
11,5,bottom,other,498.55,267.96,236,2,0,
11,6,bottom,host,230.322,272.676,123,8,0,
11,6,bottom,other,490.26,273.552,236,2,0,
11,7,bottom,host,238.709,278.122,123,8,0,
11,7,bottom,other,481.97,279.144,236,2,0,
11,8,bottom,host,247.096,283.568,123,8,0,
11,8,bottom,other,473.68,284.736,236,2,0,
11,9,bottom,host,255.483,289.014,123,8,0,
11,9,bottom,other,465.39,290.328,236,2,0,
11,10,bottom,host,263.87,294.46,123,8,0,
11,10,bottom,other,457.1,295.92,236,2,0,
11,11,bottom,host,272.257,299.906,123,8,0,
11,11,bottom,other,448.81,301.512,236,2,0,
11,12,bottom,host,280.644,305.352,123,8,0,
11,12,bottom,other,440.52,307.104,236,2,0,
11,13,bottom,host,289.031,310.798,123,8,0,
11,13,bottom,other,432.23,312.696,236,2,0,
11,14,bottom,host,297.418,316.244,123,8,0,
11,14,bottom,other,423.94,318.288,236,2,0,
11,15,bottom,host,305.805,321.69,123,8,0,
11,15,bottom,other,415.65,323.88,236,2,0,
11,16,bottom,host,314.192,327.136,123,8,0,
11,16,bottom,other,407.36,329.472,236,2,0,
11,17,bottom,host,322.579,332.582,123,8,0,
11,17,bottom,other,399.07,335.064,236,2,0,
11,18,bottom,host,330.966,338.028,123,8,0,
11,18,bottom,other,390.78,340.656,236,2,0,
11,19,bottom,host,339.353,343.474,123,8,0,
11,19,bottom,other,382.49,346.248,236,2,0,
11,20,bottom,host,347.74,348.92,123,8,0,
11,20,bottom,other,374.2,351.84,236,2,0,
11,21,bottom,host,347.74,348.92,123,8,0,
11,21,bottom,other,374.2,351.84,236,2,0,
11,22,bottom,host,347.74,348.92,123,8,0,
11,22,bottom,other,374.2,351.84,236,2,0,
12,1,top,host,188.192,234.264,55,8,0,
12,1,top,other,531.613,234.554,303,2,0,
12,2,top,host,196.384,228.528,55,8,0,
12,2,top,other,523.226,229.108,303,2,0,
12,3,top,host,204.576,222.792,55,8,0,
12,3,top,other,514.839,223.662,303,2,0,
12,4,top,host,212.768,217.056,55,8,0,
12,4,top,other,506.452,218.216,303,2,0,
12,5,top,host,220.96,211.32,55,8,0,
12,5,top,other,498.065,212.77,303,2,0,
12,6,top,host,229.152,205.584,55,8,0,
12,6,top,other,489.678,207.324,303,2,0,
12,7,top,host,237.344,199.848,55,8,0,
12,7,top,other,481.291,201.878,303,2,0,
12,8,top,host,245.536,194.112,55,8,0,
12,8,top,other,472.904,196.432,303,2,0,
12,9,top,host,253.728,188.376,55,8,0,
12,9,top,other,464.517,190.986,303,2,0,
12,10,top,host,261.92,182.64,55,8,0,
12,10,top,other,456.13,185.54,303,2,0,
12,11,top,host,270.112,176.904,55,8,0,
12,11,top,other,447.743,180.094,303,2,0,
12,12,top,host,278.304,171.168,55,8,0,
12,12,top,other,439.356,174.648,303,2,0,
12,13,top,host,286.496,165.432,55,8,0,
12,13,top,other,430.969,169.202,303,2,0,
12,14,top,host,294.688,159.696,55,8,0,
12,14,top,other,422.582,163.756,303,2,0,
12,15,top,host,302.88,153.96,55,8,0,
12,15,top,other,414.195,158.31,303,2,0,
12,16,top,host,311.072,148.224,55,8,0,
12,16,top,other,405.808,152.864,303,2,0,
12,17,top,host,319.264,142.488,55,8,0,
12,17,top,other,397.421,147.418,303,2,0,
12,18,top,host,327.456,136.752,55,8,0,
12,18,top,other,389.034,141.972,303,2,0,
12,19,top,host,335.648,131.016,55,8,0,
12,19,top,other,380.647,136.526,303,2,0,
12,20,top,host,343.84,125.28,55,8,0,
12,20,top,other,372.26,131.08,303,2,0,
12,21,top,host,343.84,125.28,55,8,0,
12,21,top,other,372.26,131.08,303,2,0,
12,22,top,host,343.84,125.28,55,8,0,
12,22,top,other,372.26,131.08,303,2,0,
13,1,top,host,188.387,245.446,123,8,0,
13,1,top,other,531.613,234.554,303,2,0,
13,2,top,host,196.774,250.892,123,8,0,
13,2,top,other,523.226,229.108,303,2,0,
13,3,top,host,205.161,256.338,123,8,0,
13,3,top,other,514.839,223.662,303,2,0,
13,4,top,host,213.548,261.784,123,8,0,
13,4,top,other,506.452,218.216,303,2,0,
13,5,top,host,221.935,267.23,123,8,0,
13,5,top,other,498.065,212.77,303,2,0,
13,6,top,host,230.322,272.676,123,8,0,
13,6,top,other,489.678,207.324,303,2,0,
13,7,top,host,238.709,278.122,123,8,0,
13,7,top,other,481.291,201.878,303,2,0,
13,8,top,host,247.096,283.568,123,8,0,
13,8,top,other,472.904,196.432,303,2,0,
13,9,top,host,255.483,289.014,123,8,0,
13,9,top,other,464.517,190.986,303,2,0,
13,10,top,host,263.87,294.46,123,8,0,
13,10,top,other,456.13,185.54,303,2,0,
13,11,top,host,272.257,299.906,123,8,0,
13,11,top,other,447.743,180.094,303,2,0,
13,12,top,host,280.644,305.352,123,8,0,
13,12,top,other,439.356,174.648,303,2,0,
13,13,top,host,289.031,310.798,123,8,0,
13,13,top,other,430.969,169.202,303,2,0,
13,14,top,host,297.418,316.244,123,8,0,
13,14,top,other,422.582,163.756,303,2,0,
13,15,top,host,305.805,321.69,123,8,0,
13,15,top,other,414.195,158.31,303,2,0,
13,16,top,host,314.192,327.136,123,8,0,
13,16,top,other,405.808,152.864,303,2,0,
13,17,top,host,322.579,332.582,123,8,0,
13,17,top,other,397.421,147.418,303,2,0,
13,18,top,host,330.966,338.028,123,8,0,
13,18,top,other,389.034,141.972,303,2,0,
13,19,top,host,339.353,343.474,123,8,0,
13,19,top,other,380.647,136.526,303,2,0,
13,20,top,host,347.74,348.92,123,9,0,
13,20,top,other,372.26,131.08,303,6,0,
13,21,top,host,347.74,348.92,123,9,0,
13,21,top,other,372.26,131.08,303,6,0,
13,22,top,host,347.74,348.92,123,9,0,
13,22,top,other,372.26,131.08,303,6,0,
14,1,bottom,host,188.387,245.446,123,9,0,
14,1,bottom,other,531.613,234.554,303,6,0,
14,2,bottom,host,196.774,250.892,123,9,0,
14,2,bottom,other,523.226,229.108,303,6,0,
14,3,bottom,host,205.161,256.338,123,9,0,
14,3,bottom,other,514.839,223.662,303,6,0,
14,4,bottom,host,213.548,261.784,123,9,0,
14,4,bottom,other,506.452,218.216,303,6,0,
14,5,bottom,host,221.935,267.23,123,9,0,
14,5,bottom,other,498.065,212.77,303,6,0,
14,6,bottom,host,230.322,272.676,123,9,0,
14,6,bottom,other,489.678,207.324,303,6,0,
14,7,bottom,host,238.709,278.122,123,9,0,
14,7,bottom,other,481.291,201.878,303,6,0,
14,8,bottom,host,247.096,283.568,123,9,0,
14,8,bottom,other,472.904,196.432,303,6,0,
14,9,bottom,host,255.483,289.014,123,9,0,
14,9,bottom,other,464.517,190.986,303,6,0,
14,10,bottom,host,263.87,294.46,123,9,0,
14,10,bottom,other,456.13,185.54,303,6,0,
14,11,bottom,host,272.257,299.906,123,9,0,
14,11,bottom,other,447.743,180.094,303,6,0,
14,12,bottom,host,280.644,305.352,123,9,0,
14,12,bottom,other,439.356,174.648,303,6,0,
14,13,bottom,host,289.031,310.798,123,9,0,
14,13,bottom,other,430.969,169.202,303,6,0,
14,14,bottom,host,297.418,316.244,123,9,0,
14,14,bottom,other,422.582,163.756,303,6,0,
14,15,bottom,host,305.805,321.69,123,9,0,
14,15,bottom,other,414.195,158.31,303,6,0,
14,16,bottom,host,314.192,327.136,123,9,0,
14,16,bottom,other,405.808,152.864,303,6,0,
14,17,bottom,host,322.579,332.582,123,9,0,
14,17,bottom,other,397.421,147.418,303,6,0,
14,18,bottom,host,330.966,338.028,123,9,0,
14,18,bottom,other,389.034,141.972,303,6,0,
14,19,bottom,host,339.353,343.474,123,9,0,
14,19,bottom,other,380.647,136.526,303,6,0,
14,20,bottom,host,347.74,348.92,123,13,0,
14,20,bottom,other,372.26,131.08,303,7,0,
14,21,bottom,host,347.74,348.92,123,13,0,
14,21,bottom,other,372.26,131.08,303,7,0,
14,22,bottom,host,347.74,348.92,123,13,0,
14,22,bottom,other,372.26,131.08,303,7,0,
15,1,top,host,188.387,245.446,123,13,0,
15,1,top,other,531.71,234.408,304,7,0,
15,2,top,host,196.774,250.892,123,13,0,
15,2,top,other,523.42,228.816,304,7,0,
15,3,top,host,205.161,256.338,123,13,0,
15,3,top,other,515.13,223.224,304,7,0,
15,4,top,host,213.548,261.784,123,13,0,
15,4,top,other,506.84,217.632,304,7,0,
15,5,top,host,221.935,267.23,123,13,0,
15,5,top,other,498.55,212.04,304,7,0,
15,6,top,host,230.322,272.676,123,13,0,
15,6,top,other,490.26,206.448,304,7,0,
15,7,top,host,238.709,278.122,123,13,0,
15,7,top,other,481.97,200.856,304,7,0,
15,8,top,host,247.096,283.568,123,13,0,
15,8,top,other,473.68,195.264,304,7,0,
15,9,top,host,255.483,289.014,123,13,0,
15,9,top,other,465.39,189.672,304,7,0,
15,10,top,host,263.87,294.46,123,13,0,
15,10,top,other,457.1,184.08,304,7,0,
15,11,top,host,272.257,299.906,123,13,0,
15,11,top,other,448.81,178.488,304,7,0,
15,12,top,host,280.644,305.352,123,13,0,
15,12,top,other,440.52,172.896,304,7,0,
15,13,top,host,289.031,310.798,123,13,0,
15,13,top,other,432.23,167.304,304,7,0,
15,14,top,host,297.418,316.244,123,13,0,
15,14,top,other,423.94,161.712,304,7,0,
15,15,top,host,305.805,321.69,123,13,0,
15,15,top,other,415.65,156.12,304,7,0,
15,16,top,host,314.192,327.136,123,13,0,
15,16,top,other,407.36,150.528,304,7,0,
15,17,top,host,322.579,332.582,123,13,0,
15,17,top,other,399.07,144.936,304,7,0,
15,18,top,host,330.966,338.028,123,13,0,
15,18,top,other,390.78,139.344,304,7,0,
15,19,top,host,339.353,343.474,123,13,0,
15,19,top,other,382.49,133.752,304,7,0,
15,20,top,host,347.74,348.92,123,14,0,
15,20,top,other,374.2,128.16,304,11,0,
15,21,top,host,347.74,348.92,123,14,0,
15,21,top,other,374.2,128.16,304,11,0,
15,22,top,host,347.74,348.92,123,14,0,
15,22,top,other,374.2,128.16,304,11,0,
16,1,top,host,188.387,234.554,57,14,0,
16,1,top,other,531.613,245.446,237,11,0,
16,2,top,host,196.774,229.108,57,14,0,
16,2,top,other,523.226,250.892,237,11,0,
16,3,top,host,205.161,223.662,57,14,0,
16,3,top,other,514.839,256.338,237,11,0,
16,4,top,host,213.548,218.216,57,14,0,
16,4,top,other,506.452,261.784,237,11,0,
16,5,top,host,221.935,212.77,57,14,0,
16,5,top,other,498.065,267.23,237,11,0,
16,6,top,host,230.322,207.324,57,14,0,
16,6,top,other,489.678,272.676,237,11,0,
16,7,top,host,238.709,201.878,57,14,0,
16,7,top,other,481.291,278.122,237,11,0,
16,8,top,host,247.096,196.432,57,14,0,
16,8,top,other,472.904,283.568,237,11,0,
16,9,top,host,255.483,190.986,57,14,0,
16,9,top,other,464.517,289.014,237,11,0,
16,10,top,host,263.87,185.54,57,14,0,
16,10,top,other,456.13,294.46,237,11,0,
16,11,top,host,272.257,180.094,57,14,0,
16,11,top,other,447.743,299.906,237,11,0,
16,12,top,host,280.644,174.648,57,14,0,
16,12,top,other,439.356,305.352,237,11,0,
16,13,top,host,289.031,169.202,57,14,0,
16,13,top,other,430.969,310.798,237,11,0,
16,14,top,host,297.418,163.756,57,14,0,
16,14,top,other,422.582,316.244,237,11,0,
16,15,top,host,305.805,158.31,57,14,0,
16,15,top,other,414.195,321.69,237,11,0,
16,16,top,host,314.192,152.864,57,14,0,
16,16,top,other,405.808,327.136,237,11,0,
16,17,top,host,322.579,147.418,57,14,0,
16,17,top,other,397.421,332.582,237,11,0,
16,18,top,host,330.966,141.972,57,14,0,
16,18,top,other,389.034,338.028,237,11,0,
16,19,top,host,339.353,136.526,57,14,0,
16,19,top,other,380.647,343.474,237,11,0,
16,20,top,host,347.74,131.08,57,18,0,
16,20,top,other,372.26,348.92,237,12,0,
16,21,top,host,347.74,131.08,57,18,0,
16,21,top,other,372.26,348.92,237,12,0,
16,22,top,host,347.74,131.08,57,18,0,
16,22,top,other,372.26,348.92,237,12,0,
17,1,top,host,188.29,245.592,124,18,0,
17,1,top,other,531.613,234.554,303,12,0,
17,2,top,host,196.58,251.184,124,18,0,
17,2,top,other,523.226,229.108,303,12,0,
17,3,top,host,204.87,256.776,124,18,0,
17,3,top,other,514.839,223.662,303,12,0,
17,4,top,host,213.16,262.368,124,18,0,
17,4,top,other,506.452,218.216,303,12,0,
17,5,top,host,221.45,267.96,124,18,0,
17,5,top,other,498.065,212.77,303,12,0,
17,6,top,host,229.74,273.552,124,18,0,
17,6,top,other,489.678,207.324,303,12,0,
17,7,top,host,238.03,279.144,124,18,0,
17,7,top,other,481.291,201.878,303,12,0,
17,8,top,host,246.32,284.736,124,18,0,
17,8,top,other,472.904,196.432,303,12,0,
17,9,top,host,254.61,290.328,124,18,0,
17,9,top,other,464.517,190.986,303,12,0,
17,10,top,host,262.9,295.92,124,18,0,
17,10,top,other,456.13,185.54,303,12,0,
17,11,top,host,271.19,301.512,124,18,0,
17,11,top,other,447.743,180.094,303,12,0,
17,12,top,host,279.48,307.104,124,18,0,
17,12,top,other,439.356,174.648,303,12,0,
17,13,top,host,287.77,312.696,124,18,0,
17,13,top,other,430.969,169.202,303,12,0,
17,14,top,host,296.06,318.288,124,18,0,
17,14,top,other,422.582,163.756,303,12,0,
17,15,top,host,304.35,323.88,124,18,0,
17,15,top,other,414.195,158.31,303,12,0,
17,16,top,host,312.64,329.472,124,18,0,
17,16,top,other,405.808,152.864,303,12,0,
17,17,top,host,320.93,335.064,124,18,0,
17,17,top,other,397.421,147.418,303,12,0,
17,18,top,host,329.22,340.656,124,18,0,
17,18,top,other,389.034,141.972,303,12,0,
17,19,top,host,337.51,346.248,124,18,0,
17,19,top,other,380.647,136.526,303,12,0,
17,20,top,host,345.8,351.84,124,19,0,
17,20,top,other,372.26,131.08,303,16,0,
17,21,top,host,345.8,351.84,124,19,0,
17,21,top,other,372.26,131.08,303,16,0,
17,22,top,host,345.8,351.84,124,19,0,
17,22,top,other,372.26,131.08,303,16,0,
18,1,top,host,188.29,234.408,56,19,0,
18,1,top,other,531.71,245.592,236,16,0,
18,2,top,host,196.58,228.816,56,19,0,
18,2,top,other,523.42,251.184,236,16,0,
18,3,top,host,204.87,223.224,56,19,0,
18,3,top,other,515.13,256.776,236,16,0,
18,4,top,host,213.16,217.632,56,19,0,
18,4,top,other,506.84,262.368,236,16,0,
18,5,top,host,221.45,212.04,56,19,0,
18,5,top,other,498.55,267.96,236,16,0,
18,6,top,host,229.74,206.448,56,19,0,
18,6,top,other,490.26,273.552,236,16,0,
18,7,top,host,238.03,200.856,56,19,0,
18,7,top,other,481.97,279.144,236,16,0,
18,8,top,host,246.32,195.264,56,19,0,
18,8,top,other,473.68,284.736,236,16,0,
18,9,top,host,254.61,189.672,56,19,0,
18,9,top,other,465.39,290.328,236,16,0,
18,10,top,host,262.9,184.08,56,19,0,
18,10,top,other,457.1,295.92,236,16,0,
18,11,top,host,271.19,178.488,56,19,0,
18,11,top,other,448.81,301.512,236,16,0,
18,12,top,host,279.48,172.896,56,19,0,
18,12,top,other,440.52,307.104,236,16,0,
18,13,top,host,287.77,167.304,56,19,0,
18,13,top,other,432.23,312.696,236,16,0,
18,14,top,host,296.06,161.712,56,19,0,
18,14,top,other,423.94,318.288,236,16,0,
18,15,top,host,304.35,156.12,56,19,0,
18,15,top,other,415.65,323.88,236,16,0,
18,16,top,host,312.64,150.528,56,19,0,
18,16,top,other,407.36,329.472,236,16,0,
18,17,top,host,320.93,144.936,56,19,0,
18,17,top,other,399.07,335.064,236,16,0,
18,18,top,host,329.22,139.344,56,19,0,
18,18,top,other,390.78,340.656,236,16,0,
18,19,top,host,337.51,133.752,56,19,0,
18,19,top,other,382.49,346.248,236,16,0,
18,20,top,host,345.8,128.16,56,23,0,
18,20,top,other,374.2,351.84,236,17,0,
18,21,top,host,345.8,128.16,56,23,0,
18,21,top,other,374.2,351.84,236,17,0,
18,22,top,host,345.8,128.16,56,23,0,
18,22,top,other,374.2,351.84,236,17,0,
19,1,top,host,188.387,245.446,123,23,0,
19,1,top,other,531.71,234.408,304,17,0,
19,2,top,host,196.774,250.892,123,23,0,
19,2,top,other,523.42,228.816,304,17,0,
19,3,top,host,205.161,256.338,123,23,0,
19,3,top,other,515.13,223.224,304,17,0,
19,4,top,host,213.548,261.784,123,23,0,
19,4,top,other,506.84,217.632,304,17,0,
19,5,top,host,221.935,267.23,123,23,0,
19,5,top,other,498.55,212.04,304,17,0,
19,6,top,host,230.322,272.676,123,23,0,
19,6,top,other,490.26,206.448,304,17,0,
19,7,top,host,238.709,278.122,123,23,0,
19,7,top,other,481.97,200.856,304,17,0,
19,8,top,host,247.096,283.568,123,23,0,
19,8,top,other,473.68,195.264,304,17,0,
19,9,top,host,255.483,289.014,123,23,0,
19,9,top,other,465.39,189.672,304,17,0,
19,10,top,host,263.87,294.46,123,23,0,
19,10,top,other,457.1,184.08,304,17,0,
19,11,top,host,272.257,299.906,123,23,0,
19,11,top,other,448.81,178.488,304,17,0,
19,12,top,host,280.644,305.352,123,23,0,
19,12,top,other,440.52,172.896,304,17,0,
19,13,top,host,289.031,310.798,123,23,0,
19,13,top,other,432.23,167.304,304,17,0,
19,14,top,host,297.418,316.244,123,23,0,
19,14,top,other,423.94,161.712,304,17,0,
19,15,top,host,305.805,321.69,123,23,0,
19,15,top,other,415.65,156.12,304,17,0,
19,16,top,host,314.192,327.136,123,23,0,
19,16,top,other,407.36,150.528,304,17,0,
19,17,top,host,322.579,332.582,123,23,0,
19,17,top,other,399.07,144.936,304,17,0,
19,18,top,host,330.966,338.028,123,23,0,
19,18,top,other,390.78,139.344,304,17,0,
19,19,top,host,339.353,343.474,123,23,0,
19,19,top,other,382.49,133.752,304,17,0,
19,20,top,host,347.74,348.92,123,24,0,
19,20,top,other,374.2,128.16,304,21,0,
19,21,top,host,347.74,348.92,123,24,0,
19,21,top,other,374.2,128.16,304,21,0,
19,22,top,host,347.74,348.92,123,24,0,
19,22,top,other,374.2,128.16,304,21,0,
20,1,top,host,188.29,234.408,56,24,0,
20,1,top,other,531.71,245.592,236,21,0,
20,2,top,host,196.58,228.816,56,24,0,
20,2,top,other,523.42,251.184,236,21,0,
20,3,top,host,204.87,223.224,56,24,0,
20,3,top,other,515.13,256.776,236,21,0,
20,4,top,host,213.16,217.632,56,24,0,
20,4,top,other,506.84,262.368,236,21,0,
20,5,top,host,221.45,212.04,56,24,0,
20,5,top,other,498.55,267.96,236,21,0,
20,6,top,host,229.74,206.448,56,24,0,
20,6,top,other,490.26,273.552,236,21,0,
20,7,top,host,238.03,200.856,56,24,0,
20,7,top,other,481.97,279.144,236,21,0,
20,8,top,host,246.32,195.264,56,24,0,
20,8,top,other,473.68,284.736,236,21,0,
20,9,top,host,254.61,189.672,56,24,0,
20,9,top,other,465.39,290.328,236,21,0,
20,10,top,host,262.9,184.08,56,24,0,
20,10,top,other,457.1,295.92,236,21,0,
20,11,top,host,271.19,178.488,56,24,0,
20,11,top,other,448.81,301.512,236,21,0,
20,12,top,host,279.48,172.896,56,24,0,
20,12,top,other,440.52,307.104,236,21,0,
20,13,top,host,287.77,167.304,56,24,0,
20,13,top,other,432.23,312.696,236,21,0,
20,14,top,host,296.06,161.712,56,24,0,
20,14,top,other,423.94,318.288,236,21,0,
20,15,top,host,304.35,156.12,56,24,0,
20,15,top,other,415.65,323.88,236,21,0,
20,16,top,host,312.64,150.528,56,24,0,
20,16,top,other,407.36,329.472,236,21,0,
20,17,top,host,320.93,144.936,56,24,0,
20,17,top,other,399.07,335.064,236,21,0,
20,18,top,host,329.22,139.344,56,24,0,
20,18,top,other,390.78,340.656,236,21,0,
20,19,top,host,337.51,133.752,56,24,0,
20,19,top,other,382.49,346.248,236,21,0,
20,20,top,host,345.8,128.16,56,28,0,
20,20,top,other,374.2,351.84,236,22,0,
20,21,top,host,345.8,128.16,56,28,0,
20,21,top,other,374.2,351.84,236,22,0,
20,22,top,host,345.8,128.16,56,28,0,
20,22,top,other,374.2,351.84,236,22,0,
21,1,top,host,188.29,245.592,124,28,0,
21,1,top,other,531.71,234.408,304,22,0,
21,2,top,host,196.58,251.184,124,28,0,
21,2,top,other,523.42,228.816,304,22,0,
21,3,top,host,204.87,256.776,124,28,0,
21,3,top,other,515.13,223.224,304,22,0,
21,4,top,host,213.16,262.368,124,28,0,
21,4,top,other,506.84,217.632,304,22,0,
21,5,top,host,221.45,267.96,124,28,0,
21,5,top,other,498.55,212.04,304,22,0,
21,6,top,host,229.74,273.552,124,28,0,
21,6,top,other,490.26,206.448,304,22,0,
21,7,top,host,238.03,279.144,124,28,0,
21,7,top,other,481.97,200.856,304,22,0,
21,8,top,host,246.32,284.736,124,28,0,
21,8,top,other,473.68,195.264,304,22,0,
21,9,top,host,254.61,290.328,124,28,0,
21,9,top,other,465.39,189.672,304,22,0,
21,10,top,host,262.9,295.92,124,28,0,
21,10,top,other,457.1,184.08,304,22,0,
21,11,top,host,271.19,301.512,124,28,0,
21,11,top,other,448.81,178.488,304,22,0,
21,12,top,host,279.48,307.104,124,28,0,
21,12,top,other,440.52,172.896,304,22,0,
21,13,top,host,287.77,312.696,124,28,0,
21,13,top,other,432.23,167.304,304,22,0,
21,14,top,host,296.06,318.288,124,28,0,
21,14,top,other,423.94,161.712,304,22,0,
21,15,top,host,304.35,323.88,124,28,0,
21,15,top,other,415.65,156.12,304,22,0,
21,16,top,host,312.64,329.472,124,28,0,
21,16,top,other,407.36,150.528,304,22,0,
21,17,top,host,320.93,335.064,124,28,0,
21,17,top,other,399.07,144.936,304,22,0,
21,18,top,host,329.22,340.656,124,28,0,
21,18,top,other,390.78,139.344,304,22,0,
21,19,top,host,337.51,346.248,124,28,0,
21,19,top,other,382.49,133.752,304,22,0,
21,20,top,host,345.8,351.84,124,29,0,
21,20,top,other,374.2,128.16,304,26,0,
21,21,top,host,345.8,351.84,124,29,0,
21,21,top,other,374.2,128.16,304,26,0,
21,22,top,host,345.8,351.84,124,29,0,
21,22,top,other,374.2,128.16,304,26,0,
22,1,top,host,188.29,234.408,56,29,0,
22,1,top,other,531.808,245.736,235,26,0,
22,2,top,host,196.58,228.816,56,29,0,
22,2,top,other,523.616,251.472,235,26,0,
22,3,top,host,204.87,223.224,56,29,0,
22,3,top,other,515.424,257.208,235,26,0,
22,4,top,host,213.16,217.632,56,29,0,
22,4,top,other,507.232,262.944,235,26,0,
22,5,top,host,221.45,212.04,56,29,0,
22,5,top,other,499.04,268.68,235,26,0,
22,6,top,host,229.74,206.448,56,29,0,
22,6,top,other,490.848,274.416,235,26,0,
22,7,top,host,238.03,200.856,56,29,0,
22,7,top,other,482.656,280.152,235,26,0,
22,8,top,host,246.32,195.264,56,29,0,
22,8,top,other,474.464,285.888,235,26,0,
22,9,top,host,254.61,189.672,56,29,0,
22,9,top,other,466.272,291.624,235,26,0,
22,10,top,host,262.9,184.08,56,29,0,
22,10,top,other,458.08,297.36,235,26,0,
22,11,top,host,271.19,178.488,56,29,0,
22,11,top,other,449.888,303.096,235,26,0,
22,12,top,host,279.48,172.896,56,29,0,
22,12,top,other,441.696,308.832,235,26,0,
22,13,top,host,287.77,167.304,56,29,0,
22,13,top,other,433.504,314.568,235,26,0,
22,14,top,host,296.06,161.712,56,29,0,
22,14,top,other,425.312,320.304,235,26,0,
22,15,top,host,304.35,156.12,56,29,0,
22,15,top,other,417.12,326.04,235,26,0,
22,16,top,host,312.64,150.528,56,29,0,
22,16,top,other,408.928,331.776,235,26,0,
22,17,top,host,320.93,144.936,56,29,0,
22,17,top,other,400.736,337.512,235,26,0,
22,18,top,host,329.22,139.344,56,29,0,
22,18,top,other,392.544,343.248,235,26,0,
22,19,top,host,337.51,133.752,56,29,0,
22,19,top,other,384.352,348.984,235,26,0,
22,20,top,host,345.8,128.16,56,33,0,
22,20,top,other,376.16,354.72,235,27,0,
22,21,top,host,345.8,128.16,56,33,0,
22,21,top,other,376.16,354.72,235,27,0,
22,22,top,host,345.8,128.16,56,33,0,
22,22,top,other,376.16,354.72,235,27,0,
23,1,bottom,host,188.29,234.408,56,33,0,
23,1,bottom,other,531.613,245.446,237,27,0,
23,2,bottom,host,196.58,228.816,56,33,0,
23,2,bottom,other,523.226,250.892,237,27,0,
23,3,bottom,host,204.87,223.224,56,33,0,
23,3,bottom,other,514.839,256.338,237,27,0,
23,4,bottom,host,213.16,217.632,56,33,0,
23,4,bottom,other,506.452,261.784,237,27,0,
23,5,bottom,host,221.45,212.04,56,33,0,
23,5,bottom,other,498.065,267.23,237,27,0,
23,6,bottom,host,229.74,206.448,56,33,0,
23,6,bottom,other,489.678,272.676,237,27,0,
23,7,bottom,host,238.03,200.856,56,33,0,
23,7,bottom,other,481.291,278.122,237,27,0,
23,8,bottom,host,246.32,195.264,56,33,0,
23,8,bottom,other,472.904,283.568,237,27,0,
23,9,bottom,host,254.61,189.672,56,33,0,
23,9,bottom,other,464.517,289.014,237,27,0,
23,10,bottom,host,262.9,184.08,56,33,0,
23,10,bottom,other,456.13,294.46,237,27,0,
23,11,bottom,host,271.19,178.488,56,33,0,
23,11,bottom,other,447.743,299.906,237,27,0,
23,12,bottom,host,279.48,172.896,56,33,0,
23,12,bottom,other,439.356,305.352,237,27,0,
23,13,bottom,host,287.77,167.304,56,33,0,
23,13,bottom,other,430.969,310.798,237,27,0,
23,14,bottom,host,296.06,161.712,56,33,0,
23,14,bottom,other,422.582,316.244,237,27,0,
23,15,bottom,host,304.35,156.12,56,33,0,
23,15,bottom,other,414.195,321.69,237,27,0,
23,16,bottom,host,312.64,150.528,56,33,0,
23,16,bottom,other,405.808,327.136,237,27,0,
23,17,bottom,host,320.93,144.936,56,33,0,
23,17,bottom,other,397.421,332.582,237,27,0,
23,18,bottom,host,329.22,139.344,56,33,0,
23,18,bottom,other,389.034,338.028,237,27,0,
23,19,bottom,host,337.51,133.752,56,33,0,
23,19,bottom,other,380.647,343.474,237,27,0,
23,20,bottom,host,345.8,128.16,56,34,0,
23,20,bottom,other,372.26,348.92,237,31,0,
23,21,bottom,host,345.8,128.16,56,34,0,
23,21,bottom,other,372.26,348.92,237,31,0,
23,22,bottom,host,345.8,128.16,56,34,0,
23,22,bottom,other,372.26,348.92,237,31,0,
24,1,bottom,host,188.387,245.446,123,34,0,
24,1,bottom,other,531.808,234.264,305,31,0,
24,2,bottom,host,196.774,250.892,123,34,0,
24,2,bottom,other,523.616,228.528,305,31,0,
24,3,bottom,host,205.161,256.338,123,34,0,
24,3,bottom,other,515.424,222.792,305,31,0,
24,4,bottom,host,213.548,261.784,123,34,0,
24,4,bottom,other,507.232,217.056,305,31,0,
24,5,bottom,host,221.935,267.23,123,34,0,
24,5,bottom,other,499.04,211.32,305,31,0,
24,6,bottom,host,230.322,272.676,123,34,0,
24,6,bottom,other,490.848,205.584,305,31,0,
24,7,bottom,host,238.709,278.122,123,34,0,
24,7,bottom,other,482.656,199.848,305,31,0,
24,8,bottom,host,247.096,283.568,123,34,0,
24,8,bottom,other,474.464,194.112,305,31,0,
24,9,bottom,host,255.483,289.014,123,34,0,
24,9,bottom,other,466.272,188.376,305,31,0,
24,10,bottom,host,263.87,294.46,123,34,0,
24,10,bottom,other,458.08,182.64,305,31,0,
24,11,bottom,host,272.257,299.906,123,34,0,
24,11,bottom,other,449.888,176.904,305,31,0,
24,12,bottom,host,280.644,305.352,123,34,0,
24,12,bottom,other,441.696,171.168,305,31,0,
24,13,bottom,host,289.031,310.798,123,34,0,
24,13,bottom,other,433.504,165.432,305,31,0,
24,14,bottom,host,297.418,316.244,123,34,0,
24,14,bottom,other,425.312,159.696,305,31,0,
24,15,bottom,host,305.805,321.69,123,34,0,
24,15,bottom,other,417.12,153.96,305,31,0,
24,16,bottom,host,314.192,327.136,123,34,0,
24,16,bottom,other,408.928,148.224,305,31,0,
24,17,bottom,host,322.579,332.582,123,34,0,
24,17,bottom,other,400.736,142.488,305,31,0,
24,18,bottom,host,330.966,338.028,123,34,0,
24,18,bottom,other,392.544,136.752,305,31,0,
24,19,bottom,host,339.353,343.474,123,34,0,
24,19,bottom,other,384.352,131.016,305,31,0,
24,20,bottom,host,347.74,348.92,123,38,0,
24,20,bottom,other,376.16,125.28,305,32,0,
24,21,bottom,host,347.74,348.92,123,38,0,
24,21,bottom,other,376.16,125.28,305,32,0,
24,22,bottom,host,347.74,348.92,123,38,0,
24,22,bottom,other,376.16,125.28,305,32,0,
25,1,top,host,188.387,245.446,123,38,0,
25,1,top,other,531.808,234.264,305,32,0,
25,2,top,host,196.774,250.892,123,38,0,
25,2,top,other,523.616,228.528,305,32,0,
25,3,top,host,205.161,256.338,123,38,0,
25,3,top,other,515.424,222.792,305,32,0,
25,4,top,host,213.548,261.784,123,38,0,
25,4,top,other,507.232,217.056,305,32,0,
25,5,top,host,221.935,267.23,123,38,0,
25,5,top,other,499.04,211.32,305,32,0,
25,6,top,host,230.322,272.676,123,38,0,
25,6,top,other,490.848,205.584,305,32,0,
25,7,top,host,238.709,278.122,123,38,0,
25,7,top,other,482.656,199.848,305,32,0,
25,8,top,host,247.096,283.568,123,38,0,
25,8,top,other,474.464,194.112,305,32,0,
25,9,top,host,255.483,289.014,123,38,0,
25,9,top,other,466.272,188.376,305,32,0,
25,10,top,host,263.87,294.46,123,38,0,
25,10,top,other,458.08,182.64,305,32,0,
25,11,top,host,272.257,299.906,123,38,0,
25,11,top,other,449.888,176.904,305,32,0,
25,12,top,host,280.644,305.352,123,38,0,
25,12,top,other,441.696,171.168,305,32,0,
25,13,top,host,289.031,310.798,123,38,0,
25,13,top,other,433.504,165.432,305,32,0,
25,14,top,host,297.418,316.244,123,38,0,
25,14,top,other,425.312,159.696,305,32,0,
25,15,top,host,305.805,321.69,123,38,0,
25,15,top,other,417.12,153.96,305,32,0,
25,16,top,host,314.192,327.136,123,38,0,
25,16,top,other,408.928,148.224,305,32,0,
25,17,top,host,322.579,332.582,123,38,0,
25,17,top,other,400.736,142.488,305,32,0,
25,18,top,host,330.966,338.028,123,38,0,
25,18,top,other,392.544,136.752,305,32,0,
25,19,top,host,339.353,343.474,123,38,0,
25,19,top,other,384.352,131.016,305,32,0,
25,20,top,host,347.74,348.92,123,39,0,
25,20,top,other,376.16,125.28,305,36,0,
25,21,top,host,347.74,348.92,123,39,0,
25,21,top,other,376.16,125.28,305,36,0,
25,22,top,host,347.74,348.92,123,39,0,
25,22,top,other,376.16,125.28,305,36,0,
26,1,top,host,188.387,234.554,57,39,0,
26,1,top,other,531.808,245.736,235,36,0,
26,2,top,host,196.774,229.108,57,39,0,
26,2,top,other,523.616,251.472,235,36,0,
26,3,top,host,205.161,223.662,57,39,0,
26,3,top,other,515.424,257.208,235,36,0,
26,4,top,host,213.548,218.216,57,39,0,
26,4,top,other,507.232,262.944,235,36,0,
26,5,top,host,221.935,212.77,57,39,0,
26,5,top,other,499.04,268.68,235,36,0,
26,6,top,host,230.322,207.324,57,39,0,
26,6,top,other,490.848,274.416,235,36,0,
26,7,top,host,238.709,201.878,57,39,0,
26,7,top,other,482.656,280.152,235,36,0,
26,8,top,host,247.096,196.432,57,39,0,
26,8,top,other,474.464,285.888,235,36,0,
26,9,top,host,255.483,190.986,57,39,0,
26,9,top,other,466.272,291.624,235,36,0,
26,10,top,host,263.87,185.54,57,39,0,
26,10,top,other,458.08,297.36,235,36,0,
26,11,top,host,272.257,180.094,57,39,0,
26,11,top,other,449.888,303.096,235,36,0,
26,12,top,host,280.644,174.648,57,39,0,
26,12,top,other,441.696,308.832,235,36,0,
26,13,top,host,289.031,169.202,57,39,0,
26,13,top,other,433.504,314.568,235,36,0,
26,14,top,host,297.418,163.756,57,39,0,
26,14,top,other,425.312,320.304,235,36,0,
26,15,top,host,305.805,158.31,57,39,0,
26,15,top,other,417.12,326.04,235,36,0,
26,16,top,host,314.192,152.864,57,39,0,
26,16,top,other,408.928,331.776,235,36,0,
26,17,top,host,322.579,147.418,57,39,0,
26,17,top,other,400.736,337.512,235,36,0,
26,18,top,host,330.966,141.972,57,39,0,
26,18,top,other,392.544,343.248,235,36,0,
26,19,top,host,339.353,136.526,57,39,0,
26,19,top,other,384.352,348.984,235,36,0,
26,20,top,host,347.74,131.08,57,43,0,
26,20,top,other,376.16,354.72,235,37,0,
26,21,top,host,347.74,131.08,57,43,0,
26,21,top,other,376.16,354.72,235,37,0,
26,22,top,host,347.74,131.08,57,43,0,
26,22,top,other,376.16,354.72,235,37,0,
27,1,top,host,188.29,245.592,124,43,0,
27,1,top,other,531.71,234.408,304,37,0,
27,2,top,host,196.58,251.184,124,43,0,
27,2,top,other,523.42,228.816,304,37,0,
27,3,top,host,204.87,256.776,124,43,0,
27,3,top,other,515.13,223.224,304,37,0,
27,4,top,host,213.16,262.368,124,43,0,
27,4,top,other,506.84,217.632,304,37,0,
27,5,top,host,221.45,267.96,124,43,0,
27,5,top,other,498.55,212.04,304,37,0,
27,6,top,host,229.74,273.552,124,43,0,
27,6,top,other,490.26,206.448,304,37,0,
27,7,top,host,238.03,279.144,124,43,0,
27,7,top,other,481.97,200.856,304,37,0,
27,8,top,host,246.32,284.736,124,43,0,
27,8,top,other,473.68,195.264,304,37,0,
27,9,top,host,254.61,290.328,124,43,0,
27,9,top,other,465.39,189.672,304,37,0,
27,10,top,host,262.9,295.92,124,43,0,
27,10,top,other,457.1,184.08,304,37,0,
27,11,top,host,271.19,301.512,124,43,0,
27,11,top,other,448.81,178.488,304,37,0,
27,12,top,host,279.48,307.104,124,43,0,
27,12,top,other,440.52,172.896,304,37,0,
27,13,top,host,287.77,312.696,124,43,0,
27,13,top,other,432.23,167.304,304,37,0,
27,14,top,host,296.06,318.288,124,43,0,
27,14,top,other,423.94,161.712,304,37,0,
27,15,top,host,304.35,323.88,124,43,0,
27,15,top,other,415.65,156.12,304,37,0,
27,16,top,host,312.64,329.472,124,43,0,
27,16,top,other,407.36,150.528,304,37,0,
27,17,top,host,320.93,335.064,124,43,0,
27,17,top,other,399.07,144.936,304,37,0,
27,18,top,host,329.22,340.656,124,43,0,
27,18,top,other,390.78,139.344,304,37,0,
27,19,top,host,337.51,346.248,124,43,0,
27,19,top,other,382.49,133.752,304,37,0,
27,20,top,host,345.8,351.84,124,44,0,
27,20,top,other,374.2,128.16,304,41,0,
27,21,top,host,345.8,351.84,124,44,0,
27,21,top,other,374.2,128.16,304,41,0,
27,22,top,host,345.8,351.84,124,44,0,
27,22,top,other,374.2,128.16,304,41,0,
28,1,bottom,host,188.29,245.592,124,44,0,
28,1,bottom,other,531.71,234.408,304,41,0,
28,2,bottom,host,196.58,251.184,124,44,0,
28,2,bottom,other,523.42,228.816,304,41,0,
28,3,bottom,host,204.87,256.776,124,44,0,
28,3,bottom,other,515.13,223.224,304,41,0,
28,4,bottom,host,213.16,262.368,124,44,0,
28,4,bottom,other,506.84,217.632,304,41,0,
28,5,bottom,host,221.45,267.96,124,44,0,
28,5,bottom,other,498.55,212.04,304,41,0,
28,6,bottom,host,229.74,273.552,124,44,0,
28,6,bottom,other,490.26,206.448,304,41,0,
28,7,bottom,host,238.03,279.144,124,44,0,
28,7,bottom,other,481.97,200.856,304,41,0,
28,8,bottom,host,246.32,284.736,124,44,0,
28,8,bottom,other,473.68,195.264,304,41,0,
28,9,bottom,host,254.61,290.328,124,44,0,
28,9,bottom,other,465.39,189.672,304,41,0,
28,10,bottom,host,262.9,295.92,124,44,0,
28,10,bottom,other,457.1,184.08,304,41,0,
28,11,bottom,host,271.19,301.512,124,44,0,
28,11,bottom,other,448.81,178.488,304,41,0,
28,12,bottom,host,279.48,307.104,124,44,0,
28,12,bottom,other,440.52,172.896,304,41,0,
28,13,bottom,host,287.77,312.696,124,44,0,
28,13,bottom,other,432.23,167.304,304,41,0,
28,14,bottom,host,296.06,318.288,124,44,0,
28,14,bottom,other,423.94,161.712,304,41,0,
28,15,bottom,host,304.35,323.88,124,44,0,
28,15,bottom,other,415.65,156.12,304,41,0,
28,16,bottom,host,312.64,329.472,124,44,0,
28,16,bottom,other,407.36,150.528,304,41,0,
28,17,bottom,host,320.93,335.064,124,44,0,
28,17,bottom,other,399.07,144.936,304,41,0,
28,18,bottom,host,329.22,340.656,124,44,0,
28,18,bottom,other,390.78,139.344,304,41,0,
28,19,bottom,host,337.51,346.248,124,44,0,
28,19,bottom,other,382.49,133.752,304,41,0,
28,20,bottom,host,345.8,351.84,124,48,0,
28,20,bottom,other,374.2,128.16,304,42,0,
28,21,bottom,host,345.8,351.84,124,48,0,
28,21,bottom,other,374.2,128.16,304,42,0,
28,22,bottom,host,345.8,351.84,124,48,0,
28,22,bottom,other,374.2,128.16,304,42,0,
29,1,top,host,188.29,245.592,124,48,0,
29,1,top,other,531.71,234.408,304,42,0,
29,2,top,host,196.58,251.184,124,48,0,
29,2,top,other,523.42,228.816,304,42,0,
29,3,top,host,204.87,256.776,124,48,0,
29,3,top,other,515.13,223.224,304,42,0,
29,4,top,host,213.16,262.368,124,48,0,
29,4,top,other,506.84,217.632,304,42,0,
29,5,top,host,221.45,267.96,124,48,0,
29,5,top,other,498.55,212.04,304,42,0,
29,6,top,host,229.74,273.552,124,48,0,
29,6,top,other,490.26,206.448,304,42,0,
29,7,top,host,238.03,279.144,124,48,0,
29,7,top,other,481.97,200.856,304,42,0,
29,8,top,host,246.32,284.736,124,48,0,
29,8,top,other,473.68,195.264,304,42,0,
29,9,top,host,254.61,290.328,124,48,0,
29,9,top,other,465.39,189.672,304,42,0,
29,10,top,host,262.9,295.92,124,48,0,
29,10,top,other,457.1,184.08,304,42,0,
29,11,top,host,271.19,301.512,124,48,0,
29,11,top,other,448.81,178.488,304,42,0,
29,12,top,host,279.48,307.104,124,48,0,
29,12,top,other,440.52,172.896,304,42,0,
29,13,top,host,287.77,312.696,124,48,0,
29,13,top,other,432.23,167.304,304,42,0,
29,14,top,host,296.06,318.288,124,48,0,
29,14,top,other,423.94,161.712,304,42,0,
29,15,top,host,304.35,323.88,124,48,0,
29,15,top,other,415.65,156.12,304,42,0,
29,16,top,host,312.64,329.472,124,48,0,
29,16,top,other,407.36,150.528,304,42,0,
29,17,top,host,320.93,335.064,124,48,0,
29,17,top,other,399.07,144.936,304,42,0,
29,18,top,host,329.22,340.656,124,48,0,
29,18,top,other,390.78,139.344,304,42,0,
29,19,top,host,337.51,346.248,124,48,0,
29,19,top,other,382.49,133.752,304,42,0,
29,20,top,host,345.8,351.84,124,49,0,
29,20,top,other,374.2,128.16,304,46,0,
29,21,top,host,345.8,351.84,124,49,0,
29,21,top,other,374.2,128.16,304,46,0,
29,22,top,host,345.8,351.84,124,49,0,
29,22,top,other,374.2,128.16,304,46,0,
30,1,bottom,host,188.29,245.592,124,49,0,
30,1,bottom,other,531.71,234.408,304,46,0,
30,2,bottom,host,196.58,251.184,124,49,0,
30,2,bottom,other,523.42,228.816,304,46,0,
30,3,bottom,host,204.87,256.776,124,49,0,
30,3,bottom,other,515.13,223.224,304,46,0,
30,4,bottom,host,213.16,262.368,124,49,0,
30,4,bottom,other,506.84,217.632,304,46,0,
30,5,bottom,host,221.45,267.96,124,49,0,
30,5,bottom,other,498.55,212.04,304,46,0,
30,6,bottom,host,229.74,273.552,124,49,0,
30,6,bottom,other,490.26,206.448,304,46,0,
30,7,bottom,host,238.03,279.144,124,49,0,
30,7,bottom,other,481.97,200.856,304,46,0,
30,8,bottom,host,246.32,284.736,124,49,0,
30,8,bottom,other,473.68,195.264,304,46,0,
30,9,bottom,host,254.61,290.328,124,49,0,
30,9,bottom,other,465.39,189.672,304,46,0,
30,10,bottom,host,262.9,295.92,124,49,0,
30,10,bottom,other,457.1,184.08,304,46,0,
30,11,bottom,host,271.19,301.512,124,49,0,
30,11,bottom,other,448.81,178.488,304,46,0,
30,12,bottom,host,279.48,307.104,124,49,0,
30,12,bottom,other,440.52,172.896,304,46,0,
30,13,bottom,host,287.77,312.696,124,49,0,
30,13,bottom,other,432.23,167.304,304,46,0,
30,14,bottom,host,296.06,318.288,124,49,0,
30,14,bottom,other,423.94,161.712,304,46,0,
30,15,bottom,host,304.35,323.88,124,49,0,
30,15,bottom,other,415.65,156.12,304,46,0,
30,16,bottom,host,312.64,329.472,124,49,0,
30,16,bottom,other,407.36,150.528,304,46,0,
30,17,bottom,host,320.93,335.064,124,49,0,
30,17,bottom,other,399.07,144.936,304,46,0,
30,18,bottom,host,329.22,340.656,124,49,0,
30,18,bottom,other,390.78,139.344,304,46,0,
30,19,bottom,host,337.51,346.248,124,49,0,
30,19,bottom,other,382.49,133.752,304,46,0,
30,20,bottom,host,345.8,351.84,124,53,0,
30,20,bottom,other,374.2,128.16,304,47,0,
30,21,bottom,host,345.8,351.84,124,53,0,
30,21,bottom,other,374.2,128.16,304,47,0,
30,22,bottom,host,345.8,351.84,124,53,0,
30,22,bottom,other,374.2,128.16,304,47,0,
31,1,bottom,host,188.29,234.408,56,53,0,
31,1,bottom,other,531.71,245.592,236,47,0,
31,2,bottom,host,196.58,228.816,56,53,0,
31,2,bottom,other,523.42,251.184,236,47,0,
31,3,bottom,host,204.87,223.224,56,53,0,
31,3,bottom,other,515.13,256.776,236,47,0,
31,4,bottom,host,213.16,217.632,56,53,0,
31,4,bottom,other,506.84,262.368,236,47,0,
31,5,bottom,host,221.45,212.04,56,53,0,
31,5,bottom,other,498.55,267.96,236,47,0,
31,6,bottom,host,229.74,206.448,56,53,0,
31,6,bottom,other,490.26,273.552,236,47,0,
31,7,bottom,host,238.03,200.856,56,53,0,
31,7,bottom,other,481.97,279.144,236,47,0,
31,8,bottom,host,246.32,195.264,56,53,0,
31,8,bottom,other,473.68,284.736,236,47,0,
31,9,bottom,host,254.61,189.672,56,53,0,
31,9,bottom,other,465.39,290.328,236,47,0,
31,10,bottom,host,262.9,184.08,56,53,0,
31,10,bottom,other,457.1,295.92,236,47,0,
31,11,bottom,host,271.19,178.488,56,53,0,
31,11,bottom,other,448.81,301.512,236,47,0,
31,12,bottom,host,279.48,172.896,56,53,0,
31,12,bottom,other,440.52,307.104,236,47,0,
31,13,bottom,host,287.77,167.304,56,53,0,
31,13,bottom,other,432.23,312.696,236,47,0,
31,14,bottom,host,296.06,161.712,56,53,0,
31,14,bottom,other,423.94,318.288,236,47,0,
31,15,bottom,host,304.35,156.12,56,53,0,
31,15,bottom,other,415.65,323.88,236,47,0,
31,16,bottom,host,312.64,150.528,56,53,0,
31,16,bottom,other,407.36,329.472,236,47,0,
31,17,bottom,host,320.93,144.936,56,53,0,
31,17,bottom,other,399.07,335.064,236,47,0,
31,18,bottom,host,329.22,139.344,56,53,0,
31,18,bottom,other,390.78,340.656,236,47,0,
31,19,bottom,host,337.51,133.752,56,53,0,
31,19,bottom,other,382.49,346.248,236,47,0,
31,20,bottom,host,345.8,128.16,56,54,0,
31,20,bottom,other,374.2,351.84,236,51,0,
31,21,bottom,host,345.8,128.16,56,54,0,
31,21,bottom,other,374.2,351.84,236,51,0,
31,22,bottom,host,345.8,128.16,56,54,0,
31,22,bottom,other,374.2,351.84,236,51,0,
32,1,top,host,188.29,234.408,56,54,0,
32,1,top,other,531.71,245.592,236,51,0,
32,2,top,host,196.58,228.816,56,54,0,
32,2,top,other,523.42,251.184,236,51,0,
32,3,top,host,204.87,223.224,56,54,0,
32,3,top,other,515.13,256.776,236,51,0,
32,4,top,host,213.16,217.632,56,54,0,
32,4,top,other,506.84,262.368,236,51,0,
32,5,top,host,221.45,212.04,56,54,0,
32,5,top,other,498.55,267.96,236,51,0,
32,6,top,host,229.74,206.448,56,54,0,
32,6,top,other,490.26,273.552,236,51,0,
32,7,top,host,238.03,200.856,56,54,0,
32,7,top,other,481.97,279.144,236,51,0,
32,8,top,host,246.32,195.264,56,54,0,
32,8,top,other,473.68,284.736,236,51,0,
32,9,top,host,254.61,189.672,56,54,0,
32,9,top,other,465.39,290.328,236,51,0,
32,10,top,host,262.9,184.08,56,54,0,
32,10,top,other,457.1,295.92,236,51,0,
32,11,top,host,271.19,178.488,56,54,0,
32,11,top,other,448.81,301.512,236,51,0,
32,12,top,host,279.48,172.896,56,54,0,
32,12,top,other,440.52,307.104,236,51,0,
32,13,top,host,287.77,167.304,56,54,0,
32,13,top,other,432.23,312.696,236,51,0,
32,14,top,host,296.06,161.712,56,54,0,
32,14,top,other,423.94,318.288,236,51,0,
32,15,top,host,304.35,156.12,56,54,0,
32,15,top,other,415.65,323.88,236,51,0,
32,16,top,host,312.64,150.528,56,54,0,
32,16,top,other,407.36,329.472,236,51,0,
32,17,top,host,320.93,144.936,56,54,0,
32,17,top,other,399.07,335.064,236,51,0,
32,18,top,host,329.22,139.344,56,54,0,
32,18,top,other,390.78,340.656,236,51,0,
32,19,top,host,337.51,133.752,56,54,0,
32,19,top,other,382.49,346.248,236,51,0,
32,20,top,host,345.8,128.16,56,58,0,
32,20,top,other,374.2,351.84,236,52,0,
32,21,top,host,345.8,128.16,56,58,0,
32,21,top,other,374.2,351.84,236,52,0,
32,22,top,host,345.8,128.16,56,58,0,
32,22,top,other,374.2,351.84,236,52,0,
33,1,top,host,188.387,245.446,123,58,0,
33,1,top,other,531.71,234.408,304,52,0,
33,2,top,host,196.774,250.892,123,58,0,
33,2,top,other,523.42,228.816,304,52,0,
33,3,top,host,205.161,256.338,123,58,0,
33,3,top,other,515.13,223.224,304,52,0,
33,4,top,host,213.548,261.784,123,58,0,
33,4,top,other,506.84,217.632,304,52,0,
33,5,top,host,221.935,267.23,123,58,0,
33,5,top,other,498.55,212.04,304,52,0,
33,6,top,host,230.322,272.676,123,58,0,
33,6,top,other,490.26,206.448,304,52,0,
33,7,top,host,238.709,278.122,123,58,0,
33,7,top,other,481.97,200.856,304,52,0,
33,8,top,host,247.096,283.568,123,58,0,
33,8,top,other,473.68,195.264,304,52,0,
33,9,top,host,255.483,289.014,123,58,0,
33,9,top,other,465.39,189.672,304,52,0,
33,10,top,host,263.87,294.46,123,58,0,
33,10,top,other,457.1,184.08,304,52,0,
33,11,top,host,272.257,299.906,123,58,0,
33,11,top,other,448.81,178.488,304,52,0,
33,12,top,host,280.644,305.352,123,58,0,
33,12,top,other,440.52,172.896,304,52,0,
33,13,top,host,289.031,310.798,123,58,0,
33,13,top,other,432.23,167.304,304,52,0,
33,14,top,host,297.418,316.244,123,58,0,
33,14,top,other,423.94,161.712,304,52,0,
33,15,top,host,305.805,321.69,123,58,0,
33,15,top,other,415.65,156.12,304,52,0,
33,16,top,host,314.192,327.136,123,58,0,
33,16,top,other,407.36,150.528,304,52,0,
33,17,top,host,322.579,332.582,123,58,0,
33,17,top,other,399.07,144.936,304,52,0,
33,18,top,host,330.966,338.028,123,58,0,
33,18,top,other,390.78,139.344,304,52,0,
33,19,top,host,339.353,343.474,123,58,0,
33,19,top,other,382.49,133.752,304,52,0,
33,20,top,host,347.74,348.92,123,59,0,
33,20,top,other,374.2,128.16,304,56,0,
33,21,top,host,347.74,348.92,123,59,0,
33,21,top,other,374.2,128.16,304,56,0,
33,22,top,host,347.74,348.92,123,59,0,
33,22,top,other,374.2,128.16,304,56,0,
34,1,bottom,host,188.387,245.446,123,59,0,
34,1,bottom,other,531.71,234.408,304,56,0,
34,2,bottom,host,196.774,250.892,123,59,0,
34,2,bottom,other,523.42,228.816,304,56,0,
34,3,bottom,host,205.161,256.338,123,59,0,
34,3,bottom,other,515.13,223.224,304,56,0,
34,4,bottom,host,213.548,261.784,123,59,0,
34,4,bottom,other,506.84,217.632,304,56,0,
34,5,bottom,host,221.935,267.23,123,59,0,
34,5,bottom,other,498.55,212.04,304,56,0,
34,6,bottom,host,230.322,272.676,123,59,0,
34,6,bottom,other,490.26,206.448,304,56,0,
34,7,bottom,host,238.709,278.122,123,59,0,
34,7,bottom,other,481.97,200.856,304,56,0,
34,8,bottom,host,247.096,283.568,123,59,0,
34,8,bottom,other,473.68,195.264,304,56,0,
34,9,bottom,host,255.483,289.014,123,59,0,
34,9,bottom,other,465.39,189.672,304,56,0,
34,10,bottom,host,263.87,294.46,123,59,0,
34,10,bottom,other,457.1,184.08,304,56,0,
34,11,bottom,host,272.257,299.906,123,59,0,
34,11,bottom,other,448.81,178.488,304,56,0,
34,12,bottom,host,280.644,305.352,123,59,0,
34,12,bottom,other,440.52,172.896,304,56,0,
34,13,bottom,host,289.031,310.798,123,59,0,
34,13,bottom,other,432.23,167.304,304,56,0,
34,14,bottom,host,297.418,316.244,123,59,0,
34,14,bottom,other,423.94,161.712,304,56,0,
34,15,bottom,host,305.805,321.69,123,59,0,
34,15,bottom,other,415.65,156.12,304,56,0,
34,16,bottom,host,314.192,327.136,123,59,0,
34,16,bottom,other,407.36,150.528,304,56,0,
34,17,bottom,host,322.579,332.582,123,59,0,
34,17,bottom,other,399.07,144.936,304,56,0,
34,18,bottom,host,330.966,338.028,123,59,0,
34,18,bottom,other,390.78,139.344,304,56,0,
34,19,bottom,host,339.353,343.474,123,59,0,
34,19,bottom,other,382.49,133.752,304,56,0,
34,20,bottom,host,347.74,348.92,123,63,0,
34,20,bottom,other,374.2,128.16,304,57,0,
34,21,bottom,host,347.74,348.92,123,63,0,
34,21,bottom,other,374.2,128.16,304,57,0,
34,22,bottom,host,347.74,348.92,123,63,0,
34,22,bottom,other,374.2,128.16,304,57,0,
35,1,bottom,host,188.48,234.701,58,63,0,
35,1,bottom,other,531.613,245.446,237,57,0,
35,2,bottom,host,196.96,229.402,58,63,0,
35,2,bottom,other,523.226,250.892,237,57,0,
35,3,bottom,host,205.44,224.103,58,63,0,
35,3,bottom,other,514.839,256.338,237,57,0,
35,4,bottom,host,213.92,218.804,58,63,0,
35,4,bottom,other,506.452,261.784,237,57,0,
35,5,bottom,host,222.4,213.505,58,63,0,
35,5,bottom,other,498.065,267.23,237,57,0,
35,6,bottom,host,230.88,208.206,58,63,0,
35,6,bottom,other,489.678,272.676,237,57,0,
35,7,bottom,host,239.36,202.907,58,63,0,
35,7,bottom,other,481.291,278.122,237,57,0,
35,8,bottom,host,247.84,197.608,58,63,0,
35,8,bottom,other,472.904,283.568,237,57,0,
35,9,bottom,host,256.32,192.309,58,63,0,
35,9,bottom,other,464.517,289.014,237,57,0,
35,10,bottom,host,264.8,187.01,58,63,0,
35,10,bottom,other,456.13,294.46,237,57,0,
35,11,bottom,host,273.28,181.711,58,63,0,
35,11,bottom,other,447.743,299.906,237,57,0,
35,12,bottom,host,281.76,176.412,58,63,0,
35,12,bottom,other,439.356,305.352,237,57,0,
35,13,bottom,host,290.24,171.113,58,63,0,
35,13,bottom,other,430.969,310.798,237,57,0,
35,14,bottom,host,298.72,165.814,58,63,0,
35,14,bottom,other,422.582,316.244,237,57,0,
35,15,bottom,host,307.2,160.515,58,63,0,
35,15,bottom,other,414.195,321.69,237,57,0,
35,16,bottom,host,315.68,155.216,58,63,0,
35,16,bottom,other,405.808,327.136,237,57,0,
35,17,bottom,host,324.16,149.917,58,63,0,
35,17,bottom,other,397.421,332.582,237,57,0,
35,18,bottom,host,332.64,144.618,58,63,0,
35,18,bottom,other,389.034,338.028,237,57,0,
35,19,bottom,host,341.12,139.319,58,63,0,
35,19,bottom,other,380.647,343.474,237,57,0,
35,20,bottom,host,349.6,134.02,58,64,0,
35,20,bottom,other,372.26,348.92,237,61,0,
35,21,bottom,host,349.6,134.02,58,64,0,
35,21,bottom,other,372.26,348.92,237,61,0,
35,22,bottom,host,349.6,134.02,58,64,0,
35,22,bottom,other,372.26,348.92,237,61,0,
36,1,top,host,188.48,234.701,58,64,0,
36,1,top,other,531.613,245.446,237,61,0,
36,2,top,host,196.96,229.402,58,64,0,
36,2,top,other,523.226,250.892,237,61,0,
36,3,top,host,205.44,224.103,58,64,0,
36,3,top,other,514.839,256.338,237,61,0,
36,4,top,host,213.92,218.804,58,64,0,
36,4,top,other,506.452,261.784,237,61,0,
36,5,top,host,222.4,213.505,58,64,0,
36,5,top,other,498.065,267.23,237,61,0,
36,6,top,host,230.88,208.206,58,64,0,
36,6,top,other,489.678,272.676,237,61,0,
36,7,top,host,239.36,202.907,58,64,0,
36,7,top,other,481.291,278.122,237,61,0,
36,8,top,host,247.84,197.608,58,64,0,
36,8,top,other,472.904,283.568,237,61,0,
36,9,top,host,256.32,192.309,58,64,0,
36,9,top,other,464.517,289.014,237,61,0,
36,10,top,host,264.8,187.01,58,64,0,
36,10,top,other,456.13,294.46,237,61,0,
36,11,top,host,273.28,181.711,58,64,0,
36,11,top,other,447.743,299.906,237,61,0,
36,12,top,host,281.76,176.412,58,64,0,
36,12,top,other,439.356,305.352,237,61,0,
36,13,top,host,290.24,171.113,58,64,0,
36,13,top,other,430.969,310.798,237,61,0,
36,14,top,host,298.72,165.814,58,64,0,
36,14,top,other,422.582,316.244,237,61,0,
36,15,top,host,307.2,160.515,58,64,0,
36,15,top,other,414.195,321.69,237,61,0,
36,16,top,host,315.68,155.216,58,64,0,
36,16,top,other,405.808,327.136,237,61,0,
36,17,top,host,324.16,149.917,58,64,0,
36,17,top,other,397.421,332.582,237,61,0,
36,18,top,host,332.64,144.618,58,64,0,
36,18,top,other,389.034,338.028,237,61,0,
36,19,top,host,341.12,139.319,58,64,0,
36,19,top,other,380.647,343.474,237,61,0,
36,20,top,host,349.6,134.02,58,68,0,
36,20,top,other,372.26,348.92,237,62,0,
36,21,top,host,349.6,134.02,58,68,0,
36,21,top,other,372.26,348.92,237,62,0,
36,22,top,host,349.6,134.02,58,68,0,
36,22,top,other,372.26,348.92,237,62,0,
37,1,bottom,host,188.48,234.701,58,68,0,
37,1,bottom,other,531.613,245.446,237,62,0,
37,2,bottom,host,196.96,229.402,58,68,0,
37,2,bottom,other,523.226,250.892,237,62,0,
37,3,bottom,host,205.44,224.103,58,68,0,
37,3,bottom,other,514.839,256.338,237,62,0,
37,4,bottom,host,213.92,218.804,58,68,0,
37,4,bottom,other,506.452,261.784,237,62,0,
37,5,bottom,host,222.4,213.505,58,68,0,
37,5,bottom,other,498.065,267.23,237,62,0,
37,6,bottom,host,230.88,208.206,58,68,0,
37,6,bottom,other,489.678,272.676,237,62,0,
37,7,bottom,host,239.36,202.907,58,68,0,
37,7,bottom,other,481.291,278.122,237,62,0,
37,8,bottom,host,247.84,197.608,58,68,0,
37,8,bottom,other,472.904,283.568,237,62,0,
37,9,bottom,host,256.32,192.309,58,68,0,
37,9,bottom,other,464.517,289.014,237,62,0,
37,10,bottom,host,264.8,187.01,58,68,0,
37,10,bottom,other,456.13,294.46,237,62,0,
37,11,bottom,host,273.28,181.711,58,68,0,
37,11,bottom,other,447.743,299.906,237,62,0,
37,12,bottom,host,281.76,176.412,58,68,0,
37,12,bottom,other,439.356,305.352,237,62,0,
37,13,bottom,host,290.24,171.113,58,68,0,
37,13,bottom,other,430.969,310.798,237,62,0,
37,14,bottom,host,298.72,165.814,58,68,0,
37,14,bottom,other,422.582,316.244,237,62,0,
37,15,bottom,host,307.2,160.515,58,68,0,
37,15,bottom,other,414.195,321.69,237,62,0,
37,16,bottom,host,315.68,155.216,58,68,0,
37,16,bottom,other,405.808,327.136,237,62,0,
37,17,bottom,host,324.16,149.917,58,68,0,
37,17,bottom,other,397.421,332.582,237,62,0,
37,18,bottom,host,332.64,144.618,58,68,0,
37,18,bottom,other,389.034,338.028,237,62,0,
37,19,bottom,host,341.12,139.319,58,68,0,
37,19,bottom,other,380.647,343.474,237,62,0,
37,20,bottom,host,349.6,134.02,58,69,0,
37,20,bottom,other,372.26,348.92,237,66,0,
37,21,bottom,host,349.6,134.02,58,69,0,
37,21,bottom,other,372.26,348.92,237,66,0,
37,22,bottom,host,349.6,134.02,58,69,0,
37,22,bottom,other,372.26,348.92,237,66,0,
38,1,bottom,host,188.29,245.592,124,69,0,
38,1,bottom,other,531.808,234.264,305,66,0,
38,2,bottom,host,196.58,251.184,124,69,0,
38,2,bottom,other,523.616,228.528,305,66,0,
38,3,bottom,host,204.87,256.776,124,69,0,
38,3,bottom,other,515.424,222.792,305,66,0,
38,4,bottom,host,213.16,262.368,124,69,0,
38,4,bottom,other,507.232,217.056,305,66,0,
38,5,bottom,host,221.45,267.96,124,69,0,
38,5,bottom,other,499.04,211.32,305,66,0,
38,6,bottom,host,229.74,273.552,124,69,0,
38,6,bottom,other,490.848,205.584,305,66,0,
38,7,bottom,host,238.03,279.144,124,69,0,
38,7,bottom,other,482.656,199.848,305,66,0,
38,8,bottom,host,246.32,284.736,124,69,0,
38,8,bottom,other,474.464,194.112,305,66,0,
38,9,bottom,host,254.61,290.328,124,69,0,
38,9,bottom,other,466.272,188.376,305,66,0,
38,10,bottom,host,262.9,295.92,124,69,0,
38,10,bottom,other,458.08,182.64,305,66,0,
38,11,bottom,host,271.19,301.512,124,69,0,
38,11,bottom,other,449.888,176.904,305,66,0,
38,12,bottom,host,279.48,307.104,124,69,0,
38,12,bottom,other,441.696,171.168,305,66,0,
38,13,bottom,host,287.77,312.696,124,69,0,
38,13,bottom,other,433.504,165.432,305,66,0,
38,14,bottom,host,296.06,318.288,124,69,0,
38,14,bottom,other,425.312,159.696,305,66,0,
38,15,bottom,host,304.35,323.88,124,69,0,
38,15,bottom,other,417.12,153.96,305,66,0,
38,16,bottom,host,312.64,329.472,124,69,0,
38,16,bottom,other,408.928,148.224,305,66,0,
38,17,bottom,host,320.93,335.064,124,69,0,
38,17,bottom,other,400.736,142.488,305,66,0,
38,18,bottom,host,329.22,340.656,124,69,0,
38,18,bottom,other,392.544,136.752,305,66,0,
38,19,bottom,host,337.51,346.248,124,69,0,
38,19,bottom,other,384.352,131.016,305,66,0,
38,20,bottom,host,345.8,351.84,124,73,0,
38,20,bottom,other,376.16,125.28,305,67,0,
38,21,bottom,host,345.8,351.84,124,73,0,
38,21,bottom,other,376.16,125.28,305,67,0,
38,22,bottom,host,345.8,351.84,124,73,0,
38,22,bottom,other,376.16,125.28,305,67,0,
39,1,bottom,host,188.29,234.408,56,73,0,
39,1,bottom,other,531.808,245.736,235,67,0,
39,2,bottom,host,196.58,228.816,56,73,0,
39,2,bottom,other,523.616,251.472,235,67,0,
39,3,bottom,host,204.87,223.224,56,73,0,
39,3,bottom,other,515.424,257.208,235,67,0,
39,4,bottom,host,213.16,217.632,56,73,0,
39,4,bottom,other,507.232,262.944,235,67,0,
39,5,bottom,host,221.45,212.04,56,73,0,
39,5,bottom,other,499.04,268.68,235,67,0,
39,6,bottom,host,229.74,206.448,56,73,0,
39,6,bottom,other,490.848,274.416,235,67,0,
39,7,bottom,host,238.03,200.856,56,73,0,
39,7,bottom,other,482.656,280.152,235,67,0,
39,8,bottom,host,246.32,195.264,56,73,0,
39,8,bottom,other,474.464,285.888,235,67,0,
39,9,bottom,host,254.61,189.672,56,73,0,
39,9,bottom,other,466.272,291.624,235,67,0,
39,10,bottom,host,262.9,184.08,56,73,0,
39,10,bottom,other,458.08,297.36,235,67,0,
39,11,bottom,host,271.19,178.488,56,73,0,
39,11,bottom,other,449.888,303.096,235,67,0,
39,12,bottom,host,279.48,172.896,56,73,0,
39,12,bottom,other,441.696,308.832,235,67,0,
39,13,bottom,host,287.77,167.304,56,73,0,
39,13,bottom,other,433.504,314.568,235,67,0,
39,14,bottom,host,296.06,161.712,56,73,0,
39,14,bottom,other,425.312,320.304,235,67,0,
39,15,bottom,host,304.35,156.12,56,73,0,
39,15,bottom,other,417.12,326.04,235,67,0,
39,16,bottom,host,312.64,150.528,56,73,0,
39,16,bottom,other,408.928,331.776,235,67,0,
39,17,bottom,host,320.93,144.936,56,73,0,
39,17,bottom,other,400.736,337.512,235,67,0,
39,18,bottom,host,329.22,139.344,56,73,0,
39,18,bottom,other,392.544,343.248,235,67,0,
39,19,bottom,host,337.51,133.752,56,73,0,
39,19,bottom,other,384.352,348.984,235,67,0,
39,20,bottom,host,345.8,128.16,56,74,0,
39,20,bottom,other,376.16,354.72,235,71,0,
39,21,bottom,host,345.8,128.16,56,74,0,
39,21,bottom,other,376.16,354.72,235,71,0,
39,22,bottom,host,345.8,128.16,56,74,0,
39,22,bottom,other,376.16,354.72,235,71,0,
40,1,bottom,host,188.29,245.592,124,74,0,
40,1,bottom,other,531.808,234.264,305,71,0,
40,2,bottom,host,196.58,251.184,124,74,0,
40,2,bottom,other,523.616,228.528,305,71,0,
40,3,bottom,host,204.87,256.776,124,74,0,
40,3,bottom,other,515.424,222.792,305,71,0,
40,4,bottom,host,213.16,262.368,124,74,0,
40,4,bottom,other,507.232,217.056,305,71,0,
40,5,bottom,host,221.45,267.96,124,74,0,
40,5,bottom,other,499.04,211.32,305,71,0,
40,6,bottom,host,229.74,273.552,124,74,0,
40,6,bottom,other,490.848,205.584,305,71,0,
40,7,bottom,host,238.03,279.144,124,74,0,
40,7,bottom,other,482.656,199.848,305,71,0,
40,8,bottom,host,246.32,284.736,124,74,0,
40,8,bottom,other,474.464,194.112,305,71,0,
40,9,bottom,host,254.61,290.328,124,74,0,
40,9,bottom,other,466.272,188.376,305,71,0,
40,10,bottom,host,262.9,295.92,124,74,0,
40,10,bottom,other,458.08,182.64,305,71,0,
40,11,bottom,host,271.19,301.512,124,74,0,
40,11,bottom,other,449.888,176.904,305,71,0,
40,12,bottom,host,279.48,307.104,124,74,0,
40,12,bottom,other,441.696,171.168,305,71,0,
40,13,bottom,host,287.77,312.696,124,74,0,
40,13,bottom,other,433.504,165.432,305,71,0,
40,14,bottom,host,296.06,318.288,124,74,0,
40,14,bottom,other,425.312,159.696,305,71,0,
40,15,bottom,host,304.35,323.88,124,74,0,
40,15,bottom,other,417.12,153.96,305,71,0,
40,16,bottom,host,312.64,329.472,124,74,0,
40,16,bottom,other,408.928,148.224,305,71,0,
40,17,bottom,host,320.93,335.064,124,74,0,
40,17,bottom,other,400.736,142.488,305,71,0,
40,18,bottom,host,329.22,340.656,124,74,0,
40,18,bottom,other,392.544,136.752,305,71,0,
40,19,bottom,host,337.51,346.248,124,74,0,
40,19,bottom,other,384.352,131.016,305,71,0,
40,20,bottom,host,345.8,351.84,124,78,0,
40,20,bottom,other,376.16,125.28,305,72,0,
40,21,bottom,host,345.8,351.84,124,78,0,
40,21,bottom,other,376.16,125.28,305,72,0,
40,22,bottom,host,345.8,351.84,124,78,0,
40,22,bottom,other,376.16,125.28,305,72,0,
41,1,top,host,188.29,245.592,124,78,0,
41,1,top,other,531.808,234.264,305,72,0,
41,2,top,host,196.58,251.184,124,78,0,
41,2,top,other,523.616,228.528,305,72,0,
41,3,top,host,204.87,256.776,124,78,0,
41,3,top,other,515.424,222.792,305,72,0,
41,4,top,host,213.16,262.368,124,78,0,
41,4,top,other,507.232,217.056,305,72,0,
41,5,top,host,221.45,267.96,124,78,0,
41,5,top,other,499.04,211.32,305,72,0,
41,6,top,host,229.74,273.552,124,78,0,
41,6,top,other,490.848,205.584,305,72,0,
41,7,top,host,238.03,279.144,124,78,0,
41,7,top,other,482.656,199.848,305,72,0,
41,8,top,host,246.32,284.736,124,78,0,
41,8,top,other,474.464,194.112,305,72,0,
41,9,top,host,254.61,290.328,124,78,0,
41,9,top,other,466.272,188.376,305,72,0,
41,10,top,host,262.9,295.92,124,78,0,
41,10,top,other,458.08,182.64,305,72,0,
41,11,top,host,271.19,301.512,124,78,0,
41,11,top,other,449.888,176.904,305,72,0,
41,12,top,host,279.48,307.104,124,78,0,
41,12,top,other,441.696,171.168,305,72,0,
41,13,top,host,287.77,312.696,124,78,0,
41,13,top,other,433.504,165.432,305,72,0,
41,14,top,host,296.06,318.288,124,78,0,
41,14,top,other,425.312,159.696,305,72,0,
41,15,top,host,304.35,323.88,124,78,0,
41,15,top,other,417.12,153.96,305,72,0,
41,16,top,host,312.64,329.472,124,78,0,
41,16,top,other,408.928,148.224,305,72,0,
41,17,top,host,320.93,335.064,124,78,0,
41,17,top,other,400.736,142.488,305,72,0,
41,18,top,host,329.22,340.656,124,78,0,
41,18,top,other,392.544,136.752,305,72,0,
41,19,top,host,337.51,346.248,124,78,0,
41,19,top,other,384.352,131.016,305,72,0,
41,20,top,host,345.8,351.84,124,79,0,
41,20,top,other,376.16,125.28,305,76,0,
41,21,top,host,345.8,351.84,124,79,0,
41,21,top,other,376.16,125.28,305,76,0,
41,22,top,host,345.8,351.84,124,79,0,
41,22,top,other,376.16,125.28,305,76,0,
42,1,bottom,host,188.29,245.592,124,79,0,
42,1,bottom,other,531.808,234.264,305,76,0,
42,2,bottom,host,196.58,251.184,124,79,0,
42,2,bottom,other,523.616,228.528,305,76,0,
42,3,bottom,host,204.87,256.776,124,79,0,
42,3,bottom,other,515.424,222.792,305,76,0,
42,4,bottom,host,213.16,262.368,124,79,0,
42,4,bottom,other,507.232,217.056,305,76,0,
42,5,bottom,host,221.45,267.96,124,79,0,
42,5,bottom,other,499.04,211.32,305,76,0,
42,6,bottom,host,229.74,273.552,124,79,0,
42,6,bottom,other,490.848,205.584,305,76,0,
42,7,bottom,host,238.03,279.144,124,79,0,
42,7,bottom,other,482.656,199.848,305,76,0,
42,8,bottom,host,246.32,284.736,124,79,0,
42,8,bottom,other,474.464,194.112,305,76,0,
42,9,bottom,host,254.61,290.328,124,79,0,
42,9,bottom,other,466.272,188.376,305,76,0,
42,10,bottom,host,262.9,295.92,124,79,0,
42,10,bottom,other,458.08,182.64,305,76,0,
42,11,bottom,host,271.19,301.512,124,79,0,
42,11,bottom,other,449.888,176.904,305,76,0,
42,12,bottom,host,279.48,307.104,124,79,0,
42,12,bottom,other,441.696,171.168,305,76,0,
42,13,bottom,host,287.77,312.696,124,79,0,
42,13,bottom,other,433.504,165.432,305,76,0,
42,14,bottom,host,296.06,318.288,124,79,0,
42,14,bottom,other,425.312,159.696,305,76,0,
42,15,bottom,host,304.35,323.88,124,79,0,
42,15,bottom,other,417.12,153.96,305,76,0,
42,16,bottom,host,312.64,329.472,124,79,0,
42,16,bottom,other,408.928,148.224,305,76,0,
42,17,bottom,host,320.93,335.064,124,79,0,
42,17,bottom,other,400.736,142.488,305,76,0,
42,18,bottom,host,329.22,340.656,124,79,0,
42,18,bottom,other,392.544,136.752,305,76,0,
42,19,bottom,host,337.51,346.248,124,79,0,
42,19,bottom,other,384.352,131.016,305,76,0,
42,20,bottom,host,345.8,351.84,124,83,0,
42,20,bottom,other,376.16,125.28,305,77,0,
42,21,bottom,host,345.8,351.84,124,83,0,
42,21,bottom,other,376.16,125.28,305,77,0,
42,22,bottom,host,345.8,351.84,124,83,0,
42,22,bottom,other,376.16,125.28,305,77,0,
43,1,bottom,host,188.387,234.554,57,83,0,
43,1,bottom,other,531.71,245.592,236,77,0,
43,2,bottom,host,196.774,229.108,57,83,0,
43,2,bottom,other,523.42,251.184,236,77,0,
43,3,bottom,host,205.161,223.662,57,83,0,
43,3,bottom,other,515.13,256.776,236,77,0,
43,4,bottom,host,213.548,218.216,57,83,0,
43,4,bottom,other,506.84,262.368,236,77,0,
43,5,bottom,host,221.935,212.77,57,83,0,
43,5,bottom,other,498.55,267.96,236,77,0,
43,6,bottom,host,230.322,207.324,57,83,0,
43,6,bottom,other,490.26,273.552,236,77,0,
43,7,bottom,host,238.709,201.878,57,83,0,
43,7,bottom,other,481.97,279.144,236,77,0,
43,8,bottom,host,247.096,196.432,57,83,0,
43,8,bottom,other,473.68,284.736,236,77,0,
43,9,bottom,host,255.483,190.986,57,83,0,
43,9,bottom,other,465.39,290.328,236,77,0,
43,10,bottom,host,263.87,185.54,57,83,0,
43,10,bottom,other,457.1,295.92,236,77,0,
43,11,bottom,host,272.257,180.094,57,83,0,
43,11,bottom,other,448.81,301.512,236,77,0,
43,12,bottom,host,280.644,174.648,57,83,0,
43,12,bottom,other,440.52,307.104,236,77,0,
43,13,bottom,host,289.031,169.202,57,83,0,
43,13,bottom,other,432.23,312.696,236,77,0,
43,14,bottom,host,297.418,163.756,57,83,0,
43,14,bottom,other,423.94,318.288,236,77,0,
43,15,bottom,host,305.805,158.31,57,83,0,
43,15,bottom,other,415.65,323.88,236,77,0,
43,16,bottom,host,314.192,152.864,57,83,0,
43,16,bottom,other,407.36,329.472,236,77,0,
43,17,bottom,host,322.579,147.418,57,83,0,
43,17,bottom,other,399.07,335.064,236,77,0,
43,18,bottom,host,330.966,141.972,57,83,0,
43,18,bottom,other,390.78,340.656,236,77,0,
43,19,bottom,host,339.353,136.526,57,83,0,
43,19,bottom,other,382.49,346.248,236,77,0,
43,20,bottom,host,347.74,131.08,57,84,0,
43,20,bottom,other,374.2,351.84,236,81,0,
43,21,bottom,host,347.74,131.08,57,84,0,
43,21,bottom,other,374.2,351.84,236,81,0,
43,22,bottom,host,347.74,131.08,57,84,0,
43,22,bottom,other,374.2,351.84,236,81,0,
44,1,top,host,188.29,234.408,56,84,0,
44,1,top,other,531.808,245.736,235,81,0,
44,2,top,host,196.58,228.816,56,84,0,
44,2,top,other,523.616,251.472,235,81,0,
44,3,top,host,204.87,223.224,56,84,0,
44,3,top,other,515.424,257.208,235,81,0,
44,4,top,host,213.16,217.632,56,84,0,
44,4,top,other,507.232,262.944,235,81,0,
44,5,top,host,221.45,212.04,56,84,0,
44,5,top,other,499.04,268.68,235,81,0,
44,6,top,host,229.74,206.448,56,84,0,
44,6,top,other,490.848,274.416,235,81,0,
44,7,top,host,238.03,200.856,56,84,0,
44,7,top,other,482.656,280.152,235,81,0,
44,8,top,host,246.32,195.264,56,84,0,
44,8,top,other,474.464,285.888,235,81,0,
44,9,top,host,254.61,189.672,56,84,0,
44,9,top,other,466.272,291.624,235,81,0,
44,10,top,host,262.9,184.08,56,84,0,
44,10,top,other,458.08,297.36,235,81,0,
44,11,top,host,271.19,178.488,56,84,0,
44,11,top,other,449.888,303.096,235,81,0,
44,12,top,host,279.48,172.896,56,84,0,
44,12,top,other,441.696,308.832,235,81,0,
44,13,top,host,287.77,167.304,56,84,0,
44,13,top,other,433.504,314.568,235,81,0,
44,14,top,host,296.06,161.712,56,84,0,
44,14,top,other,425.312,320.304,235,81,0,
44,15,top,host,304.35,156.12,56,84,0,
44,15,top,other,417.12,326.04,235,81,0,
44,16,top,host,312.64,150.528,56,84,0,
44,16,top,other,408.928,331.776,235,81,0,
44,17,top,host,320.93,144.936,56,84,0,
44,17,top,other,400.736,337.512,235,81,0,
44,18,top,host,329.22,139.344,56,84,0,
44,18,top,other,392.544,343.248,235,81,0,
44,19,top,host,337.51,133.752,56,84,0,
44,19,top,other,384.352,348.984,235,81,0,
44,20,top,host,345.8,128.16,56,88,0,
44,20,top,other,376.16,354.72,235,82,0,
44,21,top,host,345.8,128.16,56,88,0,
44,21,top,other,376.16,354.72,235,82,0,
44,22,top,host,345.8,128.16,56,88,0,
44,22,top,other,376.16,354.72,235,82,0,
45,1,bottom,host,188.29,234.408,56,88,0,
45,1,bottom,other,531.613,245.446,237,82,0,
45,2,bottom,host,196.58,228.816,56,88,0,
45,2,bottom,other,523.226,250.892,237,82,0,
45,3,bottom,host,204.87,223.224,56,88,0,
45,3,bottom,other,514.839,256.338,237,82,0,
45,4,bottom,host,213.16,217.632,56,88,0,
45,4,bottom,other,506.452,261.784,237,82,0,
45,5,bottom,host,221.45,212.04,56,88,0,
45,5,bottom,other,498.065,267.23,237,82,0,
45,6,bottom,host,229.74,206.448,56,88,0,
45,6,bottom,other,489.678,272.676,237,82,0,
45,7,bottom,host,238.03,200.856,56,88,0,
45,7,bottom,other,481.291,278.122,237,82,0,
45,8,bottom,host,246.32,195.264,56,88,0,
45,8,bottom,other,472.904,283.568,237,82,0,
45,9,bottom,host,254.61,189.672,56,88,0,
45,9,bottom,other,464.517,289.014,237,82,0,
45,10,bottom,host,262.9,184.08,56,88,0,
45,10,bottom,other,456.13,294.46,237,82,0,
45,11,bottom,host,271.19,178.488,56,88,0,
45,11,bottom,other,447.743,299.906,237,82,0,
45,12,bottom,host,279.48,172.896,56,88,0,
45,12,bottom,other,439.356,305.352,237,82,0,
45,13,bottom,host,287.77,167.304,56,88,0,
45,13,bottom,other,430.969,310.798,237,82,0,
45,14,bottom,host,296.06,161.712,56,88,0,
45,14,bottom,other,422.582,316.244,237,82,0,
45,15,bottom,host,304.35,156.12,56,88,0,
45,15,bottom,other,414.195,321.69,237,82,0,
45,16,bottom,host,312.64,150.528,56,88,0,
45,16,bottom,other,405.808,327.136,237,82,0,
45,17,bottom,host,320.93,144.936,56,88,0,
45,17,bottom,other,397.421,332.582,237,82,0,
45,18,bottom,host,329.22,139.344,56,88,0,
45,18,bottom,other,389.034,338.028,237,82,0,
45,19,bottom,host,337.51,133.752,56,88,0,
45,19,bottom,other,380.647,343.474,237,82,0,
45,20,bottom,host,345.8,128.16,56,89,0,
45,20,bottom,other,372.26,348.92,237,86,0,
45,21,bottom,host,345.8,128.16,56,89,0,
45,21,bottom,other,372.26,348.92,237,86,0,
45,22,bottom,host,345.8,128.16,56,89,0,
45,22,bottom,other,372.26,348.92,237,86,0,
46,1,bottom,host,188.192,245.736,125,89,0,
46,1,bottom,other,531.71,234.408,304,86,0,
46,2,bottom,host,196.384,251.472,125,89,0,
46,2,bottom,other,523.42,228.816,304,86,0,
46,3,bottom,host,204.576,257.208,125,89,0,
46,3,bottom,other,515.13,223.224,304,86,0,
46,4,bottom,host,212.768,262.944,125,89,0,
46,4,bottom,other,506.84,217.632,304,86,0,
46,5,bottom,host,220.96,268.68,125,89,0,
46,5,bottom,other,498.55,212.04,304,86,0,
46,6,bottom,host,229.152,274.416,125,89,0,
46,6,bottom,other,490.26,206.448,304,86,0,
46,7,bottom,host,237.344,280.152,125,89,0,
46,7,bottom,other,481.97,200.856,304,86,0,
46,8,bottom,host,245.536,285.888,125,89,0,
46,8,bottom,other,473.68,195.264,304,86,0,
46,9,bottom,host,253.728,291.624,125,89,0,
46,9,bottom,other,465.39,189.672,304,86,0,
46,10,bottom,host,261.92,297.36,125,89,0,
46,10,bottom,other,457.1,184.08,304,86,0,
46,11,bottom,host,270.112,303.096,125,89,0,
46,11,bottom,other,448.81,178.488,304,86,0,
46,12,bottom,host,278.304,308.832,125,89,0,
46,12,bottom,other,440.52,172.896,304,86,0,
46,13,bottom,host,286.496,314.568,125,89,0,
46,13,bottom,other,432.23,167.304,304,86,0,
46,14,bottom,host,294.688,320.304,125,89,0,
46,14,bottom,other,423.94,161.712,304,86,0,
46,15,bottom,host,302.88,326.04,125,89,0,
46,15,bottom,other,415.65,156.12,304,86,0,
46,16,bottom,host,311.072,331.776,125,89,0,
46,16,bottom,other,407.36,150.528,304,86,0,
46,17,bottom,host,319.264,337.512,125,89,0,
46,17,bottom,other,399.07,144.936,304,86,0,
46,18,bottom,host,327.456,343.248,125,89,0,
46,18,bottom,other,390.78,139.344,304,86,0,
46,19,bottom,host,335.648,348.984,125,89,0,
46,19,bottom,other,382.49,133.752,304,86,0,
46,20,bottom,host,343.84,354.72,125,93,0,
46,20,bottom,other,374.2,128.16,304,87,0,
46,21,bottom,host,343.84,354.72,125,93,0,
46,21,bottom,other,374.2,128.16,304,87,0,
46,22,bottom,host,343.84,354.72,125,93,0,
46,22,bottom,other,374.2,128.16,304,87,0,
47,1,bottom,host,188.29,234.408,56,93,0,
47,1,bottom,other,531.71,245.592,236,87,0,
47,2,bottom,host,196.58,228.816,56,93,0,
47,2,bottom,other,523.42,251.184,236,87,0,
47,3,bottom,host,204.87,223.224,56,93,0,
47,3,bottom,other,515.13,256.776,236,87,0,
47,4,bottom,host,213.16,217.632,56,93,0,
47,4,bottom,other,506.84,262.368,236,87,0,
47,5,bottom,host,221.45,212.04,56,93,0,
47,5,bottom,other,498.55,267.96,236,87,0,
47,6,bottom,host,229.74,206.448,56,93,0,
47,6,bottom,other,490.26,273.552,236,87,0,
47,7,bottom,host,238.03,200.856,56,93,0,
47,7,bottom,other,481.97,279.144,236,87,0,
47,8,bottom,host,246.32,195.264,56,93,0,
47,8,bottom,other,473.68,284.736,236,87,0,
47,9,bottom,host,254.61,189.672,56,93,0,
47,9,bottom,other,465.39,290.328,236,87,0,
47,10,bottom,host,262.9,184.08,56,93,0,
47,10,bottom,other,457.1,295.92,236,87,0,
47,11,bottom,host,271.19,178.488,56,93,0,
47,11,bottom,other,448.81,301.512,236,87,0,
47,12,bottom,host,279.48,172.896,56,93,0,
47,12,bottom,other,440.52,307.104,236,87,0,
47,13,bottom,host,287.77,167.304,56,93,0,
47,13,bottom,other,432.23,312.696,236,87,0,
47,14,bottom,host,296.06,161.712,56,93,0,
47,14,bottom,other,423.94,318.288,236,87,0,
47,15,bottom,host,304.35,156.12,56,93,0,
47,15,bottom,other,415.65,323.88,236,87,0,
47,16,bottom,host,312.64,150.528,56,93,0,
47,16,bottom,other,407.36,329.472,236,87,0,
47,17,bottom,host,320.93,144.936,56,93,0,
47,17,bottom,other,399.07,335.064,236,87,0,
47,18,bottom,host,329.22,139.344,56,93,0,
47,18,bottom,other,390.78,340.656,236,87,0,
47,19,bottom,host,337.51,133.752,56,93,0,
47,19,bottom,other,382.49,346.248,236,87,0,
47,20,bottom,host,345.8,128.16,56,94,0,
47,20,bottom,other,374.2,351.84,236,91,0,
47,21,bottom,host,345.8,128.16,56,94,0,
47,21,bottom,other,374.2,351.84,236,91,0,
47,22,bottom,host,345.8,128.16,56,94,0,
47,22,bottom,other,374.2,351.84,236,91,0,
48,1,top,host,188.29,234.408,56,94,0,
48,1,top,other,531.71,234.408,304,91,0,
48,2,top,host,196.58,228.816,56,94,0,
48,2,top,other,523.42,228.816,304,91,0,
48,3,top,host,204.87,223.224,56,94,0,
48,3,top,other,515.13,223.224,304,91,0,
48,4,top,host,213.16,217.632,56,94,0,
48,4,top,other,506.84,217.632,304,91,0,
48,5,top,host,221.45,212.04,56,94,0,
48,5,top,other,498.55,212.04,304,91,0,
48,6,top,host,229.74,206.448,56,94,0,
48,6,top,other,490.26,206.448,304,91,0,
48,7,top,host,238.03,200.856,56,94,0,
48,7,top,other,481.97,200.856,304,91,0,
48,8,top,host,246.32,195.264,56,94,0,
48,8,top,other,473.68,195.264,304,91,0,
48,9,top,host,254.61,189.672,56,94,0,
48,9,top,other,465.39,189.672,304,91,0,
48,10,top,host,262.9,184.08,56,94,0,
48,10,top,other,457.1,184.08,304,91,0,
48,11,top,host,271.19,178.488,56,94,0,
48,11,top,other,448.81,178.488,304,91,0,
48,12,top,host,279.48,172.896,56,94,0,
48,12,top,other,440.52,172.896,304,91,0,
48,13,top,host,283.547,182.031,156,94,0,
48,13,top,other,432.23,167.304,304,91,0,
48,14,top,host,287.614,191.166,156,94,0,
48,14,top,other,423.94,161.712,304,91,0,
48,15,top,host,291.681,200.301,156,94,0,
48,15,top,other,415.65,156.12,304,91,0,
48,16,top,host,295.748,209.436,156,94,0,
48,16,top,other,407.36,150.528,304,91,0,
48,17,top,host,299.815,218.571,156,94,0,
48,17,top,other,399.07,144.936,304,91,0,
48,18,top,host,303.882,227.706,156,94,0,
48,18,top,other,390.78,139.344,304,91,0,
48,19,top,host,307.949,236.841,156,94,0,
48,19,top,other,382.49,133.752,304,91,0,
48,20,top,host,312.016,245.976,156,95,0,
48,20,top,other,374.2,128.16,304,95,0,
48,21,top,host,312.016,245.976,156,95,0,
48,21,top,other,374.2,128.16,304,95,0,
48,22,top,host,312.016,245.976,156,95,0,
48,22,top,other,374.2,128.16,304,95,0,
49,1,bottom,host,188.29,245.592,124,95,0,
49,1,bottom,other,531.71,234.408,304,95,0,
49,2,bottom,host,196.58,251.184,124,95,0,
49,2,bottom,other,523.42,228.816,304,95,0,
49,3,bottom,host,204.87,256.776,124,95,0,
49,3,bottom,other,515.13,223.224,304,95,0,
49,4,bottom,host,213.16,262.368,124,95,0,
49,4,bottom,other,506.84,217.632,304,95,0,
49,5,bottom,host,221.45,267.96,124,95,0,
49,5,bottom,other,498.55,212.04,304,95,0,
49,6,bottom,host,229.74,273.552,124,95,0,
49,6,bottom,other,490.26,206.448,304,95,0,
49,7,bottom,host,238.03,279.144,124,95,0,
49,7,bottom,other,481.97,200.856,304,95,0,
49,8,bottom,host,246.32,284.736,124,95,0,
49,8,bottom,other,473.68,195.264,304,95,0,
49,9,bottom,host,254.61,290.328,124,95,0,
49,9,bottom,other,465.39,189.672,304,95,0,
49,10,bottom,host,262.9,295.92,124,95,0,
49,10,bottom,other,457.1,184.08,304,95,0,
49,11,bottom,host,271.19,301.512,124,95,0,
49,11,bottom,other,448.81,178.488,304,95,0,
49,12,bottom,host,279.48,307.104,124,95,0,
49,12,bottom,other,440.52,172.896,304,95,0,
49,13,bottom,host,287.77,312.696,124,95,0,
49,13,bottom,other,432.23,167.304,304,95,0,
49,14,bottom,host,296.06,318.288,124,95,0,
49,14,bottom,other,423.94,161.712,304,95,0,
49,15,bottom,host,304.35,323.88,124,95,0,
49,15,bottom,other,415.65,156.12,304,95,0,
49,16,bottom,host,312.64,329.472,124,95,0,
49,16,bottom,other,407.36,150.528,304,95,0,
49,17,bottom,host,320.93,335.064,124,95,0,
49,17,bottom,other,399.07,144.936,304,95,0,
49,18,bottom,host,329.22,340.656,124,95,0,
49,18,bottom,other,390.78,139.344,304,95,0,
49,19,bottom,host,337.51,346.248,124,95,0,
49,19,bottom,other,382.49,133.752,304,95,0,
49,20,bottom,host,345.8,351.84,124,99,0,
49,20,bottom,other,374.2,128.16,304,96,0,
49,21,bottom,host,345.8,351.84,124,99,0,
49,21,bottom,other,374.2,128.16,304,96,0,
49,22,bottom,host,345.8,351.84,124,99,0,
49,22,bottom,other,374.2,128.16,304,96,0,
50,1,bottom,host,188.29,234.408,56,99,0,
50,1,bottom,other,530,240,270,96,0,
50,2,bottom,host,196.58,228.816,56,99,0,
50,2,bottom,other,521.808,245.736,235,96,0,
50,3,bottom,host,204.87,223.224,56,99,0,
50,3,bottom,other,513.616,251.472,235,96,0,
50,4,bottom,host,213.16,217.632,56,99,0,
50,4,bottom,other,505.424,257.208,235,96,0,
50,5,bottom,host,221.45,212.04,56,99,0,
50,5,bottom,other,497.232,262.944,235,96,0,
50,6,bottom,host,229.74,206.448,56,99,0,
50,6,bottom,other,489.04,268.68,235,96,0,
50,7,bottom,host,238.03,200.856,56,99,0,
50,7,bottom,other,480.848,274.416,235,96,0,
50,8,bottom,host,246.32,195.264,56,99,0,
50,8,bottom,other,472.656,280.152,235,96,0,
50,9,bottom,host,254.61,189.672,56,99,0,
50,9,bottom,other,464.464,285.888,235,96,0,
50,10,bottom,host,262.9,184.08,56,99,0,
50,10,bottom,other,456.272,291.624,235,96,0,
50,11,bottom,host,271.19,178.488,56,99,0,
50,11,bottom,other,448.08,297.36,235,96,0,
50,12,bottom,host,279.48,172.896,56,99,0,
50,12,bottom,other,439.888,303.096,235,96,0,
50,13,bottom,host,287.77,167.304,56,99,0,
50,13,bottom,other,431.696,308.832,235,96,0,
50,14,bottom,host,296.06,161.712,56,99,0,
50,14,bottom,other,423.504,314.568,235,96,0,
50,15,bottom,host,304.35,156.12,56,99,0,
50,15,bottom,other,415.312,320.304,235,96,0,
50,16,bottom,host,312.64,150.528,56,99,0,
50,16,bottom,other,407.12,326.04,235,96,0,
50,17,bottom,host,320.93,144.936,56,99,0,
50,17,bottom,other,398.928,331.776,235,96,0,
50,18,bottom,host,329.22,139.344,56,99,0,
50,18,bottom,other,390.736,337.512,235,96,0,
50,19,bottom,host,337.51,133.752,56,99,0,
50,19,bottom,other,382.544,343.248,235,96,0,
50,20,bottom,host,345.8,128.16,56,100,0,
50,20,bottom,other,374.352,348.984,235,100,0,
50,21,bottom,host,345.8,128.16,56,100,0,
50,21,bottom,other,374.352,348.984,235,100,0,
50,22,bottom,host,345.8,128.16,56,100,0,
50,22,bottom,other,374.352,348.984,235,100,0,
