1,1,top,host,188.48,234.701,58,0,0,
1,1,top,other,531.613,234.554,303,0,0,
1,2,top,host,196.867,229.255,57,0,0,
1,2,top,other,523.226,229.108,303,0,0,
1,3,top,host,205.254,223.809,57,0,0,
1,3,top,other,514.839,223.662,303,0,0,
1,4,top,host,213.641,218.363,57,0,0,
1,4,top,other,506.452,218.216,303,0,0,
1,5,top,host,222.028,212.917,57,0,0,
1,5,top,other,498.065,212.77,303,0,0,
1,6,top,host,228.975,220.11,136,0,0,
1,6,top,other,489.678,207.324,303,0,0,
1,7,top,host,235.922,227.303,136,0,0,
1,7,top,other,481.291,201.878,303,0,0,
1,8,top,host,242.613,234.734,138,0,0,
1,8,top,other,472.904,196.432,303,0,0,
1,9,top,host,249.304,242.165,138,0,0,
1,9,top,other,464.517,190.986,303,0,0,
1,10,top,host,255.995,249.596,138,0,0,
1,10,top,other,456.13,185.54,303,0,0,
1,11,top,host,262.686,257.027,138,0,0,
1,11,top,other,447.743,180.094,303,0,0,
1,12,top,host,269.377,264.458,138,0,0,
1,12,top,other,439.356,174.648,303,0,0,
1,13,top,host,276.068,271.889,138,0,0,
1,13,top,other,430.969,169.202,303,0,0,
1,14,top,host,282.759,279.32,138,0,0,
1,14,top,other,422.582,163.756,303,0,0,
1,15,top,host,289.45,286.751,138,0,0,
1,15,top,other,414.195,158.31,303,0,0,
1,16,top,host,296.141,294.182,138,0,0,
1,16,top,other,405.808,152.864,303,0,0,
1,17,top,host,302.832,301.613,138,0,0,
1,17,top,other,397.421,147.418,303,0,0,
1,18,top,host,309.523,309.044,138,0,0,
1,18,top,other,389.034,141.972,303,0,0,
1,19,top,host,316.214,316.475,138,0,0,
1,19,top,other,380.647,136.526,303,0,0,
1,20,top,host,322.905,323.906,138,1,0,
1,20,top,other,372.26,131.08,303,4,0,
1,21,top,host,322.905,323.906,138,1,0,
1,21,top,other,372.26,131.08,303,4,0,
1,22,top,host,322.905,323.906,138,1,0,
1,22,top,other,372.26,131.08,303,4,0,
2,1,bottom,host,188.29,245.592,124,1,0,
2,1,bottom,other,531.808,245.736,235,4,0,
2,2,bottom,host,196.58,251.184,124,1,0,
2,2,bottom,other,523.616,251.472,235,4,0,
2,3,bottom,host,204.87,256.776,124,1,0,
2,3,bottom,other,515.424,257.208,235,4,0,
2,4,bottom,host,213.16,262.368,124,1,0,
2,4,bottom,other,507.232,262.944,235,4,0,
2,5,bottom,host,221.45,267.96,124,1,0,
2,5,bottom,other,499.04,268.68,235,4,0,
2,6,bottom,host,229.74,273.552,124,1,0,
2,6,bottom,other,490.848,274.416,235,4,0,
2,7,bottom,host,238.03,279.144,124,1,0,
2,7,bottom,other,482.656,280.152,235,4,0,
2,8,bottom,host,246.32,284.736,124,1,0,
2,8,bottom,other,474.464,285.888,235,4,0,
2,9,bottom,host,254.61,290.328,124,1,0,
2,9,bottom,other,466.272,291.624,235,4,0,
2,10,bottom,host,262.9,295.92,124,1,0,
2,10,bottom,other,458.08,297.36,235,4,0,
2,11,bottom,host,271.19,301.512,124,1,0,
2,11,bottom,other,449.888,303.096,235,4,0,
2,12,bottom,host,279.48,307.104,124,1,0,
2,12,bottom,other,441.696,308.832,235,4,0,
2,13,bottom,host,287.77,312.696,124,1,0,
2,13,bottom,other,433.504,314.568,235,4,0,
2,14,bottom,host,296.06,318.288,124,1,0,
2,14,bottom,other,425.312,320.304,235,4,0,
2,15,bottom,host,304.35,323.88,124,1,0,
2,15,bottom,other,417.12,326.04,235,4,0,
2,16,bottom,host,312.64,329.472,124,1,0,
2,16,bottom,other,408.928,331.776,235,4,0,
2,17,bottom,host,320.93,335.064,124,1,0,
2,17,bottom,other,400.736,337.512,235,4,0,
2,18,bottom,host,329.22,340.656,124,1,0,
2,18,bottom,other,392.544,343.248,235,4,0,
2,19,bottom,host,337.51,346.248,124,1,0,
2,19,bottom,other,388.96,333.912,339,4,0,
2,20,bottom,host,345.8,351.84,124,1,0,
2,20,bottom,other,385.376,324.576,339,4,0,
2,21,bottom,host,345.8,351.84,124,1,0,
2,21,bottom,other,385.376,324.576,339,4,0,
2,22,bottom,host,345.8,351.84,124,1,0,
2,22,bottom,other,385.376,324.576,339,4,0,
3,1,top,host,188.48,234.701,58,1,0,
3,1,top,other,530,240,270,4,0,
3,2,top,host,196.96,229.402,58,1,0,
3,2,top,other,520,240,270,4,0,
3,3,top,host,205.44,224.103,58,1,0,
3,3,top,other,511.808,234.264,305,4,0,
3,4,top,host,213.92,218.804,58,1,0,
3,4,top,other,503.616,228.528,305,4,0,
3,5,top,host,222.4,213.505,58,1,0,
3,5,top,other,495.424,222.792,305,4,0,
3,6,top,host,230.88,208.206,58,1,0,
3,6,top,other,487.232,217.056,305,4,0,
3,7,top,host,239.36,202.907,58,1,0,
3,7,top,other,479.04,211.32,305,4,0,
3,8,top,host,247.84,197.608,58,1,0,
3,8,top,other,469.042,211.495,269,4,0,
3,9,top,host,256.32,192.309,58,1,0,
3,9,top,other,459.044,211.67,269,4,0,
3,10,top,host,264.8,187.01,58,1,0,
3,10,top,other,449.046,211.845,269,4,0,
3,11,top,host,273.28,181.711,58,1,0,
3,11,top,other,443.747,220.325,212,4,0,
3,12,top,host,281.76,176.412,58,1,0,
3,12,top,other,438.448,228.805,212,4,0,
3,13,top,host,290.24,171.113,58,1,0,
3,13,top,other,433.149,237.285,212,4,0,
3,14,top,host,298.72,165.814,58,1,0,
3,14,top,other,427.85,245.765,212,4,0,
3,15,top,host,307.2,160.515,58,1,0,
3,15,top,other,422.551,254.245,212,4,0,
3,16,top,host,315.68,155.216,58,1,0,
3,16,top,other,417.252,262.725,212,4,0,
3,17,top,host,324.16,149.917,58,1,0,
3,17,top,other,411.953,271.205,212,4,0,
3,18,top,host,332.64,144.618,58,1,0,
3,18,top,other,406.654,279.685,212,4,0,
3,19,top,host,341.12,139.319,58,1,0,
3,19,top,other,401.355,288.165,212,4,0,
3,20,top,host,349.6,134.02,58,5,0,
3,20,top,other,396.056,296.645,212,5,0,
3,21,top,host,349.6,134.02,58,5,0,
3,21,top,other,396.056,296.645,212,5,0,
3,22,top,host,349.6,134.02,58,5,0,
3,22,top,other,396.056,296.645,212,5,0,
4,1,top,host,188.29,245.592,124,5,0,
4,1,top,other,531.808,234.264,305,5,0,
4,2,top,host,196.58,251.184,124,5,0,
4,2,top,other,523.616,228.528,305,5,0,
4,3,top,host,204.87,256.776,124,5,0,
4,3,top,other,515.424,222.792,305,5,0,
4,4,top,host,213.16,262.368,124,5,0,
4,4,top,other,507.232,217.056,305,5,0,
4,5,top,host,221.45,267.96,124,5,0,
4,5,top,other,499.04,211.32,305,5,0,
4,6,top,host,229.74,273.552,124,5,0,
4,6,top,other,490.848,205.584,305,5,0,
4,7,top,host,238.03,279.144,124,5,0,
4,7,top,other,482.656,199.848,305,5,0,
4,8,top,host,246.32,284.736,124,5,0,
4,8,top,other,474.464,194.112,305,5,0,
4,9,top,host,254.61,290.328,124,5,0,
4,9,top,other,466.272,188.376,305,5,0,
4,10,top,host,262.9,295.92,124,5,0,
4,10,top,other,458.08,182.64,305,5,0,
4,11,top,host,271.19,301.512,124,5,0,
4,11,top,other,449.888,176.904,305,5,0,
4,12,top,host,279.48,307.104,124,5,0,
4,12,top,other,441.696,171.168,305,5,0,
4,13,top,host,287.77,312.696,124,5,0,
4,13,top,other,433.504,165.432,305,5,0,
4,14,top,host,296.06,318.288,124,5,0,
4,14,top,other,425.312,159.696,305,5,0,
4,15,top,host,304.35,323.88,124,5,0,
4,15,top,other,417.12,153.96,305,5,0,
4,16,top,host,312.64,329.472,124,5,0,
4,16,top,other,408.928,148.224,305,5,0,
4,17,top,host,320.93,335.064,124,5,0,
4,17,top,other,400.736,142.488,305,5,0,
4,18,top,host,329.22,340.656,124,5,0,
4,18,top,other,392.544,136.752,305,5,0,
4,19,top,host,337.51,346.248,124,5,0,
4,19,top,other,384.352,131.016,305,5,0,
4,20,top,host,345.8,351.84,124,6,0,
4,20,top,other,376.16,125.28,305,9,0,
4,21,top,host,345.8,351.84,124,6,0,
4,21,top,other,376.16,125.28,305,9,0,
4,22,top,host,345.8,351.84,124,6,0,
4,22,top,other,376.16,125.28,305,9,0,
5,1,top,host,190,240,90,6,0,
5,1,top,other,530,240,270,9,0,
5,2,top,host,198.192,234.264,55,6,0,
5,2,top,other,521.808,245.736,235,9,0,
5,3,top,host,206.384,228.528,55,6,0,
5,3,top,other,513.616,251.472,235,9,0,
5,4,top,host,214.576,222.792,55,6,0,
5,4,top,other,505.424,257.208,235,9,0,
5,5,top,host,222.768,217.056,55,6,0,
5,5,top,other,497.232,262.944,235,9,0,
5,6,top,host,230.96,211.32,55,6,0,
5,6,top,other,489.04,268.68,235,9,0,
5,7,top,host,239.152,205.584,55,6,0,
5,7,top,other,480.848,274.416,235,9,0,
5,8,top,host,247.344,199.848,55,6,0,
5,8,top,other,472.656,280.152,235,9,0,
5,9,top,host,255.536,194.112,55,6,0,
5,9,top,other,464.464,285.888,235,9,0,
5,10,top,host,263.728,188.376,55,6,0,
5,10,top,other,456.272,291.624,235,9,0,
5,11,top,host,271.92,182.64,55,6,0,
5,11,top,other,448.08,297.36,235,9,0,
5,12,top,host,280.112,176.904,55,6,0,
5,12,top,other,439.888,303.096,235,9,0,
5,13,top,host,288.304,171.168,55,6,0,
5,13,top,other,431.696,308.832,235,9,0,
5,14,top,host,296.496,165.432,55,6,0,
5,14,top,other,423.504,314.568,235,9,0,
5,15,top,host,304.688,159.696,55,6,0,
5,15,top,other,415.312,320.304,235,9,0,
5,16,top,host,312.88,153.96,55,6,0,
5,16,top,other,407.12,326.04,235,9,0,
5,17,top,host,321.072,148.224,55,6,0,
5,17,top,other,398.928,331.776,235,9,0,
5,18,top,host,329.264,142.488,55,6,0,
5,18,top,other,390.736,337.512,235,9,0,
5,19,top,host,337.456,136.752,55,6,0,
5,19,top,other,382.544,343.248,235,9,0,
5,20,top,host,345.648,131.016,55,6,0,
5,20,top,other,374.352,348.984,235,9,0,
5,21,top,host,353.84,125.28,55,10,0,
5,21,top,other,366.16,354.72,235,10,0,
5,22,top,host,353.84,125.28,55,10,0,
5,22,top,other,366.16,354.72,235,10,0,
5,23,top,host,353.84,125.28,55,10,0,
5,23,top,other,366.16,354.72,235,10,0,
6,1,bottom,host,190,240,90,10,0,
6,1,bottom,other,531.71,245.592,236,10,0,
6,2,bottom,host,198.387,234.554,57,10,0,
6,2,bottom,other,523.42,251.184,236,10,0,
6,3,bottom,host,206.677,228.962,56,10,0,
6,3,bottom,other,515.13,256.776,236,10,0,
6,4,bottom,host,214.767,223.084,54,10,0,
6,4,bottom,other,506.84,262.368,236,10,0,
6,5,bottom,host,222.857,217.206,54,10,0,
6,5,bottom,other,498.55,267.96,236,10,0,
6,6,bottom,host,230.947,211.328,54,10,0,
6,6,bottom,other,490.26,273.552,236,10,0,
6,7,bottom,host,239.037,205.45,54,10,0,
6,7,bottom,other,481.97,279.144,236,10,0,
6,8,bottom,host,247.127,199.572,54,10,0,
6,8,bottom,other,473.68,284.736,236,10,0,
6,9,bottom,host,255.217,193.694,54,10,0,
6,9,bottom,other,465.39,290.328,236,10,0,
6,10,bottom,host,263.307,187.816,54,10,0,
6,10,bottom,other,457.1,295.92,236,10,0,
6,11,bottom,host,271.397,181.938,54,10,0,
6,11,bottom,other,448.81,301.512,236,10,0,
6,12,bottom,host,279.487,176.06,54,10,0,
6,12,bottom,other,440.52,307.104,236,10,0,
6,13,bottom,host,287.577,170.182,54,10,0,
6,13,bottom,other,432.23,312.696,236,10,0,
6,14,bottom,host,295.667,164.304,54,10,0,
6,14,bottom,other,423.94,318.288,236,10,0,
6,15,bottom,host,303.757,158.426,54,10,0,
6,15,bottom,other,415.65,323.88,236,10,0,
6,16,bottom,host,311.847,152.548,54,10,0,
6,16,bottom,other,407.36,329.472,236,10,0,
6,17,bottom,host,319.937,146.67,54,10,0,
6,17,bottom,other,399.07,335.064,236,10,0,
6,18,bottom,host,328.027,140.792,54,10,0,
6,18,bottom,other,390.78,340.656,236,10,0,
6,19,bottom,host,336.117,134.914,54,10,0,
6,19,bottom,other,382.49,346.248,236,10,0,
6,20,bottom,host,344.207,129.036,54,11,0,
6,20,bottom,other,374.2,351.84,236,14,0,
6,21,bottom,host,344.207,129.036,54,11,0,
6,21,bottom,other,374.2,351.84,236,14,0,
6,22,bottom,host,344.207,129.036,54,11,0,
6,22,bottom,other,374.2,351.84,236,14,0,
7,1,bottom,host,190,240,90,11,0,
7,1,bottom,other,531.808,234.264,305,14,0,
7,2,bottom,host,198.29,245.592,124,11,0,
7,2,bottom,other,523.616,228.528,305,14,0,
7,3,bottom,host,206.38,251.47,126,11,0,
7,3,bottom,other,515.424,222.792,305,14,0,
7,4,bottom,host,214.572,257.206,125,11,0,
7,4,bottom,other,507.877,216.231,311,14,0,
7,5,bottom,host,222.764,262.942,125,11,0,
7,5,bottom,other,500.33,209.67,311,14,0,
7,6,bottom,host,230.956,268.678,125,11,0,
7,6,bottom,other,492.783,203.109,311,14,0,
7,7,bottom,host,239.148,274.414,125,11,0,
7,7,bottom,other,485.236,196.548,311,14,0,
7,8,bottom,host,247.34,280.15,125,11,0,
7,8,bottom,other,477.689,189.987,311,14,0,
7,9,bottom,host,255.532,285.886,125,11,0,
7,9,bottom,other,470.142,183.426,311,14,0,
7,10,bottom,host,263.724,291.622,125,11,0,
7,10,bottom,other,462.595,176.865,311,14,0,
7,11,bottom,host,271.916,297.358,125,11,0,
7,11,bottom,other,455.048,170.304,311,14,0,
7,12,bottom,host,280.108,303.094,125,11,0,
7,12,bottom,other,447.501,163.743,311,14,0,
7,13,bottom,host,288.3,308.83,125,11,0,
7,13,bottom,other,439.954,157.182,311,14,0,
7,14,bottom,host,296.492,314.566,125,11,0,
7,14,bottom,other,432.407,150.621,311,14,0,
7,15,bottom,host,304.684,320.302,125,11,0,
7,15,bottom,other,424.86,144.06,311,14,0,
7,16,bottom,host,312.876,326.038,125,11,0,
7,16,bottom,other,417.313,137.499,311,14,0,
7,17,bottom,host,321.068,331.774,125,11,0,
7,17,bottom,other,409.766,130.938,311,14,0,
7,18,bottom,host,329.26,337.51,125,11,0,
7,18,bottom,other,402.219,124.377,311,14,0,
7,19,bottom,host,337.452,343.246,125,11,0,
7,19,bottom,other,394.672,117.816,311,14,0,
7,20,bottom,host,345.644,348.982,125,11,0,
7,20,bottom,other,387.125,111.255,311,14,0,
7,21,bottom,host,353.836,354.718,125,15,0,
7,21,bottom,other,379.578,104.694,311,15,0,
7,22,bottom,host,353.836,354.718,125,15,0,
7,22,bottom,other,379.578,104.694,311,15,0,
7,23,bottom,host,353.836,354.718,125,15,0,
7,23,bottom,other,379.578,104.694,311,15,0,
8,1,top,host,190,240,90,15,0,
8,1,top,other,530,240,270,15,0,
8,2,top,host,198.387,245.446,123,15,0,
8,2,top,other,520,240,270,15,0,
8,3,top,host,206.579,251.182,125,15,0,
8,3,top,other,511.71,234.408,304,15,0,
8,4,top,host,214.771,256.918,125,15,0,
8,4,top,other,503.42,228.816,304,15,0,
8,5,top,host,222.963,262.654,125,15,0,
8,5,top,other,495.13,223.224,304,15,0,
8,6,top,host,231.155,268.39,125,15,0,
8,6,top,other,486.84,217.632,304,15,0,
8,7,top,host,239.347,274.126,125,15,0,
8,7,top,other,478.55,212.04,304,15,0,
8,8,top,host,247.539,279.862,125,15,0,
8,8,top,other,470.26,206.448,304,15,0,
8,9,top,host,255.731,285.598,125,15,0,
8,9,top,other,461.97,200.856,304,15,0,
8,10,top,host,263.923,291.334,125,15,0,
8,10,top,other,453.68,195.264,304,15,0,
8,11,top,host,272.115,297.07,125,15,0,
8,11,top,other,445.39,189.672,304,15,0,
8,12,top,host,280.307,302.806,125,15,0,
8,12,top,other,437.1,184.08,304,15,0,
8,13,top,host,288.499,308.542,125,15,0,
8,13,top,other,428.81,178.488,304,15,0,
8,14,top,host,296.691,314.278,125,15,0,
8,14,top,other,420.52,172.896,304,15,0,
8,15,top,host,304.883,320.014,125,15,0,
8,15,top,other,412.23,167.304,304,15,0,
8,16,top,host,313.075,325.75,125,15,0,
8,16,top,other,403.94,161.712,304,15,0,
8,17,top,host,321.267,331.486,125,15,0,
8,17,top,other,395.65,156.12,304,15,0,
8,18,top,host,329.459,337.222,125,15,0,
8,18,top,other,387.36,150.528,304,15,0,
8,19,top,host,337.651,342.958,125,15,0,
8,19,top,other,379.07,144.936,304,15,0,
8,20,top,host,345.843,348.694,125,15,0,
8,20,top,other,370.78,139.344,304,15,0,
8,21,top,host,354.035,354.43,125,16,0,
8,21,top,other,362.49,133.752,304,19,0,
8,22,top,host,354.035,354.43,125,16,0,
8,22,top,other,362.49,133.752,304,19,0,
8,23,top,host,354.035,354.43,125,16,0,
8,23,top,other,362.49,133.752,304,19,0,
9,1,top,host,190,240,90,16,0,
9,1,top,other,531.71,245.592,236,19,0,
9,2,top,host,198.29,234.408,56,16,0,
9,2,top,other,523.42,251.184,236,19,0,
9,3,top,host,206.58,228.816,56,16,0,
9,3,top,other,515.13,256.776,236,19,0,
9,4,top,host,214.87,223.224,56,16,0,
9,4,top,other,506.84,262.368,236,19,0,
9,5,top,host,223.16,217.632,56,16,0,
9,5,top,other,498.55,267.96,236,19,0,
9,6,top,host,231.45,212.04,56,16,0,
9,6,top,other,490.26,273.552,236,19,0,
9,7,top,host,239.74,206.448,56,16,0,
9,7,top,other,481.97,279.144,236,19,0,
9,8,top,host,248.03,200.856,56,16,0,
9,8,top,other,473.68,284.736,236,19,0,
9,9,top,host,256.32,195.264,56,16,0,
9,9,top,other,465.39,290.328,236,19,0,
9,10,top,host,264.61,189.672,56,16,0,
9,10,top,other,457.1,295.92,236,19,0,
9,11,top,host,272.9,184.08,56,16,0,
9,11,top,other,448.81,301.512,236,19,0,
9,12,top,host,281.19,178.488,56,16,0,
9,12,top,other,440.52,307.104,236,19,0,
9,13,top,host,289.48,172.896,56,16,0,
9,13,top,other,432.23,312.696,236,19,0,
9,14,top,host,297.77,167.304,56,16,0,
9,14,top,other,423.94,318.288,236,19,0,
9,15,top,host,306.06,161.712,56,16,0,
9,15,top,other,415.65,323.88,236,19,0,
9,16,top,host,314.35,156.12,56,16,0,
9,16,top,other,407.36,329.472,236,19,0,
9,17,top,host,322.64,150.528,56,16,0,
9,17,top,other,399.07,335.064,236,19,0,
9,18,top,host,330.93,144.936,56,16,0,
9,18,top,other,390.78,340.656,236,19,0,
9,19,top,host,339.22,139.344,56,16,0,
9,19,top,other,382.49,346.248,236,19,0,
9,20,top,host,347.51,133.752,56,20,0,
9,20,top,other,374.2,351.84,236,20,0,
9,21,top,host,347.51,133.752,56,20,0,
9,21,top,other,374.2,351.84,236,20,0,
9,22,top,host,347.51,133.752,56,20,0,
9,22,top,other,374.2,351.84,236,20,0,
10,1,bottom,host,188.48,234.701,58,20,0,
10,1,bottom,other,531.71,245.592,236,20,0,
10,2,bottom,host,196.867,229.255,57,20,0,
10,2,bottom,other,523.42,251.184,236,20,0,
10,3,bottom,host,205.254,223.809,57,20,0,
10,3,bottom,other,515.13,256.776,236,20,0,
10,4,bottom,host,213.641,218.363,57,20,0,
10,4,bottom,other,506.84,262.368,236,20,0,
10,5,bottom,host,222.028,212.917,57,20,0,
10,5,bottom,other,498.55,267.96,236,20,0,
10,6,bottom,host,230.415,207.471,57,20,0,
10,6,bottom,other,490.26,273.552,236,20,0,
10,7,bottom,host,238.802,202.025,57,20,0,
10,7,bottom,other,481.97,279.144,236,20,0,
10,8,bottom,host,247.189,196.579,57,20,0,
10,8,bottom,other,473.68,284.736,236,20,0,
10,9,bottom,host,255.576,191.133,57,20,0,
10,9,bottom,other,465.39,290.328,236,20,0,
10,10,bottom,host,263.963,185.687,57,20,0,
10,10,bottom,other,457.1,295.92,236,20,0,
10,11,bottom,host,272.35,180.241,57,20,0,
10,11,bottom,other,448.81,301.512,236,20,0,
10,12,bottom,host,280.737,174.795,57,20,0,
10,12,bottom,other,440.52,307.104,236,20,0,
10,13,bottom,host,289.124,169.349,57,20,0,
10,13,bottom,other,432.23,312.696,236,20,0,
10,14,bottom,host,297.511,163.903,57,20,0,
10,14,bottom,other,423.94,318.288,236,20,0,
10,15,bottom,host,305.898,158.457,57,20,0,
10,15,bottom,other,415.65,323.88,236,20,0,
10,16,bottom,host,314.285,153.011,57,20,0,
10,16,bottom,other,407.36,329.472,236,20,0,
10,17,bottom,host,322.672,147.565,57,20,0,
10,17,bottom,other,399.07,335.064,236,20,0,
10,18,bottom,host,331.059,142.119,57,20,0,
10,18,bottom,other,390.78,340.656,236,20,0,
10,19,bottom,host,339.446,136.673,57,20,0,
10,19,bottom,other,382.49,346.248,236,20,0,
10,20,bottom,host,347.833,131.227,57,21,0,
10,20,bottom,other,374.2,351.84,236,24,0,
10,21,bottom,host,347.833,131.227,57,21,0,
10,21,bottom,other,374.2,351.84,236,24,0,
10,22,bottom,host,347.833,131.227,57,21,0,
10,22,bottom,other,374.2,351.84,236,24,0,
11,1,bottom,host,190,240,90,21,0,
11,1,bottom,other,530,240,270,24,0,
11,2,bottom,host,198.387,245.446,123,21,0,
11,2,bottom,other,521.52,234.701,302,24,0,
11,3,bottom,host,206.774,250.892,123,21,0,
11,3,bottom,other,513.04,229.402,302,24,0,
11,4,bottom,host,215.161,256.338,123,21,0,
11,4,bottom,other,504.56,224.103,302,24,0,
11,5,bottom,host,223.548,261.784,123,21,0,
11,5,bottom,other,496.08,218.804,302,24,0,
11,6,bottom,host,231.935,267.23,123,21,0,
11,6,bottom,other,487.6,213.505,302,24,0,
11,7,bottom,host,240.322,272.676,123,21,0,
11,7,bottom,other,479.12,208.206,302,24,0,
11,8,bottom,host,248.709,278.122,123,21,0,
11,8,bottom,other,470.64,202.907,302,24,0,
11,9,bottom,host,257.096,283.568,123,21,0,
11,9,bottom,other,462.16,197.608,302,24,0,
11,10,bottom,host,265.483,289.014,123,21,0,
11,10,bottom,other,453.68,192.309,302,24,0,
11,11,bottom,host,273.87,294.46,123,21,0,
11,11,bottom,other,445.2,187.01,302,24,0,
11,12,bottom,host,282.257,299.906,123,21,0,
11,12,bottom,other,436.72,181.711,302,24,0,
11,13,bottom,host,290.644,305.352,123,21,0,
11,13,bottom,other,428.24,176.412,302,24,0,
11,14,bottom,host,299.031,310.798,123,21,0,
11,14,bottom,other,419.76,171.113,302,24,0,
11,15,bottom,host,307.418,316.244,123,21,0,
11,15,bottom,other,411.28,165.814,302,24,0,
11,16,bottom,host,315.805,321.69,123,21,0,
11,16,bottom,other,402.8,160.515,302,24,0,
11,17,bottom,host,324.192,327.136,123,21,0,
11,17,bottom,other,394.32,155.216,302,24,0,
11,18,bottom,host,332.579,332.582,123,21,0,
11,18,bottom,other,385.84,149.917,302,24,0,
11,19,bottom,host,340.966,338.028,123,21,0,
11,19,bottom,other,377.36,144.618,302,24,0,
11,20,bottom,host,349.353,343.474,123,21,0,
11,20,bottom,other,368.88,139.319,302,24,0,
11,21,bottom,host,357.74,348.92,123,25,0,
11,21,bottom,other,360.4,134.02,302,25,0,
11,22,bottom,host,357.74,348.92,123,25,0,
11,22,bottom,other,360.4,134.02,302,25,0,
11,23,bottom,host,357.74,348.92,123,25,0,
11,23,bottom,other,360.4,134.02,302,25,0,
12,1,bottom,host,190,240,90,25,0,
12,1,bottom,other,531.808,245.736,235,25,0,
12,2,bottom,host,198.48,234.701,58,25,0,
12,2,bottom,other,523.616,251.472,235,25,0,
12,3,bottom,host,206.96,229.402,58,25,0,
12,3,bottom,other,515.424,257.208,235,25,0,
12,4,bottom,host,215.152,223.666,55,25,0,
12,4,bottom,other,507.232,262.944,235,25,0,
12,5,bottom,host,223.344,217.93,55,25,0,
12,5,bottom,other,499.04,268.68,235,25,0,
12,6,bottom,host,231.536,212.194,55,25,0,
12,6,bottom,other,490.848,274.416,235,25,0,
12,7,bottom,host,239.728,206.458,55,25,0,
12,7,bottom,other,482.656,280.152,235,25,0,
12,8,bottom,host,247.92,200.722,55,25,0,
12,8,bottom,other,474.464,285.888,235,25,0,
12,9,bottom,host,256.112,194.986,55,25,0,
12,9,bottom,other,466.272,291.624,235,25,0,
12,10,bottom,host,264.304,189.25,55,25,0,
12,10,bottom,other,458.08,297.36,235,25,0,
12,11,bottom,host,272.496,183.514,55,25,0,
12,11,bottom,other,449.888,303.096,235,25,0,
12,12,bottom,host,280.688,177.778,55,25,0,
12,12,bottom,other,441.696,308.832,235,25,0,
12,13,bottom,host,288.88,172.042,55,25,0,
12,13,bottom,other,433.504,314.568,235,25,0,
12,14,bottom,host,297.072,166.306,55,25,0,
12,14,bottom,other,425.312,320.304,235,25,0,
12,15,bottom,host,305.264,160.57,55,25,0,
12,15,bottom,other,417.12,326.04,235,25,0,
12,16,bottom,host,313.456,154.834,55,25,0,
12,16,bottom,other,408.928,331.776,235,25,0,
12,17,bottom,host,321.648,149.098,55,25,0,
12,17,bottom,other,400.736,337.512,235,25,0,
12,18,bottom,host,329.84,143.362,55,25,0,
12,18,bottom,other,392.544,343.248,235,25,0,
12,19,bottom,host,338.032,137.626,55,25,0,
12,19,bottom,other,384.352,348.984,235,25,0,
12,20,bottom,host,346.224,131.89,55,26,0,
12,20,bottom,other,376.16,354.72,235,29,0,
12,21,bottom,host,346.224,131.89,55,26,0,
12,21,bottom,other,376.16,354.72,235,29,0,
12,22,bottom,host,346.224,131.89,55,26,0,
12,22,bottom,other,376.16,354.72,235,29,0,
13,1,top,host,190,240,90,26,0,
13,1,top,other,531.71,245.592,236,29,0,
13,2,top,host,198.29,234.408,56,26,0,
13,2,top,other,523.42,251.184,236,29,0,
13,3,top,host,206.58,228.816,56,26,0,
13,3,top,other,515.13,256.776,236,29,0,
13,4,top,host,214.87,223.224,56,26,0,
13,4,top,other,506.84,262.368,236,29,0,
13,5,top,host,223.16,217.632,56,26,0,
13,5,top,other,498.55,267.96,236,29,0,
13,6,top,host,231.45,212.04,56,26,0,
13,6,top,other,490.26,273.552,236,29,0,
13,7,top,host,239.74,206.448,56,26,0,
13,7,top,other,481.97,279.144,236,29,0,
13,8,top,host,248.03,200.856,56,26,0,
13,8,top,other,473.68,284.736,236,29,0,
13,9,top,host,256.32,195.264,56,26,0,
13,9,top,other,465.39,290.328,236,29,0,
13,10,top,host,264.61,189.672,56,26,0,
13,10,top,other,457.1,295.92,236,29,0,
13,11,top,host,272.9,184.08,56,26,0,
13,11,top,other,448.81,301.512,236,29,0,
13,12,top,host,281.19,178.488,56,26,0,
13,12,top,other,440.52,307.104,236,29,0,
13,13,top,host,289.48,172.896,56,26,0,
13,13,top,other,432.23,312.696,236,29,0,
13,14,top,host,297.77,167.304,56,26,0,
13,14,top,other,423.94,318.288,236,29,0,
13,15,top,host,306.06,161.712,56,26,0,
13,15,top,other,415.65,323.88,236,29,0,
13,16,top,host,314.35,156.12,56,26,0,
13,16,top,other,407.36,329.472,236,29,0,
13,17,top,host,322.64,150.528,56,26,0,
13,17,top,other,399.07,335.064,236,29,0,
13,18,top,host,330.93,144.936,56,26,0,
13,18,top,other,390.78,340.656,236,29,0,
13,19,top,host,339.22,139.344,56,26,0,
13,19,top,other,382.49,346.248,236,29,0,
13,20,top,host,347.51,133.752,56,30,0,
13,20,top,other,374.2,351.84,236,30,0,
13,21,top,host,347.51,133.752,56,30,0,
13,21,top,other,374.2,351.84,236,30,0,
13,22,top,host,347.51,133.752,56,30,0,
13,22,top,other,374.2,351.84,236,30,0,
14,1,top,host,188.387,245.446,123,30,0,
14,1,top,other,531.52,234.701,302,30,0,
14,2,top,host,196.774,250.892,123,30,0,
14,2,top,other,523.04,229.402,302,30,0,
14,3,top,host,205.161,256.338,123,30,0,
14,3,top,other,514.56,224.103,302,30,0,
14,4,top,host,213.548,261.784,123,30,0,
14,4,top,other,506.08,218.804,302,30,0,
14,5,top,host,221.935,267.23,123,30,0,
14,5,top,other,497.6,213.505,302,30,0,
14,6,top,host,230.322,272.676,123,30,0,
14,6,top,other,489.12,208.206,302,30,0,
14,7,top,host,238.709,278.122,123,30,0,
14,7,top,other,480.64,202.907,302,30,0,
14,8,top,host,247.096,283.568,123,30,0,
14,8,top,other,472.16,197.608,302,30,0,
14,9,top,host,255.483,289.014,123,30,0,
14,9,top,other,463.68,192.309,302,30,0,
14,10,top,host,263.87,294.46,123,30,0,
14,10,top,other,455.2,187.01,302,30,0,
14,11,top,host,272.257,299.906,123,30,0,
14,11,top,other,446.72,181.711,302,30,0,
14,12,top,host,280.644,305.352,123,30,0,
14,12,top,other,438.24,176.412,302,30,0,
14,13,top,host,289.031,310.798,123,30,0,
14,13,top,other,429.76,171.113,302,30,0,
14,14,top,host,297.418,316.244,123,30,0,
14,14,top,other,421.28,165.814,302,30,0,
14,15,top,host,305.805,321.69,123,30,0,
14,15,top,other,412.8,160.515,302,30,0,
14,16,top,host,314.192,327.136,123,30,0,
14,16,top,other,404.32,155.216,302,30,0,
14,17,top,host,322.579,332.582,123,30,0,
14,17,top,other,395.84,149.917,302,30,0,
14,18,top,host,330.966,338.028,123,30,0,
14,18,top,other,387.36,144.618,302,30,0,
14,19,top,host,339.353,343.474,123,30,0,
14,19,top,other,378.88,139.319,302,30,0,
14,20,top,host,347.74,348.92,123,31,0,
14,20,top,other,370.4,134.02,302,34,0,
14,21,top,host,347.74,348.92,123,31,0,
14,21,top,other,370.4,134.02,302,34,0,
14,22,top,host,347.74,348.92,123,31,0,
14,22,top,other,370.4,134.02,302,34,0,
15,1,bottom,host,190,240,90,31,0,
15,1,bottom,other,530,240,270,34,0,
15,2,bottom,host,198.387,245.446,123,31,0,
15,2,bottom,other,520,240,270,34,0,
15,3,bottom,host,206.677,251.038,124,31,0,
15,3,bottom,other,510,240,270,34,0,
15,4,bottom,host,214.967,256.63,124,31,0,
15,4,bottom,other,500,240,270,34,0,
15,5,bottom,host,223.257,262.222,124,31,0,
15,5,bottom,other,492.229,233.707,309,34,0,
15,6,bottom,host,231.547,267.814,124,31,0,
15,6,bottom,other,484.458,227.414,309,34,0,
15,7,bottom,host,239.837,273.406,124,31,0,
15,7,bottom,other,476.687,221.121,309,34,0,
15,8,bottom,host,248.127,278.998,124,31,0,
15,8,bottom,other,468.916,214.828,309,34,0,
15,9,bottom,host,256.417,284.59,124,31,0,
15,9,bottom,other,461.145,208.535,309,34,0,
15,10,bottom,host,264.707,290.182,124,31,0,
15,10,bottom,other,453.374,202.242,309,34,0,
15,11,bottom,host,272.997,295.774,124,31,0,
15,11,bottom,other,445.603,195.949,309,34,0,
15,12,bottom,host,281.287,301.366,124,31,0,
15,12,bottom,other,437.832,189.656,309,34,0,
15,13,bottom,host,289.577,306.958,124,31,0,
15,13,bottom,other,430.061,183.363,309,34,0,
15,14,bottom,host,297.867,312.55,124,31,0,
15,14,bottom,other,422.29,177.07,309,34,0,
15,15,bottom,host,306.157,318.142,124,31,0,
15,15,bottom,other,414.519,170.777,309,34,0,
15,16,bottom,host,314.447,323.734,124,31,0,
15,16,bottom,other,406.748,164.484,309,34,0,
15,17,bottom,host,322.737,329.326,124,31,0,
15,17,bottom,other,398.977,158.191,309,34,0,
15,18,bottom,host,331.027,334.918,124,31,0,
15,18,bottom,other,391.206,151.898,309,34,0,
15,19,bottom,host,339.317,340.51,124,31,0,
15,19,bottom,other,383.435,145.605,309,34,0,
15,20,bottom,host,347.607,346.102,124,31,0,
15,20,bottom,other,375.664,139.312,309,34,0,
15,21,bottom,host,355.897,351.694,124,35,0,
15,21,bottom,other,367.893,133.019,309,35,0,
15,22,bottom,host,355.897,351.694,124,35,0,
15,22,bottom,other,367.893,133.019,309,35,0,
15,23,bottom,host,355.897,351.694,124,35,0,
15,23,bottom,other,367.893,133.019,309,35,0,
16,1,bottom,host,190,240,90,35,0,
16,1,bottom,other,531.808,245.736,235,35,0,
16,2,bottom,host,198.29,234.408,56,35,0,
16,2,bottom,other,523.616,251.472,235,35,0,
16,3,bottom,host,206.58,228.816,56,35,0,
16,3,bottom,other,515.424,257.208,235,35,0,
16,4,bottom,host,214.87,223.224,56,35,0,
16,4,bottom,other,507.232,262.944,235,35,0,
16,5,bottom,host,223.062,217.488,55,35,0,
16,5,bottom,other,499.04,268.68,235,35,0,
16,6,bottom,host,231.254,211.752,55,35,0,
16,6,bottom,other,490.848,274.416,235,35,0,
16,7,bottom,host,239.446,206.016,55,35,0,
16,7,bottom,other,482.656,280.152,235,35,0,
16,8,bottom,host,247.638,200.28,55,35,0,
16,8,bottom,other,474.464,285.888,235,35,0,
16,9,bottom,host,255.83,194.544,55,35,0,
16,9,bottom,other,466.272,291.624,235,35,0,
16,10,bottom,host,264.022,188.808,55,35,0,
16,10,bottom,other,458.08,297.36,235,35,0,
16,11,bottom,host,272.214,183.072,55,35,0,
16,11,bottom,other,449.888,303.096,235,35,0,
16,12,bottom,host,280.406,177.336,55,35,0,
16,12,bottom,other,441.696,308.832,235,35,0,
16,13,bottom,host,288.598,171.6,55,35,0,
16,13,bottom,other,433.504,314.568,235,35,0,
16,14,bottom,host,296.79,165.864,55,35,0,
16,14,bottom,other,425.312,320.304,235,35,0,
16,15,bottom,host,304.982,160.128,55,35,0,
16,15,bottom,other,417.12,326.04,235,35,0,
16,16,bottom,host,313.174,154.392,55,35,0,
16,16,bottom,other,408.928,331.776,235,35,0,
16,17,bottom,host,321.366,148.656,55,35,0,
16,17,bottom,other,400.736,337.512,235,35,0,
16,18,bottom,host,329.558,142.92,55,35,0,
16,18,bottom,other,392.544,343.248,235,35,0,
16,19,bottom,host,337.75,137.184,55,35,0,
16,19,bottom,other,384.352,348.984,235,35,0,
16,20,bottom,host,345.942,131.448,55,36,0,
16,20,bottom,other,376.16,354.72,235,39,0,
16,21,bottom,host,345.942,131.448,55,36,0,
16,21,bottom,other,376.16,354.72,235,39,0,
16,22,bottom,host,345.942,131.448,55,36,0,
16,22,bottom,other,376.16,354.72,235,39,0,
17,1,top,host,190,240,90,36,0,
17,1,top,other,530,240,270,39,0,
17,2,top,host,200,240,90,36,0,
17,2,top,other,520,240,270,39,0,
17,3,top,host,208.29,234.408,56,36,0,
17,3,top,other,512.34,246.428,230,39,0,
17,4,top,host,216.58,228.816,56,36,0,
17,4,top,other,504.68,252.856,230,39,0,
17,5,top,host,224.87,223.224,56,36,0,
17,5,top,other,497.02,259.284,230,39,0,
17,6,top,host,233.16,217.632,56,36,0,
17,6,top,other,489.36,265.712,230,39,0,
17,7,top,host,241.45,212.04,56,36,0,
17,7,top,other,481.7,272.14,230,39,0,
17,8,top,host,249.74,206.448,56,36,0,
17,8,top,other,474.04,278.568,230,39,0,
17,9,top,host,258.03,200.856,56,36,0,
17,9,top,other,466.38,284.996,230,39,0,
17,10,top,host,266.32,195.264,56,36,0,
17,10,top,other,458.72,291.424,230,39,0,
17,11,top,host,274.61,189.672,56,36,0,
17,11,top,other,451.06,297.852,230,39,0,
17,12,top,host,282.9,184.08,56,36,0,
17,12,top,other,443.4,304.28,230,39,0,
17,13,top,host,291.19,178.488,56,36,0,
17,13,top,other,435.74,310.708,230,39,0,
17,14,top,host,299.48,172.896,56,36,0,
17,14,top,other,428.08,317.136,230,39,0,
17,15,top,host,307.77,167.304,56,36,0,
17,15,top,other,420.42,323.564,230,39,0,
17,16,top,host,316.06,161.712,56,36,0,
17,16,top,other,412.76,329.992,230,39,0,
17,17,top,host,324.35,156.12,56,36,0,
17,17,top,other,405.1,336.42,230,39,0,
17,18,top,host,332.64,150.528,56,36,0,
17,18,top,other,397.44,342.848,230,39,0,
17,19,top,host,340.93,144.936,56,36,0,
17,19,top,other,389.78,349.276,230,39,0,
17,20,top,host,349.22,139.344,56,36,0,
17,20,top,other,382.12,355.704,230,39,0,
17,21,top,host,357.51,133.752,56,40,0,
17,21,top,other,374.46,362.132,230,40,0,
17,22,top,host,357.51,133.752,56,40,0,
17,22,top,other,374.46,362.132,230,40,0,
17,23,top,host,357.51,133.752,56,40,0,
17,23,top,other,374.46,362.132,230,40,0,
18,1,top,host,190,240,90,40,0,
18,1,top,other,530,240,270,40,0,
18,2,top,host,200,240,90,40,0,
18,2,top,other,521.613,245.446,237,40,0,
18,3,top,host,208.29,245.592,124,40,0,
18,3,top,other,513.226,250.892,237,40,0,
18,4,top,host,216.58,251.184,124,40,0,
18,4,top,other,504.839,256.338,237,40,0,
18,5,top,host,224.87,256.776,124,40,0,
18,5,top,other,497.408,249.647,312,40,0,
18,6,top,host,233.16,262.368,124,40,0,
18,6,top,other,489.977,242.956,312,40,0,
18,7,top,host,241.45,267.96,124,40,0,
18,7,top,other,482.546,236.265,312,40,0,
18,8,top,host,249.74,273.552,124,40,0,
18,8,top,other,475.115,229.574,312,40,0,
18,9,top,host,258.03,279.144,124,40,0,
18,9,top,other,467.684,222.883,312,40,0,
18,10,top,host,266.32,284.736,124,40,0,
18,10,top,other,460.253,216.192,312,40,0,
18,11,top,host,274.61,290.328,124,40,0,
18,11,top,other,452.822,209.501,312,40,0,
18,12,top,host,282.9,295.92,124,40,0,
18,12,top,other,445.391,202.81,312,40,0,
18,13,top,host,291.19,301.512,124,40,0,
18,13,top,other,437.96,196.119,312,40,0,
18,14,top,host,299.48,307.104,124,40,0,
18,14,top,other,430.529,189.428,312,40,0,
18,15,top,host,307.77,312.696,124,40,0,
18,15,top,other,423.098,182.737,312,40,0,
18,16,top,host,316.06,318.288,124,40,0,
18,16,top,other,415.667,176.046,312,40,0,
18,17,top,host,324.35,323.88,124,40,0,
18,17,top,other,408.236,169.355,312,40,0,
18,18,top,host,332.64,329.472,124,40,0,
18,18,top,other,400.805,162.664,312,40,0,
18,19,top,host,340.93,335.064,124,40,0,
18,19,top,other,393.374,155.973,312,40,0,
18,20,top,host,349.22,340.656,124,40,0,
18,20,top,other,385.943,149.282,312,40,0,
18,21,top,host,357.51,346.248,124,41,0,
18,21,top,other,378.512,142.591,312,44,0,
18,22,top,host,357.51,346.248,124,41,0,
18,22,top,other,378.512,142.591,312,44,0,
18,23,top,host,357.51,346.248,124,41,0,
18,23,top,other,378.512,142.591,312,44,0,
19,1,top,host,190,240,90,41,0,
19,1,top,other,530,240,270,44,0,
19,2,top,host,198.192,234.264,55,41,0,
19,2,top,other,520,240,270,44,0,
19,3,top,host,206.384,228.528,55,41,0,
19,3,top,other,510,240,270,44,0,
19,4,top,host,214.576,222.792,55,41,0,
19,4,top,other,502.12,246.157,232,44,0,
19,5,top,host,222.768,217.056,55,41,0,
19,5,top,other,494.24,252.314,232,44,0,
19,6,top,host,230.96,211.32,55,41,0,
19,6,top,other,486.36,258.471,232,44,0,
19,7,top,host,239.152,205.584,55,41,0,
19,7,top,other,478.48,264.628,232,44,0,
19,8,top,host,247.344,199.848,55,41,0,
19,8,top,other,470.6,270.785,232,44,0,
19,9,top,host,255.536,194.112,55,41,0,
19,9,top,other,462.72,276.942,232,44,0,
19,10,top,host,263.728,188.376,55,41,0,
19,10,top,other,454.84,283.099,232,44,0,
19,11,top,host,271.92,182.64,55,41,0,
19,11,top,other,446.96,289.256,232,44,0,
19,12,top,host,280.112,176.904,55,41,0,
19,12,top,other,439.08,295.413,232,44,0,
19,13,top,host,288.304,171.168,55,41,0,
19,13,top,other,431.2,301.57,232,44,0,
19,14,top,host,296.496,165.432,55,41,0,
19,14,top,other,423.32,307.727,232,44,0,
19,15,top,host,304.688,159.696,55,41,0,
19,15,top,other,415.44,313.884,232,44,0,
19,16,top,host,312.88,153.96,55,41,0,
19,16,top,other,407.56,320.041,232,44,0,
19,17,top,host,321.072,148.224,55,41,0,
19,17,top,other,399.68,326.198,232,44,0,
19,18,top,host,329.264,142.488,55,41,0,
19,18,top,other,391.8,332.355,232,44,0,
19,19,top,host,337.456,136.752,55,41,0,
19,19,top,other,383.92,338.512,232,44,0,
19,20,top,host,345.648,131.016,55,41,0,
19,20,top,other,376.04,344.669,232,44,0,
19,21,top,host,353.84,125.28,55,45,0,
19,21,top,other,368.16,350.826,232,45,0,
19,22,top,host,353.84,125.28,55,45,0,
19,22,top,other,368.16,350.826,232,45,0,
19,23,top,host,353.84,125.28,55,45,0,
19,23,top,other,368.16,350.826,232,45,0,
20,1,bottom,host,188.387,234.554,57,45,0,
20,1,bottom,other,530,240,270,45,0,
20,2,bottom,host,196.867,229.255,58,45,0,
20,2,bottom,other,520,240,270,45,0,
20,3,bottom,host,205.347,223.956,58,45,0,
20,3,bottom,other,512.34,246.428,230,45,0,
20,4,bottom,host,213.827,218.657,58,45,0,
20,4,bottom,other,504.68,252.856,230,45,0,
20,5,bottom,host,222.214,213.211,57,45,0,
20,5,bottom,other,497.02,259.284,230,45,0,
20,6,bottom,host,230.504,207.619,56,45,0,
20,6,bottom,other,489.36,265.712,230,45,0,
20,7,bottom,host,238.794,202.027,56,45,0,
20,7,bottom,other,481.7,272.14,230,45,0,
20,8,bottom,host,247.084,196.435,56,45,0,
20,8,bottom,other,474.04,278.568,230,45,0,
20,9,bottom,host,255.374,190.843,56,45,0,
20,9,bottom,other,466.38,284.996,230,45,0,
20,10,bottom,host,263.664,185.251,56,45,0,
20,10,bottom,other,458.72,291.424,230,45,0,
20,11,bottom,host,271.954,179.659,56,45,0,
20,11,bottom,other,451.06,297.852,230,45,0,
20,12,bottom,host,280.244,174.067,56,45,0,
20,12,bottom,other,443.4,304.28,230,45,0,
20,13,bottom,host,288.534,168.475,56,45,0,
20,13,bottom,other,435.74,310.708,230,45,0,
20,14,bottom,host,296.824,162.883,56,45,0,
20,14,bottom,other,428.08,317.136,230,45,0,
20,15,bottom,host,305.114,157.291,56,45,0,
20,15,bottom,other,420.42,323.564,230,45,0,
20,16,bottom,host,313.404,151.699,56,45,0,
20,16,bottom,other,412.76,329.992,230,45,0,
20,17,bottom,host,321.694,146.107,56,45,0,
20,17,bottom,other,405.1,336.42,230,45,0,
20,18,bottom,host,329.984,140.515,56,45,0,
20,18,bottom,other,397.44,342.848,230,45,0,
20,19,bottom,host,338.274,134.923,56,45,0,
20,19,bottom,other,389.78,349.276,230,45,0,
20,20,bottom,host,346.564,129.331,56,46,0,
20,20,bottom,other,382.12,355.704,230,49,0,
20,21,bottom,host,346.564,129.331,56,46,0,
20,21,bottom,other,382.12,355.704,230,49,0,
20,22,bottom,host,346.564,129.331,56,46,0,
20,22,bottom,other,382.12,355.704,230,49,0,
21,1,bottom,host,190,240,90,46,0,
21,1,bottom,other,530,240,270,49,0,
21,2,bottom,host,197.986,246.018,127,46,0,
21,2,bottom,other,520,240,270,49,0,
21,3,bottom,host,205.972,252.036,127,46,0,
21,3,bottom,other,510,240,270,49,0,
21,4,bottom,host,213.958,258.054,127,46,0,
21,4,bottom,other,502.12,233.843,308,49,0,
21,5,bottom,host,221.944,264.072,127,46,0,
21,5,bottom,other,494.24,227.686,308,49,0,
21,6,bottom,host,229.93,270.09,127,46,0,
21,6,bottom,other,486.36,221.529,308,49,0,
21,7,bottom,host,237.916,276.108,127,46,0,
21,7,bottom,other,478.48,215.372,308,49,0,
21,8,bottom,host,245.902,282.126,127,46,0,
21,8,bottom,other,470.6,209.215,308,49,0,
21,9,bottom,host,253.888,288.144,127,46,0,
21,9,bottom,other,462.72,203.058,308,49,0,
21,10,bottom,host,261.874,294.162,127,46,0,
21,10,bottom,other,454.84,196.901,308,49,0,
21,11,bottom,host,269.86,300.18,127,46,0,
21,11,bottom,other,446.96,190.744,308,49,0,
21,12,bottom,host,277.846,306.198,127,46,0,
21,12,bottom,other,439.08,184.587,308,49,0,
21,13,bottom,host,285.832,312.216,127,46,0,
21,13,bottom,other,431.2,178.43,308,49,0,
21,14,bottom,host,293.818,318.234,127,46,0,
21,14,bottom,other,423.32,172.273,308,49,0,
21,15,bottom,host,301.804,324.252,127,46,0,
21,15,bottom,other,415.44,166.116,308,49,0,
21,16,bottom,host,309.79,330.27,127,46,0,
21,16,bottom,other,407.56,159.959,308,49,0,
21,17,bottom,host,317.776,336.288,127,46,0,
21,17,bottom,other,399.68,153.802,308,49,0,
21,18,bottom,host,325.762,342.306,127,46,0,
21,18,bottom,other,391.8,147.645,308,49,0,
21,19,bottom,host,333.748,348.324,127,46,0,
21,19,bottom,other,383.92,141.488,308,49,0,
21,20,bottom,host,341.734,354.342,127,46,0,
21,20,bottom,other,376.04,135.331,308,49,0,
21,21,bottom,host,349.72,360.36,127,50,0,
21,21,bottom,other,368.16,129.174,308,50,0,
21,22,bottom,host,349.72,360.36,127,50,0,
21,22,bottom,other,368.16,129.174,308,50,0,
21,23,bottom,host,349.72,360.36,127,50,0,
21,23,bottom,other,368.16,129.174,308,50,0,
22,1,bottom,host,190,240,90,50,0,
22,1,bottom,other,530,240,270,50,0,
22,2,bottom,host,198.48,234.701,58,50,0,
22,2,bottom,other,520,240,270,50,0,
22,3,bottom,host,206.96,229.402,58,50,0,
22,3,bottom,other,510,240,270,50,0,
22,4,bottom,host,215.44,224.103,58,50,0,
22,4,bottom,other,500,240,270,50,0,
22,5,bottom,host,223.92,218.804,58,50,0,
22,5,bottom,other,492.34,246.428,230,50,0,
22,6,bottom,host,232.4,213.505,58,50,0,
22,6,bottom,other,484.68,252.856,230,50,0,
22,7,bottom,host,240.88,208.206,58,50,0,
22,7,bottom,other,477.02,259.284,230,50,0,
22,8,bottom,host,249.36,202.907,58,50,0,
22,8,bottom,other,469.36,265.712,230,50,0,
22,9,bottom,host,257.84,197.608,58,50,0,
22,9,bottom,other,461.7,272.14,230,50,0,
22,10,bottom,host,266.32,192.309,58,50,0,
22,10,bottom,other,454.04,278.568,230,50,0,
22,11,bottom,host,274.8,187.01,58,50,0,
22,11,bottom,other,446.38,284.996,230,50,0,
22,12,bottom,host,283.28,181.711,58,50,0,
22,12,bottom,other,438.72,291.424,230,50,0,
22,13,bottom,host,291.76,176.412,58,50,0,
22,13,bottom,other,431.06,297.852,230,50,0,
22,14,bottom,host,300.24,171.113,58,50,0,
22,14,bottom,other,423.4,304.28,230,50,0,
22,15,bottom,host,308.72,165.814,58,50,0,
22,15,bottom,other,415.74,310.708,230,50,0,
22,16,bottom,host,317.2,160.515,58,50,0,
22,16,bottom,other,408.08,317.136,230,50,0,
22,17,bottom,host,325.68,155.216,58,50,0,
22,17,bottom,other,400.42,323.564,230,50,0,
22,18,bottom,host,334.16,149.917,58,50,0,
22,18,bottom,other,392.76,329.992,230,50,0,
22,19,bottom,host,342.64,144.618,58,50,0,
22,19,bottom,other,385.1,336.42,230,50,0,
22,20,bottom,host,351.12,139.319,58,50,0,
22,20,bottom,other,377.44,342.848,230,50,0,
22,21,bottom,host,359.6,134.02,58,51,0,
22,21,bottom,other,369.78,349.276,230,54,0,
22,22,bottom,host,359.6,134.02,58,51,0,
22,22,bottom,other,369.78,349.276,230,54,0,
22,23,bottom,host,359.6,134.02,58,51,0,
22,23,bottom,other,369.78,349.276,230,54,0,
23,1,top,host,188.48,234.701,58,51,0,
23,1,top,other,531.91,245.878,234,54,0,
23,2,top,host,196.867,229.255,57,51,0,
23,2,top,other,523.82,251.756,234,54,0,
23,3,top,host,205.254,223.809,57,51,0,
23,3,top,other,515.73,257.634,234,54,0,
23,4,top,host,213.641,218.363,57,51,0,
23,4,top,other,507.64,263.512,234,54,0,
23,5,top,host,222.028,212.917,57,51,0,
23,5,top,other,499.55,269.39,234,54,0,
23,6,top,host,230.415,207.471,57,51,0,
23,6,top,other,491.46,275.268,234,54,0,
23,7,top,host,238.802,202.025,57,51,0,
23,7,top,other,483.37,281.146,234,54,0,
23,8,top,host,247.189,196.579,57,51,0,
23,8,top,other,475.28,287.024,234,54,0,
23,9,top,host,255.576,191.133,57,51,0,
23,9,top,other,467.19,292.902,234,54,0,
23,10,top,host,263.963,185.687,57,51,0,
23,10,top,other,459.1,298.78,234,54,0,
23,11,top,host,272.35,180.241,57,51,0,
23,11,top,other,451.01,304.658,234,54,0,
23,12,top,host,280.737,174.795,57,51,0,
23,12,top,other,442.92,310.536,234,54,0,
23,13,top,host,289.124,169.349,57,51,0,
23,13,top,other,434.83,316.414,234,54,0,
23,14,top,host,297.511,163.903,57,51,0,
23,14,top,other,426.74,322.292,234,54,0,
23,15,top,host,305.898,158.457,57,51,0,
23,15,top,other,418.65,328.17,234,54,0,
23,16,top,host,314.285,153.011,57,51,0,
23,16,top,other,410.56,334.048,234,54,0,
23,17,top,host,322.672,147.565,57,51,0,
23,17,top,other,402.47,339.926,234,54,0,
23,18,top,host,331.059,142.119,57,51,0,
23,18,top,other,394.38,345.804,234,54,0,
23,19,top,host,339.446,136.673,57,51,0,
23,19,top,other,386.29,351.682,234,54,0,
23,20,top,host,347.833,131.227,57,55,0,
23,20,top,other,378.2,357.56,234,55,0,
23,21,top,host,347.833,131.227,57,55,0,
23,21,top,other,378.2,357.56,234,55,0,
23,22,top,host,347.833,131.227,57,55,0,
23,22,top,other,378.2,357.56,234,55,0,
24,1,top,host,190,240,90,55,0,
24,1,top,other,531.613,234.554,303,55,0,
24,2,top,host,198.192,245.736,125,55,0,
24,2,top,other,523.226,229.108,303,55,0,
24,3,top,host,206.384,251.472,125,55,0,
24,3,top,other,514.839,223.662,303,55,0,
24,4,top,host,214.576,257.208,125,55,0,
24,4,top,other,506.452,218.216,303,55,0,
24,5,top,host,222.768,262.944,125,55,0,
24,5,top,other,498.065,212.77,303,55,0,
24,6,top,host,230.96,268.68,125,55,0,
24,6,top,other,489.678,207.324,303,55,0,
24,7,top,host,239.152,274.416,125,55,0,
24,7,top,other,481.291,201.878,303,55,0,
24,8,top,host,247.344,280.152,125,55,0,
24,8,top,other,472.904,196.432,303,55,0,
24,9,top,host,255.536,285.888,125,55,0,
24,9,top,other,464.517,190.986,303,55,0,
24,10,top,host,263.728,291.624,125,55,0,
24,10,top,other,456.13,185.54,303,55,0,
24,11,top,host,271.92,297.36,125,55,0,
24,11,top,other,447.743,180.094,303,55,0,
24,12,top,host,280.112,303.096,125,55,0,
24,12,top,other,439.356,174.648,303,55,0,
24,13,top,host,288.304,308.832,125,55,0,
24,13,top,other,430.969,169.202,303,55,0,
24,14,top,host,296.496,314.568,125,55,0,
24,14,top,other,422.582,163.756,303,55,0,
24,15,top,host,304.688,320.304,125,55,0,
24,15,top,other,414.195,158.31,303,55,0,
24,16,top,host,312.88,326.04,125,55,0,
24,16,top,other,405.808,152.864,303,55,0,
24,17,top,host,321.072,331.776,125,55,0,
24,17,top,other,397.421,147.418,303,55,0,
24,18,top,host,329.264,337.512,125,55,0,
24,18,top,other,389.034,141.972,303,55,0,
24,19,top,host,337.456,343.248,125,55,0,
24,19,top,other,380.647,136.526,303,55,0,
24,20,top,host,345.648,348.984,125,56,0,
24,20,top,other,372.26,131.08,303,59,0,
24,21,top,host,345.648,348.984,125,56,0,
24,21,top,other,372.26,131.08,303,59,0,
24,22,top,host,345.648,348.984,125,56,0,
24,22,top,other,372.26,131.08,303,59,0,
25,1,bottom,host,190,240,90,56,0,
25,1,bottom,other,530,240,270,59,0,
25,2,bottom,host,200,240,90,56,0,
25,2,bottom,other,520,240,270,59,0,
25,3,bottom,host,207.986,246.018,127,56,0,
25,3,bottom,other,510,240,270,59,0,
25,4,bottom,host,215.972,252.036,127,56,0,
25,4,bottom,other,500,240,270,59,0,
25,5,bottom,host,223.958,258.054,127,56,0,
25,5,bottom,other,492.453,233.439,311,59,0,
25,6,bottom,host,231.944,264.072,127,56,0,
25,6,bottom,other,484.906,226.878,311,59,0,
25,7,bottom,host,239.93,270.09,127,56,0,
25,7,bottom,other,477.359,220.317,311,59,0,
25,8,bottom,host,247.916,276.108,127,56,0,
25,8,bottom,other,469.812,213.756,311,59,0,
25,9,bottom,host,255.902,282.126,127,56,0,
25,9,bottom,other,462.265,207.195,311,59,0,
25,10,bottom,host,263.888,288.144,127,56,0,
25,10,bottom,other,454.718,200.634,311,59,0,
25,11,bottom,host,271.874,294.162,127,56,0,
25,11,bottom,other,447.171,194.073,311,59,0,
25,12,bottom,host,279.86,300.18,127,56,0,
25,12,bottom,other,439.624,187.512,311,59,0,
25,13,bottom,host,287.846,306.198,127,56,0,
25,13,bottom,other,432.077,180.951,311,59,0,
25,14,bottom,host,295.832,312.216,127,56,0,
25,14,bottom,other,424.53,174.39,311,59,0,
25,15,bottom,host,303.818,318.234,127,56,0,
25,15,bottom,other,416.983,167.829,311,59,0,
25,16,bottom,host,311.804,324.252,127,56,0,
25,16,bottom,other,409.436,161.268,311,59,0,
25,17,bottom,host,319.79,330.27,127,56,0,
25,17,bottom,other,401.889,154.707,311,59,0,
25,18,bottom,host,327.776,336.288,127,56,0,
25,18,bottom,other,394.342,148.146,311,59,0,
25,19,bottom,host,335.762,342.306,127,56,0,
25,19,bottom,other,386.795,141.585,311,59,0,
25,20,bottom,host,343.748,348.324,127,56,0,
25,20,bottom,other,379.248,135.024,311,59,0,
25,21,bottom,host,351.734,354.342,127,60,0,
25,21,bottom,other,371.701,128.463,311,60,0,
25,22,bottom,host,351.734,354.342,127,60,0,
25,22,bottom,other,371.701,128.463,311,60,0,
25,23,bottom,host,351.734,354.342,127,60,0,
25,23,bottom,other,371.701,128.463,311,60,0,
26,1,bottom,host,188.387,234.554,57,60,0,
26,1,bottom,other,531.71,245.592,236,60,0,
26,2,bottom,host,196.774,229.108,57,60,0,
26,2,bottom,other,523.42,251.184,236,60,0,
26,3,bottom,host,205.161,223.662,57,60,0,
26,3,bottom,other,515.13,256.776,236,60,0,
26,4,bottom,host,213.548,218.216,57,60,0,
26,4,bottom,other,506.84,262.368,236,60,0,
26,5,bottom,host,221.935,212.77,57,60,0,
26,5,bottom,other,498.55,267.96,236,60,0,
26,6,bottom,host,230.322,207.324,57,60,0,
26,6,bottom,other,490.26,273.552,236,60,0,
26,7,bottom,host,238.709,201.878,57,60,0,
26,7,bottom,other,481.97,279.144,236,60,0,
26,8,bottom,host,247.096,196.432,57,60,0,
26,8,bottom,other,473.68,284.736,236,60,0,
26,9,bottom,host,255.483,190.986,57,60,0,
26,9,bottom,other,465.39,290.328,236,60,0,
26,10,bottom,host,263.87,185.54,57,60,0,
26,10,bottom,other,457.1,295.92,236,60,0,
26,11,bottom,host,272.257,180.094,57,60,0,
26,11,bottom,other,448.81,301.512,236,60,0,
26,12,bottom,host,280.644,174.648,57,60,0,
26,12,bottom,other,440.52,307.104,236,60,0,
26,13,bottom,host,289.031,169.202,57,60,0,
26,13,bottom,other,432.23,312.696,236,60,0,
26,14,bottom,host,297.418,163.756,57,60,0,
26,14,bottom,other,423.94,318.288,236,60,0,
26,15,bottom,host,305.805,158.31,57,60,0,
26,15,bottom,other,415.65,323.88,236,60,0,
26,16,bottom,host,314.192,152.864,57,60,0,
26,16,bottom,other,407.36,329.472,236,60,0,
26,17,bottom,host,322.579,147.418,57,60,0,
26,17,bottom,other,399.07,335.064,236,60,0,
26,18,bottom,host,330.966,141.972,57,60,0,
26,18,bottom,other,390.78,340.656,236,60,0,
26,19,bottom,host,339.353,136.526,57,60,0,
26,19,bottom,other,382.49,346.248,236,60,0,
26,20,bottom,host,347.74,131.08,57,61,0,
26,20,bottom,other,374.2,351.84,236,64,0,
26,21,bottom,host,347.74,131.08,57,61,0,
26,21,bottom,other,374.2,351.84,236,64,0,
26,22,bottom,host,347.74,131.08,57,61,0,
26,22,bottom,other,374.2,351.84,236,64,0,
27,1,top,host,190,240,90,61,0,
27,1,top,other,530,240,270,64,0,
27,2,top,host,200,240,90,61,0,
27,2,top,other,521.613,245.446,237,64,0,
27,3,top,host,208.192,234.264,55,61,0,
27,3,top,other,513.226,250.892,237,64,0,
27,4,top,host,216.384,228.528,55,61,0,
27,4,top,other,504.839,256.338,237,64,0,
27,5,top,host,224.576,222.792,55,61,0,
27,5,top,other,496.452,261.784,237,64,0,
27,6,top,host,232.768,217.056,55,61,0,
27,6,top,other,488.065,267.23,237,64,0,
27,7,top,host,240.96,211.32,55,61,0,
27,7,top,other,479.678,272.676,237,64,0,
27,8,top,host,249.152,205.584,55,61,0,
27,8,top,other,471.291,278.122,237,64,0,
27,9,top,host,257.344,199.848,55,61,0,
27,9,top,other,462.904,283.568,237,64,0,
27,10,top,host,265.536,194.112,55,61,0,
27,10,top,other,454.517,289.014,237,64,0,
27,11,top,host,273.728,188.376,55,61,0,
27,11,top,other,446.13,294.46,237,64,0,
27,12,top,host,281.92,182.64,55,61,0,
27,12,top,other,437.743,299.906,237,64,0,
27,13,top,host,290.112,176.904,55,61,0,
27,13,top,other,429.356,305.352,237,64,0,
27,14,top,host,298.304,171.168,55,61,0,
27,14,top,other,420.969,310.798,237,64,0,
27,15,top,host,306.496,165.432,55,61,0,
27,15,top,other,412.582,316.244,237,64,0,
27,16,top,host,314.688,159.696,55,61,0,
27,16,top,other,404.195,321.69,237,64,0,
27,17,top,host,322.88,153.96,55,61,0,
27,17,top,other,395.808,327.136,237,64,0,
27,18,top,host,331.072,148.224,55,61,0,
27,18,top,other,387.421,332.582,237,64,0,
27,19,top,host,339.264,142.488,55,61,0,
27,19,top,other,379.034,338.028,237,64,0,
27,20,top,host,347.456,136.752,55,61,0,
27,20,top,other,370.647,343.474,237,64,0,
27,21,top,host,355.648,131.016,55,65,0,
27,21,top,other,362.26,348.92,237,65,0,
27,22,top,host,355.648,131.016,55,65,0,
27,22,top,other,362.26,348.92,237,65,0,
27,23,top,host,355.648,131.016,55,65,0,
27,23,top,other,362.26,348.92,237,65,0,
28,1,top,host,190,240,90,65,0,
28,1,top,other,530,240,270,65,0,
28,2,top,host,197.986,246.018,127,65,0,
28,2,top,other,520,240,270,65,0,
28,3,top,host,205.972,252.036,127,65,0,
28,3,top,other,512.229,233.707,309,65,0,
28,4,top,host,213.958,258.054,127,65,0,
28,4,top,other,504.458,227.414,309,65,0,
28,5,top,host,221.944,264.072,127,65,0,
28,5,top,other,496.687,221.121,309,65,0,
28,6,top,host,229.93,270.09,127,65,0,
28,6,top,other,488.916,214.828,309,65,0,
28,7,top,host,237.916,276.108,127,65,0,
28,7,top,other,481.145,208.535,309,65,0,
28,8,top,host,245.902,282.126,127,65,0,
28,8,top,other,473.374,202.242,309,65,0,
28,9,top,host,253.888,288.144,127,65,0,
28,9,top,other,465.603,195.949,309,65,0,
28,10,top,host,261.874,294.162,127,65,0,
28,10,top,other,457.832,189.656,309,65,0,
28,11,top,host,269.86,300.18,127,65,0,
28,11,top,other,450.061,183.363,309,65,0,
28,12,top,host,277.846,306.198,127,65,0,
28,12,top,other,442.29,177.07,309,65,0,
28,13,top,host,285.832,312.216,127,65,0,
28,13,top,other,434.519,170.777,309,65,0,
28,14,top,host,293.818,318.234,127,65,0,
28,14,top,other,426.748,164.484,309,65,0,
28,15,top,host,301.804,324.252,127,65,0,
28,15,top,other,418.977,158.191,309,65,0,
28,16,top,host,309.79,330.27,127,65,0,
28,16,top,other,411.206,151.898,309,65,0,
28,17,top,host,317.776,336.288,127,65,0,
28,17,top,other,403.435,145.605,309,65,0,
28,18,top,host,325.762,342.306,127,65,0,
28,18,top,other,395.664,139.312,309,65,0,
28,19,top,host,333.748,348.324,127,65,0,
28,19,top,other,387.893,133.019,309,65,0,
28,20,top,host,341.734,354.342,127,65,0,
28,20,top,other,380.122,126.726,309,65,0,
28,21,top,host,349.72,360.36,127,66,0,
28,21,top,other,372.351,120.433,309,69,0,
28,22,top,host,349.72,360.36,127,66,0,
28,22,top,other,372.351,120.433,309,69,0,
28,23,top,host,349.72,360.36,127,66,0,
28,23,top,other,372.351,120.433,309,69,0,
29,1,bottom,host,190,240,90,66,0,
29,1,bottom,other,530,240,270,69,0,
29,2,bottom,host,198.09,245.878,126,66,0,
29,2,bottom,other,521.808,245.736,235,69,0,
29,3,bottom,host,206.18,251.756,126,66,0,
29,3,bottom,other,513.616,251.472,235,69,0,
29,4,bottom,host,214.27,257.634,126,66,0,
29,4,bottom,other,505.736,245.315,308,69,0,
29,5,bottom,host,222.36,263.512,126,66,0,
29,5,bottom,other,497.856,239.158,308,69,0,
29,6,bottom,host,230.45,269.39,126,66,0,
29,6,bottom,other,489.976,233.001,308,69,0,
29,7,bottom,host,238.54,275.268,126,66,0,
29,7,bottom,other,482.096,226.844,308,69,0,
29,8,bottom,host,246.63,281.146,126,66,0,
29,8,bottom,other,474.216,220.687,308,69,0,
29,9,bottom,host,254.72,287.024,126,66,0,
29,9,bottom,other,466.336,214.53,308,69,0,
29,10,bottom,host,262.81,292.902,126,66,0,
29,10,bottom,other,458.456,208.373,308,69,0,
29,11,bottom,host,270.9,298.78,126,66,0,
29,11,bottom,other,450.576,202.216,308,69,0,
29,12,bottom,host,278.99,304.658,126,66,0,
29,12,bottom,other,442.696,196.059,308,69,0,
29,13,bottom,host,287.08,310.536,126,66,0,
29,13,bottom,other,434.816,189.902,308,69,0,
29,14,bottom,host,295.17,316.414,126,66,0,
29,14,bottom,other,426.936,183.745,308,69,0,
29,15,bottom,host,303.26,322.292,126,66,0,
29,15,bottom,other,419.056,177.588,308,69,0,
29,16,bottom,host,311.35,328.17,126,66,0,
29,16,bottom,other,411.176,171.431,308,69,0,
29,17,bottom,host,319.44,334.048,126,66,0,
29,17,bottom,other,403.296,165.274,308,69,0,
29,18,bottom,host,327.53,339.926,126,66,0,
29,18,bottom,other,395.416,159.117,308,69,0,
29,19,bottom,host,335.62,345.804,126,66,0,
29,19,bottom,other,387.536,152.96,308,69,0,
29,20,bottom,host,343.71,351.682,126,66,0,
29,20,bottom,other,379.656,146.803,308,69,0,
29,21,bottom,host,351.8,357.56,126,70,0,
29,21,bottom,other,371.776,140.646,308,70,0,
29,22,bottom,host,351.8,357.56,126,70,0,
29,22,bottom,other,371.776,140.646,308,70,0,
29,23,bottom,host,351.8,357.56,126,70,0,
29,23,bottom,other,371.776,140.646,308,70,0,
30,1,top,host,190,240,90,70,0,
30,1,top,other,530,240,270,70,0,
30,2,top,host,200,240,90,70,0,
30,2,top,other,520,240,270,70,0,
30,3,top,host,208.09,245.878,126,70,0,
30,3,top,other,511.71,234.408,304,70,0,
30,4,top,host,216.18,251.756,126,70,0,
30,4,top,other,503.42,228.816,304,70,0,
30,5,top,host,224.27,257.634,126,70,0,
30,5,top,other,495.13,223.224,304,70,0,
30,6,top,host,232.36,263.512,126,70,0,
30,6,top,other,486.84,217.632,304,70,0,
30,7,top,host,240.45,269.39,126,70,0,
30,7,top,other,478.55,212.04,304,70,0,
30,8,top,host,248.54,275.268,126,70,0,
30,8,top,other,470.26,206.448,304,70,0,
30,9,top,host,256.63,281.146,126,70,0,
30,9,top,other,461.97,200.856,304,70,0,
30,10,top,host,264.72,287.024,126,70,0,
30,10,top,other,453.68,195.264,304,70,0,
30,11,top,host,272.81,292.902,126,70,0,
30,11,top,other,445.39,189.672,304,70,0,
30,12,top,host,280.9,298.78,126,70,0,
30,12,top,other,437.1,184.08,304,70,0,
30,13,top,host,288.99,304.658,126,70,0,
30,13,top,other,428.81,178.488,304,70,0,
30,14,top,host,297.08,310.536,126,70,0,
30,14,top,other,420.52,172.896,304,70,0,
30,15,top,host,305.17,316.414,126,70,0,
30,15,top,other,412.23,167.304,304,70,0,
30,16,top,host,313.26,322.292,126,70,0,
30,16,top,other,403.94,161.712,304,70,0,
30,17,top,host,321.35,328.17,126,70,0,
30,17,top,other,395.65,156.12,304,70,0,
30,18,top,host,329.44,334.048,126,70,0,
30,18,top,other,387.36,150.528,304,70,0,
30,19,top,host,337.53,339.926,126,70,0,
30,19,top,other,379.07,144.936,304,70,0,
30,20,top,host,345.62,345.804,126,70,0,
30,20,top,other,370.78,139.344,304,70,0,
30,21,top,host,353.71,351.682,126,71,0,
30,21,top,other,362.49,133.752,304,74,0,
30,22,top,host,353.71,351.682,126,71,0,
30,22,top,other,362.49,133.752,304,74,0,
30,23,top,host,353.71,351.682,126,71,0,
30,23,top,other,362.49,133.752,304,74,0,
31,1,bottom,host,188.29,245.592,124,71,0,
31,1,bottom,other,530,240,270,74,0,
31,2,bottom,host,196.482,251.328,125,71,0,
31,2,bottom,other,520,240,270,74,0,
31,3,bottom,host,204.674,257.064,125,71,0,
31,3,bottom,other,512.014,233.982,307,74,0,
31,4,bottom,host,212.866,262.8,125,71,0,
31,4,bottom,other,504.028,227.964,307,74,0,
31,5,bottom,host,221.058,268.536,125,71,0,
31,5,bottom,other,496.042,221.946,307,74,0,
31,6,bottom,host,229.25,274.272,125,71,0,
31,6,bottom,other,488.056,215.928,307,74,0,
31,7,bottom,host,237.442,280.008,125,71,0,
31,7,bottom,other,480.07,209.91,307,74,0,
31,8,bottom,host,245.634,285.744,125,71,0,
31,8,bottom,other,472.084,203.892,307,74,0,
31,9,bottom,host,253.826,291.48,125,71,0,
31,9,bottom,other,464.098,197.874,307,74,0,
31,10,bottom,host,262.018,297.216,125,71,0,
31,10,bottom,other,456.112,191.856,307,74,0,
31,11,bottom,host,270.21,302.952,125,71,0,
31,11,bottom,other,448.126,185.838,307,74,0,
31,12,bottom,host,278.402,308.688,125,71,0,
31,12,bottom,other,440.14,179.82,307,74,0,
31,13,bottom,host,286.594,314.424,125,71,0,
31,13,bottom,other,432.154,173.802,307,74,0,
31,14,bottom,host,294.786,320.16,125,71,0,
31,14,bottom,other,424.168,167.784,307,74,0,
31,15,bottom,host,302.978,325.896,125,71,0,
31,15,bottom,other,416.182,161.766,307,74,0,
31,16,bottom,host,311.17,331.632,125,71,0,
31,16,bottom,other,408.196,155.748,307,74,0,
31,17,bottom,host,319.362,337.368,125,71,0,
31,17,bottom,other,400.21,149.73,307,74,0,
31,18,bottom,host,327.554,343.104,125,71,0,
31,18,bottom,other,392.224,143.712,307,74,0,
31,19,bottom,host,335.746,348.84,125,71,0,
31,19,bottom,other,384.238,137.694,307,74,0,
31,20,bottom,host,343.938,354.576,125,75,0,
31,20,bottom,other,376.252,131.676,307,75,0,
31,21,bottom,host,343.938,354.576,125,75,0,
31,21,bottom,other,376.252,131.676,307,75,0,
31,22,bottom,host,343.938,354.576,125,75,0,
31,22,bottom,other,376.252,131.676,307,75,0,
32,1,top,host,190,240,90,75,0,
32,1,top,other,531.808,234.264,305,75,0,
32,2,top,host,198.192,245.736,125,75,0,
32,2,top,other,523.616,228.528,305,75,0,
32,3,top,host,206.384,251.472,125,75,0,
32,3,top,other,515.424,222.792,305,75,0,
32,4,top,host,214.576,257.208,125,75,0,
32,4,top,other,507.232,217.056,305,75,0,
32,5,top,host,222.768,262.944,125,75,0,
32,5,top,other,499.04,211.32,305,75,0,
32,6,top,host,230.96,268.68,125,75,0,
32,6,top,other,490.848,205.584,305,75,0,
32,7,top,host,239.152,274.416,125,75,0,
32,7,top,other,482.656,199.848,305,75,0,
32,8,top,host,247.344,280.152,125,75,0,
32,8,top,other,474.464,194.112,305,75,0,
32,9,top,host,255.536,285.888,125,75,0,
32,9,top,other,466.272,188.376,305,75,0,
32,10,top,host,263.728,291.624,125,75,0,
32,10,top,other,458.08,182.64,305,75,0,
32,11,top,host,271.92,297.36,125,75,0,
32,11,top,other,449.888,176.904,305,75,0,
32,12,top,host,280.112,303.096,125,75,0,
32,12,top,other,441.696,171.168,305,75,0,
32,13,top,host,288.304,308.832,125,75,0,
32,13,top,other,433.504,165.432,305,75,0,
32,14,top,host,296.496,314.568,125,75,0,
32,14,top,other,425.312,159.696,305,75,0,
32,15,top,host,304.688,320.304,125,75,0,
32,15,top,other,417.12,153.96,305,75,0,
32,16,top,host,312.88,326.04,125,75,0,
32,16,top,other,408.928,148.224,305,75,0,
32,17,top,host,321.072,331.776,125,75,0,
32,17,top,other,400.736,142.488,305,75,0,
32,18,top,host,329.264,337.512,125,75,0,
32,18,top,other,392.544,136.752,305,75,0,
32,19,top,host,337.456,343.248,125,75,0,
32,19,top,other,384.352,131.016,305,75,0,
32,20,top,host,345.648,348.984,125,76,0,
32,20,top,other,376.16,125.28,305,79,0,
32,21,top,host,345.648,348.984,125,76,0,
32,21,top,other,376.16,125.28,305,79,0,
32,22,top,host,345.648,348.984,125,76,0,
32,22,top,other,376.16,125.28,305,79,0,
33,1,bottom,host,190,240,90,76,0,
33,1,bottom,other,530,240,270,79,0,
33,2,bottom,host,200,240,90,76,0,
33,2,bottom,other,520,240,270,79,0,
33,3,bottom,host,210,240,90,76,0,
33,3,bottom,other,510,240,270,79,0,
33,4,bottom,host,220,240,90,76,0,
33,4,bottom,other,500,240,270,79,0,
33,5,bottom,host,230,240,90,76,0,
33,5,bottom,other,492.569,233.309,312,79,0,
33,6,bottom,host,240,240,90,76,0,
33,6,bottom,other,485.138,226.618,312,79,0,
33,7,bottom,host,250,240,90,76,0,
33,7,bottom,other,477.707,219.927,312,79,0,
33,8,bottom,host,260,240,90,76,0,
33,8,bottom,other,470.276,213.236,312,79,0,
33,9,bottom,host,266.428,247.66,140,76,0,
33,9,bottom,other,462.845,206.545,312,79,0,
33,10,bottom,host,272.585,255.54,142,76,0,
33,10,bottom,other,455.414,199.854,312,79,0,
33,11,bottom,host,278.742,263.42,142,76,0,
33,11,bottom,other,447.983,193.163,312,79,0,
33,12,bottom,host,284.899,271.3,142,76,0,
33,12,bottom,other,440.552,186.472,312,79,0,
33,13,bottom,host,291.056,279.18,142,76,0,
33,13,bottom,other,433.121,179.781,312,79,0,
33,14,bottom,host,297.213,287.06,142,76,0,
33,14,bottom,other,425.69,173.09,312,79,0,
33,15,bottom,host,303.37,294.94,142,76,0,
33,15,bottom,other,418.259,166.399,312,79,0,
33,16,bottom,host,309.527,302.82,142,76,0,
33,16,bottom,other,410.828,159.708,312,79,0,
33,17,bottom,host,315.684,310.7,142,76,0,
33,17,bottom,other,403.397,153.017,312,79,0,
33,18,bottom,host,321.841,318.58,142,76,0,
33,18,bottom,other,395.966,146.326,312,79,0,
33,19,bottom,host,327.998,326.46,142,76,0,
33,19,bottom,other,388.535,139.635,312,79,0,
33,20,bottom,host,334.155,334.34,142,76,0,
33,20,bottom,other,381.104,132.944,312,79,0,
33,21,bottom,host,340.312,342.22,142,80,0,
33,21,bottom,other,373.673,126.253,312,80,0,
33,22,bottom,host,340.312,342.22,142,80,0,
33,22,bottom,other,373.673,126.253,312,80,0,
33,23,bottom,host,340.312,342.22,142,80,0,
33,23,bottom,other,373.673,126.253,312,80,0,
34,1,top,host,190,240,90,80,0,
34,1,top,other,530,240,270,80,0,
34,2,top,host,198.387,245.446,123,80,0,
34,2,top,other,520,240,270,80,0,
34,3,top,host,206.774,250.892,123,80,0,
34,3,top,other,510,240,270,80,0,
34,4,top,host,215.161,256.338,123,80,0,
34,4,top,other,500,240,270,80,0,
34,5,top,host,223.548,261.784,123,80,0,
34,5,top,other,490,240,270,80,0,
34,6,top,host,231.935,267.23,123,80,0,
34,6,top,other,480,240,270,80,0,
34,7,top,host,240.322,272.676,123,80,0,
34,7,top,other,470,240,270,80,0,
34,8,top,host,248.709,278.122,123,80,0,
34,8,top,other,463.707,232.229,321,80,0,
34,9,top,host,257.096,283.568,123,80,0,
34,9,top,other,457.414,224.458,321,80,0,
34,10,top,host,265.483,289.014,123,80,0,
34,10,top,other,451.121,216.687,321,80,0,
34,11,top,host,273.87,294.46,123,80,0,
34,11,top,other,444.828,208.916,321,80,0,
34,12,top,host,282.257,299.906,123,80,0,
34,12,top,other,438.535,201.145,321,80,0,
34,13,top,host,290.644,305.352,123,80,0,
34,13,top,other,432.242,193.374,321,80,0,
34,14,top,host,299.031,310.798,123,80,0,
34,14,top,other,425.949,185.603,321,80,0,
34,15,top,host,307.418,316.244,123,80,0,
34,15,top,other,419.656,177.832,321,80,0,
34,16,top,host,315.805,321.69,123,80,0,
34,16,top,other,413.363,170.061,321,80,0,
34,17,top,host,324.192,327.136,123,80,0,
34,17,top,other,407.07,162.29,321,80,0,
34,18,top,host,332.579,332.582,123,80,0,
34,18,top,other,400.777,154.519,321,80,0,
34,19,top,host,340.966,338.028,123,80,0,
34,19,top,other,394.484,146.748,321,80,0,
34,20,top,host,349.353,343.474,123,80,0,
34,20,top,other,388.191,138.977,321,80,0,
34,21,top,host,357.74,348.92,123,81,0,
34,21,top,other,381.898,131.206,321,84,0,
34,22,top,host,357.74,348.92,123,81,0,
34,22,top,other,381.898,131.206,321,84,0,
34,23,top,host,357.74,348.92,123,81,0,
34,23,top,other,381.898,131.206,321,84,0,
35,1,top,host,190,240,90,81,0,
35,1,top,other,530,240,270,84,0,
35,2,top,host,198.192,234.264,55,81,0,
35,2,top,other,520,240,270,84,0,
35,3,top,host,206.384,228.528,55,81,0,
35,3,top,other,510,240,270,84,0,
35,4,top,host,214.576,222.792,55,81,0,
35,4,top,other,500,240,270,84,0,
35,5,top,host,222.768,217.056,55,81,0,
35,5,top,other,492.34,246.428,230,84,0,
35,6,top,host,230.96,211.32,55,81,0,
35,6,top,other,484.68,252.856,230,84,0,
35,7,top,host,239.152,205.584,55,81,0,
35,7,top,other,477.02,259.284,230,84,0,
35,8,top,host,247.344,199.848,55,81,0,
35,8,top,other,469.36,265.712,230,84,0,
35,9,top,host,255.536,194.112,55,81,0,
35,9,top,other,461.7,272.14,230,84,0,
35,10,top,host,263.728,188.376,55,81,0,
35,10,top,other,454.04,278.568,230,84,0,
35,11,top,host,271.92,182.64,55,81,0,
35,11,top,other,446.38,284.996,230,84,0,
35,12,top,host,280.112,176.904,55,81,0,
35,12,top,other,438.72,291.424,230,84,0,
35,13,top,host,288.304,171.168,55,81,0,
35,13,top,other,431.06,297.852,230,84,0,
35,14,top,host,296.496,165.432,55,81,0,
35,14,top,other,423.4,304.28,230,84,0,
35,15,top,host,304.688,159.696,55,81,0,
35,15,top,other,415.74,310.708,230,84,0,
35,16,top,host,312.88,153.96,55,81,0,
35,16,top,other,408.08,317.136,230,84,0,
35,17,top,host,321.072,148.224,55,81,0,
35,17,top,other,400.42,323.564,230,84,0,
35,18,top,host,329.264,142.488,55,81,0,
35,18,top,other,392.76,329.992,230,84,0,
35,19,top,host,337.456,136.752,55,81,0,
35,19,top,other,385.1,336.42,230,84,0,
35,20,top,host,345.648,131.016,55,81,0,
35,20,top,other,377.44,342.848,230,84,0,
35,21,top,host,353.84,125.28,55,85,0,
35,21,top,other,369.78,349.276,230,85,0,
35,22,top,host,353.84,125.28,55,85,0,
35,22,top,other,369.78,349.276,230,85,0,
35,23,top,host,353.84,125.28,55,85,0,
35,23,top,other,369.78,349.276,230,85,0,
36,1,top,host,186.428,247.66,140,85,0,
36,1,top,other,530,240,270,85,0,
36,2,top,host,188.847,257.363,166,85,0,
36,2,top,other,520,240,270,85,0,
36,3,top,host,182.027,264.677,223,85,0,
36,3,top,other,511.91,234.122,306,85,0,
36,4,top,host,175.207,271.991,223,85,0,
36,4,top,other,503.82,228.244,306,85,0,
36,5,top,host,168.387,279.305,223,85,0,
36,5,top,other,495.73,222.366,306,85,0,
36,6,top,host,175.701,286.125,133,85,0,
36,6,top,other,487.64,216.488,306,85,0,
36,7,top,host,184.361,291.125,120,85,0,
36,7,top,other,479.55,210.61,306,85,0,
36,8,top,host,193.021,296.125,120,85,0,
36,8,top,other,471.46,204.732,306,85,0,
36,9,top,host,201.681,301.125,120,85,0,
36,9,top,other,463.37,198.854,306,85,0,
36,10,top,host,211.192,304.215,108,85,0,
36,10,top,other,455.28,192.976,306,85,0,
36,11,top,host,221.117,305.434,97,85,0,
36,11,top,other,447.19,187.098,306,85,0,
36,12,top,host,230.776,308.022,105,85,0,
36,12,top,other,439.1,181.22,306,85,0,
36,13,top,host,240.287,311.112,108,85,0,
36,13,top,other,431.01,175.342,306,85,0,
36,14,top,host,249.742,314.368,109,85,0,
36,14,top,other,422.92,169.464,306,85,0,
36,15,top,host,258.947,318.275,113,85,0,
36,15,top,other,414.83,163.586,306,85,0,
36,16,top,host,268.152,322.182,113,85,0,
36,16,top,other,406.74,157.708,306,85,0,
36,17,top,host,277.357,326.089,113,85,0,
36,17,top,other,398.65,151.83,306,85,0,
36,18,top,host,286.562,329.996,113,85,0,
36,18,top,other,390.56,145.952,306,85,0,
36,19,top,host,295.767,333.903,113,85,0,
36,19,top,other,382.47,140.074,306,85,0,
36,20,top,host,304.972,337.81,113,85,0,
36,20,top,other,374.38,134.196,306,85,0,
36,21,top,host,314.177,341.717,113,86,0,
36,21,top,other,366.29,128.318,306,89,0,
36,22,top,host,314.177,341.717,113,86,0,
36,22,top,other,366.29,128.318,306,89,0,
36,23,top,host,314.177,341.717,113,86,0,
36,23,top,other,366.29,128.318,306,89,0,
37,1,top,host,190,240,90,86,0,
37,1,top,other,531.808,245.736,235,89,0,
37,2,top,host,200,240,90,86,0,
37,2,top,other,523.616,251.472,235,89,0,
37,3,top,host,207.986,233.982,53,86,0,
37,3,top,other,515.424,257.208,235,89,0,
37,4,top,host,215.972,227.964,53,86,0,
37,4,top,other,507.232,262.944,235,89,0,
37,5,top,host,223.958,221.946,53,86,0,
37,5,top,other,499.04,268.68,235,89,0,
37,6,top,host,231.944,215.928,53,86,0,
37,6,top,other,490.848,274.416,235,89,0,
37,7,top,host,239.93,209.91,53,86,0,
37,7,top,other,482.656,280.152,235,89,0,
37,8,top,host,247.916,203.892,53,86,0,
37,8,top,other,474.464,285.888,235,89,0,
37,9,top,host,255.902,197.874,53,86,0,
37,9,top,other,466.272,291.624,235,89,0,
37,10,top,host,263.888,191.856,53,86,0,
37,10,top,other,458.08,297.36,235,89,0,
37,11,top,host,271.874,185.838,53,86,0,
37,11,top,other,449.888,303.096,235,89,0,
37,12,top,host,279.86,179.82,53,86,0,
37,12,top,other,441.696,308.832,235,89,0,
37,13,top,host,287.846,173.802,53,86,0,
37,13,top,other,433.504,314.568,235,89,0,
37,14,top,host,295.832,167.784,53,86,0,
37,14,top,other,425.312,320.304,235,89,0,
37,15,top,host,303.818,161.766,53,86,0,
37,15,top,other,417.12,326.04,235,89,0,
37,16,top,host,311.804,155.748,53,86,0,
37,16,top,other,408.928,331.776,235,89,0,
37,17,top,host,319.79,149.73,53,86,0,
37,17,top,other,400.736,337.512,235,89,0,
37,18,top,host,327.776,143.712,53,86,0,
37,18,top,other,392.544,343.248,235,89,0,
37,19,top,host,335.762,137.694,53,86,0,
37,19,top,other,384.352,348.984,235,89,0,
37,20,top,host,343.748,131.676,53,90,0,
37,20,top,other,376.16,354.72,235,90,0,
37,21,top,host,343.748,131.676,53,90,0,
37,21,top,other,376.16,354.72,235,90,0,
37,22,top,host,343.748,131.676,53,90,0,
37,22,top,other,376.16,354.72,235,90,0,
38,1,bottom,host,188.387,234.554,57,90,0,
38,1,bottom,other,530,240,270,90,0,
38,2,bottom,host,196.774,229.108,57,90,0,
38,2,bottom,other,520,240,270,90,0,
38,3,bottom,host,205.161,223.662,57,90,0,
38,3,bottom,other,511.808,245.736,235,90,0,
38,4,bottom,host,213.548,218.216,57,90,0,
38,4,bottom,other,503.616,251.472,235,90,0,
38,5,bottom,host,221.935,212.77,57,90,0,
38,5,bottom,other,495.424,257.208,235,90,0,
38,6,bottom,host,230.322,207.324,57,90,0,
38,6,bottom,other,487.232,262.944,235,90,0,
38,7,bottom,host,238.709,201.878,57,90,0,
38,7,bottom,other,479.04,268.68,235,90,0,
38,8,bottom,host,247.096,196.432,57,90,0,
38,8,bottom,other,470.848,274.416,235,90,0,
38,9,bottom,host,255.483,190.986,57,90,0,
38,9,bottom,other,462.656,280.152,235,90,0,
38,10,bottom,host,263.87,185.54,57,90,0,
38,10,bottom,other,454.464,285.888,235,90,0,
38,11,bottom,host,272.257,180.094,57,90,0,
38,11,bottom,other,446.272,291.624,235,90,0,
38,12,bottom,host,280.644,174.648,57,90,0,
38,12,bottom,other,438.08,297.36,235,90,0,
38,13,bottom,host,289.031,169.202,57,90,0,
38,13,bottom,other,429.888,303.096,235,90,0,
38,14,bottom,host,297.418,163.756,57,90,0,
38,14,bottom,other,421.696,308.832,235,90,0,
38,15,bottom,host,305.805,158.31,57,90,0,
38,15,bottom,other,413.504,314.568,235,90,0,
38,16,bottom,host,314.192,152.864,57,90,0,
38,16,bottom,other,405.312,320.304,235,90,0,
38,17,bottom,host,322.579,147.418,57,90,0,
38,17,bottom,other,397.12,326.04,235,90,0,
38,18,bottom,host,330.966,141.972,57,90,0,
38,18,bottom,other,388.928,331.776,235,90,0,
38,19,bottom,host,339.353,136.526,57,90,0,
38,19,bottom,other,380.736,337.512,235,90,0,
38,20,bottom,host,347.74,131.08,57,91,0,
38,20,bottom,other,372.544,343.248,235,94,0,
38,21,bottom,host,347.74,131.08,57,91,0,
38,21,bottom,other,372.544,343.248,235,94,0,
38,22,bottom,host,347.74,131.08,57,91,0,
38,22,bottom,other,372.544,343.248,235,94,0,
39,1,bottom,host,188.29,245.592,124,91,0,
39,1,bottom,other,530,240,270,94,0,
39,2,bottom,host,196.58,251.184,124,91,0,
39,2,bottom,other,520,240,270,94,0,
39,3,bottom,host,204.967,256.63,123,91,0,
39,3,bottom,other,510,240,270,94,0,
39,4,bottom,host,213.257,262.222,124,91,0,
39,4,bottom,other,500,240,270,94,0,
39,5,bottom,host,221.547,267.814,124,91,0,
39,5,bottom,other,490,240,270,94,0,
39,6,bottom,host,229.837,273.406,124,91,0,
39,6,bottom,other,480,240,270,94,0,
39,7,bottom,host,238.127,278.998,124,91,0,
39,7,bottom,other,470,240,270,94,0,
39,8,bottom,host,246.417,284.59,124,91,0,
39,8,bottom,other,460,240,270,94,0,
39,9,bottom,host,254.707,290.182,124,91,0,
39,9,bottom,other,450,240,270,94,0,
39,10,bottom,host,262.997,295.774,124,91,0,
39,10,bottom,other,443.18,232.686,317,94,0,
39,11,bottom,host,271.287,301.366,124,91,0,
39,11,bottom,other,436.36,225.372,317,94,0,
39,12,bottom,host,279.577,306.958,124,91,0,
39,12,bottom,other,429.54,218.058,317,94,0,
39,13,bottom,host,287.867,312.55,124,91,0,
39,13,bottom,other,422.72,210.744,317,94,0,
39,14,bottom,host,296.157,318.142,124,91,0,
39,14,bottom,other,415.9,203.43,317,94,0,
39,15,bottom,host,304.447,323.734,124,91,0,
39,15,bottom,other,409.08,196.116,317,94,0,
39,16,bottom,host,312.737,329.326,124,91,0,
39,16,bottom,other,402.26,188.802,317,94,0,
39,17,bottom,host,321.027,334.918,124,91,0,
39,17,bottom,other,395.44,181.488,317,94,0,
39,18,bottom,host,329.317,340.51,124,91,0,
39,18,bottom,other,388.62,174.174,317,94,0,
39,19,bottom,host,337.607,346.102,124,91,0,
39,19,bottom,other,381.8,166.86,317,94,0,
39,20,bottom,host,345.897,351.694,124,95,0,
39,20,bottom,other,374.98,159.546,317,95,0,
39,21,bottom,host,345.897,351.694,124,95,0,
39,21,bottom,other,374.98,159.546,317,95,0,
39,22,bottom,host,345.897,351.694,124,95,0,
39,22,bottom,other,374.98,159.546,317,95,0,
40,1,bottom,host,188.29,234.408,56,95,0,
40,1,bottom,other,531.52,245.299,238,95,0,
40,2,bottom,host,196.58,228.816,56,95,0,
40,2,bottom,other,523.04,250.598,238,95,0,
40,3,bottom,host,204.87,223.224,56,95,0,
40,3,bottom,other,514.56,255.897,238,95,0,
40,4,bottom,host,213.16,217.632,56,95,0,
40,4,bottom,other,506.08,261.196,238,95,0,
40,5,bottom,host,221.45,212.04,56,95,0,
40,5,bottom,other,497.6,266.495,238,95,0,
40,6,bottom,host,229.74,206.448,56,95,0,
40,6,bottom,other,489.12,271.794,238,95,0,
40,7,bottom,host,238.03,200.856,56,95,0,
40,7,bottom,other,480.64,277.093,238,95,0,
40,8,bottom,host,246.32,195.264,56,95,0,
40,8,bottom,other,472.16,282.392,238,95,0,
40,9,bottom,host,254.61,189.672,56,95,0,
40,9,bottom,other,463.68,287.691,238,95,0,
40,10,bottom,host,262.9,184.08,56,95,0,
40,10,bottom,other,455.2,292.99,238,95,0,
40,11,bottom,host,271.19,178.488,56,95,0,
40,11,bottom,other,446.72,298.289,238,95,0,
40,12,bottom,host,279.48,172.896,56,95,0,
40,12,bottom,other,438.24,303.588,238,95,0,
40,13,bottom,host,287.77,167.304,56,95,0,
40,13,bottom,other,429.76,308.887,238,95,0,
40,14,bottom,host,296.06,161.712,56,95,0,
40,14,bottom,other,421.28,314.186,238,95,0,
40,15,bottom,host,304.35,156.12,56,95,0,
40,15,bottom,other,412.8,319.485,238,95,0,
40,16,bottom,host,312.64,150.528,56,95,0,
40,16,bottom,other,404.32,324.784,238,95,0,
40,17,bottom,host,320.93,144.936,56,95,0,
40,17,bottom,other,395.84,330.083,238,95,0,
40,18,bottom,host,329.22,139.344,56,95,0,
40,18,bottom,other,387.36,335.382,238,95,0,
40,19,bottom,host,337.51,133.752,56,95,0,
40,19,bottom,other,378.88,340.681,238,95,0,
40,20,bottom,host,345.8,128.16,56,96,0,
40,20,bottom,other,370.4,345.98,238,99,0,
40,21,bottom,host,345.8,128.16,56,96,0,
40,21,bottom,other,370.4,345.98,238,99,0,
40,22,bottom,host,345.8,128.16,56,96,0,
40,22,bottom,other,370.4,345.98,238,99,0,
41,1,bottom,host,188.387,245.446,123,96,0,
41,1,bottom,other,530,240,270,99,0,
41,2,bottom,host,196.774,250.892,123,96,0,
41,2,bottom,other,520,240,270,99,0,
41,3,bottom,host,205.161,256.338,123,96,0,
41,3,bottom,other,512.229,233.707,309,99,0,
41,4,bottom,host,213.548,261.784,123,96,0,
41,4,bottom,other,504.458,227.414,309,99,0,
41,5,bottom,host,221.935,267.23,123,96,0,
41,5,bottom,other,496.687,221.121,309,99,0,
41,6,bottom,host,230.322,272.676,123,96,0,
41,6,bottom,other,488.916,214.828,309,99,0,
41,7,bottom,host,238.709,278.122,123,96,0,
41,7,bottom,other,481.145,208.535,309,99,0,
41,8,bottom,host,247.096,283.568,123,96,0,
41,8,bottom,other,473.374,202.242,309,99,0,
41,9,bottom,host,255.483,289.014,123,96,0,
41,9,bottom,other,465.603,195.949,309,99,0,
41,10,bottom,host,263.87,294.46,123,96,0,
41,10,bottom,other,457.832,189.656,309,99,0,
41,11,bottom,host,272.257,299.906,123,96,0,
41,11,bottom,other,450.061,183.363,309,99,0,
41,12,bottom,host,280.644,305.352,123,96,0,
41,12,bottom,other,442.29,177.07,309,99,0,
41,13,bottom,host,289.031,310.798,123,96,0,
41,13,bottom,other,434.519,170.777,309,99,0,
41,14,bottom,host,297.418,316.244,123,96,0,
41,14,bottom,other,426.748,164.484,309,99,0,
41,15,bottom,host,305.805,321.69,123,96,0,
41,15,bottom,other,418.977,158.191,309,99,0,
41,16,bottom,host,314.192,327.136,123,96,0,
41,16,bottom,other,411.206,151.898,309,99,0,
41,17,bottom,host,322.579,332.582,123,96,0,
41,17,bottom,other,403.435,145.605,309,99,0,
41,18,bottom,host,330.966,338.028,123,96,0,
41,18,bottom,other,395.664,139.312,309,99,0,
41,19,bottom,host,339.353,343.474,123,96,0,
41,19,bottom,other,387.893,133.019,309,99,0,
41,20,bottom,host,347.74,348.92,123,100,0,
41,20,bottom,other,380.122,126.726,309,100,0,
41,21,bottom,host,347.74,348.92,123,100,0,
41,21,bottom,other,380.122,126.726,309,100,0,
41,22,bottom,host,347.74,348.92,123,100,0,
41,22,bottom,other,380.122,126.726,309,100,0,
42,1,top,host,190,240,90,100,0,
42,1,top,other,531.91,234.122,306,100,0,
42,2,top,host,200,240,90,100,0,
42,2,top,other,523.82,228.244,306,100,0,
42,3,top,host,208.192,245.736,125,100,0,
42,3,top,other,515.73,222.366,306,100,0,
42,4,top,host,216.282,251.614,126,100,0,
42,4,top,other,507.64,216.488,306,100,0,
42,5,top,host,224.268,257.632,127,100,0,
42,5,top,other,499.55,210.61,306,100,0,
42,6,top,host,232.254,263.65,127,100,0,
42,6,top,other,491.46,204.732,306,100,0,
42,7,top,host,240.24,269.668,127,100,0,
42,7,top,other,483.37,198.854,306,100,0,
42,8,top,host,248.226,275.686,127,100,0,
42,8,top,other,475.28,192.976,306,100,0,
42,9,top,host,256.212,281.704,127,100,0,
42,9,top,other,467.19,187.098,306,100,0,
42,10,top,host,264.198,287.722,127,100,0,
42,10,top,other,459.1,181.22,306,100,0,
42,11,top,host,272.184,293.74,127,100,0,
42,11,top,other,451.01,175.342,306,100,0,
42,12,top,host,280.17,299.758,127,100,0,
42,12,top,other,442.92,169.464,306,100,0,
42,13,top,host,288.156,305.776,127,100,0,
42,13,top,other,434.83,163.586,306,100,0,
42,14,top,host,296.142,311.794,127,100,0,
42,14,top,other,426.74,157.708,306,100,0,
42,15,top,host,304.128,317.812,127,100,0,
42,15,top,other,418.65,151.83,306,100,0,
42,16,top,host,312.114,323.83,127,100,0,
42,16,top,other,410.56,145.952,306,100,0,
42,17,top,host,320.1,329.848,127,100,0,
42,17,top,other,402.47,140.074,306,100,0,
42,18,top,host,328.086,335.866,127,100,0,
42,18,top,other,394.38,134.196,306,100,0,
42,19,top,host,336.072,341.884,127,100,0,
42,19,top,other,386.29,128.318,306,100,0,
42,20,top,host,344.058,347.902,127,100,0,
42,20,top,other,378.2,122.44,306,100,0,
42,21,top,host,352.044,353.92,127,101,0,
42,21,top,other,370.11,116.562,306,104,0,
42,22,top,host,352.044,353.92,127,101,0,
42,22,top,other,370.11,116.562,306,104,0,
42,23,top,host,352.044,353.92,127,101,0,
42,23,top,other,370.11,116.562,306,104,0,
43,1,top,host,190,240,90,101,0,
43,1,top,other,530,240,270,104,0,
43,2,top,host,200,240,90,101,0,
43,2,top,other,520,240,270,104,0,
43,3,top,host,210,240,90,101,0,
43,3,top,other,510,240,270,104,0,
43,4,top,host,220,240,90,101,0,
43,4,top,other,500,240,270,104,0,
43,5,top,host,227.88,233.843,52,101,0,
43,5,top,other,490,240,270,104,0,
43,6,top,host,235.76,227.686,52,101,0,
43,6,top,other,480,240,270,104,0,
43,7,top,host,243.64,221.529,52,101,0,
43,7,top,other,470,240,270,104,0,
43,8,top,host,251.52,215.372,52,101,0,
43,8,top,other,460,240,270,104,0,
43,9,top,host,259.4,209.215,52,101,0,
43,9,top,other,450,240,270,104,0,
43,10,top,host,267.28,203.058,52,101,0,
43,10,top,other,440,240,270,104,0,
43,11,top,host,275.16,196.901,52,101,0,
43,11,top,other,430,240,270,104,0,
43,12,top,host,283.04,190.744,52,101,0,
43,12,top,other,420,240,270,104,0,
43,13,top,host,290.92,184.587,52,101,0,
43,13,top,other,410,240,270,104,0,
43,14,top,host,298.8,178.43,52,101,0,
43,14,top,other,400,240,270,104,0,
43,15,top,host,306.68,172.273,52,101,0,
43,15,top,other,390,240,270,104,0,
43,16,top,host,314.56,166.116,52,101,0,
43,16,top,other,380,240,270,104,0,
43,17,top,host,322.44,159.959,52,101,0,
43,17,top,other,370,240,270,104,0,
43,18,top,host,330.32,153.802,52,101,0,
43,18,top,other,368.955,249.945,186,104,0,
43,19,top,host,338.2,147.645,52,101,0,
43,19,top,other,367.91,259.89,186,104,0,
43,20,top,host,346.08,141.488,52,101,0,
43,20,top,other,366.865,269.835,186,104,0,
43,21,top,host,353.96,135.331,52,105,0,
43,21,top,other,365.82,279.78,186,105,0,
43,22,top,host,353.96,135.331,52,105,0,
43,22,top,other,365.82,279.78,186,105,0,
43,23,top,host,353.96,135.331,52,105,0,
43,23,top,other,365.82,279.78,186,105,0,
44,1,top,host,190,240,90,105,0,
44,1,top,other,530,240,270,105,0,
44,2,top,host,200,240,90,105,0,
44,2,top,other,520,240,270,105,0,
44,3,top,host,210,240,90,105,0,
44,3,top,other,510,240,270,105,0,
44,4,top,host,218.09,245.878,126,105,0,
44,4,top,other,500,240,270,105,0,
44,5,top,host,226.18,251.756,126,105,0,
44,5,top,other,490,240,270,105,0,
44,6,top,host,234.27,257.634,126,105,0,
44,6,top,other,480,240,270,105,0,
44,7,top,host,242.36,263.512,126,105,0,
44,7,top,other,470,240,270,105,0,
44,8,top,host,250.45,269.39,126,105,0,
44,8,top,other,460,240,270,105,0,
44,9,top,host,258.54,275.268,126,105,0,
44,9,top,other,450,240,270,105,0,
44,10,top,host,266.63,281.146,126,105,0,
44,10,top,other,440,240,270,105,0,
44,11,top,host,274.72,287.024,126,105,0,
44,11,top,other,430,240,270,105,0,
44,12,top,host,282.81,292.902,126,105,0,
44,12,top,other,420,240,270,105,0,
44,13,top,host,290.9,298.78,126,105,0,
44,13,top,other,410,240,270,105,0,
44,14,top,host,298.99,304.658,126,105,0,
44,14,top,other,400,240,270,105,0,
44,15,top,host,307.08,310.536,126,105,0,
44,15,top,other,390,240,270,105,0,
44,16,top,host,315.17,316.414,126,105,0,
44,16,top,other,387.244,230.387,344,105,0,
44,17,top,host,323.26,322.292,126,105,0,
44,17,top,other,384.488,220.774,344,105,0,
44,18,top,host,331.35,328.17,126,105,0,
44,18,top,other,381.732,211.161,344,105,0,
44,19,top,host,339.44,334.048,126,105,0,
44,19,top,other,378.976,201.548,344,105,0,
44,20,top,host,347.53,339.926,126,105,0,
44,20,top,other,376.22,191.935,344,105,0,
44,21,top,host,355.62,345.804,126,106,0,
44,21,top,other,373.464,182.322,344,109,0,
44,22,top,host,355.62,345.804,126,106,0,
44,22,top,other,373.464,182.322,344,109,0,
44,23,top,host,355.62,345.804,126,106,0,
44,23,top,other,373.464,182.322,344,109,0,
45,1,top,host,190,240,90,106,0,
45,1,top,other,530,240,270,109,0,
45,2,top,host,200,240,90,106,0,
45,2,top,other,520,240,270,109,0,
45,3,top,host,210,240,90,106,0,
45,3,top,other,510,240,270,109,0,
45,4,top,host,220,240,90,106,0,
45,4,top,other,500,240,270,109,0,
45,5,top,host,230,240,90,106,0,
45,5,top,other,490,240,270,109,0,
45,6,top,host,237.88,233.843,52,106,0,
45,6,top,other,480,240,270,109,0,
45,7,top,host,245.76,227.686,52,106,0,
45,7,top,other,470,240,270,109,0,
45,8,top,host,253.64,221.529,52,106,0,
45,8,top,other,460,240,270,109,0,
45,9,top,host,261.52,215.372,52,106,0,
45,9,top,other,450,240,270,109,0,
45,10,top,host,269.4,209.215,52,106,0,
45,10,top,other,442.807,246.947,226,109,0,
45,11,top,host,277.28,203.058,52,106,0,
45,11,top,other,435.614,253.894,226,109,0,
45,12,top,host,285.16,196.901,52,106,0,
45,12,top,other,428.421,260.841,226,109,0,
45,13,top,host,293.04,190.744,52,106,0,
45,13,top,other,421.228,267.788,226,109,0,
45,14,top,host,300.92,184.587,52,106,0,
45,14,top,other,414.035,274.735,226,109,0,
45,15,top,host,308.8,178.43,52,106,0,
45,15,top,other,406.842,281.682,226,109,0,
45,16,top,host,316.68,172.273,52,106,0,
45,16,top,other,399.649,288.629,226,109,0,
45,17,top,host,324.56,166.116,52,106,0,
45,17,top,other,392.456,295.576,226,109,0,
45,18,top,host,332.44,159.959,52,106,0,
45,18,top,other,385.263,302.523,226,109,0,
45,19,top,host,340.32,153.802,52,106,0,
45,19,top,other,378.07,309.47,226,109,0,
45,20,top,host,348.2,147.645,52,106,0,
45,20,top,other,370.877,316.417,226,109,0,
45,21,top,host,356.08,141.488,52,106,0,
45,21,top,other,363.684,323.364,226,109,0,
45,22,top,host,363.96,135.331,52,110,0,
45,22,top,other,356.491,330.311,226,110,0,
45,23,top,host,363.96,135.331,52,110,0,
45,23,top,other,356.491,330.311,226,110,0,
45,24,top,host,363.96,135.331,52,110,0,
45,24,top,other,356.491,330.311,226,110,0,
46,1,top,host,190,240,90,110,0,
46,1,top,other,530,240,270,110,0,
46,2,top,host,198.09,245.878,126,110,0,
46,2,top,other,521.808,234.264,305,110,0,
46,3,top,host,206.18,251.756,126,110,0,
46,3,top,other,513.616,228.528,305,110,0,
46,4,top,host,214.27,257.634,126,110,0,
46,4,top,other,505.424,222.792,305,110,0,
46,5,top,host,222.36,263.512,126,110,0,
46,5,top,other,497.232,217.056,305,110,0,
46,6,top,host,230.45,269.39,126,110,0,
46,6,top,other,489.04,211.32,305,110,0,
46,7,top,host,238.54,275.268,126,110,0,
46,7,top,other,480.848,205.584,305,110,0,
46,8,top,host,246.63,281.146,126,110,0,
46,8,top,other,472.656,199.848,305,110,0,
46,9,top,host,254.72,287.024,126,110,0,
46,9,top,other,464.464,194.112,305,110,0,
46,10,top,host,262.81,292.902,126,110,0,
46,10,top,other,456.272,188.376,305,110,0,
46,11,top,host,270.9,298.78,126,110,0,
46,11,top,other,448.08,182.64,305,110,0,
46,12,top,host,278.99,304.658,126,110,0,
46,12,top,other,439.888,176.904,305,110,0,
46,13,top,host,287.08,310.536,126,110,0,
46,13,top,other,431.696,171.168,305,110,0,
46,14,top,host,295.17,316.414,126,110,0,
46,14,top,other,423.504,165.432,305,110,0,
46,15,top,host,303.26,322.292,126,110,0,
46,15,top,other,415.312,159.696,305,110,0,
46,16,top,host,311.35,328.17,126,110,0,
46,16,top,other,407.12,153.96,305,110,0,
46,17,top,host,319.44,334.048,126,110,0,
46,17,top,other,398.928,148.224,305,110,0,
46,18,top,host,327.53,339.926,126,110,0,
46,18,top,other,390.736,142.488,305,110,0,
46,19,top,host,335.62,345.804,126,110,0,
46,19,top,other,382.544,136.752,305,110,0,
46,20,top,host,343.71,351.682,126,110,0,
46,20,top,other,374.352,131.016,305,110,0,
46,21,top,host,351.8,357.56,126,111,0,
46,21,top,other,366.16,125.28,305,114,0,
46,22,top,host,351.8,357.56,126,111,0,
46,22,top,other,366.16,125.28,305,114,0,
46,23,top,host,351.8,357.56,126,111,0,
46,23,top,other,366.16,125.28,305,114,0,
47,1,bottom,host,190,240,90,111,0,
47,1,bottom,other,530,240,270,114,0,
47,2,bottom,host,200,240,90,111,0,
47,2,bottom,other,520,240,270,114,0,
47,3,bottom,host,207.986,246.018,127,111,0,
47,3,bottom,other,510,240,270,114,0,
47,4,bottom,host,215.972,252.036,127,111,0,
47,4,bottom,other,500,240,270,114,0,
47,5,bottom,host,223.958,258.054,127,111,0,
47,5,bottom,other,490,240,270,114,0,
47,6,bottom,host,231.944,264.072,127,111,0,
47,6,bottom,other,480,240,270,114,0,
47,7,bottom,host,239.93,270.09,127,111,0,
47,7,bottom,other,470,240,270,114,0,
47,8,bottom,host,247.916,276.108,127,111,0,
47,8,bottom,other,460,240,270,114,0,
47,9,bottom,host,255.902,282.126,127,111,0,
47,9,bottom,other,450,240,270,114,0,
47,10,bottom,host,263.888,288.144,127,111,0,
47,10,bottom,other,440,240,270,114,0,
47,11,bottom,host,271.874,294.162,127,111,0,
47,11,bottom,other,430,240,270,114,0,
47,12,bottom,host,279.86,300.18,127,111,0,
47,12,bottom,other,425.46,231.09,333,114,0,
47,13,bottom,host,287.846,306.198,127,111,0,
47,13,bottom,other,420.92,222.18,333,114,0,
47,14,bottom,host,295.832,312.216,127,111,0,
47,14,bottom,other,416.38,213.27,333,114,0,
47,15,bottom,host,303.818,318.234,127,111,0,
47,15,bottom,other,411.84,204.36,333,114,0,
47,16,bottom,host,311.804,324.252,127,111,0,
47,16,bottom,other,407.3,195.45,333,114,0,
47,17,bottom,host,319.79,330.27,127,111,0,
47,17,bottom,other,402.76,186.54,333,114,0,
47,18,bottom,host,327.776,336.288,127,111,0,
47,18,bottom,other,398.22,177.63,333,114,0,
47,19,bottom,host,335.762,342.306,127,111,0,
47,19,bottom,other,393.68,168.72,333,114,0,
47,20,bottom,host,343.748,348.324,127,111,0,
47,20,bottom,other,389.14,159.81,333,114,0,
47,21,bottom,host,351.734,354.342,127,115,0,
47,21,bottom,other,384.6,150.9,333,115,0,
47,22,bottom,host,351.734,354.342,127,115,0,
47,22,bottom,other,384.6,150.9,333,115,0,
47,23,bottom,host,351.734,354.342,127,115,0,
47,23,bottom,other,384.6,150.9,333,115,0,
48,1,bottom,host,190,240,90,115,0,
48,1,bottom,other,530,240,270,115,0,
48,2,bottom,host,200,240,90,115,0,
48,2,bottom,other,520,240,270,115,0,
48,3,bottom,host,210,240,90,115,0,
48,3,bottom,other,510,240,270,115,0,
48,4,bottom,host,220,240,90,115,0,
48,4,bottom,other,500,240,270,115,0,
48,5,bottom,host,230,240,90,115,0,
48,5,bottom,other,490,240,270,115,0,
48,6,bottom,host,235.592,231.71,34,115,0,
48,6,bottom,other,480,240,270,115,0,
48,7,bottom,host,241.184,223.42,34,115,0,
48,7,bottom,other,470,240,270,115,0,
48,8,bottom,host,246.776,215.13,34,115,0,
48,8,bottom,other,460,240,270,115,0,
48,9,bottom,host,252.368,206.84,34,115,0,
48,9,bottom,other,450,240,270,115,0,
48,10,bottom,host,257.96,198.55,34,115,0,
48,10,bottom,other,440,240,270,115,0,
48,11,bottom,host,263.552,190.26,34,115,0,
48,11,bottom,other,430,240,270,115,0,
48,12,bottom,host,269.144,181.97,34,115,0,
48,12,bottom,other,420,240,270,115,0,
48,13,bottom,host,277.13,175.952,53,115,0,
48,13,bottom,other,410,240,270,115,0,
48,14,bottom,host,285.116,169.934,53,115,0,
48,14,bottom,other,400,240,270,115,0,
48,15,bottom,host,293.102,163.916,53,115,0,
48,15,bottom,other,390,240,270,115,0,
48,16,bottom,host,301.088,157.898,53,115,0,
48,16,bottom,other,380,240,270,115,0,
48,17,bottom,host,309.074,151.88,53,115,0,
48,17,bottom,other,370,240,270,115,0,
48,18,bottom,host,317.06,145.862,53,115,0,
48,18,bottom,other,360,240,270,115,0,
48,19,bottom,host,325.046,139.844,53,115,0,
48,19,bottom,other,350,240,270,115,0,
48,20,bottom,host,333.032,133.826,53,115,0,
48,20,bottom,other,340,240,270,115,0,
48,21,bottom,host,341.018,127.808,53,115,0,
48,21,bottom,other,330,240,270,115,0,
48,22,bottom,host,349.004,121.79,53,116,0,
48,22,bottom,other,320,240,270,119,0,
48,23,bottom,host,349.004,121.79,53,116,0,
48,23,bottom,other,320,240,270,119,0,
48,24,bottom,host,349.004,121.79,53,116,0,
48,24,bottom,other,320,240,270,119,0,
49,1,bottom,host,188.29,245.592,124,116,0,
49,1,bottom,other,530,240,270,119,0,
49,2,bottom,host,196.58,251.184,124,116,0,
49,2,bottom,other,520,240,270,119,0,
49,3,bottom,host,204.87,256.776,124,116,0,
49,3,bottom,other,510,240,270,119,0,
49,4,bottom,host,213.16,262.368,124,116,0,
49,4,bottom,other,500,240,270,119,0,
49,5,bottom,host,221.45,267.96,124,116,0,
49,5,bottom,other,490,240,270,119,0,
49,6,bottom,host,229.74,273.552,124,116,0,
49,6,bottom,other,482.569,233.309,312,119,0,
49,7,bottom,host,238.03,279.144,124,116,0,
49,7,bottom,other,475.138,226.618,312,119,0,
49,8,bottom,host,246.32,284.736,124,116,0,
49,8,bottom,other,467.707,219.927,312,119,0,
49,9,bottom,host,254.61,290.328,124,116,0,
49,9,bottom,other,460.276,213.236,312,119,0,
49,10,bottom,host,262.9,295.92,124,116,0,
49,10,bottom,other,452.845,206.545,312,119,0,
49,11,bottom,host,271.19,301.512,124,116,0,
49,11,bottom,other,445.414,199.854,312,119,0,
49,12,bottom,host,279.48,307.104,124,116,0,
49,12,bottom,other,437.983,193.163,312,119,0,
49,13,bottom,host,287.77,312.696,124,116,0,
49,13,bottom,other,430.552,186.472,312,119,0,
49,14,bottom,host,296.06,318.288,124,116,0,
49,14,bottom,other,423.121,179.781,312,119,0,
49,15,bottom,host,304.35,323.88,124,116,0,
49,15,bottom,other,415.69,173.09,312,119,0,
49,16,bottom,host,312.64,329.472,124,116,0,
49,16,bottom,other,408.259,166.399,312,119,0,
49,17,bottom,host,320.93,335.064,124,116,0,
49,17,bottom,other,400.828,159.708,312,119,0,
49,18,bottom,host,329.22,340.656,124,116,0,
49,18,bottom,other,393.397,153.017,312,119,0,
49,19,bottom,host,337.51,346.248,124,116,0,
49,19,bottom,other,385.966,146.326,312,119,0,
49,20,bottom,host,345.8,351.84,124,120,0,
49,20,bottom,other,378.535,139.635,312,120,0,
49,21,bottom,host,345.8,351.84,124,120,0,
49,21,bottom,other,378.535,139.635,312,120,0,
49,22,bottom,host,345.8,351.84,124,120,0,
49,22,bottom,other,378.535,139.635,312,120,0,
50,1,top,host,190,240,90,120,0,
50,1,top,other,531.808,234.264,305,120,0,
50,2,top,host,198.192,245.736,125,120,0,
50,2,top,other,523.616,228.528,305,120,0,
50,3,top,host,206.384,251.472,125,120,0,
50,3,top,other,515.424,222.792,305,120,0,
50,4,top,host,214.576,257.208,125,120,0,
50,4,top,other,507.232,217.056,305,120,0,
50,5,top,host,222.768,262.944,125,120,0,
50,5,top,other,499.04,211.32,305,120,0,
50,6,top,host,230.96,268.68,125,120,0,
50,6,top,other,490.848,205.584,305,120,0,
50,7,top,host,239.152,274.416,125,120,0,
50,7,top,other,482.656,199.848,305,120,0,
50,8,top,host,247.344,280.152,125,120,0,
50,8,top,other,474.464,194.112,305,120,0,
50,9,top,host,255.536,285.888,125,120,0,
50,9,top,other,466.272,188.376,305,120,0,
50,10,top,host,263.728,291.624,125,120,0,
50,10,top,other,458.08,182.64,305,120,0,
50,11,top,host,271.92,297.36,125,120,0,
50,11,top,other,449.888,176.904,305,120,0,
50,12,top,host,280.112,303.096,125,120,0,
50,12,top,other,441.696,171.168,305,120,0,
50,13,top,host,288.304,308.832,125,120,0,
50,13,top,other,433.504,165.432,305,120,0,
50,14,top,host,296.496,314.568,125,120,0,
50,14,top,other,425.312,159.696,305,120,0,
50,15,top,host,304.688,320.304,125,120,0,
50,15,top,other,417.12,153.96,305,120,0,
50,16,top,host,312.88,326.04,125,120,0,
50,16,top,other,408.928,148.224,305,120,0,
50,17,top,host,321.072,331.776,125,120,0,
50,17,top,other,400.736,142.488,305,120,0,
50,18,top,host,329.264,337.512,125,120,0,
50,18,top,other,392.544,136.752,305,120,0,
50,19,top,host,337.456,343.248,125,120,0,
50,19,top,other,384.352,131.016,305,120,0,
50,20,top,host,345.648,348.984,125,121,0,
50,20,top,other,376.16,125.28,305,124,0,
50,21,top,host,345.648,348.984,125,121,0,
50,21,top,other,376.16,125.28,305,124,0,
50,22,top,host,345.648,348.984,125,121,0,
50,22,top,other,376.16,125.28,305,124,0,
