1,1,bottom,host,170.006,240.349,268,0,0,
1,1,bottom,other,530,240,270,0,0,
1,2,bottom,host,178.198,246.085,125,0,0,
1,2,bottom,other,521.91,245.878,234,0,0,
1,3,bottom,host,186.39,251.821,125,0,0,
1,3,bottom,other,513.82,251.756,234,0,0,
1,4,bottom,host,194.582,257.557,125,0,0,
1,4,bottom,other,505.73,257.634,234,0,0,
1,5,bottom,host,202.774,263.293,125,0,0,
1,5,bottom,other,497.64,263.512,234,0,0,
1,6,bottom,host,210.966,269.029,125,0,0,
1,6,bottom,other,489.55,269.39,234,0,0,
1,7,bottom,host,219.158,274.765,125,0,0,
1,7,bottom,other,481.46,275.268,234,0,0,
1,8,bottom,host,227.35,280.501,125,0,0,
1,8,bottom,other,473.37,281.146,234,0,0,
1,9,bottom,host,235.542,286.237,125,0,0,
1,9,bottom,other,465.28,287.024,234,0,0,
1,10,bottom,host,243.734,291.973,125,0,0,
1,10,bottom,other,457.19,292.902,234,0,0,
1,11,bottom,host,251.926,297.709,125,0,0,
1,11,bottom,other,449.1,298.78,234,0,0,
1,12,bottom,host,260.118,303.445,125,0,0,
1,12,bottom,other,441.01,304.658,234,0,0,
1,13,bottom,host,268.31,309.181,125,0,0,
1,13,bottom,other,432.92,310.536,234,0,0,
1,14,bottom,host,276.502,314.917,125,0,0,
1,14,bottom,other,424.83,316.414,234,0,0,
1,15,bottom,host,284.694,320.653,125,0,0,
1,15,bottom,other,416.74,322.292,234,0,0,
1,16,bottom,host,292.886,326.389,125,0,0,
1,16,bottom,other,408.65,328.17,234,0,0,
1,17,bottom,host,301.078,332.125,125,0,0,
1,17,bottom,other,400.56,334.048,234,0,0,
1,18,bottom,host,309.27,337.861,125,0,0,
1,18,bottom,other,392.47,339.926,234,0,0,
1,19,bottom,host,317.462,343.597,125,0,0,
1,19,bottom,other,384.38,345.804,234,0,0,
1,20,bottom,host,325.654,349.333,125,0,0,
1,20,bottom,other,376.29,351.682,234,0,0,
1,21,bottom,host,333.846,355.069,125,0,0,
1,21,bottom,other,368.2,357.56,234,0,0,
1,22,bottom,host,333.846,355.069,125,0,0,
1,22,bottom,other,368.2,357.56,234,0,0,
1,23,bottom,host,333.846,355.069,125,0,0,
1,23,bottom,other,368.2,357.56,234,0,0,
2,1,bottom,host,188.387,245.446,123,0,0,
2,1,bottom,other,531.71,245.592,236,0,0,
2,2,bottom,host,196.774,250.892,123,0,0,
2,2,bottom,other,523.42,251.184,236,0,0,
2,3,bottom,host,205.161,256.338,123,0,0,
2,3,bottom,other,515.13,256.776,236,0,0,
2,4,bottom,host,213.548,261.784,123,0,0,
2,4,bottom,other,506.84,262.368,236,0,0,
2,5,bottom,host,221.935,267.23,123,0,0,
2,5,bottom,other,498.55,267.96,236,0,0,
2,6,bottom,host,230.322,272.676,123,0,0,
2,6,bottom,other,490.26,273.552,236,0,0,
2,7,bottom,host,238.709,278.122,123,0,0,
2,7,bottom,other,481.97,279.144,236,0,0,
2,8,bottom,host,246.999,283.714,124,0,0,
2,8,bottom,other,473.68,284.736,236,0,0,
2,9,bottom,host,255.386,289.16,123,0,0,
2,9,bottom,other,465.39,290.328,236,0,0,
2,10,bottom,host,263.676,294.752,124,0,0,
2,10,bottom,other,457.1,295.92,236,0,0,
2,11,bottom,host,272.063,300.198,123,0,0,
2,11,bottom,other,448.81,301.512,236,0,0,
2,12,bottom,host,280.353,305.79,124,0,0,
2,12,bottom,other,440.52,307.104,236,0,0,
2,13,bottom,host,288.74,311.236,123,0,0,
2,13,bottom,other,432.23,312.696,236,0,0,
2,14,bottom,host,297.03,316.828,124,0,0,
2,14,bottom,other,423.94,318.288,236,0,0,
2,15,bottom,host,305.417,322.274,123,0,0,
2,15,bottom,other,415.65,323.88,236,0,0,
2,16,bottom,host,313.707,327.866,124,0,0,
2,16,bottom,other,407.36,329.472,236,0,0,
2,17,bottom,host,322.094,333.312,123,0,0,
2,17,bottom,other,399.07,335.064,236,0,0,
2,18,bottom,host,330.384,338.904,124,0,0,
2,18,bottom,other,390.78,340.656,236,0,0,
2,19,bottom,host,338.771,344.35,123,0,0,
2,19,bottom,other,382.49,346.248,236,0,0,
2,20,bottom,host,347.158,349.796,123,0,0,
2,20,bottom,other,374.2,351.84,236,0,0,
2,21,bottom,host,355.448,355.388,124,0,0,
2,21,bottom,other,374.2,351.84,236,0,0,
2,22,bottom,host,355.448,355.388,124,0,0,
2,22,bottom,other,374.2,351.84,236,0,0,
3,1,bottom,host,188.29,245.592,124,0,0,
3,1,bottom,other,531.71,245.592,236,0,0,
3,2,bottom,host,196.58,251.184,124,0,0,
3,2,bottom,other,523.42,251.184,236,0,0,
3,3,bottom,host,204.87,256.776,124,0,0,
3,3,bottom,other,515.13,256.776,236,0,0,
3,4,bottom,host,213.16,262.368,124,0,0,
3,4,bottom,other,506.84,262.368,236,0,0,
3,5,bottom,host,221.45,267.96,124,0,0,
3,5,bottom,other,498.55,267.96,236,0,0,
3,6,bottom,host,229.74,273.552,124,0,0,
3,6,bottom,other,490.26,273.552,236,0,0,
3,7,bottom,host,238.03,279.144,124,0,0,
3,7,bottom,other,481.97,279.144,236,0,0,
3,8,bottom,host,246.32,284.736,124,0,0,
3,8,bottom,other,473.68,284.736,236,0,0,
3,9,bottom,host,254.61,290.328,124,0,0,
3,9,bottom,other,465.39,290.328,236,0,0,
3,10,bottom,host,262.9,295.92,124,0,0,
3,10,bottom,other,457.1,295.92,236,0,0,
3,11,bottom,host,271.19,301.512,124,0,0,
3,11,bottom,other,448.81,301.512,236,0,0,
3,12,bottom,host,279.48,307.104,124,0,0,
3,12,bottom,other,440.52,307.104,236,0,0,
3,13,bottom,host,287.77,312.696,124,0,0,
3,13,bottom,other,432.23,312.696,236,0,0,
3,14,bottom,host,296.06,318.288,124,0,0,
3,14,bottom,other,423.94,318.288,236,0,0,
3,15,bottom,host,304.35,323.88,124,0,0,
3,15,bottom,other,415.65,323.88,236,0,0,
3,16,bottom,host,312.64,329.472,124,0,0,
3,16,bottom,other,407.36,329.472,236,0,0,
3,17,bottom,host,320.93,335.064,124,0,0,
3,17,bottom,other,399.07,335.064,236,0,0,
3,18,bottom,host,329.22,340.656,124,0,0,
3,18,bottom,other,392.913,327.184,322,0,0,
3,19,bottom,host,337.51,346.248,124,0,0,
3,19,bottom,other,386.756,319.304,322,0,0,
3,20,bottom,host,345.8,351.84,124,0,0,
3,20,bottom,other,380.599,311.424,322,0,0,
3,21,bottom,host,345.8,351.84,124,0,0,
3,21,bottom,other,380.599,311.424,322,0,0,
3,22,bottom,host,345.8,351.84,124,0,0,
3,22,bottom,other,380.599,311.424,322,0,0,
4,1,top,host,188.29,245.592,124,0,0,
4,1,top,other,531.613,234.554,303,0,0,
4,2,top,host,197.425,249.659,114,0,0,
4,2,top,other,523.226,229.108,303,0,0,
4,3,top,host,206.56,253.726,114,0,0,
4,3,top,other,514.839,223.662,303,0,0,
4,4,top,host,215.695,257.793,114,0,0,
4,4,top,other,506.452,218.216,303,0,0,
4,5,top,host,224.83,261.86,114,0,0,
4,5,top,other,498.065,212.77,303,0,0,
4,6,top,host,233.965,265.927,114,0,0,
4,6,top,other,489.678,207.324,303,0,0,
4,7,top,host,243.1,269.994,114,0,0,
4,7,top,other,481.291,201.878,303,0,0,
4,8,top,host,252.235,274.061,114,0,0,
4,8,top,other,472.904,196.432,303,0,0,
4,9,top,host,261.37,278.128,114,0,0,
4,9,top,other,464.517,190.986,303,0,0,
4,10,top,host,270.505,282.195,114,0,0,
4,10,top,other,456.13,185.54,303,0,0,
4,11,top,host,279.64,286.262,114,0,0,
4,11,top,other,447.743,180.094,303,0,0,
4,12,top,host,288.775,290.329,114,0,0,
4,12,top,other,439.356,174.648,303,0,0,
4,13,top,host,297.91,294.396,114,0,0,
4,13,top,other,430.969,169.202,303,0,0,
4,14,top,host,307.045,298.463,114,0,0,
4,14,top,other,422.582,163.756,303,0,0,
4,15,top,host,316.18,302.53,114,0,0,
4,15,top,other,414.195,158.31,303,0,0,
4,16,top,host,325.315,306.597,114,0,0,
4,16,top,other,405.808,152.864,303,0,0,
4,17,top,host,334.45,310.664,114,0,0,
4,17,top,other,397.421,147.418,303,0,0,
4,18,top,host,343.585,314.731,114,0,0,
4,18,top,other,389.034,141.972,303,0,0,
4,19,top,host,343.585,314.731,114,0,0,
4,19,top,other,380.647,136.526,303,0,0,
4,20,top,host,343.585,314.731,114,1,0,
4,20,top,other,372.26,131.08,303,4,0,
4,21,top,host,343.585,314.731,114,1,0,
4,21,top,other,372.26,131.08,303,4,0,
4,22,top,host,343.585,314.731,114,1,0,
4,22,top,other,372.26,131.08,303,4,0,
5,1,bottom,host,188.66,245,120,1,0,
5,1,bottom,other,531.71,245.592,236,4,0,
5,2,bottom,host,197.406,249.848,119,1,0,
5,2,bottom,other,523.42,251.184,236,4,0,
5,3,bottom,host,206.152,254.696,119,1,0,
5,3,bottom,other,515.13,256.776,236,4,0,
5,4,bottom,host,214.898,259.544,119,1,0,
5,4,bottom,other,506.84,262.368,236,4,0,
5,5,bottom,host,223.644,264.392,119,1,0,
5,5,bottom,other,498.55,267.96,236,4,0,
5,6,bottom,host,232.39,269.24,119,1,0,
5,6,bottom,other,490.26,273.552,236,4,0,
5,7,bottom,host,241.136,274.088,119,1,0,
5,7,bottom,other,481.97,279.144,236,4,0,
5,8,bottom,host,249.882,278.936,119,1,0,
5,8,bottom,other,473.68,284.736,236,4,0,
5,9,bottom,host,258.628,283.784,119,1,0,
5,9,bottom,other,465.39,290.328,236,4,0,
5,10,bottom,host,267.374,288.632,119,1,0,
5,10,bottom,other,457.1,295.92,236,4,0,
5,11,bottom,host,276.12,293.48,119,1,0,
5,11,bottom,other,448.81,301.512,236,4,0,
5,12,bottom,host,284.866,298.328,119,1,0,
5,12,bottom,other,440.52,307.104,236,4,0,
5,13,bottom,host,293.612,303.176,119,1,0,
5,13,bottom,other,432.23,312.696,236,4,0,
5,14,bottom,host,302.358,308.024,119,1,0,
5,14,bottom,other,423.94,318.288,236,4,0,
5,15,bottom,host,311.104,312.872,119,1,0,
5,15,bottom,other,415.65,323.88,236,4,0,
5,16,bottom,host,319.85,317.72,119,1,0,
5,16,bottom,other,407.36,329.472,236,4,0,
5,17,bottom,host,328.596,322.568,119,1,0,
5,17,bottom,other,399.07,335.064,236,4,0,
5,18,bottom,host,337.342,327.416,119,1,0,
5,18,bottom,other,390.78,340.656,236,4,0,
5,19,bottom,host,337.342,327.416,119,1,0,
5,19,bottom,other,382.49,346.248,236,4,0,
5,20,bottom,host,337.342,327.416,119,1,0,
5,20,bottom,other,374.2,351.84,236,4,0,
5,21,bottom,host,337.342,327.416,119,1,0,
5,21,bottom,other,374.2,351.84,236,4,0,
5,22,bottom,host,337.342,327.416,119,1,0,
5,22,bottom,other,374.2,351.84,236,4,0,
6,1,bottom,host,187.66,233.572,50,1,0,
6,1,bottom,other,531.613,234.554,303,4,0,
6,2,bottom,host,195.32,227.144,50,1,0,
6,2,bottom,other,523.226,229.108,303,4,0,
6,3,bottom,host,202.98,220.716,50,1,0,
6,3,bottom,other,514.839,223.662,303,4,0,
6,4,bottom,host,210.64,214.288,50,1,0,
6,4,bottom,other,506.452,218.216,303,4,0,
6,5,bottom,host,218.3,207.86,50,1,0,
6,5,bottom,other,499.505,225.409,224,4,0,
6,6,bottom,host,225.96,201.432,50,1,0,
6,6,bottom,other,492.558,232.602,224,4,0,
6,7,bottom,host,233.62,195.004,50,1,0,
6,7,bottom,other,485.611,239.795,224,4,0,
6,8,bottom,host,241.28,188.576,50,1,0,
6,8,bottom,other,478.664,246.988,224,4,0,
6,9,bottom,host,248.94,182.148,50,1,0,
6,9,bottom,other,471.717,254.181,224,4,0,
6,10,bottom,host,256.6,175.72,50,1,0,
6,10,bottom,other,464.77,261.374,224,4,0,
6,11,bottom,host,264.26,169.292,50,1,0,
6,11,bottom,other,457.823,268.567,224,4,0,
6,12,bottom,host,271.92,162.864,50,1,0,
6,12,bottom,other,450.876,275.76,224,4,0,
6,13,bottom,host,279.58,156.436,50,1,0,
6,13,bottom,other,443.929,282.953,224,4,0,
6,14,bottom,host,287.24,150.008,50,1,0,
6,14,bottom,other,436.982,290.146,224,4,0,
6,15,bottom,host,294.9,143.58,50,1,0,
6,15,bottom,other,430.035,297.339,224,4,0,
6,16,bottom,host,302.56,137.152,50,1,0,
6,16,bottom,other,423.088,304.532,224,4,0,
6,17,bottom,host,310.22,130.724,50,1,0,
6,17,bottom,other,416.141,311.725,224,4,0,
6,18,bottom,host,317.88,124.296,50,1,0,
6,18,bottom,other,409.194,318.918,224,4,0,
6,19,bottom,host,325.54,117.868,50,1,0,
6,19,bottom,other,402.247,326.111,224,4,0,
6,20,bottom,host,325.54,117.868,50,1,0,
6,20,bottom,other,395.3,333.304,224,4,0,
6,21,bottom,host,325.54,117.868,50,1,0,
6,21,bottom,other,388.353,340.497,224,4,0,
6,22,bottom,host,325.54,117.868,50,1,0,
6,22,bottom,other,381.406,347.69,224,4,0,
6,23,bottom,host,325.54,117.868,50,2,0,
6,23,bottom,other,374.459,354.883,224,8,0,
6,24,bottom,host,325.54,117.868,50,2,0,
6,24,bottom,other,374.459,354.883,224,8,0,
6,25,bottom,host,325.54,117.868,50,2,0,
6,25,bottom,other,374.459,354.883,224,8,0,
7,1,bottom,host,188.29,245.592,124,2,0,
7,1,bottom,other,531.71,245.592,236,8,0,
7,2,bottom,host,196.58,251.184,124,2,0,
7,2,bottom,other,523.42,251.184,236,8,0,
7,3,bottom,host,204.87,256.776,124,2,0,
7,3,bottom,other,515.13,256.776,236,8,0,
7,4,bottom,host,213.16,262.368,124,2,0,
7,4,bottom,other,506.84,262.368,236,8,0,
7,5,bottom,host,221.45,267.96,124,2,0,
7,5,bottom,other,498.55,267.96,236,8,0,
7,6,bottom,host,229.74,273.552,124,2,0,
7,6,bottom,other,490.26,273.552,236,8,0,
7,7,bottom,host,238.03,279.144,124,2,0,
7,7,bottom,other,481.97,279.144,236,8,0,
7,8,bottom,host,246.32,284.736,124,2,0,
7,8,bottom,other,473.68,284.736,236,8,0,
7,9,bottom,host,254.61,290.328,124,2,0,
7,9,bottom,other,465.39,290.328,236,8,0,
7,10,bottom,host,262.9,295.92,124,2,0,
7,10,bottom,other,457.1,295.92,236,8,0,
7,11,bottom,host,271.19,301.512,124,2,0,
7,11,bottom,other,448.81,301.512,236,8,0,
7,12,bottom,host,279.48,307.104,124,2,0,
7,12,bottom,other,440.52,307.104,236,8,0,
7,13,bottom,host,287.77,312.696,124,2,0,
7,13,bottom,other,432.23,312.696,236,8,0,
7,14,bottom,host,296.06,318.288,124,2,0,
7,14,bottom,other,428.484,303.424,338,8,0,
7,15,bottom,host,304.35,323.88,124,2,0,
7,15,bottom,other,424.738,294.152,338,8,0,
7,16,bottom,host,312.64,329.472,124,2,0,
7,16,bottom,other,420.992,284.88,338,8,0,
7,17,bottom,host,320.93,335.064,124,2,0,
7,17,bottom,other,417.246,275.608,338,8,0,
7,18,bottom,host,329.22,340.656,124,2,0,
7,18,bottom,other,413.5,266.336,338,8,0,
7,19,bottom,host,337.51,346.248,124,2,0,
7,19,bottom,other,409.754,257.064,338,8,0,
7,20,bottom,host,345.8,351.84,124,6,0,
7,20,bottom,other,406.008,247.792,338,9,0,
7,21,bottom,host,345.8,351.84,124,6,0,
7,21,bottom,other,406.008,247.792,338,9,0,
7,22,bottom,host,345.8,351.84,124,6,0,
7,22,bottom,other,406.008,247.792,338,9,0,
8,1,bottom,host,188.387,245.446,123,6,0,
8,1,bottom,other,531.808,245.736,235,9,0,
8,2,bottom,host,196.774,250.892,123,6,0,
8,2,bottom,other,523.616,251.472,235,9,0,
8,3,bottom,host,205.161,256.338,123,6,0,
8,3,bottom,other,515.424,257.208,235,9,0,
8,4,bottom,host,213.548,261.784,123,6,0,
8,4,bottom,other,507.232,262.944,235,9,0,
8,5,bottom,host,221.935,267.23,123,6,0,
8,5,bottom,other,499.04,268.68,235,9,0,
8,6,bottom,host,230.322,272.676,123,6,0,
8,6,bottom,other,490.848,274.416,235,9,0,
8,7,bottom,host,238.709,278.122,123,6,0,
8,7,bottom,other,482.656,280.152,235,9,0,
8,8,bottom,host,247.096,283.568,123,6,0,
8,8,bottom,other,474.464,285.888,235,9,0,
8,9,bottom,host,255.483,289.014,123,6,0,
8,9,bottom,other,466.272,291.624,235,9,0,
8,10,bottom,host,263.87,294.46,123,6,0,
8,10,bottom,other,458.08,297.36,235,9,0,
8,11,bottom,host,272.257,299.906,123,6,0,
8,11,bottom,other,449.888,303.096,235,9,0,
8,12,bottom,host,280.644,305.352,123,6,0,
8,12,bottom,other,441.696,308.832,235,9,0,
8,13,bottom,host,289.031,310.798,123,6,0,
8,13,bottom,other,433.406,314.424,236,9,0,
8,14,bottom,host,297.418,316.244,123,6,0,
8,14,bottom,other,425.116,320.016,236,9,0,
8,15,bottom,host,305.805,321.69,123,6,0,
8,15,bottom,other,416.826,325.608,236,9,0,
8,16,bottom,host,314.192,327.136,123,6,0,
8,16,bottom,other,408.536,331.2,236,9,0,
8,17,bottom,host,322.579,332.582,123,6,0,
8,17,bottom,other,400.246,336.792,236,9,0,
8,18,bottom,host,330.966,338.028,123,6,0,
8,18,bottom,other,391.956,342.384,236,9,0,
8,19,bottom,host,339.353,343.474,123,6,0,
8,19,bottom,other,383.666,347.976,236,9,0,
8,20,bottom,host,347.74,348.92,123,6,0,
8,20,bottom,other,375.376,353.568,236,9,0,
8,21,bottom,host,347.74,348.92,123,6,0,
8,21,bottom,other,375.376,353.568,236,9,0,
8,22,bottom,host,347.74,348.92,123,6,0,
8,22,bottom,other,375.376,353.568,236,9,0,
9,1,top,host,188.387,245.446,123,6,0,
9,1,top,other,531.613,234.554,303,9,0,
9,2,top,host,196.774,250.892,123,6,0,
9,2,top,other,523.226,229.108,303,9,0,
9,3,top,host,205.161,256.338,123,6,0,
9,3,top,other,514.839,223.662,303,9,0,
9,4,top,host,213.548,261.784,123,6,0,
9,4,top,other,506.452,218.216,303,9,0,
9,5,top,host,221.935,267.23,123,6,0,
9,5,top,other,498.065,212.77,303,9,0,
9,6,top,host,230.322,272.676,123,6,0,
9,6,top,other,489.678,207.324,303,9,0,
9,7,top,host,238.709,278.122,123,6,0,
9,7,top,other,481.291,201.878,303,9,0,
9,8,top,host,247.096,283.568,123,6,0,
9,8,top,other,472.904,196.432,303,9,0,
9,9,top,host,255.483,289.014,123,6,0,
9,9,top,other,464.517,190.986,303,9,0,
9,10,top,host,263.87,294.46,123,6,0,
9,10,top,other,456.13,185.54,303,9,0,
9,11,top,host,272.257,299.906,123,6,0,
9,11,top,other,447.743,180.094,303,9,0,
9,12,top,host,280.644,305.352,123,6,0,
9,12,top,other,439.356,174.648,303,9,0,
9,13,top,host,289.031,310.798,123,6,0,
9,13,top,other,430.969,169.202,303,9,0,
9,14,top,host,297.418,316.244,123,6,0,
9,14,top,other,422.582,163.756,303,9,0,
9,15,top,host,305.805,321.69,123,6,0,
9,15,top,other,414.195,158.31,303,9,0,
9,16,top,host,314.192,327.136,123,6,0,
9,16,top,other,405.808,152.864,303,9,0,
9,17,top,host,322.579,332.582,123,6,0,
9,17,top,other,397.421,147.418,303,9,0,
9,18,top,host,330.966,338.028,123,6,0,
9,18,top,other,389.034,141.972,303,9,0,
9,19,top,host,339.353,343.474,123,6,0,
9,19,top,other,380.647,136.526,303,9,0,
9,20,top,host,347.74,348.92,123,7,0,
9,20,top,other,372.26,131.08,303,13,0,
9,21,top,host,347.74,348.92,123,7,0,
9,21,top,other,372.26,131.08,303,13,0,
9,22,top,host,347.74,348.92,123,7,0,
9,22,top,other,372.26,131.08,303,13,0,
10,1,top,host,188.09,234.122,54,7,0,
10,1,top,other,530,240,270,13,0,
10,2,top,host,196.836,229.274,61,7,0,
10,2,top,other,521.613,234.554,303,13,0,
10,3,top,host,205.582,224.426,61,7,0,
10,3,top,other,513.226,229.108,303,13,0,
10,4,top,host,214.242,219.426,60,7,0,
10,4,top,other,504.839,223.662,303,13,0,
10,5,top,host,222.988,214.578,61,7,0,
10,5,top,other,496.452,218.216,303,13,0,
10,6,top,host,231.648,209.578,60,7,0,
10,6,top,other,488.065,212.77,303,13,0,
10,7,top,host,240.308,204.578,60,7,0,
10,7,top,other,479.678,207.324,303,13,0,
10,8,top,host,248.968,199.578,60,7,0,
10,8,top,other,471.291,201.878,303,13,0,
10,9,top,host,257.628,194.578,60,7,0,
10,9,top,other,462.904,196.432,303,13,0,
10,10,top,host,266.288,189.578,60,7,0,
10,10,top,other,454.517,190.986,303,13,0,
10,11,top,host,274.948,184.578,60,7,0,
10,11,top,other,446.13,185.54,303,13,0,
10,12,top,host,283.608,179.578,60,7,0,
10,12,top,other,437.743,180.094,303,13,0,
10,13,top,host,292.268,174.578,60,7,0,
10,13,top,other,429.356,174.648,303,13,0,
10,14,top,host,300.928,169.578,60,7,0,
10,14,top,other,420.969,169.202,303,13,0,
10,15,top,host,309.588,164.578,60,7,0,
10,15,top,other,412.582,163.756,303,13,0,
10,16,top,host,318.16,159.428,59,7,0,
10,16,top,other,409.826,173.369,196,13,0,
10,17,top,host,326.732,154.278,59,7,0,
10,17,top,other,407.07,182.982,196,13,0,
10,18,top,host,335.392,149.278,60,7,0,
10,18,top,other,404.314,192.595,196,13,0,
10,19,top,host,335.392,149.278,240,7,0,
10,19,top,other,401.558,202.208,196,13,0,
10,20,top,host,335.392,149.278,240,7,0,
10,20,top,other,398.802,211.821,196,13,0,
10,21,top,host,335.392,149.278,240,7,0,
10,21,top,other,396.046,221.434,196,13,0,
10,22,top,host,342.585,142.331,46,7,0,
10,22,top,other,393.29,231.047,196,13,0,
10,23,top,host,349.778,135.384,46,7,0,
10,23,top,other,384.227,226.821,295,13,0,
10,24,top,host,356.971,128.437,46,11,0,
10,24,top,other,375.164,222.595,295,14,0,
10,25,top,host,356.971,128.437,46,11,0,
10,25,top,other,375.164,222.595,295,14,0,
10,26,top,host,356.971,128.437,46,11,0,
10,26,top,other,375.164,222.595,295,14,0,
11,1,top,host,188.48,234.701,58,11,0,
11,1,top,other,531.613,234.554,303,14,0,
11,2,top,host,196.96,229.402,58,11,0,
11,2,top,other,523.226,229.108,303,14,0,
11,3,top,host,205.44,224.103,58,11,0,
11,3,top,other,514.839,223.662,303,14,0,
11,4,top,host,213.92,218.804,58,11,0,
11,4,top,other,506.452,218.216,303,14,0,
11,5,top,host,222.4,213.505,58,11,0,
11,5,top,other,498.065,212.77,303,14,0,
11,6,top,host,230.88,208.206,58,11,0,
11,6,top,other,489.678,207.324,303,14,0,
11,7,top,host,239.36,202.907,58,11,0,
11,7,top,other,481.291,201.878,303,14,0,
11,8,top,host,247.84,197.608,58,11,0,
11,8,top,other,472.904,196.432,303,14,0,
11,9,top,host,256.32,192.309,58,11,0,
11,9,top,other,464.517,190.986,303,14,0,
11,10,top,host,264.8,187.01,58,11,0,
11,10,top,other,456.13,185.54,303,14,0,
11,11,top,host,273.28,181.711,58,11,0,
11,11,top,other,447.743,180.094,303,14,0,
11,12,top,host,281.76,176.412,58,11,0,
11,12,top,other,439.356,174.648,303,14,0,
11,13,top,host,290.24,171.113,58,11,0,
11,13,top,other,430.969,169.202,303,14,0,
11,14,top,host,298.72,165.814,58,11,0,
11,14,top,other,422.582,163.756,303,14,0,
11,15,top,host,307.2,160.515,58,11,0,
11,15,top,other,414.195,158.31,303,14,0,
11,16,top,host,315.68,155.216,58,11,0,
11,16,top,other,405.808,152.864,303,14,0,
11,17,top,host,324.16,149.917,58,11,0,
11,17,top,other,397.421,147.418,303,14,0,
11,18,top,host,332.64,144.618,58,11,0,
11,18,top,other,389.034,141.972,303,14,0,
11,19,top,host,341.12,139.319,58,11,0,
11,19,top,other,380.647,136.526,303,14,0,
11,20,top,host,349.6,134.02,58,11,0,
11,20,top,other,372.26,131.08,303,14,0,
11,21,top,host,349.6,134.02,58,11,0,
11,21,top,other,372.26,131.08,303,14,0,
11,22,top,host,349.6,134.02,58,11,0,
11,22,top,other,372.26,131.08,303,14,0,
12,1,bottom,host,188.192,245.736,125,11,0,
12,1,bottom,other,531.71,245.592,236,14,0,
12,2,bottom,host,196.579,251.182,123,11,0,
12,2,bottom,other,523.42,251.184,236,14,0,
12,3,bottom,host,204.966,256.628,123,11,0,
12,3,bottom,other,515.13,256.776,236,14,0,
12,4,bottom,host,213.256,262.22,124,11,0,
12,4,bottom,other,506.84,262.368,236,14,0,
12,5,bottom,host,221.546,267.812,124,11,0,
12,5,bottom,other,498.55,267.96,236,14,0,
12,6,bottom,host,229.836,273.404,124,11,0,
12,6,bottom,other,490.26,273.552,236,14,0,
12,7,bottom,host,238.126,278.996,124,11,0,
12,7,bottom,other,481.97,279.144,236,14,0,
12,8,bottom,host,246.513,284.442,123,11,0,
12,8,bottom,other,473.68,284.736,236,14,0,
12,9,bottom,host,254.9,289.888,123,11,0,
12,9,bottom,other,465.39,290.328,236,14,0,
12,10,bottom,host,263.287,295.334,123,11,0,
12,10,bottom,other,457.1,295.92,236,14,0,
12,11,bottom,host,271.674,300.78,123,11,0,
12,11,bottom,other,448.81,301.512,236,14,0,
12,12,bottom,host,280.061,306.226,123,11,0,
12,12,bottom,other,440.52,307.104,236,14,0,
12,13,bottom,host,288.448,311.672,123,11,0,
12,13,bottom,other,432.23,312.696,236,14,0,
12,14,bottom,host,296.835,317.118,123,11,0,
12,14,bottom,other,423.94,318.288,236,14,0,
12,15,bottom,host,305.222,322.564,123,11,0,
12,15,bottom,other,415.65,323.88,236,14,0,
12,16,bottom,host,313.609,328.01,123,11,0,
12,16,bottom,other,407.36,329.472,236,14,0,
12,17,bottom,host,321.996,333.456,123,11,0,
12,17,bottom,other,399.07,335.064,236,14,0,
12,18,bottom,host,330.383,338.902,123,11,0,
12,18,bottom,other,390.78,340.656,236,14,0,
12,19,bottom,host,338.77,344.348,123,11,0,
12,19,bottom,other,388.701,350.437,192,14,0,
12,20,bottom,host,347.157,349.794,123,11,0,
12,20,bottom,other,386.622,360.218,192,14,0,
12,21,bottom,host,347.157,349.794,123,11,0,
12,21,bottom,other,386.622,360.218,192,14,0,
12,22,bottom,host,347.157,349.794,123,11,0,
12,22,bottom,other,378.742,366.375,232,14,0,
13,1,bottom,host,188.387,245.446,123,11,0,
13,1,bottom,other,530,240,270,14,0,
13,2,bottom,host,196.774,250.892,123,11,0,
13,2,bottom,other,520,240,270,14,0,
13,3,bottom,host,205.161,256.338,123,11,0,
13,3,bottom,other,510,240,270,14,0,
13,4,bottom,host,213.548,261.784,123,11,0,
13,4,bottom,other,501.808,245.736,235,14,0,
13,5,bottom,host,221.935,267.23,123,11,0,
13,5,bottom,other,493.616,251.472,235,14,0,
13,6,bottom,host,230.322,272.676,123,11,0,
13,6,bottom,other,485.736,257.629,232,14,0,
13,7,bottom,host,238.709,278.122,123,11,0,
13,7,bottom,other,477.856,263.786,232,14,0,
13,8,bottom,host,247.096,283.568,123,11,0,
13,8,bottom,other,469.976,269.943,232,14,0,
13,9,bottom,host,255.483,289.014,123,11,0,
13,9,bottom,other,462.096,276.1,232,14,0,
13,10,bottom,host,263.87,294.46,123,11,0,
13,10,bottom,other,454.216,282.257,232,14,0,
13,11,bottom,host,272.257,299.906,123,11,0,
13,11,bottom,other,446.336,288.414,232,14,0,
13,12,bottom,host,280.644,305.352,123,11,0,
13,12,bottom,other,438.456,294.571,232,14,0,
13,13,bottom,host,289.031,310.798,123,11,0,
13,13,bottom,other,430.576,300.728,232,14,0,
13,14,bottom,host,297.418,316.244,123,11,0,
13,14,bottom,other,422.696,306.885,232,14,0,
13,15,bottom,host,305.805,321.69,123,11,0,
13,15,bottom,other,414.816,313.042,232,14,0,
13,16,bottom,host,314.192,327.136,123,11,0,
13,16,bottom,other,406.936,319.199,232,14,0,
13,17,bottom,host,322.579,332.582,123,11,0,
13,17,bottom,other,399.056,325.356,232,14,0,
13,18,bottom,host,330.966,338.028,123,11,0,
13,18,bottom,other,396.977,315.575,348,14,0,
13,19,bottom,host,339.353,343.474,123,11,0,
13,19,bottom,other,394.898,305.794,348,14,0,
13,20,bottom,host,347.74,348.92,123,15,0,
13,20,bottom,other,392.819,296.013,348,15,0,
13,21,bottom,host,347.74,348.92,123,15,0,
13,21,bottom,other,392.819,296.013,348,15,0,
13,22,bottom,host,347.74,348.92,123,15,0,
13,22,bottom,other,392.819,296.013,348,15,0,
14,1,bottom,host,188.387,245.446,123,15,0,
14,1,bottom,other,531.808,245.736,235,15,0,
14,2,bottom,host,196.774,250.892,123,15,0,
14,2,bottom,other,523.616,251.472,235,15,0,
14,3,bottom,host,205.161,256.338,123,15,0,
14,3,bottom,other,515.424,257.208,235,15,0,
14,4,bottom,host,213.548,261.784,123,15,0,
14,4,bottom,other,507.232,262.944,235,15,0,
14,5,bottom,host,221.935,267.23,123,15,0,
14,5,bottom,other,499.04,268.68,235,15,0,
14,6,bottom,host,230.322,272.676,123,15,0,
14,6,bottom,other,490.848,274.416,235,15,0,
14,7,bottom,host,238.709,278.122,123,15,0,
14,7,bottom,other,482.656,280.152,235,15,0,
14,8,bottom,host,247.096,283.568,123,15,0,
14,8,bottom,other,474.464,285.888,235,15,0,
14,9,bottom,host,255.483,289.014,123,15,0,
14,9,bottom,other,466.272,291.624,235,15,0,
14,10,bottom,host,263.87,294.46,123,15,0,
14,10,bottom,other,458.08,297.36,235,15,0,
14,11,bottom,host,272.257,299.906,123,15,0,
14,11,bottom,other,449.888,303.096,235,15,0,
14,12,bottom,host,280.644,305.352,123,15,0,
14,12,bottom,other,441.696,308.832,235,15,0,
14,13,bottom,host,289.031,310.798,123,15,0,
14,13,bottom,other,433.504,314.568,235,15,0,
14,14,bottom,host,297.418,316.244,123,15,0,
14,14,bottom,other,425.312,320.304,235,15,0,
14,15,bottom,host,305.805,321.69,123,15,0,
14,15,bottom,other,417.12,326.04,235,15,0,
14,16,bottom,host,314.192,327.136,123,15,0,
14,16,bottom,other,408.928,331.776,235,15,0,
14,17,bottom,host,322.579,332.582,123,15,0,
14,17,bottom,other,400.736,337.512,235,15,0,
14,18,bottom,host,330.966,338.028,123,15,0,
14,18,bottom,other,392.544,343.248,235,15,0,
14,19,bottom,host,339.353,343.474,123,15,0,
14,19,bottom,other,384.352,348.984,235,15,0,
14,20,bottom,host,347.74,348.92,123,15,0,
14,20,bottom,other,376.16,354.72,235,15,0,
14,21,bottom,host,347.74,348.92,123,15,0,
14,21,bottom,other,376.16,354.72,235,15,0,
14,22,bottom,host,347.74,348.92,123,15,0,
14,22,bottom,other,376.16,354.72,235,15,0,
15,1,bottom,host,188.387,245.446,123,15,0,
15,1,bottom,other,531.808,245.736,235,15,0,
15,2,bottom,host,196.774,250.892,123,15,0,
15,2,bottom,other,523.616,251.472,235,15,0,
15,3,bottom,host,205.161,256.338,123,15,0,
15,3,bottom,other,515.424,257.208,235,15,0,
15,4,bottom,host,213.548,261.784,123,15,0,
15,4,bottom,other,507.232,262.944,235,15,0,
15,5,bottom,host,221.935,267.23,123,15,0,
15,5,bottom,other,499.04,268.68,235,15,0,
15,6,bottom,host,230.322,272.676,123,15,0,
15,6,bottom,other,490.848,274.416,235,15,0,
15,7,bottom,host,238.709,278.122,123,15,0,
15,7,bottom,other,482.656,280.152,235,15,0,
15,8,bottom,host,247.096,283.568,123,15,0,
15,8,bottom,other,474.464,285.888,235,15,0,
15,9,bottom,host,255.483,289.014,123,15,0,
15,9,bottom,other,466.272,291.624,235,15,0,
15,10,bottom,host,263.87,294.46,123,15,0,
15,10,bottom,other,458.08,297.36,235,15,0,
15,11,bottom,host,272.257,299.906,123,15,0,
15,11,bottom,other,449.888,303.096,235,15,0,
15,12,bottom,host,280.644,305.352,123,15,0,
15,12,bottom,other,441.696,308.832,235,15,0,
15,13,bottom,host,289.031,310.798,123,15,0,
15,13,bottom,other,433.504,314.568,235,15,0,
15,14,bottom,host,297.418,316.244,123,15,0,
15,14,bottom,other,425.312,320.304,235,15,0,
15,15,bottom,host,305.805,321.69,123,15,0,
15,15,bottom,other,417.12,326.04,235,15,0,
15,16,bottom,host,314.192,327.136,123,15,0,
15,16,bottom,other,408.928,331.776,235,15,0,
15,17,bottom,host,322.579,332.582,123,15,0,
15,17,bottom,other,400.736,337.512,235,15,0,
15,18,bottom,host,330.966,338.028,123,15,0,
15,18,bottom,other,392.544,343.248,235,15,0,
15,19,bottom,host,339.353,343.474,123,15,0,
15,19,bottom,other,384.352,348.984,235,15,0,
15,20,bottom,host,347.74,348.92,123,15,0,
15,20,bottom,other,376.16,354.72,235,15,0,
15,21,bottom,host,347.74,348.92,123,15,0,
15,21,bottom,other,376.16,354.72,235,15,0,
15,22,bottom,host,347.74,348.92,123,15,0,
15,22,bottom,other,376.16,354.72,235,15,0,
16,1,top,host,188.192,234.264,55,15,0,
16,1,top,other,531.71,234.408,304,15,0,
16,2,top,host,196.384,228.528,55,15,0,
16,2,top,other,523.42,228.816,304,15,0,
16,3,top,host,204.576,222.792,55,15,0,
16,3,top,other,515.13,223.224,304,15,0,
16,4,top,host,212.768,217.056,55,15,0,
16,4,top,other,506.84,217.632,304,15,0,
16,5,top,host,220.96,211.32,55,15,0,
16,5,top,other,498.55,212.04,304,15,0,
16,6,top,host,222.179,201.395,7,15,0,
16,6,top,other,490.26,206.448,304,15,0,
16,7,top,host,230.165,195.377,53,15,0,
16,7,top,other,481.97,200.856,304,15,0,
16,8,top,host,239.075,190.837,63,15,0,
16,8,top,other,473.68,195.264,304,15,0,
16,9,top,host,247.904,186.142,62,15,0,
16,9,top,other,465.39,189.672,304,15,0,
16,10,top,host,256.733,181.447,62,15,0,
16,10,top,other,457.1,184.08,304,15,0,
16,11,top,host,265.562,176.752,62,15,0,
16,11,top,other,448.81,178.488,304,15,0,
16,12,top,host,274.391,172.057,62,15,0,
16,12,top,other,440.52,172.896,304,15,0,
16,13,top,host,283.22,167.362,62,15,0,
16,13,top,other,432.23,167.304,304,15,0,
16,14,top,host,292.049,162.667,62,15,0,
16,14,top,other,423.94,161.712,304,15,0,
16,15,top,host,300.878,157.972,62,15,0,
16,15,top,other,415.65,156.12,304,15,0,
16,16,top,host,309.707,153.277,62,15,0,
16,16,top,other,407.36,150.528,304,15,0,
16,17,top,host,318.536,148.582,62,15,0,
16,17,top,other,399.07,144.936,304,15,0,
16,18,top,host,327.365,143.887,62,15,0,
16,18,top,other,390.78,139.344,304,15,0,
16,19,top,host,336.194,139.192,62,15,0,
16,19,top,other,382.49,133.752,304,15,0,
16,20,top,host,345.023,134.497,62,15,0,
16,20,top,other,374.2,128.16,304,15,0,
16,21,top,host,345.023,134.497,62,15,0,
16,21,top,other,374.2,128.16,304,15,0,
16,22,top,host,345.023,134.497,62,15,0,
16,22,top,other,374.2,128.16,304,15,0,
17,1,top,host,188.29,234.408,56,15,0,
17,1,top,other,531.71,234.408,304,15,0,
17,2,top,host,196.58,228.816,56,15,0,
17,2,top,other,523.42,228.816,304,15,0,
17,3,top,host,204.87,223.224,56,15,0,
17,3,top,other,515.13,223.224,304,15,0,
17,4,top,host,213.16,217.632,56,15,0,
17,4,top,other,506.84,217.632,304,15,0,
17,5,top,host,221.45,212.04,56,15,0,
17,5,top,other,498.55,212.04,304,15,0,
17,6,top,host,229.74,206.448,56,15,0,
17,6,top,other,490.26,206.448,304,15,0,
17,7,top,host,238.03,200.856,56,15,0,
17,7,top,other,481.97,200.856,304,15,0,
17,8,top,host,246.32,195.264,56,15,0,
17,8,top,other,473.68,195.264,304,15,0,
17,9,top,host,254.61,189.672,56,15,0,
17,9,top,other,465.39,189.672,304,15,0,
17,10,top,host,262.9,184.08,56,15,0,
17,10,top,other,457.1,184.08,304,15,0,
17,11,top,host,271.19,178.488,56,15,0,
17,11,top,other,448.81,178.488,304,15,0,
17,12,top,host,279.48,172.896,56,15,0,
17,12,top,other,440.52,172.896,304,15,0,
17,13,top,host,287.77,167.304,56,15,0,
17,13,top,other,432.23,167.304,304,15,0,
17,14,top,host,296.06,161.712,56,15,0,
17,14,top,other,423.94,161.712,304,15,0,
17,15,top,host,304.35,156.12,56,15,0,
17,15,top,other,415.65,156.12,304,15,0,
17,16,top,host,312.64,150.528,56,15,0,
17,16,top,other,407.36,150.528,304,15,0,
17,17,top,host,320.93,144.936,56,15,0,
17,17,top,other,399.07,144.936,304,15,0,
17,18,top,host,329.22,139.344,56,15,0,
17,18,top,other,390.78,139.344,304,15,0,
17,19,top,host,337.51,133.752,56,15,0,
17,19,top,other,382.49,133.752,304,15,0,
17,20,top,host,345.8,128.16,56,15,0,
17,20,top,other,374.2,128.16,304,15,0,
17,21,top,host,345.8,128.16,56,15,0,
17,21,top,other,374.2,128.16,304,15,0,
17,22,top,host,345.8,128.16,56,15,0,
17,22,top,other,374.2,128.16,304,15,0,
18,1,bottom,host,188.387,245.446,123,15,0,
18,1,bottom,other,531.71,245.592,236,15,0,
18,2,bottom,host,196.867,250.745,122,15,0,
18,2,bottom,other,523.42,251.184,236,15,0,
18,3,bottom,host,205.347,256.044,122,15,0,
18,3,bottom,other,515.13,256.776,236,15,0,
18,4,bottom,host,213.827,261.343,122,15,0,
18,4,bottom,other,506.84,262.368,236,15,0,
18,5,bottom,host,222.307,266.642,122,15,0,
18,5,bottom,other,498.55,267.96,236,15,0,
18,6,bottom,host,230.787,271.941,122,15,0,
18,6,bottom,other,490.26,273.552,236,15,0,
18,7,bottom,host,239.267,277.24,122,15,0,
18,7,bottom,other,481.97,279.144,236,15,0,
18,8,bottom,host,247.747,282.539,122,15,0,
18,8,bottom,other,473.68,284.736,236,15,0,
18,9,bottom,host,256.227,287.838,122,15,0,
18,9,bottom,other,465.39,290.328,236,15,0,
18,10,bottom,host,264.707,293.137,122,15,0,
18,10,bottom,other,457.1,295.92,236,15,0,
18,11,bottom,host,273.187,298.436,122,15,0,
18,11,bottom,other,448.81,301.512,236,15,0,
18,12,bottom,host,281.667,303.735,122,15,0,
18,12,bottom,other,440.52,307.104,236,15,0,
18,13,bottom,host,290.147,309.034,122,15,0,
18,13,bottom,other,432.23,312.696,236,15,0,
18,14,bottom,host,298.627,314.333,122,15,0,
18,14,bottom,other,423.94,318.288,236,15,0,
18,15,bottom,host,307.107,319.632,122,15,0,
18,15,bottom,other,415.65,323.88,236,15,0,
18,16,bottom,host,315.587,324.931,122,15,0,
18,16,bottom,other,407.36,329.472,236,15,0,
18,17,bottom,host,324.067,330.23,122,15,0,
18,17,bottom,other,399.07,335.064,236,15,0,
18,18,bottom,host,332.547,335.529,122,15,0,
18,18,bottom,other,390.78,340.656,236,15,0,
18,19,bottom,host,341.027,340.828,122,15,0,
18,19,bottom,other,382.49,346.248,236,15,0,
18,20,bottom,host,349.507,346.127,122,15,0,
18,20,bottom,other,374.2,351.84,236,15,0,
18,21,bottom,host,349.507,346.127,122,15,0,
18,21,bottom,other,374.2,351.84,236,15,0,
18,22,bottom,host,349.507,346.127,122,15,0,
18,22,bottom,other,374.2,351.84,236,15,0,
19,1,bottom,host,188.387,234.554,57,15,0,
19,1,bottom,other,531.71,245.592,236,15,0,
19,2,bottom,host,196.774,229.108,57,15,0,
19,2,bottom,other,523.42,251.184,236,15,0,
19,3,bottom,host,205.161,223.662,57,15,0,
19,3,bottom,other,515.13,256.776,236,15,0,
19,4,bottom,host,213.548,218.216,57,15,0,
19,4,bottom,other,506.84,262.368,236,15,0,
19,5,bottom,host,221.935,212.77,57,15,0,
19,5,bottom,other,498.55,267.96,236,15,0,
19,6,bottom,host,230.322,207.324,57,15,0,
19,6,bottom,other,490.26,273.552,236,15,0,
19,7,bottom,host,238.709,201.878,57,15,0,
19,7,bottom,other,481.97,279.144,236,15,0,
19,8,bottom,host,247.096,196.432,57,15,0,
19,8,bottom,other,473.68,284.736,236,15,0,
19,9,bottom,host,255.483,190.986,57,15,0,
19,9,bottom,other,465.39,290.328,236,15,0,
19,10,bottom,host,263.87,185.54,57,15,0,
19,10,bottom,other,457.1,295.92,236,15,0,
19,11,bottom,host,272.257,180.094,57,15,0,
19,11,bottom,other,448.81,301.512,236,15,0,
19,12,bottom,host,280.644,174.648,57,15,0,
19,12,bottom,other,440.52,307.104,236,15,0,
19,13,bottom,host,289.031,169.202,57,15,0,
19,13,bottom,other,432.23,312.696,236,15,0,
19,14,bottom,host,297.418,163.756,57,15,0,
19,14,bottom,other,423.94,318.288,236,15,0,
19,15,bottom,host,305.805,158.31,57,15,0,
19,15,bottom,other,415.65,323.88,236,15,0,
19,16,bottom,host,314.192,152.864,57,15,0,
19,16,bottom,other,407.36,329.472,236,15,0,
19,17,bottom,host,322.579,147.418,57,15,0,
19,17,bottom,other,399.07,335.064,236,15,0,
19,18,bottom,host,330.966,141.972,57,15,0,
19,18,bottom,other,390.78,340.656,236,15,0,
19,19,bottom,host,339.353,136.526,57,15,0,
19,19,bottom,other,382.49,346.248,236,15,0,
19,20,bottom,host,347.74,131.08,57,16,0,
19,20,bottom,other,374.2,351.84,236,19,0,
19,21,bottom,host,347.74,131.08,57,16,0,
19,21,bottom,other,374.2,351.84,236,19,0,
19,22,bottom,host,347.74,131.08,57,16,0,
19,22,bottom,other,374.2,351.84,236,19,0,
20,1,top,host,188.192,234.264,55,16,0,
20,1,top,other,531.808,234.264,305,19,0,
20,2,top,host,196.384,228.528,55,16,0,
20,2,top,other,523.616,228.528,305,19,0,
20,3,top,host,204.576,222.792,55,16,0,
20,3,top,other,515.424,222.792,305,19,0,
20,4,top,host,212.768,217.056,55,16,0,
20,4,top,other,507.232,217.056,305,19,0,
20,5,top,host,220.96,211.32,55,16,0,
20,5,top,other,499.04,211.32,305,19,0,
20,6,top,host,229.152,205.584,55,16,0,
20,6,top,other,490.848,205.584,305,19,0,
20,7,top,host,237.344,199.848,55,16,0,
20,7,top,other,482.656,199.848,305,19,0,
20,8,top,host,245.536,194.112,55,16,0,
20,8,top,other,474.464,194.112,305,19,0,
20,9,top,host,253.728,188.376,55,16,0,
20,9,top,other,466.272,188.376,305,19,0,
20,10,top,host,261.92,182.64,55,16,0,
20,10,top,other,458.08,182.64,305,19,0,
20,11,top,host,270.112,176.904,55,16,0,
20,11,top,other,449.888,176.904,305,19,0,
20,12,top,host,278.304,171.168,55,16,0,
20,12,top,other,441.696,171.168,305,19,0,
20,13,top,host,286.496,165.432,55,16,0,
20,13,top,other,433.504,165.432,305,19,0,
20,14,top,host,294.688,159.696,55,16,0,
20,14,top,other,425.312,159.696,305,19,0,
20,15,top,host,302.88,153.96,55,16,0,
20,15,top,other,417.12,153.96,305,19,0,
20,16,top,host,311.072,148.224,55,16,0,
20,16,top,other,408.928,148.224,305,19,0,
20,17,top,host,319.264,142.488,55,16,0,
20,17,top,other,400.736,142.488,305,19,0,
20,18,top,host,327.456,136.752,55,16,0,
20,18,top,other,392.544,136.752,305,19,0,
20,19,top,host,335.648,131.016,55,16,0,
20,19,top,other,384.352,131.016,305,19,0,
20,20,top,host,343.84,125.28,55,16,0,
20,20,top,other,376.16,125.28,305,19,0,
20,21,top,host,343.84,125.28,55,16,0,
20,21,top,other,376.16,125.28,305,19,0,
20,22,top,host,343.84,125.28,55,16,0,
20,22,top,other,376.16,125.28,305,19,0,
21,1,bottom,host,188.09,245.878,126,16,0,
21,1,bottom,other,531.71,245.592,236,19,0,
21,2,bottom,host,196.18,251.756,126,16,0,
21,2,bottom,other,523.42,251.184,236,19,0,
21,3,bottom,host,204.27,257.634,126,16,0,
21,3,bottom,other,515.13,256.776,236,19,0,
21,4,bottom,host,212.36,263.512,126,16,0,
21,4,bottom,other,506.84,262.368,236,19,0,
21,5,bottom,host,220.45,269.39,126,16,0,
21,5,bottom,other,498.55,267.96,236,19,0,
21,6,bottom,host,228.54,275.268,126,16,0,
21,6,bottom,other,490.26,273.552,236,19,0,
21,7,bottom,host,236.63,281.146,126,16,0,
21,7,bottom,other,481.97,279.144,236,19,0,
21,8,bottom,host,244.72,287.024,126,16,0,
21,8,bottom,other,473.68,284.736,236,19,0,
21,9,bottom,host,252.81,292.902,126,16,0,
21,9,bottom,other,465.39,290.328,236,19,0,
21,10,bottom,host,260.9,298.78,126,16,0,
21,10,bottom,other,457.1,295.92,236,19,0,
21,11,bottom,host,268.99,304.658,126,16,0,
21,11,bottom,other,448.81,301.512,236,19,0,
21,12,bottom,host,277.08,310.536,126,16,0,
21,12,bottom,other,440.52,307.104,236,19,0,
21,13,bottom,host,285.17,316.414,126,16,0,
21,13,bottom,other,432.23,312.696,236,19,0,
21,14,bottom,host,293.26,322.292,126,16,0,
21,14,bottom,other,423.94,318.288,236,19,0,
21,15,bottom,host,301.35,328.17,126,16,0,
21,15,bottom,other,415.65,323.88,236,19,0,
21,16,bottom,host,309.44,334.048,126,16,0,
21,16,bottom,other,407.36,329.472,236,19,0,
21,17,bottom,host,317.53,339.926,126,16,0,
21,17,bottom,other,399.07,335.064,236,19,0,
21,18,bottom,host,325.62,345.804,126,16,0,
21,18,bottom,other,390.78,340.656,236,19,0,
21,19,bottom,host,333.71,351.682,126,16,0,
21,19,bottom,other,382.49,346.248,236,19,0,
21,20,bottom,host,341.8,357.56,126,16,0,
21,20,bottom,other,382.839,336.254,2,19,0,
21,21,bottom,host,349.89,363.438,126,16,0,
21,21,bottom,other,383.188,326.26,2,19,0,
21,22,bottom,host,349.89,363.438,126,16,0,
21,22,bottom,other,383.188,326.26,2,19,0,
21,23,bottom,host,349.89,363.438,126,16,0,
21,23,bottom,other,383.188,326.26,2,19,0,
22,1,bottom,host,188.29,245.592,124,16,0,
22,1,bottom,other,531.71,245.592,236,19,0,
22,2,bottom,host,196.58,251.184,124,16,0,
22,2,bottom,other,523.42,251.184,236,19,0,
22,3,bottom,host,204.87,256.776,124,16,0,
22,3,bottom,other,515.13,256.776,236,19,0,
22,4,bottom,host,213.16,262.368,124,16,0,
22,4,bottom,other,506.84,262.368,236,19,0,
22,5,bottom,host,221.45,267.96,124,16,0,
22,5,bottom,other,498.55,267.96,236,19,0,
22,6,bottom,host,229.74,273.552,124,16,0,
22,6,bottom,other,490.26,273.552,236,19,0,
22,7,bottom,host,238.03,279.144,124,16,0,
22,7,bottom,other,481.97,279.144,236,19,0,
22,8,bottom,host,246.32,284.736,124,16,0,
22,8,bottom,other,473.68,284.736,236,19,0,
22,9,bottom,host,254.61,290.328,124,16,0,
22,9,bottom,other,465.39,290.328,236,19,0,
22,10,bottom,host,262.9,295.92,124,16,0,
22,10,bottom,other,457.1,295.92,236,19,0,
22,11,bottom,host,271.19,301.512,124,16,0,
22,11,bottom,other,448.81,301.512,236,19,0,
22,12,bottom,host,279.48,307.104,124,16,0,
22,12,bottom,other,440.52,307.104,236,19,0,
22,13,bottom,host,287.77,312.696,124,16,0,
22,13,bottom,other,432.23,312.696,236,19,0,
22,14,bottom,host,296.06,318.288,124,16,0,
22,14,bottom,other,423.94,318.288,236,19,0,
22,15,bottom,host,304.35,323.88,124,16,0,
22,15,bottom,other,415.65,323.88,236,19,0,
22,16,bottom,host,312.64,329.472,124,16,0,
22,16,bottom,other,407.36,329.472,236,19,0,
22,17,bottom,host,320.93,335.064,124,16,0,
22,17,bottom,other,399.07,335.064,236,19,0,
22,18,bottom,host,329.22,340.656,124,16,0,
22,18,bottom,other,390.78,340.656,236,19,0,
22,19,bottom,host,337.51,346.248,124,16,0,
22,19,bottom,other,392.688,330.84,11,19,0,
22,20,bottom,host,345.8,351.84,124,16,0,
22,20,bottom,other,394.596,321.024,11,19,0,
22,21,bottom,host,345.8,351.84,124,16,0,
22,21,bottom,other,394.596,321.024,11,19,0,
22,22,bottom,host,345.8,351.84,124,16,0,
22,22,bottom,other,394.596,321.024,11,19,0,
23,1,top,host,188.192,234.264,55,16,0,
23,1,top,other,531.808,234.264,305,19,0,
23,2,top,host,196.384,228.528,55,16,0,
23,2,top,other,523.616,228.528,305,19,0,
23,3,top,host,204.576,222.792,55,16,0,
23,3,top,other,515.424,222.792,305,19,0,
23,4,top,host,212.768,217.056,55,16,0,
23,4,top,other,507.232,217.056,305,19,0,
23,5,top,host,220.96,211.32,55,16,0,
23,5,top,other,499.04,211.32,305,19,0,
23,6,top,host,229.152,205.584,55,16,0,
23,6,top,other,490.848,205.584,305,19,0,
23,7,top,host,237.344,199.848,55,16,0,
23,7,top,other,482.656,199.848,305,19,0,
23,8,top,host,245.536,194.112,55,16,0,
23,8,top,other,474.464,194.112,305,19,0,
23,9,top,host,253.728,188.376,55,16,0,
23,9,top,other,466.272,188.376,305,19,0,
23,10,top,host,261.92,182.64,55,16,0,
23,10,top,other,458.08,182.64,305,19,0,
23,11,top,host,270.112,176.904,55,16,0,
23,11,top,other,449.888,176.904,305,19,0,
23,12,top,host,278.304,171.168,55,16,0,
23,12,top,other,441.696,171.168,305,19,0,
23,13,top,host,286.496,165.432,55,16,0,
23,13,top,other,433.504,165.432,305,19,0,
23,14,top,host,294.688,159.696,55,16,0,
23,14,top,other,425.312,159.696,305,19,0,
23,15,top,host,302.88,153.96,55,16,0,
23,15,top,other,417.12,153.96,305,19,0,
23,16,top,host,311.072,148.224,55,16,0,
23,16,top,other,408.928,148.224,305,19,0,
23,17,top,host,319.264,142.488,55,16,0,
23,17,top,other,400.736,142.488,305,19,0,
23,18,top,host,327.456,136.752,55,16,0,
23,18,top,other,392.544,136.752,305,19,0,
23,19,top,host,335.648,131.016,55,16,0,
23,19,top,other,384.352,131.016,305,19,0,
23,20,top,host,343.84,125.28,55,16,0,
23,20,top,other,376.16,125.28,305,19,0,
23,21,top,host,343.84,125.28,55,16,0,
23,21,top,other,376.16,125.28,305,19,0,
23,22,top,host,343.84,125.28,55,16,0,
23,22,top,other,376.16,125.28,305,19,0,
24,1,bottom,host,189.063,235.774,65,16,0,
24,1,bottom,other,531.808,245.736,235,19,0,
24,2,bottom,host,198.126,231.548,65,16,0,
24,2,bottom,other,523.616,251.472,235,19,0,
24,3,bottom,host,207.189,227.322,65,16,0,
24,3,bottom,other,515.424,257.208,235,19,0,
24,4,bottom,host,214.849,233.75,130,16,0,
24,4,bottom,other,507.232,262.944,235,19,0,
24,5,bottom,host,222.509,240.178,130,16,0,
24,5,bottom,other,499.04,268.68,235,19,0,
24,6,bottom,host,230.169,246.606,130,16,0,
24,6,bottom,other,490.848,274.416,235,19,0,
24,7,bottom,host,237.829,253.034,130,16,0,
24,7,bottom,other,482.656,280.152,235,19,0,
24,8,bottom,host,245.489,259.462,130,16,0,
24,8,bottom,other,474.464,285.888,235,19,0,
24,9,bottom,host,253.149,265.89,130,16,0,
24,9,bottom,other,466.272,291.624,235,19,0,
24,10,bottom,host,260.809,272.318,130,16,0,
24,10,bottom,other,458.08,297.36,235,19,0,
24,11,bottom,host,268.469,278.746,130,16,0,
24,11,bottom,other,449.888,303.096,235,19,0,
24,12,bottom,host,276.129,285.174,130,16,0,
24,12,bottom,other,441.696,308.832,235,19,0,
24,13,bottom,host,283.789,291.602,130,16,0,
24,13,bottom,other,433.504,314.568,235,19,0,
24,14,bottom,host,291.449,298.03,130,16,0,
24,14,bottom,other,425.312,320.304,235,19,0,
24,15,bottom,host,299.109,304.458,130,16,0,
24,15,bottom,other,417.12,326.04,235,19,0,
24,16,bottom,host,306.769,310.886,130,16,0,
24,16,bottom,other,414.364,316.427,344,19,0,
24,17,bottom,host,314.429,317.314,130,16,0,
24,17,bottom,other,411.608,306.814,344,19,0,
24,18,bottom,host,322.089,323.742,130,16,0,
24,18,bottom,other,408.852,297.201,344,19,0,
24,19,bottom,host,329.749,330.17,130,16,0,
24,19,bottom,other,406.096,287.588,344,19,0,
24,20,bottom,host,337.409,336.598,130,16,0,
24,20,bottom,other,403.34,277.975,344,19,0,
24,21,bottom,host,345.069,343.026,130,16,0,
24,21,bottom,other,400.584,268.362,344,19,0,
24,22,bottom,host,352.729,349.454,130,20,0,
24,22,bottom,other,397.828,258.749,344,20,0,
24,23,bottom,host,352.729,349.454,130,20,0,
24,23,bottom,other,397.828,258.749,344,20,0,
24,24,bottom,host,352.729,349.454,130,20,0,
24,24,bottom,other,397.828,258.749,344,20,0,
25,1,top,host,189.397,243.42,110,20,0,
25,1,top,other,531.71,234.408,304,20,0,
25,2,top,host,198.794,246.84,110,20,0,
25,2,top,other,523.42,228.816,304,20,0,
25,3,top,host,208.191,250.26,110,20,0,
25,3,top,other,515.13,223.224,304,20,0,
25,4,top,host,215.738,243.699,49,20,0,
25,4,top,other,506.84,217.632,304,20,0,
25,5,top,host,223.285,237.138,49,20,0,
25,5,top,other,498.55,212.04,304,20,0,
25,6,top,host,230.832,230.577,49,20,0,
25,6,top,other,490.26,206.448,304,20,0,
25,7,top,host,238.379,224.016,49,20,0,
25,7,top,other,481.97,200.856,304,20,0,
25,8,top,host,245.926,217.455,49,20,0,
25,8,top,other,473.68,195.264,304,20,0,
25,9,top,host,253.473,210.894,49,20,0,
25,9,top,other,465.39,189.672,304,20,0,
25,10,top,host,261.02,204.333,49,20,0,
25,10,top,other,459.944,198.059,213,20,0,
25,11,top,host,268.567,197.772,49,20,0,
25,11,top,other,454.498,206.446,213,20,0,
25,12,top,host,276.114,191.211,49,20,0,
25,12,top,other,449.052,214.833,213,20,0,
25,13,top,host,283.661,184.65,49,20,0,
25,13,top,other,443.606,223.22,213,20,0,
25,14,top,host,291.208,178.089,49,20,0,
25,14,top,other,438.16,231.607,213,20,0,
25,15,top,host,298.755,171.528,49,20,0,
25,15,top,other,432.714,239.994,213,20,0,
25,16,top,host,306.302,164.967,49,20,0,
25,16,top,other,427.268,248.381,213,20,0,
25,17,top,host,313.849,158.406,49,20,0,
25,17,top,other,421.822,256.768,213,20,0,
25,18,top,host,321.396,151.845,49,20,0,
25,18,top,other,416.376,265.155,213,20,0,
25,19,top,host,328.943,145.284,49,20,0,
25,19,top,other,410.93,273.542,213,20,0,
25,20,top,host,336.49,138.723,49,20,0,
25,20,top,other,405.484,281.929,213,20,0,
25,21,top,host,344.037,132.162,49,20,0,
25,21,top,other,400.038,290.316,213,20,0,
25,22,top,host,351.584,125.601,49,24,0,
25,22,top,other,394.592,298.703,213,21,0,
25,23,top,host,351.584,125.601,49,24,0,
25,23,top,other,394.592,298.703,213,21,0,
25,24,top,host,351.584,125.601,49,24,0,
25,24,top,other,394.592,298.703,213,21,0,
26,1,top,host,189.986,239.477,87,24,0,
26,1,top,other,531.808,234.264,305,21,0,
26,2,top,host,199.972,238.954,87,24,0,
26,2,top,other,523.616,228.528,305,21,0,
26,3,top,host,209.958,238.431,87,24,0,
26,3,top,other,515.424,222.792,305,21,0,
26,4,top,host,219.944,237.908,87,24,0,
26,4,top,other,507.232,217.056,305,21,0,
26,5,top,host,229.93,237.385,87,24,0,
26,5,top,other,499.04,211.32,305,21,0,
26,6,top,host,239.916,236.862,87,24,0,
26,6,top,other,490.848,205.584,305,21,0,
26,7,top,host,249.902,236.339,87,24,0,
26,7,top,other,482.656,199.848,305,21,0,
26,8,top,host,257.216,229.519,47,24,0,
26,8,top,other,474.464,194.112,305,21,0,
26,9,top,host,264.53,222.699,47,24,0,
26,9,top,other,466.272,188.376,305,21,0,
26,10,top,host,271.844,215.879,47,24,0,
26,10,top,other,458.08,182.64,305,21,0,
26,11,top,host,279.158,209.059,47,24,0,
26,11,top,other,449.888,176.904,305,21,0,
26,12,top,host,286.472,202.239,47,24,0,
26,12,top,other,441.696,171.168,305,21,0,
26,13,top,host,293.786,195.419,47,24,0,
26,13,top,other,433.504,165.432,305,21,0,
26,14,top,host,301.1,188.599,47,24,0,
26,14,top,other,425.312,159.696,305,21,0,
26,15,top,host,308.414,181.779,47,24,0,
26,15,top,other,417.12,153.96,305,21,0,
26,16,top,host,315.728,174.959,47,24,0,
26,16,top,other,413.053,163.095,204,21,0,
26,17,top,host,323.042,168.139,47,24,0,
26,17,top,other,408.986,172.23,204,21,0,
26,18,top,host,330.356,161.319,47,24,0,
26,18,top,other,404.919,181.365,204,21,0,
26,19,top,host,337.67,154.499,47,24,0,
26,19,top,other,402.5,191.068,194,21,0,
26,20,top,host,344.984,147.679,47,24,0,
26,20,top,other,400.081,200.771,194,21,0,
26,21,top,host,352.298,140.859,47,24,0,
26,21,top,other,397.662,210.474,194,21,0,
26,22,top,host,359.612,134.039,47,28,0,
26,22,top,other,395.243,220.177,194,22,0,
26,23,top,host,359.612,134.039,47,28,0,
26,23,top,other,395.243,220.177,194,22,0,
26,24,top,host,359.612,134.039,47,28,0,
26,24,top,other,387.696,213.616,311,22,0,
27,1,top,host,189.659,237.412,75,28,0,
27,1,top,other,531.71,234.408,304,22,0,
27,2,top,host,199.318,234.824,75,28,0,
27,2,top,other,523.42,228.816,304,22,0,
27,3,top,host,208.977,232.236,75,28,0,
27,3,top,other,515.13,223.224,304,22,0,
27,4,top,host,218.636,229.648,75,28,0,
27,4,top,other,506.84,217.632,304,22,0,
27,5,top,host,228.295,227.06,75,28,0,
27,5,top,other,498.55,212.04,304,22,0,
27,6,top,host,237.954,224.472,75,28,0,
27,6,top,other,490.26,206.448,304,22,0,
27,7,top,host,247.613,221.884,75,28,0,
27,7,top,other,481.97,200.856,304,22,0,
27,8,top,host,257.272,219.296,75,28,0,
27,8,top,other,473.68,195.264,304,22,0,
27,9,top,host,266.931,216.708,75,28,0,
27,9,top,other,465.39,189.672,304,22,0,
27,10,top,host,275.123,210.972,55,28,0,
27,10,top,other,457.1,184.08,304,22,0,
27,11,top,host,283.315,205.236,55,28,0,
27,11,top,other,448.81,178.488,304,22,0,
27,12,top,host,291.507,199.5,55,28,0,
27,12,top,other,440.52,172.896,304,22,0,
27,13,top,host,299.699,193.764,55,28,0,
27,13,top,other,432.23,167.304,304,22,0,
27,14,top,host,307.891,188.028,55,28,0,
27,14,top,other,423.94,161.712,304,22,0,
27,15,top,host,316.083,182.292,55,28,0,
27,15,top,other,415.65,156.12,304,22,0,
27,16,top,host,324.275,176.556,55,28,0,
27,16,top,other,407.36,150.528,304,22,0,
27,17,top,host,332.467,170.82,55,28,0,
27,17,top,other,399.07,144.936,304,22,0,
27,18,top,host,340.659,165.084,55,28,0,
27,18,top,other,390.78,139.344,304,22,0,
27,19,top,host,348.851,159.348,55,28,0,
27,19,top,other,382.49,133.752,304,22,0,
27,20,top,host,357.043,153.612,55,28,0,
27,20,top,other,374.2,128.16,304,22,0,
27,21,top,host,357.043,153.612,55,28,0,
27,21,top,other,374.2,128.16,304,22,0,
27,22,top,host,357.043,153.612,55,28,0,
27,22,top,other,374.2,128.16,304,22,0,
28,1,bottom,host,188.192,234.264,55,28,0,
28,1,bottom,other,531.71,245.592,236,22,0,
28,2,bottom,host,196.384,228.528,55,28,0,
28,2,bottom,other,523.42,251.184,236,22,0,
28,3,bottom,host,204.576,222.792,55,28,0,
28,3,bottom,other,515.13,256.776,236,22,0,
28,4,bottom,host,212.768,217.056,55,28,0,
28,4,bottom,other,506.84,262.368,236,22,0,
28,5,bottom,host,220.96,211.32,55,28,0,
28,5,bottom,other,498.36,267.667,238,22,0,
28,6,bottom,host,228.507,217.881,131,28,0,
28,6,bottom,other,489.88,272.966,238,22,0,
28,7,bottom,host,236.054,224.442,131,28,0,
28,7,bottom,other,481.688,278.702,235,22,0,
28,8,bottom,host,243.601,231.003,131,28,0,
28,8,bottom,other,473.496,284.438,235,22,0,
28,9,bottom,host,251.148,237.564,131,28,0,
28,9,bottom,other,465.406,290.316,234,22,0,
28,10,bottom,host,258.695,244.125,131,28,0,
28,10,bottom,other,457.316,296.194,234,22,0,
28,11,bottom,host,266.242,250.686,131,28,0,
28,11,bottom,other,449.124,301.93,235,22,0,
28,12,bottom,host,273.789,257.247,131,28,0,
28,12,bottom,other,441.034,307.808,234,22,0,
28,13,bottom,host,281.336,263.808,131,28,0,
28,13,bottom,other,432.944,313.686,234,22,0,
28,14,bottom,host,288.883,270.369,131,28,0,
28,14,bottom,other,424.752,319.422,235,22,0,
28,15,bottom,host,296.43,276.93,131,28,0,
28,15,bottom,other,416.56,325.158,235,22,0,
28,16,bottom,host,303.977,283.491,131,28,0,
28,16,bottom,other,413.804,315.545,344,22,0,
28,17,bottom,host,311.524,290.052,131,28,0,
28,17,bottom,other,411.048,305.932,344,22,0,
28,18,bottom,host,319.071,296.613,131,28,0,
28,18,bottom,other,408.292,296.319,344,22,0,
28,19,bottom,host,325.762,289.182,42,28,0,
28,19,bottom,other,405.873,286.616,346,22,0,
28,20,bottom,host,332.453,281.751,42,28,0,
28,20,bottom,other,403.454,276.913,346,22,0,
28,21,bottom,host,339.144,274.32,42,28,0,
28,21,bottom,other,398.606,285.659,209,22,0,
28,22,bottom,host,341.223,284.101,168,28,0,
28,22,bottom,other,393.758,294.405,209,22,0,
28,23,bottom,host,343.302,293.882,168,28,0,
28,23,bottom,other,388.91,303.151,209,22,0,
28,24,bottom,host,345.381,303.663,168,28,0,
28,24,bottom,other,384.062,311.897,209,22,0,
28,25,bottom,host,347.46,313.444,168,28,0,
28,25,bottom,other,379.214,320.643,209,22,0,
28,26,bottom,host,349.539,323.225,168,28,0,
28,26,bottom,other,374.366,329.389,209,22,0,
28,27,bottom,host,351.618,333.006,168,28,0,
28,27,bottom,other,369.518,338.135,209,22,0,
28,28,bottom,host,353.697,342.787,168,28,0,
28,28,bottom,other,364.67,346.881,209,22,0,
28,29,bottom,host,353.697,342.787,168,28,0,
28,29,bottom,other,364.67,346.881,209,22,0,
28,30,bottom,host,353.697,342.787,168,28,0,
28,30,bottom,other,364.67,346.881,209,22,0,
29,1,bottom,host,188.387,245.446,123,28,0,
29,1,bottom,other,531.71,245.592,236,22,0,
29,2,bottom,host,196.774,250.892,123,28,0,
29,2,bottom,other,523.42,251.184,236,22,0,
29,3,bottom,host,205.161,256.338,123,28,0,
29,3,bottom,other,515.13,256.776,236,22,0,
29,4,bottom,host,213.548,261.784,123,28,0,
29,4,bottom,other,506.84,262.368,236,22,0,
29,5,bottom,host,221.935,267.23,123,28,0,
29,5,bottom,other,498.55,267.96,236,22,0,
29,6,bottom,host,230.322,272.676,123,28,0,
29,6,bottom,other,490.26,273.552,236,22,0,
29,7,bottom,host,238.709,278.122,123,28,0,
29,7,bottom,other,481.97,279.144,236,22,0,
29,8,bottom,host,247.096,283.568,123,28,0,
29,8,bottom,other,473.68,284.736,236,22,0,
29,9,bottom,host,255.483,289.014,123,28,0,
29,9,bottom,other,465.39,290.328,236,22,0,
29,10,bottom,host,263.87,294.46,123,28,0,
29,10,bottom,other,457.1,295.92,236,22,0,
29,11,bottom,host,272.257,299.906,123,28,0,
29,11,bottom,other,448.81,301.512,236,22,0,
29,12,bottom,host,280.644,305.352,123,28,0,
29,12,bottom,other,440.52,307.104,236,22,0,
29,13,bottom,host,289.031,310.798,123,28,0,
29,13,bottom,other,432.23,312.696,236,22,0,
29,14,bottom,host,297.418,316.244,123,28,0,
29,14,bottom,other,423.94,318.288,236,22,0,
29,15,bottom,host,305.805,321.69,123,28,0,
29,15,bottom,other,415.65,323.88,236,22,0,
29,16,bottom,host,314.192,327.136,123,28,0,
29,16,bottom,other,407.36,329.472,236,22,0,
29,17,bottom,host,322.579,332.582,123,28,0,
29,17,bottom,other,399.07,335.064,236,22,0,
29,18,bottom,host,330.966,338.028,123,28,0,
29,18,bottom,other,390.78,340.656,236,22,0,
29,19,bottom,host,339.353,343.474,123,28,0,
29,19,bottom,other,382.49,346.248,236,22,0,
29,20,bottom,host,347.74,348.92,123,28,0,
29,20,bottom,other,374.2,351.84,236,22,0,
29,21,bottom,host,347.74,348.92,123,28,0,
29,21,bottom,other,374.2,351.84,236,22,0,
29,22,bottom,host,347.74,348.92,123,28,0,
29,22,bottom,other,374.2,351.84,236,22,0,
30,1,bottom,host,188.29,234.408,56,28,0,
30,1,bottom,other,531.71,245.592,236,22,0,
30,2,bottom,host,196.58,228.816,56,28,0,
30,2,bottom,other,523.42,251.184,236,22,0,
30,3,bottom,host,204.87,223.224,56,28,0,
30,3,bottom,other,515.13,256.776,236,22,0,
30,4,bottom,host,213.16,217.632,56,28,0,
30,4,bottom,other,506.84,262.368,236,22,0,
30,5,bottom,host,221.45,212.04,56,28,0,
30,5,bottom,other,498.55,267.96,236,22,0,
30,6,bottom,host,229.74,206.448,56,28,0,
30,6,bottom,other,490.26,273.552,236,22,0,
30,7,bottom,host,238.03,200.856,56,28,0,
30,7,bottom,other,481.97,279.144,236,22,0,
30,8,bottom,host,246.32,195.264,56,28,0,
30,8,bottom,other,473.68,284.736,236,22,0,
30,9,bottom,host,254.61,189.672,56,28,0,
30,9,bottom,other,465.39,290.328,236,22,0,
30,10,bottom,host,262.9,184.08,56,28,0,
30,10,bottom,other,457.1,295.92,236,22,0,
30,11,bottom,host,271.19,178.488,56,28,0,
30,11,bottom,other,448.81,301.512,236,22,0,
30,12,bottom,host,279.48,172.896,56,28,0,
30,12,bottom,other,440.52,307.104,236,22,0,
30,13,bottom,host,287.77,167.304,56,28,0,
30,13,bottom,other,432.23,312.696,236,22,0,
30,14,bottom,host,296.06,161.712,56,28,0,
30,14,bottom,other,423.94,318.288,236,22,0,
30,15,bottom,host,304.35,156.12,56,28,0,
30,15,bottom,other,415.65,323.88,236,22,0,
30,16,bottom,host,312.64,150.528,56,28,0,
30,16,bottom,other,407.36,329.472,236,22,0,
30,17,bottom,host,320.93,144.936,56,28,0,
30,17,bottom,other,399.07,335.064,236,22,0,
30,18,bottom,host,329.22,139.344,56,28,0,
30,18,bottom,other,390.78,340.656,236,22,0,
30,19,bottom,host,337.51,133.752,56,28,0,
30,19,bottom,other,382.49,346.248,236,22,0,
30,20,bottom,host,345.8,128.16,56,29,0,
30,20,bottom,other,374.2,351.84,236,26,0,
30,21,bottom,host,345.8,128.16,56,29,0,
30,21,bottom,other,366.008,357.576,235,26,0,
30,22,bottom,host,354.71,123.62,63,29,0,
30,22,bottom,other,366.008,357.576,236,26,0,
31,1,bottom,host,188.387,234.554,57,29,0,
31,1,bottom,other,531.71,245.592,236,26,0,
31,2,bottom,host,196.774,229.108,57,29,0,
31,2,bottom,other,523.42,251.184,236,26,0,
31,3,bottom,host,205.161,223.662,57,29,0,
31,3,bottom,other,515.13,256.776,236,26,0,
31,4,bottom,host,213.548,218.216,57,29,0,
31,4,bottom,other,506.84,262.368,236,26,0,
31,5,bottom,host,221.935,212.77,57,29,0,
31,5,bottom,other,498.55,267.96,236,26,0,
31,6,bottom,host,230.322,207.324,57,29,0,
31,6,bottom,other,490.163,273.406,237,26,0,
31,7,bottom,host,238.709,201.878,57,29,0,
31,7,bottom,other,481.776,278.852,237,26,0,
31,8,bottom,host,247.096,196.432,57,29,0,
31,8,bottom,other,473.486,284.444,236,26,0,
31,9,bottom,host,255.483,190.986,57,29,0,
31,9,bottom,other,465.196,290.036,236,26,0,
31,10,bottom,host,263.87,185.54,57,29,0,
31,10,bottom,other,457.106,295.914,234,26,0,
31,11,bottom,host,272.257,180.094,57,29,0,
31,11,bottom,other,448.816,301.506,236,26,0,
31,12,bottom,host,280.644,174.648,57,29,0,
31,12,bottom,other,440.526,307.098,236,26,0,
31,13,bottom,host,289.031,169.202,57,29,0,
31,13,bottom,other,432.236,312.69,236,26,0,
31,14,bottom,host,297.418,163.756,57,29,0,
31,14,bottom,other,423.946,318.282,236,26,0,
31,15,bottom,host,305.805,158.31,57,29,0,
31,15,bottom,other,415.656,323.874,236,26,0,
31,16,bottom,host,314.192,152.864,57,29,0,
31,16,bottom,other,407.269,329.32,237,26,0,
31,17,bottom,host,322.579,147.418,57,29,0,
31,17,bottom,other,398.882,334.766,237,26,0,
31,18,bottom,host,330.966,141.972,57,29,0,
31,18,bottom,other,390.495,340.212,237,26,0,
31,19,bottom,host,339.353,136.526,57,29,0,
31,19,bottom,other,382.108,345.658,237,26,0,
31,20,bottom,host,347.74,131.08,57,30,0,
31,20,bottom,other,373.721,351.104,237,30,0,
31,21,bottom,host,347.74,131.08,57,30,0,
31,21,bottom,other,364.975,355.952,241,30,0,
31,22,bottom,host,347.74,131.08,57,30,0,
31,22,bottom,other,356.229,360.8,241,30,0,
32,1,top,host,190,240,90,30,0,
32,1,top,other,531.71,234.408,304,30,0,
32,2,top,host,198.192,234.264,55,30,0,
32,2,top,other,523.42,228.816,304,30,0,
32,3,top,host,206.384,228.528,55,30,0,
32,3,top,other,515.54,222.659,308,30,0,
32,4,top,host,214.576,222.792,55,30,0,
32,4,top,other,507.66,216.502,308,30,0,
32,5,top,host,222.768,217.056,55,30,0,
32,5,top,other,499.78,210.345,308,30,0,
32,6,top,host,230.96,211.32,55,30,0,
32,6,top,other,491.9,204.188,308,30,0,
32,7,top,host,239.152,205.584,55,30,0,
32,7,top,other,484.02,198.031,308,30,0,
32,8,top,host,249.097,204.539,84,30,0,
32,8,top,other,476.14,191.874,308,30,0,
32,9,top,host,259.042,203.494,84,30,0,
32,9,top,other,468.26,185.717,308,30,0,
32,10,top,host,268.987,202.449,84,30,0,
32,10,top,other,460.38,179.56,308,30,0,
32,11,top,host,278.932,201.404,84,30,0,
32,11,top,other,452.5,173.403,308,30,0,
32,12,top,host,288.877,200.359,84,30,0,
32,12,top,other,444.62,167.246,308,30,0,
32,13,top,host,292.944,209.494,156,30,0,
32,13,top,other,436.74,161.089,308,30,0,
32,14,top,host,297.011,218.629,156,30,0,
32,14,top,other,428.86,154.932,308,30,0,
32,15,top,host,301.078,227.764,156,30,0,
32,15,top,other,420.98,148.775,308,30,0,
32,16,top,host,306.228,219.192,31,30,0,
32,16,top,other,413.1,142.618,308,30,0,
32,17,top,host,311.378,210.62,31,30,0,
32,17,top,other,405.22,136.461,308,30,0,
32,18,top,host,315.285,219.825,157,30,0,
32,18,top,other,397.34,130.304,308,30,0,
32,19,top,host,319.192,229.03,157,30,0,
32,19,top,other,389.46,124.147,308,30,0,
32,20,top,host,323.099,238.235,157,30,0,
32,20,top,other,381.58,117.99,308,30,0,
32,21,top,host,327.006,247.44,157,31,0,
32,21,top,other,373.7,111.833,308,34,0,
32,22,top,host,327.006,247.44,157,31,0,
32,22,top,other,373.7,111.833,308,34,0,
32,23,top,host,327.006,247.44,157,31,0,
32,23,top,other,373.7,111.833,308,34,0,
33,1,bottom,host,188.91,244.54,117,31,0,
33,1,bottom,other,531.52,245.299,238,34,0,
33,2,bottom,host,197.739,249.235,118,31,0,
33,2,bottom,other,523.04,250.598,238,34,0,
33,3,bottom,host,206.568,253.93,118,31,0,
33,3,bottom,other,514.56,255.897,238,34,0,
33,4,bottom,host,215.397,258.625,118,31,0,
33,4,bottom,other,506.08,261.196,238,34,0,
33,5,bottom,host,224.226,263.32,118,31,0,
33,5,bottom,other,497.6,266.495,238,34,0,
33,6,bottom,host,233.055,268.015,118,31,0,
33,6,bottom,other,489.12,271.794,238,34,0,
33,7,bottom,host,241.884,272.71,118,31,0,
33,7,bottom,other,480.64,277.093,238,34,0,
33,8,bottom,host,250.713,277.405,118,31,0,
33,8,bottom,other,472.16,282.392,238,34,0,
33,9,bottom,host,259.542,282.1,118,31,0,
33,9,bottom,other,463.68,287.691,238,34,0,
33,10,bottom,host,268.371,286.795,118,31,0,
33,10,bottom,other,455.39,293.283,236,34,0,
33,11,bottom,host,277.2,291.49,118,31,0,
33,11,bottom,other,447.1,298.875,236,34,0,
33,12,bottom,host,286.029,296.185,118,31,0,
33,12,bottom,other,438.81,304.467,236,34,0,
33,13,bottom,host,294.858,300.88,118,31,0,
33,13,bottom,other,430.52,310.059,236,34,0,
33,14,bottom,host,303.687,305.575,118,31,0,
33,14,bottom,other,422.23,315.651,236,34,0,
33,15,bottom,host,312.516,310.27,118,31,0,
33,15,bottom,other,413.94,321.243,236,34,0,
33,16,bottom,host,321.345,314.965,118,31,0,
33,16,bottom,other,405.65,326.835,236,34,0,
33,17,bottom,host,330.174,319.66,118,31,0,
33,17,bottom,other,397.36,332.427,236,34,0,
33,18,bottom,host,330.174,319.66,118,31,0,
33,18,bottom,other,389.07,338.019,236,34,0,
33,19,bottom,host,330.174,319.66,118,31,0,
33,19,bottom,other,380.78,343.611,236,34,0,
33,20,bottom,host,330.174,319.66,118,31,0,
33,20,bottom,other,372.49,349.203,236,34,0,
33,21,bottom,host,330.174,319.66,118,31,0,
33,21,bottom,other,372.49,349.203,236,34,0,
33,22,bottom,host,330.174,319.66,118,31,0,
33,22,bottom,other,372.49,349.203,236,34,0,
34,1,top,host,188.192,234.264,55,31,0,
34,1,top,other,531.808,234.264,305,34,0,
34,2,top,host,196.384,228.528,55,31,0,
34,2,top,other,523.616,228.528,305,34,0,
34,3,top,host,204.576,222.792,55,31,0,
34,3,top,other,515.424,222.792,305,34,0,
34,4,top,host,212.768,217.056,55,31,0,
34,4,top,other,507.232,217.056,305,34,0,
34,5,top,host,220.96,211.32,55,31,0,
34,5,top,other,498.845,211.61,303,34,0,
34,6,top,host,229.152,205.584,55,31,0,
34,6,top,other,490.458,206.164,303,34,0,
34,7,top,host,237.344,199.848,55,31,0,
34,7,top,other,482.071,200.718,303,34,0,
34,8,top,host,245.536,194.112,55,31,0,
34,8,top,other,473.684,195.272,303,34,0,
34,9,top,host,253.728,188.376,55,31,0,
34,9,top,other,465.297,189.826,303,34,0,
34,10,top,host,261.92,182.64,55,31,0,
34,10,top,other,456.91,184.38,303,34,0,
34,11,top,host,270.112,176.904,55,31,0,
34,11,top,other,448.523,178.934,303,34,0,
34,12,top,host,278.304,171.168,55,31,0,
34,12,top,other,440.136,173.488,303,34,0,
34,13,top,host,286.496,165.432,55,31,0,
34,13,top,other,431.749,168.042,303,34,0,
34,14,top,host,294.688,159.696,55,31,0,
34,14,top,other,423.362,162.596,303,34,0,
34,15,top,host,302.88,153.96,55,31,0,
34,15,top,other,414.975,157.15,303,34,0,
34,16,top,host,311.072,148.224,55,31,0,
34,16,top,other,421.268,164.921,141,34,0,
34,17,top,host,319.264,142.488,55,31,0,
34,17,top,other,427.561,172.692,141,34,0,
34,18,top,host,327.456,136.752,55,31,0,
34,18,top,other,433.854,180.463,141,34,0,
34,19,top,host,335.648,131.016,55,31,0,
34,19,top,other,440.147,188.234,141,34,0,
34,20,top,host,343.84,125.28,55,35,0,
34,20,top,other,446.44,196.005,141,35,0,
34,21,top,host,343.84,125.28,55,35,0,
34,21,top,other,446.44,196.005,141,35,0,
34,22,top,host,343.84,125.28,55,35,0,
34,22,top,other,446.44,196.005,141,35,0,
35,1,top,host,188.387,234.554,57,35,0,
35,1,top,other,532.12,233.843,308,35,0,
35,2,top,host,196.774,229.108,57,35,0,
35,2,top,other,524.24,227.686,308,35,0,
35,3,top,host,205.161,223.662,57,35,0,
35,3,top,other,516.36,221.529,308,35,0,
35,4,top,host,213.548,218.216,57,35,0,
35,4,top,other,508.589,215.236,309,35,0,
35,5,top,host,221.935,212.77,57,35,0,
35,5,top,other,500.709,209.079,308,35,0,
35,6,top,host,230.322,207.324,57,35,0,
35,6,top,other,492.829,202.922,308,35,0,
35,7,top,host,238.709,201.878,57,35,0,
35,7,top,other,484.739,197.044,306,35,0,
35,8,top,host,247.096,196.432,57,35,0,
35,8,top,other,476.649,191.166,306,35,0,
35,9,top,host,255.483,190.986,57,35,0,
35,9,top,other,468.559,185.288,306,35,0,
35,10,top,host,263.87,185.54,57,35,0,
35,10,top,other,460.469,179.41,306,35,0,
35,11,top,host,272.257,180.094,57,35,0,
35,11,top,other,452.379,173.532,306,35,0,
35,12,top,host,280.644,174.648,57,35,0,
35,12,top,other,444.289,167.654,306,35,0,
35,13,top,host,289.031,169.202,57,35,0,
35,13,top,other,436.199,161.776,306,35,0,
35,14,top,host,297.418,163.756,57,35,0,
35,14,top,other,428.109,155.898,306,35,0,
35,15,top,host,305.805,158.31,57,35,0,
35,15,top,other,420.019,150.02,306,35,0,
35,16,top,host,314.192,152.864,57,35,0,
35,16,top,other,411.929,144.142,306,35,0,
35,17,top,host,322.579,147.418,57,35,0,
35,17,top,other,403.839,138.264,306,35,0,
35,18,top,host,330.966,141.972,57,35,0,
35,18,top,other,395.749,132.386,306,35,0,
35,19,top,host,339.353,136.526,57,35,0,
35,19,top,other,387.659,126.508,306,35,0,
35,20,top,host,347.74,131.08,57,35,0,
35,20,top,other,379.569,120.63,306,35,0,
35,21,top,host,347.74,131.08,57,35,0,
35,21,top,other,379.569,120.63,306,35,0,
35,22,top,host,347.74,131.08,57,35,0,
35,22,top,other,379.569,120.63,306,35,0,
36,1,bottom,host,187.986,246.018,127,35,0,
36,1,bottom,other,530,240,270,35,0,
36,2,bottom,host,195.972,252.036,127,35,0,
36,2,bottom,other,521.91,245.878,234,35,0,
36,3,bottom,host,203.958,258.054,127,35,0,
36,3,bottom,other,513.82,251.756,234,35,0,
36,4,bottom,host,211.944,264.072,127,35,0,
36,4,bottom,other,505.73,257.634,234,35,0,
36,5,bottom,host,219.93,270.09,127,35,0,
36,5,bottom,other,497.64,263.512,234,35,0,
36,6,bottom,host,227.916,276.108,127,35,0,
36,6,bottom,other,489.55,269.39,234,35,0,
36,7,bottom,host,235.902,282.126,127,35,0,
36,7,bottom,other,481.46,275.268,234,35,0,
36,8,bottom,host,243.888,288.144,127,35,0,
36,8,bottom,other,473.37,281.146,234,35,0,
36,9,bottom,host,251.874,294.162,127,35,0,
36,9,bottom,other,465.28,287.024,234,35,0,
36,10,bottom,host,259.86,300.18,127,35,0,
36,10,bottom,other,455.318,286.152,275,35,0,
36,11,bottom,host,267.846,306.198,127,35,0,
36,11,bottom,other,445.356,285.28,275,35,0,
36,12,bottom,host,275.832,312.216,127,35,0,
36,12,bottom,other,435.394,284.408,275,35,0,
36,13,bottom,host,283.818,318.234,127,35,0,
36,13,bottom,other,425.432,283.536,275,35,0,
36,14,bottom,host,291.804,324.252,127,35,0,
36,14,bottom,other,415.47,282.664,275,35,0,
36,15,bottom,host,299.79,330.27,127,35,0,
36,15,bottom,other,405.508,281.792,275,35,0,
36,16,bottom,host,307.776,336.288,127,35,0,
36,16,bottom,other,395.546,280.92,275,35,0,
36,17,bottom,host,315.762,342.306,127,35,0,
36,17,bottom,other,385.584,280.048,275,35,0,
36,18,bottom,host,323.748,348.324,127,35,0,
36,18,bottom,other,375.622,279.176,275,35,0,
36,19,bottom,host,331.734,354.342,127,35,0,
36,19,bottom,other,365.66,278.304,275,35,0,
36,20,bottom,host,339.72,360.36,127,35,0,
36,20,bottom,other,355.698,277.432,275,35,0,
36,21,bottom,host,347.706,366.378,127,39,0,
36,21,bottom,other,345.736,276.56,275,36,0,
36,22,bottom,host,347.706,366.378,127,39,0,
36,22,bottom,other,345.736,276.56,275,36,0,
36,23,bottom,host,347.706,366.378,127,39,0,
36,23,bottom,other,345.736,276.56,275,36,0,
37,1,top,host,188.29,245.592,124,39,0,
37,1,top,other,531.71,234.408,304,36,0,
37,2,top,host,196.58,251.184,124,39,0,
37,2,top,other,523.42,228.816,304,36,0,
37,3,top,host,204.87,256.776,124,39,0,
37,3,top,other,515.13,223.224,304,36,0,
37,4,top,host,213.16,262.368,124,39,0,
37,4,top,other,506.84,217.632,304,36,0,
37,5,top,host,221.45,267.96,124,39,0,
37,5,top,other,498.55,212.04,304,36,0,
37,6,top,host,229.74,273.552,124,39,0,
37,6,top,other,490.26,206.448,304,36,0,
37,7,top,host,238.03,279.144,124,39,0,
37,7,top,other,481.97,200.856,304,36,0,
37,8,top,host,246.32,284.736,124,39,0,
37,8,top,other,473.68,195.264,304,36,0,
37,9,top,host,254.61,290.328,124,39,0,
37,9,top,other,465.39,189.672,304,36,0,
37,10,top,host,262.9,295.92,124,39,0,
37,10,top,other,457.1,184.08,304,36,0,
37,11,top,host,271.19,301.512,124,39,0,
37,11,top,other,448.81,178.488,304,36,0,
37,12,top,host,279.48,307.104,124,39,0,
37,12,top,other,440.52,172.896,304,36,0,
37,13,top,host,287.77,312.696,124,39,0,
37,13,top,other,432.23,167.304,304,36,0,
37,14,top,host,296.06,318.288,124,39,0,
37,14,top,other,423.94,161.712,304,36,0,
37,15,top,host,304.35,323.88,124,39,0,
37,15,top,other,415.65,156.12,304,36,0,
37,16,top,host,312.64,329.472,124,39,0,
37,16,top,other,407.36,150.528,304,36,0,
37,17,top,host,320.93,335.064,124,39,0,
37,17,top,other,399.07,144.936,304,36,0,
37,18,top,host,329.22,340.656,124,39,0,
37,18,top,other,390.78,139.344,304,36,0,
37,19,top,host,337.51,346.248,124,39,0,
37,19,top,other,382.49,133.752,304,36,0,
37,20,top,host,345.8,351.84,124,40,0,
37,20,top,other,374.2,128.16,304,40,0,
37,21,top,host,345.8,351.84,124,40,0,
37,21,top,other,374.2,128.16,304,40,0,
37,22,top,host,345.8,351.84,124,40,0,
37,22,top,other,374.2,128.16,304,40,0,
38,1,top,host,188.387,234.554,57,40,0,
38,1,top,other,531.613,234.554,303,40,0,
38,2,top,host,196.774,229.108,57,40,0,
38,2,top,other,523.226,229.108,303,40,0,
38,3,top,host,205.161,223.662,57,40,0,
38,3,top,other,514.839,223.662,303,40,0,
38,4,top,host,212.821,230.09,130,40,0,
38,4,top,other,506.452,218.216,303,40,0,
38,5,top,host,221.567,225.242,61,40,0,
38,5,top,other,498.065,212.77,303,40,0,
38,6,top,host,231.226,222.654,75,40,0,
38,6,top,other,489.678,207.324,303,40,0,
38,7,top,host,239.418,216.918,55,40,0,
38,7,top,other,481.291,201.878,303,40,0,
38,8,top,host,248.981,213.994,73,40,0,
38,8,top,other,472.904,196.432,303,40,0,
38,9,top,host,257.969,209.61,64,40,0,
38,9,top,other,464.517,190.986,303,40,0,
38,10,top,host,267.241,205.864,68,40,0,
38,10,top,other,456.13,185.54,303,40,0,
38,11,top,host,276.446,201.957,67,40,0,
38,11,top,other,447.743,180.094,303,40,0,
38,12,top,host,285.356,197.417,63,40,0,
38,12,top,other,439.356,174.648,303,40,0,
38,13,top,host,294.628,193.671,68,40,0,
38,13,top,other,430.969,169.202,303,40,0,
38,14,top,host,303.691,189.445,65,40,0,
38,14,top,other,422.582,163.756,303,40,0,
38,15,top,host,312.078,183.999,57,40,0,
38,15,top,other,414.195,158.31,303,40,0,
38,16,top,host,321.141,179.773,65,40,0,
38,16,top,other,405.808,152.864,303,40,0,
38,17,top,host,326.877,171.581,35,40,0,
38,17,top,other,397.421,147.418,303,40,0,
38,18,top,host,332.613,163.389,35,40,0,
38,18,top,other,389.034,141.972,303,40,0,
38,19,top,host,338.349,155.197,35,40,0,
38,19,top,other,380.647,136.526,303,40,0,
38,20,top,host,344.085,147.005,35,40,0,
38,20,top,other,372.26,131.08,303,40,0,
38,21,top,host,344.085,147.005,35,40,0,
38,21,top,other,372.26,131.08,303,40,0,
38,22,top,host,344.085,147.005,35,40,0,
38,22,top,other,372.26,131.08,303,40,0,
39,1,top,host,187.986,233.982,53,40,0,
39,1,top,other,532.014,233.982,307,40,0,
39,2,top,host,196.276,239.574,124,40,0,
39,2,top,other,524.028,227.964,307,40,0,
39,3,top,host,204.566,245.166,124,40,0,
39,3,top,other,516.042,221.946,307,40,0,
39,4,top,host,212.856,250.758,124,40,0,
39,4,top,other,508.056,215.928,307,40,0,
39,5,top,host,221.146,256.35,124,40,0,
39,5,top,other,500.07,209.91,307,40,0,
39,6,top,host,229.436,261.942,124,40,0,
39,6,top,other,492.084,203.892,307,40,0,
39,7,top,host,237.726,267.534,124,40,0,
39,7,top,other,484.098,197.874,307,40,0,
39,8,top,host,246.016,273.126,124,40,0,
39,8,top,other,476.112,191.856,307,40,0,
39,9,top,host,254.306,278.718,124,40,0,
39,9,top,other,468.126,185.838,307,40,0,
39,10,top,host,262.596,284.31,124,40,0,
39,10,top,other,460.14,179.82,307,40,0,
39,11,top,host,270.886,289.902,124,40,0,
39,11,top,other,452.154,173.802,307,40,0,
39,12,top,host,279.176,295.494,124,40,0,
39,12,top,other,444.168,167.784,307,40,0,
39,13,top,host,287.466,301.086,124,40,0,
39,13,top,other,436.182,161.766,307,40,0,
39,14,top,host,295.756,306.678,124,40,0,
39,14,top,other,428.196,155.748,307,40,0,
39,15,top,host,304.046,312.27,124,40,0,
39,15,top,other,420.21,149.73,307,40,0,
39,16,top,host,312.336,317.862,124,40,0,
39,16,top,other,412.224,143.712,307,40,0,
39,17,top,host,320.626,323.454,124,40,0,
39,17,top,other,404.238,137.694,307,40,0,
39,18,top,host,328.916,329.046,124,40,0,
39,18,top,other,396.252,131.676,307,40,0,
39,19,top,host,337.206,334.638,124,40,0,
39,19,top,other,388.266,125.658,307,40,0,
39,20,top,host,345.496,340.23,124,40,0,
39,20,top,other,380.28,119.64,307,40,0,
39,21,top,host,353.786,345.822,124,41,0,
39,21,top,other,371.008,115.894,292,44,0,
39,22,top,host,353.786,345.822,124,41,0,
39,22,top,other,371.008,115.894,292,44,0,
39,23,top,host,353.786,345.822,124,41,0,
39,23,top,other,371.008,115.894,292,44,0,
40,1,bottom,host,188.572,245.15,121,41,0,
40,1,bottom,other,531.71,234.408,304,44,0,
40,2,bottom,host,197.144,250.3,121,41,0,
40,2,bottom,other,523.42,228.816,304,44,0,
40,3,bottom,host,205.716,255.45,121,41,0,
40,3,bottom,other,515.13,223.224,304,44,0,
40,4,bottom,host,214.288,260.6,121,41,0,
40,4,bottom,other,506.84,217.632,304,44,0,
40,5,bottom,host,222.86,265.75,121,41,0,
40,5,bottom,other,498.648,211.896,305,44,0,
40,6,bottom,host,231.432,270.9,121,41,0,
40,6,bottom,other,490.358,206.304,304,44,0,
40,7,bottom,host,240.004,276.05,121,41,0,
40,7,bottom,other,482.166,200.568,305,44,0,
40,8,bottom,host,248.576,281.2,121,41,0,
40,8,bottom,other,473.974,194.832,305,44,0,
40,9,bottom,host,257.148,286.35,121,41,0,
40,9,bottom,other,465.782,189.096,305,44,0,
40,10,bottom,host,265.72,291.5,121,41,0,
40,10,bottom,other,457.59,183.36,305,44,0,
40,11,bottom,host,274.292,296.65,121,41,0,
40,11,bottom,other,449.398,177.624,305,44,0,
40,12,bottom,host,282.864,301.8,121,41,0,
40,12,bottom,other,444.858,186.534,207,44,0,
40,13,bottom,host,291.436,306.95,121,41,0,
40,13,bottom,other,440.318,195.444,207,44,0,
40,14,bottom,host,300.008,312.1,121,41,0,
40,14,bottom,other,435.778,204.354,207,44,0,
40,15,bottom,host,308.58,317.25,121,41,0,
40,15,bottom,other,431.238,213.264,207,44,0,
40,16,bottom,host,317.152,322.4,121,41,0,
40,16,bottom,other,426.698,222.174,207,44,0,
40,17,bottom,host,325.724,327.55,121,41,0,
40,17,bottom,other,420.541,214.294,322,44,0,
40,18,bottom,host,334.296,332.7,121,41,0,
40,18,bottom,other,414.384,206.414,322,44,0,
40,19,bottom,host,342.868,337.85,121,41,0,
40,19,bottom,other,423.294,201.874,63,44,0,
40,20,bottom,host,351.44,343,121,41,0,
40,20,bottom,other,432.204,197.334,63,44,0,
40,21,bottom,host,360.012,348.15,121,45,0,
40,21,bottom,other,441.114,192.794,63,45,0,
40,22,bottom,host,360.012,348.15,121,45,0,
40,22,bottom,other,441.114,192.794,63,45,0,
40,23,bottom,host,360.012,348.15,121,45,0,
40,23,bottom,other,441.114,192.794,63,45,0,
41,1,top,host,188.192,245.736,125,45,0,
41,1,top,other,531.613,234.554,303,45,0,
41,2,top,host,196.384,251.472,125,45,0,
41,2,top,other,523.226,229.108,303,45,0,
41,3,top,host,204.576,257.208,125,45,0,
41,3,top,other,514.839,223.662,303,45,0,
41,4,top,host,212.768,262.944,125,45,0,
41,4,top,other,506.452,218.216,303,45,0,
41,5,top,host,220.96,268.68,125,45,0,
41,5,top,other,498.065,212.77,303,45,0,
41,6,top,host,229.152,274.416,125,45,0,
41,6,top,other,489.678,207.324,303,45,0,
41,7,top,host,237.344,280.152,125,45,0,
41,7,top,other,481.291,201.878,303,45,0,
41,8,top,host,245.536,285.888,125,45,0,
41,8,top,other,472.904,196.432,303,45,0,
41,9,top,host,253.728,291.624,125,45,0,
41,9,top,other,464.517,190.986,303,45,0,
41,10,top,host,261.92,297.36,125,45,0,
41,10,top,other,456.13,185.54,303,45,0,
41,11,top,host,270.112,303.096,125,45,0,
41,11,top,other,447.743,180.094,303,45,0,
41,12,top,host,278.304,308.832,125,45,0,
41,12,top,other,439.356,174.648,303,45,0,
41,13,top,host,286.496,314.568,125,45,0,
41,13,top,other,430.969,169.202,303,45,0,
41,14,top,host,294.688,320.304,125,45,0,
41,14,top,other,422.582,163.756,303,45,0,
41,15,top,host,302.88,326.04,125,45,0,
41,15,top,other,414.195,158.31,303,45,0,
41,16,top,host,311.072,331.776,125,45,0,
41,16,top,other,405.808,152.864,303,45,0,
41,17,top,host,319.264,337.512,125,45,0,
41,17,top,other,397.421,147.418,303,45,0,
41,18,top,host,327.456,343.248,125,45,0,
41,18,top,other,389.034,141.972,303,45,0,
41,19,top,host,335.648,348.984,125,45,0,
41,19,top,other,380.647,136.526,303,45,0,
41,20,top,host,343.84,354.72,125,46,0,
41,20,top,other,372.26,131.08,303,49,0,
41,21,top,host,343.84,354.72,125,46,0,
41,21,top,other,372.26,131.08,303,49,0,
41,22,top,host,343.84,354.72,125,46,0,
41,22,top,other,372.26,131.08,303,49,0,
42,1,bottom,host,190,240,90,46,0,
42,1,bottom,other,531.71,245.592,236,49,0,
42,2,bottom,host,198.387,245.446,123,46,0,
42,2,bottom,other,523.42,251.184,236,49,0,
42,3,bottom,host,206.774,250.892,123,46,0,
42,3,bottom,other,515.13,256.776,236,49,0,
42,4,bottom,host,214.321,244.331,49,46,0,
42,4,bottom,other,506.84,262.368,236,49,0,
42,5,bottom,host,221.868,237.77,49,46,0,
42,5,bottom,other,498.55,267.96,236,49,0,
42,6,bottom,host,229.415,231.209,49,46,0,
42,6,bottom,other,490.26,273.552,236,49,0,
42,7,bottom,host,236.962,224.648,49,46,0,
42,7,bottom,other,481.97,279.144,236,49,0,
42,8,bottom,host,244.509,218.087,49,46,0,
42,8,bottom,other,473.68,284.736,236,49,0,
42,9,bottom,host,252.056,211.526,49,46,0,
42,9,bottom,other,465.39,290.328,236,49,0,
42,10,bottom,host,259.603,204.965,49,46,0,
42,10,bottom,other,457.1,295.92,236,49,0,
42,11,bottom,host,267.15,198.404,49,46,0,
42,11,bottom,other,448.81,301.512,236,49,0,
42,12,bottom,host,274.697,191.843,49,46,0,
42,12,bottom,other,440.52,307.104,236,49,0,
42,13,bottom,host,282.244,185.282,49,46,0,
42,13,bottom,other,432.23,312.696,236,49,0,
42,14,bottom,host,289.791,178.721,49,46,0,
42,14,bottom,other,423.94,318.288,236,49,0,
42,15,bottom,host,297.338,172.16,49,46,0,
42,15,bottom,other,415.65,323.88,236,49,0,
42,16,bottom,host,304.885,165.599,49,46,0,
42,16,bottom,other,407.36,329.472,236,49,0,
42,17,bottom,host,312.432,159.038,49,46,0,
42,17,bottom,other,399.07,335.064,236,49,0,
42,18,bottom,host,319.979,152.477,49,46,0,
42,18,bottom,other,390.78,340.656,236,49,0,
42,19,bottom,host,327.526,145.916,49,46,0,
42,19,bottom,other,382.49,346.248,236,49,0,
42,20,bottom,host,335.073,139.355,49,47,0,
42,20,bottom,other,374.2,351.84,236,53,0,
42,21,bottom,host,335.073,139.355,49,47,0,
42,21,bottom,other,374.2,351.84,236,53,0,
42,22,bottom,host,335.073,139.355,49,47,0,
42,22,bottom,other,374.2,351.84,236,53,0,
43,1,bottom,host,187.431,246.691,132,47,0,
43,1,bottom,other,531.71,245.592,236,53,0,
43,2,bottom,host,196.341,251.231,117,47,0,
43,2,bottom,other,523.42,251.184,236,53,0,
43,3,bottom,host,204.112,244.938,51,47,0,
43,3,bottom,other,515.13,256.776,236,53,0,
43,4,bottom,host,211.883,238.645,51,47,0,
43,4,bottom,other,506.84,262.368,236,53,0,
43,5,bottom,host,219.654,232.352,51,47,0,
43,5,bottom,other,498.55,267.96,236,53,0,
43,6,bottom,host,227.425,226.059,51,47,0,
43,6,bottom,other,490.26,273.552,236,53,0,
43,7,bottom,host,235.196,219.766,51,47,0,
43,7,bottom,other,481.97,279.144,236,53,0,
43,8,bottom,host,242.967,213.473,51,47,0,
43,8,bottom,other,473.68,284.736,236,53,0,
43,9,bottom,host,250.738,207.18,51,47,0,
43,9,bottom,other,465.39,290.328,236,53,0,
43,10,bottom,host,258.509,200.887,51,47,0,
43,10,bottom,other,457.1,295.92,236,53,0,
43,11,bottom,host,266.28,194.594,51,47,0,
43,11,bottom,other,448.81,301.512,236,53,0,
43,12,bottom,host,274.051,188.301,51,47,0,
43,12,bottom,other,440.52,307.104,236,53,0,
43,13,bottom,host,281.822,182.008,51,47,0,
43,13,bottom,other,432.23,312.696,236,53,0,
43,14,bottom,host,289.593,175.715,51,47,0,
43,14,bottom,other,423.94,318.288,236,53,0,
43,15,bottom,host,297.364,169.422,51,47,0,
43,15,bottom,other,415.65,323.88,236,53,0,
43,16,bottom,host,305.135,163.129,51,47,0,
43,16,bottom,other,407.36,329.472,236,53,0,
43,17,bottom,host,312.906,156.836,51,47,0,
43,17,bottom,other,399.07,335.064,236,53,0,
43,18,bottom,host,320.677,150.543,51,47,0,
43,18,bottom,other,390.78,340.656,236,53,0,
43,19,bottom,host,328.448,144.25,51,47,0,
43,19,bottom,other,382.49,346.248,236,53,0,
43,20,bottom,host,336.219,137.957,51,48,0,
43,20,bottom,other,374.2,351.84,236,57,0,
43,21,bottom,host,336.219,137.957,51,48,0,
43,21,bottom,other,374.2,351.84,236,57,0,
43,22,bottom,host,336.219,137.957,51,48,0,
43,22,bottom,other,374.2,351.84,236,57,0,
44,1,top,host,188.387,234.554,57,48,0,
44,1,top,other,531.71,234.408,304,57,0,
44,2,top,host,195.934,241.115,131,48,0,
44,2,top,other,523.42,228.816,304,57,0,
44,3,top,host,203.481,247.676,131,48,0,
44,3,top,other,515.13,223.224,304,57,0,
44,4,top,host,211.028,254.237,131,48,0,
44,4,top,other,506.84,217.632,304,57,0,
44,5,top,host,218.575,260.798,131,48,0,
44,5,top,other,498.55,212.04,304,57,0,
44,6,top,host,226.122,267.359,131,48,0,
44,6,top,other,490.26,206.448,304,57,0,
44,7,top,host,233.669,273.92,131,48,0,
44,7,top,other,481.97,200.856,304,57,0,
44,8,top,host,241.216,280.481,131,48,0,
44,8,top,other,473.68,195.264,304,57,0,
44,9,top,host,248.763,287.042,131,48,0,
44,9,top,other,465.39,189.672,304,57,0,
44,10,top,host,256.31,293.603,131,48,0,
44,10,top,other,457.1,184.08,304,57,0,
44,11,top,host,263.857,300.164,131,48,0,
44,11,top,other,448.81,178.488,304,57,0,
44,12,top,host,271.404,306.725,131,48,0,
44,12,top,other,440.52,172.896,304,57,0,
44,13,top,host,278.951,313.286,131,48,0,
44,13,top,other,432.23,167.304,304,57,0,
44,14,top,host,286.498,319.847,131,48,0,
44,14,top,other,423.94,161.712,304,57,0,
44,15,top,host,294.045,326.408,131,48,0,
44,15,top,other,415.65,156.12,304,57,0,
44,16,top,host,301.592,332.969,131,48,0,
44,16,top,other,407.36,150.528,304,57,0,
44,17,top,host,309.139,339.53,131,48,0,
44,17,top,other,399.07,144.936,304,57,0,
44,18,top,host,316.686,346.091,131,48,0,
44,18,top,other,390.78,139.344,304,57,0,
44,19,top,host,324.233,352.652,131,48,0,
44,19,top,other,382.49,133.752,304,57,0,
44,20,top,host,331.78,359.213,131,49,0,
44,20,top,other,374.2,128.16,304,61,0,
44,21,top,host,331.78,359.213,131,49,0,
44,21,top,other,374.2,128.16,304,61,0,
44,22,top,host,331.78,359.213,131,49,0,
44,22,top,other,374.2,128.16,304,61,0,
45,1,bottom,host,190,240,90,49,0,
45,1,bottom,other,531.613,245.446,237,61,0,
45,2,bottom,host,200,240,90,49,0,
45,2,bottom,other,523.226,250.892,237,61,0,
45,3,bottom,host,210,240,90,49,0,
45,3,bottom,other,514.839,256.338,237,61,0,
45,4,bottom,host,220,240,90,49,0,
45,4,bottom,other,506.452,261.784,237,61,0,
45,5,bottom,host,230,240,90,49,0,
45,5,bottom,other,498.065,267.23,237,61,0,
45,6,bottom,host,240,240,90,49,0,
45,6,bottom,other,489.678,272.676,237,61,0,
45,7,bottom,host,250,240,90,49,0,
45,7,bottom,other,481.291,278.122,237,61,0,
45,8,bottom,host,260,240,90,49,0,
45,8,bottom,other,472.904,283.568,237,61,0,
45,9,bottom,host,270,240,90,49,0,
45,9,bottom,other,464.517,289.014,237,61,0,
45,10,bottom,host,280,240,90,49,0,
45,10,bottom,other,456.13,294.46,237,61,0,
45,11,bottom,host,290,240,90,49,0,
45,11,bottom,other,447.743,299.906,237,61,0,
45,12,bottom,host,300,240,90,49,0,
45,12,bottom,other,439.356,305.352,237,61,0,
45,13,bottom,host,310,240,90,49,0,
45,13,bottom,other,430.969,310.798,237,61,0,
45,14,bottom,host,320,240,90,49,0,
45,14,bottom,other,422.582,316.244,237,61,0,
45,15,bottom,host,330,240,90,49,0,
45,15,bottom,other,414.195,321.69,237,61,0,
45,16,bottom,host,340,240,90,49,0,
45,16,bottom,other,405.808,327.136,237,61,0,
45,17,bottom,host,350,240,90,49,0,
45,17,bottom,other,397.421,332.582,237,61,0,
45,18,bottom,host,360,240,90,49,0,
45,18,bottom,other,389.034,338.028,237,61,0,
45,19,bottom,host,370,240,90,49,0,
45,19,bottom,other,380.647,343.474,237,61,0,
45,20,bottom,host,380,240,90,50,0,
45,20,bottom,other,372.26,348.92,237,65,0,
45,21,bottom,host,380,240,90,50,0,
45,21,bottom,other,372.26,348.92,237,65,0,
45,22,bottom,host,380,240,90,50,0,
45,22,bottom,other,372.26,348.92,237,65,0,
46,1,top,host,187.986,233.982,53,50,0,
46,1,top,other,531.71,234.408,304,65,0,
46,2,top,host,195.972,227.964,53,50,0,
46,2,top,other,523.42,228.816,304,65,0,
46,3,top,host,203.958,221.946,53,50,0,
46,3,top,other,515.13,223.224,304,65,0,
46,4,top,host,211.944,215.928,53,50,0,
46,4,top,other,506.84,217.632,304,65,0,
46,5,top,host,220.136,221.664,125,50,0,
46,5,top,other,498.55,212.04,304,65,0,
46,6,top,host,228.328,227.4,125,50,0,
46,6,top,other,490.26,206.448,304,65,0,
46,7,top,host,236.52,233.136,125,50,0,
46,7,top,other,481.97,200.856,304,65,0,
46,8,top,host,244.712,238.872,125,50,0,
46,8,top,other,473.68,195.264,304,65,0,
46,9,top,host,252.904,244.608,125,50,0,
46,9,top,other,465.39,189.672,304,65,0,
46,10,top,host,261.096,250.344,125,50,0,
46,10,top,other,457.1,184.08,304,65,0,
46,11,top,host,269.288,256.08,125,50,0,
46,11,top,other,448.81,178.488,304,65,0,
46,12,top,host,277.48,261.816,125,50,0,
46,12,top,other,440.52,172.896,304,65,0,
46,13,top,host,285.672,267.552,125,50,0,
46,13,top,other,432.23,167.304,304,65,0,
46,14,top,host,293.864,273.288,125,50,0,
46,14,top,other,423.94,161.712,304,65,0,
46,15,top,host,302.056,279.024,125,50,0,
46,15,top,other,415.65,156.12,304,65,0,
46,16,top,host,310.248,284.76,125,50,0,
46,16,top,other,407.36,150.528,304,65,0,
46,17,top,host,318.44,290.496,125,50,0,
46,17,top,other,399.07,144.936,304,65,0,
46,18,top,host,326.632,296.232,125,50,0,
46,18,top,other,390.78,139.344,304,65,0,
46,19,top,host,334.824,301.968,125,50,0,
46,19,top,other,382.49,133.752,304,65,0,
46,20,top,host,343.016,307.704,125,51,0,
46,20,top,other,374.2,128.16,304,69,0,
46,21,top,host,343.016,307.704,125,51,0,
46,21,top,other,374.2,128.16,304,69,0,
46,22,top,host,343.016,307.704,125,51,0,
46,22,top,other,374.2,128.16,304,69,0,
47,1,top,host,188.192,245.736,125,51,0,
47,1,top,other,531.71,234.408,304,69,0,
47,2,top,host,196.384,251.472,125,51,0,
47,2,top,other,523.42,228.816,304,69,0,
47,3,top,host,204.576,257.208,125,51,0,
47,3,top,other,515.13,223.224,304,69,0,
47,4,top,host,212.768,262.944,125,51,0,
47,4,top,other,506.84,217.632,304,69,0,
47,5,top,host,220.96,268.68,125,51,0,
47,5,top,other,498.55,212.04,304,69,0,
47,6,top,host,229.152,274.416,125,51,0,
47,6,top,other,490.26,206.448,304,69,0,
47,7,top,host,237.344,280.152,125,51,0,
47,7,top,other,481.97,200.856,304,69,0,
47,8,top,host,245.536,285.888,125,51,0,
47,8,top,other,473.68,195.264,304,69,0,
47,9,top,host,253.728,291.624,125,51,0,
47,9,top,other,465.39,189.672,304,69,0,
47,10,top,host,261.92,297.36,125,51,0,
47,10,top,other,457.1,184.08,304,69,0,
47,11,top,host,270.112,303.096,125,51,0,
47,11,top,other,448.81,178.488,304,69,0,
47,12,top,host,278.304,308.832,125,51,0,
47,12,top,other,440.52,172.896,304,69,0,
47,13,top,host,286.496,314.568,125,51,0,
47,13,top,other,432.23,167.304,304,69,0,
47,14,top,host,294.688,320.304,125,51,0,
47,14,top,other,423.94,161.712,304,69,0,
47,15,top,host,302.88,326.04,125,51,0,
47,15,top,other,415.65,156.12,304,69,0,
47,16,top,host,311.072,331.776,125,51,0,
47,16,top,other,407.36,150.528,304,69,0,
47,17,top,host,319.264,337.512,125,51,0,
47,17,top,other,399.07,144.936,304,69,0,
47,18,top,host,327.456,343.248,125,51,0,
47,18,top,other,390.78,139.344,304,69,0,
47,19,top,host,335.648,348.984,125,51,0,
47,19,top,other,382.49,133.752,304,69,0,
47,20,top,host,343.84,354.72,125,52,0,
47,20,top,other,374.2,128.16,304,73,0,
47,21,top,host,343.84,354.72,125,52,0,
47,21,top,other,374.2,128.16,304,73,0,
47,22,top,host,343.84,354.72,125,52,0,
47,22,top,other,374.2,128.16,304,73,0,
48,1,bottom,host,190,240,90,52,0,
48,1,bottom,other,531.71,245.592,236,73,0,
48,2,bottom,host,200,240,90,52,0,
48,2,bottom,other,523.42,251.184,236,73,0,
48,3,bottom,host,210,240,90,52,0,
48,3,bottom,other,515.13,256.776,236,73,0,
48,4,bottom,host,220,240,90,52,0,
48,4,bottom,other,506.84,262.368,236,73,0,
48,5,bottom,host,230,240,90,52,0,
48,5,bottom,other,498.55,267.96,236,73,0,
48,6,bottom,host,240,240,90,52,0,
48,6,bottom,other,490.26,273.552,236,73,0,
48,7,bottom,host,250,240,90,52,0,
48,7,bottom,other,481.97,279.144,236,73,0,
48,8,bottom,host,260,240,90,52,0,
48,8,bottom,other,473.68,284.736,236,73,0,
48,9,bottom,host,270,240,90,52,0,
48,9,bottom,other,465.39,290.328,236,73,0,
48,10,bottom,host,280,240,90,52,0,
48,10,bottom,other,457.1,295.92,236,73,0,
48,11,bottom,host,290,240,90,52,0,
48,11,bottom,other,448.81,301.512,236,73,0,
48,12,bottom,host,300,240,90,52,0,
48,12,bottom,other,440.52,307.104,236,73,0,
48,13,bottom,host,310,240,90,52,0,
48,13,bottom,other,432.23,312.696,236,73,0,
48,14,bottom,host,320,240,90,52,0,
48,14,bottom,other,423.94,318.288,236,73,0,
48,15,bottom,host,330,240,90,52,0,
48,15,bottom,other,415.65,323.88,236,73,0,
48,16,bottom,host,333.746,249.272,158,52,0,
48,16,bottom,other,407.36,329.472,236,73,0,
48,17,bottom,host,337.492,258.544,158,52,0,
48,17,bottom,other,399.07,335.064,236,73,0,
48,18,bottom,host,341.238,267.816,158,52,0,
48,18,bottom,other,390.78,340.656,236,73,0,
48,19,bottom,host,344.984,277.088,158,52,0,
48,19,bottom,other,382.49,346.248,236,73,0,
48,20,bottom,host,348.73,286.36,158,53,0,
48,20,bottom,other,374.2,351.84,236,77,0,
48,21,bottom,host,348.73,286.36,158,53,0,
48,21,bottom,other,374.2,351.84,236,77,0,
48,22,bottom,host,348.73,286.36,158,53,0,
48,22,bottom,other,374.2,351.84,236,77,0,
49,1,top,host,188.192,245.736,125,53,0,
49,1,top,other,531.808,234.264,305,77,0,
49,2,top,host,195.623,252.427,132,53,0,
49,2,top,other,523.616,228.528,305,77,0,
49,3,top,host,203.054,259.118,132,53,0,
49,3,top,other,515.424,222.792,305,77,0,
49,4,top,host,210.485,265.809,132,53,0,
49,4,top,other,507.232,217.056,305,77,0,
49,5,top,host,217.916,272.5,132,53,0,
49,5,top,other,499.04,211.32,305,77,0,
49,6,top,host,225.347,279.191,132,53,0,
49,6,top,other,490.848,205.584,305,77,0,
49,7,top,host,232.778,285.882,132,53,0,
49,7,top,other,482.558,199.992,304,77,0,
49,8,top,host,240.209,292.573,132,53,0,
49,8,top,other,474.268,194.4,304,77,0,
49,9,top,host,247.64,299.264,132,53,0,
49,9,top,other,465.978,188.808,304,77,0,
49,10,top,host,255.071,305.955,132,53,0,
49,10,top,other,457.688,183.216,304,77,0,
49,11,top,host,262.502,312.646,132,53,0,
49,11,top,other,449.398,177.624,304,77,0,
49,12,top,host,269.933,319.337,132,53,0,
49,12,top,other,441.108,172.032,304,77,0,
49,13,top,host,277.364,326.028,132,53,0,
49,13,top,other,433.018,166.154,306,77,0,
49,14,top,host,284.795,332.719,132,53,0,
49,14,top,other,425.032,160.136,307,77,0,
49,15,top,host,292.226,339.41,132,53,0,
49,15,top,other,417.046,154.118,307,77,0,
49,16,top,host,299.657,346.101,132,53,0,
49,16,top,other,408.956,148.24,306,77,0,
49,17,top,host,307.088,352.792,132,53,0,
49,17,top,other,400.866,142.362,306,77,0,
49,18,top,host,314.519,359.483,132,53,0,
49,18,top,other,392.776,136.484,306,77,0,
49,19,top,host,321.95,366.174,132,53,0,
49,19,top,other,384.686,130.606,306,77,0,
49,20,top,host,329.381,372.865,132,54,0,
49,20,top,other,376.596,124.728,306,81,0,
49,21,top,host,329.381,372.865,132,54,0,
49,21,top,other,376.596,124.728,306,81,0,
49,22,top,host,329.381,372.865,132,54,0,
49,22,top,other,376.596,124.728,306,81,0,
50,1,top,host,188.572,245.15,121,54,0,
50,1,top,other,530,240,270,81,0,
50,2,top,host,197.144,250.3,121,54,0,
50,2,top,other,521.91,234.122,306,81,0,
50,3,top,host,205.716,255.45,121,54,0,
50,3,top,other,513.82,228.244,306,81,0,
50,4,top,host,214.288,260.6,121,54,0,
50,4,top,other,505.73,222.366,306,81,0,
50,5,top,host,222.86,265.75,121,54,0,
50,5,top,other,497.64,216.488,306,81,0,
50,6,top,host,231.432,270.9,121,54,0,
50,6,top,other,489.55,210.61,306,81,0,
50,7,top,host,240.004,276.05,121,54,0,
50,7,top,other,481.46,204.732,306,81,0,
50,8,top,host,248.576,281.2,121,54,0,
50,8,top,other,473.37,198.854,306,81,0,
50,9,top,host,257.148,286.35,121,54,0,
50,9,top,other,465.28,192.976,306,81,0,
50,10,top,host,265.72,291.5,121,54,0,
50,10,top,other,457.19,187.098,306,81,0,
50,11,top,host,274.292,296.65,121,54,0,
50,11,top,other,449.1,181.22,306,81,0,
50,12,top,host,282.864,301.8,121,54,0,
50,12,top,other,441.01,175.342,306,81,0,
50,13,top,host,291.436,306.95,121,54,0,
50,13,top,other,432.92,169.464,306,81,0,
50,14,top,host,300.008,312.1,121,54,0,
50,14,top,other,424.83,163.586,306,81,0,
50,15,top,host,308.58,317.25,121,54,0,
50,15,top,other,416.74,157.708,306,81,0,
50,16,top,host,317.152,322.4,121,54,0,
50,16,top,other,408.65,151.83,306,81,0,
50,17,top,host,325.724,327.55,121,54,0,
50,17,top,other,400.56,145.952,306,81,0,
50,18,top,host,334.296,332.7,121,54,0,
50,18,top,other,392.47,140.074,306,81,0,
50,19,top,host,342.868,337.85,121,54,0,
50,19,top,other,384.38,134.196,306,81,0,
50,20,top,host,351.44,343,121,54,0,
50,20,top,other,376.29,128.318,306,81,0,
50,21,top,host,351.44,343,121,55,0,
50,21,top,other,368.2,122.44,306,85,0,
50,22,top,host,351.44,343,121,55,0,
50,22,top,other,368.2,122.44,306,85,0,
50,23,top,host,351.44,343,121,55,0,
50,23,top,other,368.2,122.44,306,85,0,
