1,1,bottom,host,188.29,245.592,124,0,0,
1,1,bottom,other,531.613,234.554,303,0,0,
1,2,bottom,host,196.58,251.184,124,0,0,
1,2,bottom,other,523.226,229.108,303,0,0,
1,3,bottom,host,204.87,256.776,124,0,0,
1,3,bottom,other,514.839,223.662,303,0,0,
1,4,bottom,host,213.16,262.368,124,0,0,
1,4,bottom,other,506.452,218.216,303,0,0,
1,5,bottom,host,221.45,267.96,124,0,0,
1,5,bottom,other,498.065,212.77,303,0,0,
1,6,bottom,host,229.74,273.552,124,0,0,
1,6,bottom,other,489.678,207.324,303,0,0,
1,7,bottom,host,238.03,279.144,124,0,0,
1,7,bottom,other,481.291,201.878,303,0,0,
1,8,bottom,host,246.32,284.736,124,0,0,
1,8,bottom,other,472.904,196.432,303,0,0,
1,9,bottom,host,254.61,290.328,124,0,0,
1,9,bottom,other,464.517,190.986,303,0,0,
1,10,bottom,host,262.9,295.92,124,0,0,
1,10,bottom,other,459.517,199.646,210,0,0,
1,11,bottom,host,271.19,301.512,124,0,0,
1,11,bottom,other,454.517,208.306,210,0,0,
1,12,bottom,host,279.48,307.104,124,0,0,
1,12,bottom,other,446.325,202.57,305,0,0,
1,13,bottom,host,287.77,312.696,124,0,0,
1,13,bottom,other,438.133,196.834,305,0,0,
1,14,bottom,host,296.06,318.288,124,0,0,
1,14,bottom,other,429.941,191.098,305,0,0,
1,15,bottom,host,304.35,323.88,124,0,0,
1,15,bottom,other,421.749,185.362,305,0,0,
1,16,bottom,host,312.64,329.472,124,0,0,
1,16,bottom,other,413.557,179.626,305,0,0,
1,17,bottom,host,320.93,335.064,124,0,0,
1,17,bottom,other,405.365,173.89,305,0,0,
1,18,bottom,host,329.22,340.656,124,0,0,
1,18,bottom,other,397.173,168.154,305,0,0,
1,19,bottom,host,337.51,346.248,124,0,0,
1,19,bottom,other,388.981,162.418,305,0,0,
1,20,bottom,host,345.8,351.84,124,4,0,
1,20,bottom,other,380.789,156.682,305,1,0,
1,21,bottom,host,345.8,351.84,124,4,0,
1,21,bottom,other,380.789,156.682,305,1,0,
1,22,bottom,host,345.8,351.84,124,4,0,
1,22,bottom,other,380.789,156.682,305,1,0,
2,1,bottom,host,190,240,90,4,0,
2,1,bottom,other,531.808,245.736,235,1,0,
2,2,bottom,host,198.48,234.701,58,4,0,
2,2,bottom,other,523.616,251.472,235,1,0,
2,3,bottom,host,206.96,229.402,58,4,0,
2,3,bottom,other,515.424,257.208,235,1,0,
2,4,bottom,host,215.44,224.103,58,4,0,
2,4,bottom,other,507.232,262.944,235,1,0,
2,5,bottom,host,223.92,218.804,58,4,0,
2,5,bottom,other,499.04,268.68,235,1,0,
2,6,bottom,host,232.4,213.505,58,4,0,
2,6,bottom,other,490.848,274.416,235,1,0,
2,7,bottom,host,240.88,208.206,58,4,0,
2,7,bottom,other,482.656,280.152,235,1,0,
2,8,bottom,host,249.36,202.907,58,4,0,
2,8,bottom,other,474.464,285.888,235,1,0,
2,9,bottom,host,257.84,197.608,58,4,0,
2,9,bottom,other,466.272,291.624,235,1,0,
2,10,bottom,host,266.32,192.309,58,4,0,
2,10,bottom,other,458.08,297.36,235,1,0,
2,11,bottom,host,274.8,187.01,58,4,0,
2,11,bottom,other,449.888,303.096,235,1,0,
2,12,bottom,host,283.28,181.711,58,4,0,
2,12,bottom,other,441.696,308.832,235,1,0,
2,13,bottom,host,291.76,176.412,58,4,0,
2,13,bottom,other,433.504,314.568,235,1,0,
2,14,bottom,host,300.24,171.113,58,4,0,
2,14,bottom,other,425.312,320.304,235,1,0,
2,15,bottom,host,308.72,165.814,58,4,0,
2,15,bottom,other,417.12,326.04,235,1,0,
2,16,bottom,host,317.2,160.515,58,4,0,
2,16,bottom,other,408.928,331.776,235,1,0,
2,17,bottom,host,325.68,155.216,58,4,0,
2,17,bottom,other,400.736,337.512,235,1,0,
2,18,bottom,host,334.16,149.917,58,4,0,
2,18,bottom,other,392.544,343.248,235,1,0,
2,19,bottom,host,342.64,144.618,58,4,0,
2,19,bottom,other,384.352,348.984,235,1,0,
2,20,bottom,host,351.12,139.319,58,5,0,
2,20,bottom,other,376.16,354.72,235,5,0,
2,21,bottom,host,351.12,139.319,58,5,0,
2,21,bottom,other,376.16,354.72,235,5,0,
2,22,bottom,host,351.12,139.319,58,5,0,
2,22,bottom,other,376.16,354.72,235,5,0,
3,1,top,host,188.387,234.554,57,5,0,
3,1,top,other,531.613,245.446,237,5,0,
3,2,top,host,196.774,229.108,57,5,0,
3,2,top,other,523.226,250.892,237,5,0,
3,3,top,host,205.161,223.662,57,5,0,
3,3,top,other,514.839,256.338,237,5,0,
3,4,top,host,213.548,218.216,57,5,0,
3,4,top,other,506.452,261.784,237,5,0,
3,5,top,host,221.935,212.77,57,5,0,
3,5,top,other,498.065,267.23,237,5,0,
3,6,top,host,230.322,207.324,57,5,0,
3,6,top,other,489.678,272.676,237,5,0,
3,7,top,host,238.709,201.878,57,5,0,
3,7,top,other,481.291,278.122,237,5,0,
3,8,top,host,247.096,196.432,57,5,0,
3,8,top,other,472.904,283.568,237,5,0,
3,9,top,host,255.483,190.986,57,5,0,
3,9,top,other,464.517,289.014,237,5,0,
3,10,top,host,263.87,185.54,57,5,0,
3,10,top,other,456.13,294.46,237,5,0,
3,11,top,host,272.257,180.094,57,5,0,
3,11,top,other,447.743,299.906,237,5,0,
3,12,top,host,280.644,174.648,57,5,0,
3,12,top,other,439.356,305.352,237,5,0,
3,13,top,host,289.031,169.202,57,5,0,
3,13,top,other,430.969,310.798,237,5,0,
3,14,top,host,297.418,163.756,57,5,0,
3,14,top,other,422.582,316.244,237,5,0,
3,15,top,host,305.805,158.31,57,5,0,
3,15,top,other,414.195,321.69,237,5,0,
3,16,top,host,314.192,152.864,57,5,0,
3,16,top,other,405.808,327.136,237,5,0,
3,17,top,host,322.579,147.418,57,5,0,
3,17,top,other,397.421,332.582,237,5,0,
3,18,top,host,330.966,141.972,57,5,0,
3,18,top,other,389.034,338.028,237,5,0,
3,19,top,host,339.353,136.526,57,5,0,
3,19,top,other,380.647,343.474,237,5,0,
3,20,top,host,347.74,131.08,57,9,0,
3,20,top,other,372.26,348.92,237,6,0,
3,21,top,host,347.74,131.08,57,9,0,
3,21,top,other,372.26,348.92,237,6,0,
3,22,top,host,347.74,131.08,57,9,0,
3,22,top,other,372.26,348.92,237,6,0,
4,1,bottom,host,188.29,245.592,124,9,0,
4,1,bottom,other,531.71,245.592,236,6,0,
4,2,bottom,host,196.58,251.184,124,9,0,
4,2,bottom,other,523.42,251.184,236,6,0,
4,3,bottom,host,204.87,256.776,124,9,0,
4,3,bottom,other,515.13,256.776,236,6,0,
4,4,bottom,host,213.16,262.368,124,9,0,
4,4,bottom,other,506.84,262.368,236,6,0,
4,5,bottom,host,221.45,267.96,124,9,0,
4,5,bottom,other,498.55,267.96,236,6,0,
4,6,bottom,host,229.74,273.552,124,9,0,
4,6,bottom,other,490.26,273.552,236,6,0,
4,7,bottom,host,238.03,279.144,124,9,0,
4,7,bottom,other,481.97,279.144,236,6,0,
4,8,bottom,host,246.32,284.736,124,9,0,
4,8,bottom,other,473.68,284.736,236,6,0,
4,9,bottom,host,254.61,290.328,124,9,0,
4,9,bottom,other,465.39,290.328,236,6,0,
4,10,bottom,host,262.9,295.92,124,9,0,
4,10,bottom,other,457.1,295.92,236,6,0,
4,11,bottom,host,271.19,301.512,124,9,0,
4,11,bottom,other,448.81,301.512,236,6,0,
4,12,bottom,host,279.48,307.104,124,9,0,
4,12,bottom,other,440.52,307.104,236,6,0,
4,13,bottom,host,287.77,312.696,124,9,0,
4,13,bottom,other,432.23,312.696,236,6,0,
4,14,bottom,host,296.06,318.288,124,9,0,
4,14,bottom,other,423.94,318.288,236,6,0,
4,15,bottom,host,304.35,323.88,124,9,0,
4,15,bottom,other,415.65,323.88,236,6,0,
4,16,bottom,host,312.64,329.472,124,9,0,
4,16,bottom,other,407.36,329.472,236,6,0,
4,17,bottom,host,320.93,335.064,124,9,0,
4,17,bottom,other,399.07,335.064,236,6,0,
4,18,bottom,host,329.22,340.656,124,9,0,
4,18,bottom,other,390.78,340.656,236,6,0,
4,19,bottom,host,337.51,346.248,124,9,0,
4,19,bottom,other,382.49,346.248,236,6,0,
4,20,bottom,host,345.8,351.84,124,9,0,
4,20,bottom,other,374.2,351.84,236,6,0,
4,21,bottom,host,345.8,351.84,124,9,0,
4,21,bottom,other,374.2,351.84,236,6,0,
4,22,bottom,host,345.8,351.84,124,9,0,
4,22,bottom,other,374.2,351.84,236,6,0,
5,1,bottom,host,188.387,245.446,123,9,0,
5,1,bottom,other,531.613,245.446,237,6,0,
5,2,bottom,host,196.774,250.892,123,9,0,
5,2,bottom,other,523.226,250.892,237,6,0,
5,3,bottom,host,205.161,256.338,123,9,0,
5,3,bottom,other,514.839,256.338,237,6,0,
5,4,bottom,host,213.548,261.784,123,9,0,
5,4,bottom,other,506.452,261.784,237,6,0,
5,5,bottom,host,221.935,267.23,123,9,0,
5,5,bottom,other,498.065,267.23,237,6,0,
5,6,bottom,host,230.322,272.676,123,9,0,
5,6,bottom,other,489.678,272.676,237,6,0,
5,7,bottom,host,238.709,278.122,123,9,0,
5,7,bottom,other,481.291,278.122,237,6,0,
5,8,bottom,host,247.096,283.568,123,9,0,
5,8,bottom,other,472.904,283.568,237,6,0,
5,9,bottom,host,255.483,289.014,123,9,0,
5,9,bottom,other,464.517,289.014,237,6,0,
5,10,bottom,host,263.87,294.46,123,9,0,
5,10,bottom,other,456.13,294.46,237,6,0,
5,11,bottom,host,272.257,299.906,123,9,0,
5,11,bottom,other,447.743,299.906,237,6,0,
5,12,bottom,host,280.644,305.352,123,9,0,
5,12,bottom,other,439.356,305.352,237,6,0,
5,13,bottom,host,289.031,310.798,123,9,0,
5,13,bottom,other,430.969,310.798,237,6,0,
5,14,bottom,host,297.418,316.244,123,9,0,
5,14,bottom,other,422.582,316.244,237,6,0,
5,15,bottom,host,305.805,321.69,123,9,0,
5,15,bottom,other,414.195,321.69,237,6,0,
5,16,bottom,host,314.192,327.136,123,9,0,
5,16,bottom,other,405.808,327.136,237,6,0,
5,17,bottom,host,322.579,332.582,123,9,0,
5,17,bottom,other,397.421,332.582,237,6,0,
5,18,bottom,host,330.966,338.028,123,9,0,
5,18,bottom,other,389.034,338.028,237,6,0,
5,19,bottom,host,339.353,343.474,123,9,0,
5,19,bottom,other,380.647,343.474,237,6,0,
5,20,bottom,host,347.74,348.92,123,9,0,
5,20,bottom,other,372.26,348.92,237,6,0,
5,21,bottom,host,347.74,348.92,123,9,0,
5,21,bottom,other,372.26,348.92,237,6,0,
5,22,bottom,host,347.74,348.92,123,9,0,
5,22,bottom,other,372.26,348.92,237,6,0,
6,1,top,host,188.387,245.446,123,9,0,
6,1,top,other,531.71,234.408,304,6,0,
6,2,top,host,196.774,250.892,123,9,0,
6,2,top,other,523.42,228.816,304,6,0,
6,3,top,host,205.161,256.338,123,9,0,
6,3,top,other,515.13,223.224,304,6,0,
6,4,top,host,213.548,261.784,123,9,0,
6,4,top,other,506.84,217.632,304,6,0,
6,5,top,host,221.935,267.23,123,9,0,
6,5,top,other,498.55,212.04,304,6,0,
6,6,top,host,230.322,272.676,123,9,0,
6,6,top,other,490.26,206.448,304,6,0,
6,7,top,host,238.709,278.122,123,9,0,
6,7,top,other,481.97,200.856,304,6,0,
6,8,top,host,247.096,283.568,123,9,0,
6,8,top,other,473.68,195.264,304,6,0,
6,9,top,host,255.483,289.014,123,9,0,
6,9,top,other,465.39,189.672,304,6,0,
6,10,top,host,263.87,294.46,123,9,0,
6,10,top,other,457.1,184.08,304,6,0,
6,11,top,host,272.257,299.906,123,9,0,
6,11,top,other,448.81,178.488,304,6,0,
6,12,top,host,280.644,305.352,123,9,0,
6,12,top,other,440.52,172.896,304,6,0,
6,13,top,host,289.031,310.798,123,9,0,
6,13,top,other,432.23,167.304,304,6,0,
6,14,top,host,297.418,316.244,123,9,0,
6,14,top,other,423.94,161.712,304,6,0,
6,15,top,host,305.805,321.69,123,9,0,
6,15,top,other,415.65,156.12,304,6,0,
6,16,top,host,314.192,327.136,123,9,0,
6,16,top,other,407.36,150.528,304,6,0,
6,17,top,host,322.579,332.582,123,9,0,
6,17,top,other,399.07,144.936,304,6,0,
6,18,top,host,330.966,338.028,123,9,0,
6,18,top,other,390.78,139.344,304,6,0,
6,19,top,host,339.353,343.474,123,9,0,
6,19,top,other,382.49,133.752,304,6,0,
6,20,top,host,347.74,348.92,123,10,0,
6,20,top,other,374.2,128.16,304,10,0,
6,21,top,host,347.74,348.92,123,10,0,
6,21,top,other,374.2,128.16,304,10,0,
6,22,top,host,347.74,348.92,123,10,0,
6,22,top,other,374.2,128.16,304,10,0,
7,1,top,host,188.29,234.408,56,10,0,
7,1,top,other,530,240,270,10,0,
7,2,top,host,196.58,228.816,56,10,0,
7,2,top,other,521.613,234.554,303,10,0,
7,3,top,host,204.87,223.224,56,10,0,
7,3,top,other,513.226,229.108,303,10,0,
7,4,top,host,213.16,217.632,56,10,0,
7,4,top,other,504.839,223.662,303,10,0,
7,5,top,host,221.45,212.04,56,10,0,
7,5,top,other,496.452,218.216,303,10,0,
7,6,top,host,229.11,218.468,130,10,0,
7,6,top,other,488.065,212.77,303,10,0,
7,7,top,host,236.77,224.896,130,10,0,
7,7,top,other,479.678,207.324,303,10,0,
7,8,top,host,244.43,231.324,130,10,0,
7,8,top,other,471.291,201.878,303,10,0,
7,9,top,host,252.09,237.752,130,10,0,
7,9,top,other,462.904,196.432,303,10,0,
7,10,top,host,259.75,244.18,130,10,0,
7,10,top,other,454.517,190.986,303,10,0,
7,11,top,host,267.41,250.608,130,10,0,
7,11,top,other,446.13,185.54,303,10,0,
7,12,top,host,275.07,257.036,130,10,0,
7,12,top,other,437.743,180.094,303,10,0,
7,13,top,host,282.73,263.464,130,10,0,
7,13,top,other,429.356,174.648,303,10,0,
7,14,top,host,290.39,269.892,130,10,0,
7,14,top,other,420.969,169.202,303,10,0,
7,15,top,host,298.05,276.32,130,10,0,
7,15,top,other,412.582,163.756,303,10,0,
7,16,top,host,305.71,282.748,130,10,0,
7,16,top,other,404.195,158.31,303,10,0,
7,17,top,host,313.37,289.176,130,10,0,
7,17,top,other,395.808,152.864,303,10,0,
7,18,top,host,321.03,295.604,130,10,0,
7,18,top,other,387.421,147.418,303,10,0,
7,19,top,host,328.69,302.032,130,10,0,
7,19,top,other,379.034,141.972,303,10,0,
7,20,top,host,336.35,308.46,130,10,0,
7,20,top,other,370.647,136.526,303,10,0,
7,21,top,host,344.01,314.888,130,11,0,
7,21,top,other,362.26,131.08,303,14,0,
7,22,top,host,344.01,314.888,130,11,0,
7,22,top,other,362.26,131.08,303,14,0,
7,23,top,host,344.01,314.888,130,11,0,
7,23,top,other,362.26,131.08,303,14,0,
8,1,top,host,188.48,234.701,58,11,0,
8,1,top,other,531.71,234.408,304,14,0,
8,2,top,host,196.96,229.402,58,11,0,
8,2,top,other,523.42,228.816,304,14,0,
8,3,top,host,205.44,224.103,58,11,0,
8,3,top,other,515.13,223.224,304,14,0,
8,4,top,host,213.92,218.804,58,11,0,
8,4,top,other,506.84,217.632,304,14,0,
8,5,top,host,222.4,213.505,58,11,0,
8,5,top,other,499.526,224.452,227,14,0,
8,6,top,host,229.947,220.066,131,11,0,
8,6,top,other,492.212,231.272,227,14,0,
8,7,top,host,238.139,214.33,55,11,0,
8,7,top,other,484.441,224.979,309,14,0,
8,8,top,host,246.331,208.594,55,11,0,
8,8,top,other,476.67,218.686,309,14,0,
8,9,top,host,254.523,202.858,55,11,0,
8,9,top,other,468.899,212.393,309,14,0,
8,10,top,host,262.715,197.122,55,11,0,
8,10,top,other,462.079,219.707,223,14,0,
8,11,top,host,270.907,191.386,55,11,0,
8,11,top,other,455.259,227.021,223,14,0,
8,12,top,host,279.099,185.65,55,11,0,
8,12,top,other,448.439,234.335,223,14,0,
8,13,top,host,287.291,179.914,55,11,0,
8,13,top,other,441.619,241.649,223,14,0,
8,14,top,host,295.483,174.178,55,11,0,
8,14,top,other,434.799,248.963,223,14,0,
8,15,top,host,303.675,168.442,55,11,0,
8,15,top,other,427.979,256.277,223,14,0,
8,16,top,host,311.867,162.706,55,11,0,
8,16,top,other,421.159,263.591,223,14,0,
8,17,top,host,320.059,156.97,55,11,0,
8,17,top,other,414.339,270.905,223,14,0,
8,18,top,host,328.251,151.234,55,11,0,
8,18,top,other,407.519,278.219,223,14,0,
8,19,top,host,336.443,145.498,55,11,0,
8,19,top,other,400.699,285.533,223,14,0,
8,20,top,host,344.635,139.762,55,11,0,
8,20,top,other,393.879,292.847,223,14,0,
8,21,top,host,352.827,134.026,55,15,0,
8,21,top,other,387.059,300.161,223,15,0,
8,22,top,host,352.827,134.026,55,15,0,
8,22,top,other,387.059,300.161,223,15,0,
8,23,top,host,352.827,134.026,55,15,0,
8,23,top,other,387.059,300.161,223,15,0,
9,1,top,host,188.29,234.408,56,15,0,
9,1,top,other,531.71,245.592,236,15,0,
9,2,top,host,196.58,228.816,56,15,0,
9,2,top,other,523.42,251.184,236,15,0,
9,3,top,host,204.87,223.224,56,15,0,
9,3,top,other,515.13,256.776,236,15,0,
9,4,top,host,213.16,217.632,56,15,0,
9,4,top,other,506.84,262.368,236,15,0,
9,5,top,host,221.45,212.04,56,15,0,
9,5,top,other,498.55,267.96,236,15,0,
9,6,top,host,229.74,206.448,56,15,0,
9,6,top,other,490.26,273.552,236,15,0,
9,7,top,host,238.03,200.856,56,15,0,
9,7,top,other,481.97,279.144,236,15,0,
9,8,top,host,246.32,195.264,56,15,0,
9,8,top,other,473.68,284.736,236,15,0,
9,9,top,host,254.61,189.672,56,15,0,
9,9,top,other,465.39,290.328,236,15,0,
9,10,top,host,262.9,184.08,56,15,0,
9,10,top,other,457.1,295.92,236,15,0,
9,11,top,host,271.19,178.488,56,15,0,
9,11,top,other,448.81,301.512,236,15,0,
9,12,top,host,279.48,172.896,56,15,0,
9,12,top,other,440.52,307.104,236,15,0,
9,13,top,host,287.77,167.304,56,15,0,
9,13,top,other,432.23,312.696,236,15,0,
9,14,top,host,296.06,161.712,56,15,0,
9,14,top,other,423.94,318.288,236,15,0,
9,15,top,host,304.35,156.12,56,15,0,
9,15,top,other,415.65,323.88,236,15,0,
9,16,top,host,312.64,150.528,56,15,0,
9,16,top,other,407.36,329.472,236,15,0,
9,17,top,host,320.93,144.936,56,15,0,
9,17,top,other,399.07,335.064,236,15,0,
9,18,top,host,329.22,139.344,56,15,0,
9,18,top,other,390.78,340.656,236,15,0,
9,19,top,host,337.51,133.752,56,15,0,
9,19,top,other,382.49,346.248,236,15,0,
9,20,top,host,345.8,128.16,56,19,0,
9,20,top,other,374.2,351.84,236,16,0,
9,21,top,host,345.8,128.16,56,19,0,
9,21,top,other,374.2,351.84,236,16,0,
9,22,top,host,345.8,128.16,56,19,0,
9,22,top,other,374.2,351.84,236,16,0,
10,1,top,host,188.192,234.264,55,19,0,
10,1,top,other,531.808,245.736,235,16,0,
10,2,top,host,196.384,228.528,55,19,0,
10,2,top,other,523.616,251.472,235,16,0,
10,3,top,host,204.576,222.792,55,19,0,
10,3,top,other,515.424,257.208,235,16,0,
10,4,top,host,212.768,217.056,55,19,0,
10,4,top,other,507.232,262.944,235,16,0,
10,5,top,host,220.96,211.32,55,19,0,
10,5,top,other,499.04,268.68,235,16,0,
10,6,top,host,229.152,205.584,55,19,0,
10,6,top,other,490.848,274.416,235,16,0,
10,7,top,host,237.344,199.848,55,19,0,
10,7,top,other,482.656,280.152,235,16,0,
10,8,top,host,245.536,194.112,55,19,0,
10,8,top,other,474.464,285.888,235,16,0,
10,9,top,host,253.728,188.376,55,19,0,
10,9,top,other,466.272,291.624,235,16,0,
10,10,top,host,261.92,182.64,55,19,0,
10,10,top,other,458.08,297.36,235,16,0,
10,11,top,host,270.112,176.904,55,19,0,
10,11,top,other,449.888,303.096,235,16,0,
10,12,top,host,278.304,171.168,55,19,0,
10,12,top,other,441.696,308.832,235,16,0,
10,13,top,host,286.496,165.432,55,19,0,
10,13,top,other,433.504,314.568,235,16,0,
10,14,top,host,294.688,159.696,55,19,0,
10,14,top,other,425.312,320.304,235,16,0,
10,15,top,host,302.88,153.96,55,19,0,
10,15,top,other,417.12,326.04,235,16,0,
10,16,top,host,311.072,148.224,55,19,0,
10,16,top,other,408.928,331.776,235,16,0,
10,17,top,host,319.264,142.488,55,19,0,
10,17,top,other,400.736,337.512,235,16,0,
10,18,top,host,327.456,136.752,55,19,0,
10,18,top,other,392.544,343.248,235,16,0,
10,19,top,host,335.648,131.016,55,19,0,
10,19,top,other,384.352,348.984,235,16,0,
10,20,top,host,343.84,125.28,55,23,0,
10,20,top,other,376.16,354.72,235,17,0,
10,21,top,host,343.84,125.28,55,23,0,
10,21,top,other,376.16,354.72,235,17,0,
10,22,top,host,343.84,125.28,55,23,0,
10,22,top,other,376.16,354.72,235,17,0,
11,1,top,host,188.387,234.554,57,23,0,
11,1,top,other,531.71,245.592,236,17,0,
11,2,top,host,196.774,229.108,57,23,0,
11,2,top,other,523.42,251.184,236,17,0,
11,3,top,host,205.161,223.662,57,23,0,
11,3,top,other,515.13,256.776,236,17,0,
11,4,top,host,213.548,218.216,57,23,0,
11,4,top,other,506.84,262.368,236,17,0,
11,5,top,host,221.935,212.77,57,23,0,
11,5,top,other,498.55,267.96,236,17,0,
11,6,top,host,230.322,207.324,57,23,0,
11,6,top,other,490.26,273.552,236,17,0,
11,7,top,host,238.709,201.878,57,23,0,
11,7,top,other,481.97,279.144,236,17,0,
11,8,top,host,247.096,196.432,57,23,0,
11,8,top,other,473.68,284.736,236,17,0,
11,9,top,host,255.483,190.986,57,23,0,
11,9,top,other,465.39,290.328,236,17,0,
11,10,top,host,263.87,185.54,57,23,0,
11,10,top,other,457.1,295.92,236,17,0,
11,11,top,host,272.257,180.094,57,23,0,
11,11,top,other,448.81,301.512,236,17,0,
11,12,top,host,280.644,174.648,57,23,0,
11,12,top,other,440.52,307.104,236,17,0,
11,13,top,host,289.031,169.202,57,23,0,
11,13,top,other,432.23,312.696,236,17,0,
11,14,top,host,297.418,163.756,57,23,0,
11,14,top,other,423.94,318.288,236,17,0,
11,15,top,host,305.805,158.31,57,23,0,
11,15,top,other,415.65,323.88,236,17,0,
11,16,top,host,314.192,152.864,57,23,0,
11,16,top,other,407.36,329.472,236,17,0,
11,17,top,host,322.579,147.418,57,23,0,
11,17,top,other,399.07,335.064,236,17,0,
11,18,top,host,330.966,141.972,57,23,0,
11,18,top,other,390.78,340.656,236,17,0,
11,19,top,host,339.353,136.526,57,23,0,
11,19,top,other,382.49,346.248,236,17,0,
11,20,top,host,347.74,131.08,57,27,0,
11,20,top,other,374.2,351.84,236,18,0,
11,21,top,host,347.74,131.08,57,27,0,
11,21,top,other,374.2,351.84,236,18,0,
11,22,top,host,347.74,131.08,57,27,0,
11,22,top,other,374.2,351.84,236,18,0,
12,1,bottom,host,188.29,245.592,124,27,0,
12,1,bottom,other,530,240,270,18,0,
12,2,bottom,host,196.58,251.184,124,27,0,
12,2,bottom,other,520,240,270,18,0,
12,3,bottom,host,204.87,256.776,124,27,0,
12,3,bottom,other,512.014,246.018,233,18,0,
12,4,bottom,host,212.75,250.619,52,27,0,
12,4,bottom,other,504.028,252.036,233,18,0,
12,5,bottom,host,220.63,244.462,52,27,0,
12,5,bottom,other,496.042,258.054,233,18,0,
12,6,bottom,host,228.51,238.305,52,27,0,
12,6,bottom,other,488.056,264.072,233,18,0,
12,7,bottom,host,236.39,232.148,52,27,0,
12,7,bottom,other,480.07,270.09,233,18,0,
12,8,bottom,host,244.27,225.991,52,27,0,
12,8,bottom,other,472.084,276.108,233,18,0,
12,9,bottom,host,252.15,219.834,52,27,0,
12,9,bottom,other,464.098,282.126,233,18,0,
12,10,bottom,host,260.03,213.677,52,27,0,
12,10,bottom,other,456.112,288.144,233,18,0,
12,11,bottom,host,267.91,207.52,52,27,0,
12,11,bottom,other,448.126,294.162,233,18,0,
12,12,bottom,host,275.79,201.363,52,27,0,
12,12,bottom,other,440.14,300.18,233,18,0,
12,13,bottom,host,283.67,195.206,52,27,0,
12,13,bottom,other,432.154,306.198,233,18,0,
12,14,bottom,host,291.55,189.049,52,27,0,
12,14,bottom,other,424.168,312.216,233,18,0,
12,15,bottom,host,299.43,182.892,52,27,0,
12,15,bottom,other,416.182,318.234,233,18,0,
12,16,bottom,host,307.31,176.735,52,27,0,
12,16,bottom,other,408.196,324.252,233,18,0,
12,17,bottom,host,315.19,170.578,52,27,0,
12,17,bottom,other,400.21,330.27,233,18,0,
12,18,bottom,host,323.07,164.421,52,27,0,
12,18,bottom,other,392.224,336.288,233,18,0,
12,19,bottom,host,330.95,158.264,52,27,0,
12,19,bottom,other,384.238,342.306,233,18,0,
12,20,bottom,host,338.83,152.107,52,27,0,
12,20,bottom,other,376.252,348.324,233,18,0,
12,21,bottom,host,346.71,145.95,52,28,0,
12,21,bottom,other,368.266,354.342,233,22,0,
12,22,bottom,host,346.71,145.95,52,28,0,
12,22,bottom,other,368.266,354.342,233,22,0,
12,23,bottom,host,346.71,145.95,52,28,0,
12,23,bottom,other,368.266,354.342,233,22,0,
13,1,top,host,188.29,234.408,56,28,0,
13,1,top,other,530,240,270,22,0,
13,2,top,host,196.58,228.816,56,28,0,
13,2,top,other,521.613,234.554,303,22,0,
13,3,top,host,204.87,223.224,56,28,0,
13,3,top,other,513.226,229.108,303,22,0,
13,4,top,host,213.16,217.632,56,28,0,
13,4,top,other,504.839,223.662,303,22,0,
13,5,top,host,221.45,212.04,56,28,0,
13,5,top,other,496.959,229.819,232,22,0,
13,6,top,host,229.74,206.448,56,28,0,
13,6,top,other,489.079,235.976,232,22,0,
13,7,top,host,238.03,200.856,56,28,0,
13,7,top,other,481.199,242.133,232,22,0,
13,8,top,host,246.32,195.264,56,28,0,
13,8,top,other,473.319,248.29,232,22,0,
13,9,top,host,254.61,189.672,56,28,0,
13,9,top,other,465.439,254.447,232,22,0,
13,10,top,host,262.9,184.08,56,28,0,
13,10,top,other,457.559,260.604,232,22,0,
13,11,top,host,271.19,178.488,56,28,0,
13,11,top,other,449.679,266.761,232,22,0,
13,12,top,host,279.48,172.896,56,28,0,
13,12,top,other,441.799,272.918,232,22,0,
13,13,top,host,287.77,167.304,56,28,0,
13,13,top,other,433.919,279.075,232,22,0,
13,14,top,host,296.06,161.712,56,28,0,
13,14,top,other,426.039,285.232,232,22,0,
13,15,top,host,304.35,156.12,56,28,0,
13,15,top,other,418.159,291.389,232,22,0,
13,16,top,host,312.64,150.528,56,28,0,
13,16,top,other,410.279,297.546,232,22,0,
13,17,top,host,320.93,144.936,56,28,0,
13,17,top,other,402.399,303.703,232,22,0,
13,18,top,host,329.22,139.344,56,28,0,
13,18,top,other,394.519,309.86,232,22,0,
13,19,top,host,337.51,133.752,56,28,0,
13,19,top,other,386.639,316.017,232,22,0,
13,20,top,host,345.8,128.16,56,32,0,
13,20,top,other,378.759,322.174,232,23,0,
13,21,top,host,345.8,128.16,56,32,0,
13,21,top,other,378.759,322.174,232,23,0,
13,22,top,host,345.8,128.16,56,32,0,
13,22,top,other,378.759,322.174,232,23,0,
14,1,bottom,host,188.387,234.554,57,32,0,
14,1,bottom,other,530,240,270,23,0,
14,2,bottom,host,196.774,229.108,57,32,0,
14,2,bottom,other,521.71,245.592,236,23,0,
14,3,bottom,host,205.161,223.662,57,32,0,
14,3,bottom,other,513.42,251.184,236,23,0,
14,4,bottom,host,213.548,218.216,57,32,0,
14,4,bottom,other,505.13,256.776,236,23,0,
14,5,bottom,host,221.935,212.77,57,32,0,
14,5,bottom,other,496.84,262.368,236,23,0,
14,6,bottom,host,230.322,207.324,57,32,0,
14,6,bottom,other,488.55,267.96,236,23,0,
14,7,bottom,host,238.709,201.878,57,32,0,
14,7,bottom,other,480.26,273.552,236,23,0,
14,8,bottom,host,247.096,196.432,57,32,0,
14,8,bottom,other,471.97,279.144,236,23,0,
14,9,bottom,host,255.483,190.986,57,32,0,
14,9,bottom,other,463.68,284.736,236,23,0,
14,10,bottom,host,263.87,185.54,57,32,0,
14,10,bottom,other,455.39,290.328,236,23,0,
14,11,bottom,host,272.257,180.094,57,32,0,
14,11,bottom,other,447.1,295.92,236,23,0,
14,12,bottom,host,280.644,174.648,57,32,0,
14,12,bottom,other,438.81,301.512,236,23,0,
14,13,bottom,host,289.031,169.202,57,32,0,
14,13,bottom,other,430.52,307.104,236,23,0,
14,14,bottom,host,297.418,163.756,57,32,0,
14,14,bottom,other,422.23,312.696,236,23,0,
14,15,bottom,host,305.805,158.31,57,32,0,
14,15,bottom,other,413.94,318.288,236,23,0,
14,16,bottom,host,314.192,152.864,57,32,0,
14,16,bottom,other,405.65,323.88,236,23,0,
14,17,bottom,host,322.579,147.418,57,32,0,
14,17,bottom,other,397.36,329.472,236,23,0,
14,18,bottom,host,330.966,141.972,57,32,0,
14,18,bottom,other,389.07,335.064,236,23,0,
14,19,bottom,host,339.353,136.526,57,32,0,
14,19,bottom,other,380.78,340.656,236,23,0,
14,20,bottom,host,347.74,131.08,57,33,0,
14,20,bottom,other,372.49,346.248,236,27,0,
14,21,bottom,host,347.74,131.08,57,33,0,
14,21,bottom,other,372.49,346.248,236,27,0,
14,22,bottom,host,347.74,131.08,57,33,0,
14,22,bottom,other,372.49,346.248,236,27,0,
15,1,bottom,host,188.387,234.554,57,33,0,
15,1,bottom,other,530,240,270,27,0,
15,2,bottom,host,196.774,229.108,57,33,0,
15,2,bottom,other,521.71,234.408,304,27,0,
15,3,bottom,host,205.161,223.662,57,33,0,
15,3,bottom,other,513.42,228.816,304,27,0,
15,4,bottom,host,213.548,218.216,57,33,0,
15,4,bottom,other,505.13,223.224,304,27,0,
15,5,bottom,host,221.935,212.77,57,33,0,
15,5,bottom,other,496.84,217.632,304,27,0,
15,6,bottom,host,230.322,207.324,57,33,0,
15,6,bottom,other,488.55,212.04,304,27,0,
15,7,bottom,host,238.709,201.878,57,33,0,
15,7,bottom,other,481.603,219.233,224,27,0,
15,8,bottom,host,247.096,196.432,57,33,0,
15,8,bottom,other,474.656,226.426,224,27,0,
15,9,bottom,host,255.483,190.986,57,33,0,
15,9,bottom,other,467.709,233.619,224,27,0,
15,10,bottom,host,263.87,185.54,57,33,0,
15,10,bottom,other,460.762,240.812,224,27,0,
15,11,bottom,host,272.257,180.094,57,33,0,
15,11,bottom,other,453.815,248.005,224,27,0,
15,12,bottom,host,280.644,174.648,57,33,0,
15,12,bottom,other,446.868,255.198,224,27,0,
15,13,bottom,host,289.031,169.202,57,33,0,
15,13,bottom,other,439.921,262.391,224,27,0,
15,14,bottom,host,297.418,163.756,57,33,0,
15,14,bottom,other,432.974,269.584,224,27,0,
15,15,bottom,host,305.805,158.31,57,33,0,
15,15,bottom,other,426.027,276.777,224,27,0,
15,16,bottom,host,314.192,152.864,57,33,0,
15,16,bottom,other,419.08,283.97,224,27,0,
15,17,bottom,host,322.579,147.418,57,33,0,
15,17,bottom,other,412.133,291.163,224,27,0,
15,18,bottom,host,330.966,141.972,57,33,0,
15,18,bottom,other,405.186,298.356,224,27,0,
15,19,bottom,host,339.353,136.526,57,33,0,
15,19,bottom,other,398.239,305.549,224,27,0,
15,20,bottom,host,347.74,131.08,57,34,0,
15,20,bottom,other,391.292,312.742,224,31,0,
15,21,bottom,host,347.74,131.08,57,34,0,
15,21,bottom,other,391.292,312.742,224,31,0,
15,22,bottom,host,347.74,131.08,57,34,0,
15,22,bottom,other,391.292,312.742,224,31,0,
16,1,top,host,190,240,90,34,0,
16,1,top,other,531.71,234.408,304,31,0,
16,2,top,host,200,240,90,34,0,
16,2,top,other,523.42,228.816,304,31,0,
16,3,top,host,210,240,90,34,0,
16,3,top,other,515.13,223.224,304,31,0,
16,4,top,host,220,240,90,34,0,
16,4,top,other,506.84,217.632,304,31,0,
16,5,top,host,230,240,90,34,0,
16,5,top,other,498.55,212.04,304,31,0,
16,6,top,host,240,240,90,34,0,
16,6,top,other,490.26,206.448,304,31,0,
16,7,top,host,250,240,90,34,0,
16,7,top,other,481.97,200.856,304,31,0,
16,8,top,host,260,240,90,34,0,
16,8,top,other,473.68,195.264,304,31,0,
16,9,top,host,270,240,90,34,0,
16,9,top,other,465.39,189.672,304,31,0,
16,10,top,host,276.691,247.431,138,34,0,
16,10,top,other,457.1,184.08,304,31,0,
16,11,top,host,283.382,254.862,138,34,0,
16,11,top,other,448.81,178.488,304,31,0,
16,12,top,host,290.073,262.293,138,34,0,
16,12,top,other,440.52,172.896,304,31,0,
16,13,top,host,296.764,269.724,138,34,0,
16,13,top,other,432.23,167.304,304,31,0,
16,14,top,host,303.455,277.155,138,34,0,
16,14,top,other,423.94,161.712,304,31,0,
16,15,top,host,310.146,284.586,138,34,0,
16,15,top,other,415.65,156.12,304,31,0,
16,16,top,host,316.837,292.017,138,34,0,
16,16,top,other,407.36,150.528,304,31,0,
16,17,top,host,323.528,299.448,138,34,0,
16,17,top,other,399.07,144.936,304,31,0,
16,18,top,host,330.219,306.879,138,34,0,
16,18,top,other,390.78,139.344,304,31,0,
16,19,top,host,336.91,314.31,138,34,0,
16,19,top,other,382.49,133.752,304,31,0,
16,20,top,host,343.601,321.741,138,35,0,
16,20,top,other,374.2,128.16,304,35,0,
16,21,top,host,343.601,321.741,138,35,0,
16,21,top,other,374.2,128.16,304,35,0,
16,22,top,host,343.601,321.741,138,35,0,
16,22,top,other,374.2,128.16,304,35,0,
17,1,bottom,host,190,240,90,35,0,
17,1,bottom,other,531.71,234.408,304,35,0,
17,2,bottom,host,200,240,90,35,0,
17,2,bottom,other,523.42,228.816,304,35,0,
17,3,bottom,host,210,240,90,35,0,
17,3,bottom,other,515.13,223.224,304,35,0,
17,4,bottom,host,220,240,90,35,0,
17,4,bottom,other,506.84,217.632,304,35,0,
17,5,bottom,host,230,240,90,35,0,
17,5,bottom,other,498.55,212.04,304,35,0,
17,6,bottom,host,237.431,246.691,132,35,0,
17,6,bottom,other,490.26,206.448,304,35,0,
17,7,bottom,host,244.862,253.382,132,35,0,
17,7,bottom,other,481.97,200.856,304,35,0,
17,8,bottom,host,252.293,260.073,132,35,0,
17,8,bottom,other,473.68,195.264,304,35,0,
17,9,bottom,host,259.724,266.764,132,35,0,
17,9,bottom,other,465.39,189.672,304,35,0,
17,10,bottom,host,267.155,273.455,132,35,0,
17,10,bottom,other,457.1,184.08,304,35,0,
17,11,bottom,host,274.586,280.146,132,35,0,
17,11,bottom,other,448.81,178.488,304,35,0,
17,12,bottom,host,282.017,286.837,132,35,0,
17,12,bottom,other,440.52,172.896,304,35,0,
17,13,bottom,host,289.448,293.528,132,35,0,
17,13,bottom,other,432.23,167.304,304,35,0,
17,14,bottom,host,296.879,300.219,132,35,0,
17,14,bottom,other,423.94,161.712,304,35,0,
17,15,bottom,host,304.31,306.91,132,35,0,
17,15,bottom,other,415.65,156.12,304,35,0,
17,16,bottom,host,311.741,313.601,132,35,0,
17,16,bottom,other,407.36,150.528,304,35,0,
17,17,bottom,host,319.172,320.292,132,35,0,
17,17,bottom,other,399.07,144.936,304,35,0,
17,18,bottom,host,326.603,326.983,132,35,0,
17,18,bottom,other,390.78,139.344,304,35,0,
17,19,bottom,host,334.034,333.674,132,35,0,
17,19,bottom,other,382.49,133.752,304,35,0,
17,20,bottom,host,341.465,340.365,132,39,0,
17,20,bottom,other,374.2,128.16,304,36,0,
17,21,bottom,host,341.465,340.365,132,39,0,
17,21,bottom,other,374.2,128.16,304,36,0,
17,22,bottom,host,341.465,340.365,132,39,0,
17,22,bottom,other,374.2,128.16,304,36,0,
18,1,bottom,host,190,240,90,39,0,
18,1,bottom,other,531.613,234.554,303,36,0,
18,2,bottom,host,200,240,90,39,0,
18,2,bottom,other,523.226,229.108,303,36,0,
18,3,bottom,host,210,240,90,39,0,
18,3,bottom,other,514.839,223.662,303,36,0,
18,4,bottom,host,220,240,90,39,0,
18,4,bottom,other,506.452,218.216,303,36,0,
18,5,bottom,host,230,240,90,39,0,
18,5,bottom,other,498.065,212.77,303,36,0,
18,6,bottom,host,240,240,90,39,0,
18,6,bottom,other,489.678,207.324,303,36,0,
18,7,bottom,host,250,240,90,39,0,
18,7,bottom,other,481.291,201.878,303,36,0,
18,8,bottom,host,260,240,90,39,0,
18,8,bottom,other,472.904,196.432,303,36,0,
18,9,bottom,host,267.193,246.947,134,39,0,
18,9,bottom,other,464.517,190.986,303,36,0,
18,10,bottom,host,274.386,253.894,134,39,0,
18,10,bottom,other,456.13,185.54,303,36,0,
18,11,bottom,host,281.579,260.841,134,39,0,
18,11,bottom,other,447.743,180.094,303,36,0,
18,12,bottom,host,288.772,267.788,134,39,0,
18,12,bottom,other,439.356,174.648,303,36,0,
18,13,bottom,host,295.965,274.735,134,39,0,
18,13,bottom,other,430.969,169.202,303,36,0,
18,14,bottom,host,303.158,281.682,134,39,0,
18,14,bottom,other,422.582,163.756,303,36,0,
18,15,bottom,host,310.351,288.629,134,39,0,
18,15,bottom,other,414.195,158.31,303,36,0,
18,16,bottom,host,317.544,295.576,134,39,0,
18,16,bottom,other,405.808,152.864,303,36,0,
18,17,bottom,host,324.737,302.523,134,39,0,
18,17,bottom,other,397.421,147.418,303,36,0,
18,18,bottom,host,331.93,309.47,134,39,0,
18,18,bottom,other,389.034,141.972,303,36,0,
18,19,bottom,host,339.123,316.417,134,39,0,
18,19,bottom,other,380.647,136.526,303,36,0,
18,20,bottom,host,346.316,323.364,134,43,0,
18,20,bottom,other,372.26,131.08,303,37,0,
18,21,bottom,host,346.316,323.364,134,43,0,
18,21,bottom,other,372.26,131.08,303,37,0,
18,22,bottom,host,346.316,323.364,134,43,0,
18,22,bottom,other,372.26,131.08,303,37,0,
19,1,bottom,host,188.29,245.592,124,43,0,
19,1,bottom,other,531.71,234.408,304,37,0,
19,2,bottom,host,196.58,251.184,124,43,0,
19,2,bottom,other,523.42,228.816,304,37,0,
19,3,bottom,host,204.87,256.776,124,43,0,
19,3,bottom,other,515.13,223.224,304,37,0,
19,4,bottom,host,213.16,262.368,124,43,0,
19,4,bottom,other,506.84,217.632,304,37,0,
19,5,bottom,host,221.45,267.96,124,43,0,
19,5,bottom,other,498.55,212.04,304,37,0,
19,6,bottom,host,229.74,273.552,124,43,0,
19,6,bottom,other,490.26,206.448,304,37,0,
19,7,bottom,host,238.03,279.144,124,43,0,
19,7,bottom,other,481.97,200.856,304,37,0,
19,8,bottom,host,246.32,284.736,124,43,0,
19,8,bottom,other,473.68,195.264,304,37,0,
19,9,bottom,host,254.61,290.328,124,43,0,
19,9,bottom,other,465.39,189.672,304,37,0,
19,10,bottom,host,262.9,295.92,124,43,0,
19,10,bottom,other,457.1,184.08,304,37,0,
19,11,bottom,host,271.19,301.512,124,43,0,
19,11,bottom,other,448.81,178.488,304,37,0,
19,12,bottom,host,279.48,307.104,124,43,0,
19,12,bottom,other,440.52,172.896,304,37,0,
19,13,bottom,host,287.77,312.696,124,43,0,
19,13,bottom,other,432.23,167.304,304,37,0,
19,14,bottom,host,296.06,318.288,124,43,0,
19,14,bottom,other,423.94,161.712,304,37,0,
19,15,bottom,host,304.35,323.88,124,43,0,
19,15,bottom,other,415.65,156.12,304,37,0,
19,16,bottom,host,312.64,329.472,124,43,0,
19,16,bottom,other,407.36,150.528,304,37,0,
19,17,bottom,host,320.93,335.064,124,43,0,
19,17,bottom,other,399.07,144.936,304,37,0,
19,18,bottom,host,329.22,340.656,124,43,0,
19,18,bottom,other,390.78,139.344,304,37,0,
19,19,bottom,host,337.51,346.248,124,43,0,
19,19,bottom,other,382.49,133.752,304,37,0,
19,20,bottom,host,345.8,351.84,124,47,0,
19,20,bottom,other,374.2,128.16,304,38,0,
19,21,bottom,host,345.8,351.84,124,47,0,
19,21,bottom,other,374.2,128.16,304,38,0,
19,22,bottom,host,345.8,351.84,124,47,0,
19,22,bottom,other,374.2,128.16,304,38,0,
20,1,bottom,host,190,240,90,47,0,
20,1,bottom,other,531.71,234.408,304,38,0,
20,2,bottom,host,198.29,245.592,124,47,0,
20,2,bottom,other,523.42,228.816,304,38,0,
20,3,bottom,host,206.58,251.184,124,47,0,
20,3,bottom,other,515.13,223.224,304,38,0,
20,4,bottom,host,214.87,256.776,124,47,0,
20,4,bottom,other,506.84,217.632,304,38,0,
20,5,bottom,host,223.16,262.368,124,47,0,
20,5,bottom,other,498.55,212.04,304,38,0,
20,6,bottom,host,231.45,267.96,124,47,0,
20,6,bottom,other,490.26,206.448,304,38,0,
20,7,bottom,host,239.74,273.552,124,47,0,
20,7,bottom,other,481.97,200.856,304,38,0,
20,8,bottom,host,248.03,279.144,124,47,0,
20,8,bottom,other,473.68,195.264,304,38,0,
20,9,bottom,host,256.32,284.736,124,47,0,
20,9,bottom,other,465.39,189.672,304,38,0,
20,10,bottom,host,264.61,290.328,124,47,0,
20,10,bottom,other,457.1,184.08,304,38,0,
20,11,bottom,host,272.9,295.92,124,47,0,
20,11,bottom,other,448.81,178.488,304,38,0,
20,12,bottom,host,281.19,301.512,124,47,0,
20,12,bottom,other,440.52,172.896,304,38,0,
20,13,bottom,host,289.48,307.104,124,47,0,
20,13,bottom,other,432.23,167.304,304,38,0,
20,14,bottom,host,297.77,312.696,124,47,0,
20,14,bottom,other,423.94,161.712,304,38,0,
20,15,bottom,host,306.06,318.288,124,47,0,
20,15,bottom,other,415.65,156.12,304,38,0,
20,16,bottom,host,314.35,323.88,124,47,0,
20,16,bottom,other,407.36,150.528,304,38,0,
20,17,bottom,host,322.64,329.472,124,47,0,
20,17,bottom,other,399.07,144.936,304,38,0,
20,18,bottom,host,330.93,335.064,124,47,0,
20,18,bottom,other,390.78,139.344,304,38,0,
20,19,bottom,host,339.22,340.656,124,47,0,
20,19,bottom,other,382.49,133.752,304,38,0,
20,20,bottom,host,347.51,346.248,124,51,0,
20,20,bottom,other,374.2,128.16,304,39,0,
20,21,bottom,host,347.51,346.248,124,51,0,
20,21,bottom,other,374.2,128.16,304,39,0,
20,22,bottom,host,347.51,346.248,124,51,0,
20,22,bottom,other,374.2,128.16,304,39,0,
21,1,bottom,host,188.29,245.592,124,51,0,
21,1,bottom,other,531.613,234.554,303,39,0,
21,2,bottom,host,196.58,251.184,124,51,0,
21,2,bottom,other,523.226,229.108,303,39,0,
21,3,bottom,host,204.87,256.776,124,51,0,
21,3,bottom,other,514.839,223.662,303,39,0,
21,4,bottom,host,213.16,262.368,124,51,0,
21,4,bottom,other,506.452,218.216,303,39,0,
21,5,bottom,host,221.45,267.96,124,51,0,
21,5,bottom,other,498.065,212.77,303,39,0,
21,6,bottom,host,229.74,273.552,124,51,0,
21,6,bottom,other,489.678,207.324,303,39,0,
21,7,bottom,host,238.03,279.144,124,51,0,
21,7,bottom,other,481.291,201.878,303,39,0,
21,8,bottom,host,246.32,284.736,124,51,0,
21,8,bottom,other,472.904,196.432,303,39,0,
21,9,bottom,host,254.61,290.328,124,51,0,
21,9,bottom,other,464.517,190.986,303,39,0,
21,10,bottom,host,262.9,295.92,124,51,0,
21,10,bottom,other,456.13,185.54,303,39,0,
21,11,bottom,host,271.19,301.512,124,51,0,
21,11,bottom,other,447.743,180.094,303,39,0,
21,12,bottom,host,279.48,307.104,124,51,0,
21,12,bottom,other,439.356,174.648,303,39,0,
21,13,bottom,host,287.77,312.696,124,51,0,
21,13,bottom,other,430.969,169.202,303,39,0,
21,14,bottom,host,296.06,318.288,124,51,0,
21,14,bottom,other,422.582,163.756,303,39,0,
21,15,bottom,host,304.35,323.88,124,51,0,
21,15,bottom,other,414.195,158.31,303,39,0,
21,16,bottom,host,312.64,329.472,124,51,0,
21,16,bottom,other,405.808,152.864,303,39,0,
21,17,bottom,host,320.93,335.064,124,51,0,
21,17,bottom,other,397.421,147.418,303,39,0,
21,18,bottom,host,329.22,340.656,124,51,0,
21,18,bottom,other,389.034,141.972,303,39,0,
21,19,bottom,host,337.51,346.248,124,51,0,
21,19,bottom,other,380.647,136.526,303,39,0,
21,20,bottom,host,345.8,351.84,124,55,0,
21,20,bottom,other,372.26,131.08,303,40,0,
21,21,bottom,host,345.8,351.84,124,55,0,
21,21,bottom,other,372.26,131.08,303,40,0,
21,22,bottom,host,345.8,351.84,124,55,0,
21,22,bottom,other,372.26,131.08,303,40,0,
22,1,top,host,190,240,90,55,0,
22,1,top,other,531.71,234.408,304,40,0,
22,2,top,host,200,240,90,55,0,
22,2,top,other,523.42,228.816,304,40,0,
22,3,top,host,208.387,234.554,57,55,0,
22,3,top,other,515.13,223.224,304,40,0,
22,4,top,host,216.047,240.982,130,55,0,
22,4,top,other,506.84,217.632,304,40,0,
22,5,top,host,223.707,247.41,130,55,0,
22,5,top,other,498.55,212.04,304,40,0,
22,6,top,host,231.367,253.838,130,55,0,
22,6,top,other,490.26,206.448,304,40,0,
22,7,top,host,239.027,260.266,130,55,0,
22,7,top,other,481.97,200.856,304,40,0,
22,8,top,host,246.687,266.694,130,55,0,
22,8,top,other,473.68,195.264,304,40,0,
22,9,top,host,254.347,273.122,130,55,0,
22,9,top,other,465.39,189.672,304,40,0,
22,10,top,host,262.007,279.55,130,55,0,
22,10,top,other,457.1,184.08,304,40,0,
22,11,top,host,269.667,285.978,130,55,0,
22,11,top,other,448.81,178.488,304,40,0,
22,12,top,host,277.327,292.406,130,55,0,
22,12,top,other,440.52,172.896,304,40,0,
22,13,top,host,284.987,298.834,130,55,0,
22,13,top,other,432.23,167.304,304,40,0,
22,14,top,host,292.647,305.262,130,55,0,
22,14,top,other,423.94,161.712,304,40,0,
22,15,top,host,300.307,311.69,130,55,0,
22,15,top,other,415.65,156.12,304,40,0,
22,16,top,host,307.967,318.118,130,55,0,
22,16,top,other,407.36,150.528,304,40,0,
22,17,top,host,315.627,324.546,130,55,0,
22,17,top,other,399.07,144.936,304,40,0,
22,18,top,host,323.287,330.974,130,55,0,
22,18,top,other,390.78,139.344,304,40,0,
22,19,top,host,330.947,337.402,130,55,0,
22,19,top,other,382.49,133.752,304,40,0,
22,20,top,host,338.607,343.83,130,56,0,
22,20,top,other,374.2,128.16,304,44,0,
22,21,top,host,338.607,343.83,130,56,0,
22,21,top,other,374.2,128.16,304,44,0,
22,22,top,host,338.607,343.83,130,56,0,
22,22,top,other,374.2,128.16,304,44,0,
23,1,top,host,188.09,245.878,126,56,0,
23,1,top,other,531.613,234.554,303,44,0,
23,2,top,host,196.18,251.756,126,56,0,
23,2,top,other,523.226,229.108,303,44,0,
23,3,top,host,204.27,257.634,126,56,0,
23,3,top,other,514.839,223.662,303,44,0,
23,4,top,host,212.36,263.512,126,56,0,
23,4,top,other,506.452,218.216,303,44,0,
23,5,top,host,220.45,269.39,126,56,0,
23,5,top,other,498.065,212.77,303,44,0,
23,6,top,host,228.54,275.268,126,56,0,
23,6,top,other,489.678,207.324,303,44,0,
23,7,top,host,236.63,281.146,126,56,0,
23,7,top,other,481.291,201.878,303,44,0,
23,8,top,host,244.72,287.024,126,56,0,
23,8,top,other,472.904,196.432,303,44,0,
23,9,top,host,252.81,292.902,126,56,0,
23,9,top,other,464.517,190.986,303,44,0,
23,10,top,host,260.9,298.78,126,56,0,
23,10,top,other,456.13,185.54,303,44,0,
23,11,top,host,268.99,304.658,126,56,0,
23,11,top,other,447.743,180.094,303,44,0,
23,12,top,host,277.08,310.536,126,56,0,
23,12,top,other,439.356,174.648,303,44,0,
23,13,top,host,285.17,316.414,126,56,0,
23,13,top,other,430.969,169.202,303,44,0,
23,14,top,host,293.26,322.292,126,56,0,
23,14,top,other,422.582,163.756,303,44,0,
23,15,top,host,301.35,328.17,126,56,0,
23,15,top,other,414.195,158.31,303,44,0,
23,16,top,host,309.44,334.048,126,56,0,
23,16,top,other,405.808,152.864,303,44,0,
23,17,top,host,317.53,339.926,126,56,0,
23,17,top,other,397.421,147.418,303,44,0,
23,18,top,host,325.62,345.804,126,56,0,
23,18,top,other,389.034,141.972,303,44,0,
23,19,top,host,333.71,351.682,126,56,0,
23,19,top,other,380.647,136.526,303,44,0,
23,20,top,host,341.8,357.56,126,57,0,
23,20,top,other,372.26,131.08,303,48,0,
23,21,top,host,341.8,357.56,126,57,0,
23,21,top,other,372.26,131.08,303,48,0,
23,22,top,host,341.8,357.56,126,57,0,
23,22,top,other,372.26,131.08,303,48,0,
24,1,top,host,188.192,245.736,125,57,0,
24,1,top,other,531.71,245.592,236,48,0,
24,2,top,host,196.384,251.472,125,57,0,
24,2,top,other,523.42,251.184,236,48,0,
24,3,top,host,204.576,257.208,125,57,0,
24,3,top,other,515.13,256.776,236,48,0,
24,4,top,host,213.236,252.208,60,57,0,
24,4,top,other,506.84,262.368,236,48,0,
24,5,top,host,221.896,247.208,60,57,0,
24,5,top,other,498.55,267.96,236,48,0,
24,6,top,host,230.556,242.208,60,57,0,
24,6,top,other,490.26,273.552,236,48,0,
24,7,top,host,239.216,237.208,60,57,0,
24,7,top,other,481.97,279.144,236,48,0,
24,8,top,host,247.876,232.208,60,57,0,
24,8,top,other,473.68,284.736,236,48,0,
24,9,top,host,256.536,227.208,60,57,0,
24,9,top,other,465.39,290.328,236,48,0,
24,10,top,host,265.196,222.208,60,57,0,
24,10,top,other,457.1,295.92,236,48,0,
24,11,top,host,273.856,217.208,60,57,0,
24,11,top,other,448.81,301.512,236,48,0,
24,12,top,host,281.049,210.261,46,57,0,
24,12,top,other,440.52,307.104,236,48,0,
24,13,top,host,288.242,203.314,46,57,0,
24,13,top,other,432.23,312.696,236,48,0,
24,14,top,host,295.435,196.367,46,57,0,
24,14,top,other,423.94,318.288,236,48,0,
24,15,top,host,302.628,189.42,46,57,0,
24,15,top,other,415.65,323.88,236,48,0,
24,16,top,host,309.821,182.473,46,57,0,
24,16,top,other,407.36,329.472,236,48,0,
24,17,top,host,317.014,175.526,46,57,0,
24,17,top,other,399.07,335.064,236,48,0,
24,18,top,host,324.207,168.579,46,57,0,
24,18,top,other,390.78,340.656,236,48,0,
24,19,top,host,331.4,161.632,46,57,0,
24,19,top,other,382.49,346.248,236,48,0,
24,20,top,host,338.593,154.685,46,61,0,
24,20,top,other,374.2,351.84,236,49,0,
24,21,top,host,338.593,154.685,46,61,0,
24,21,top,other,374.2,351.84,236,49,0,
24,22,top,host,338.593,154.685,46,61,0,
24,22,top,other,374.2,351.84,236,49,0,
25,1,top,host,188.48,234.701,58,61,0,
25,1,top,other,531.71,245.592,236,49,0,
25,2,top,host,196.96,229.402,58,61,0,
25,2,top,other,523.42,251.184,236,49,0,
25,3,top,host,205.44,224.103,58,61,0,
25,3,top,other,515.13,256.776,236,49,0,
25,4,top,host,213.92,218.804,58,61,0,
25,4,top,other,506.84,262.368,236,49,0,
25,5,top,host,222.4,213.505,58,61,0,
25,5,top,other,498.55,267.96,236,49,0,
25,6,top,host,230.88,208.206,58,61,0,
25,6,top,other,490.26,273.552,236,49,0,
25,7,top,host,239.36,202.907,58,61,0,
25,7,top,other,481.97,279.144,236,49,0,
25,8,top,host,247.84,197.608,58,61,0,
25,8,top,other,473.68,284.736,236,49,0,
25,9,top,host,256.32,192.309,58,61,0,
25,9,top,other,465.39,290.328,236,49,0,
25,10,top,host,264.8,187.01,58,61,0,
25,10,top,other,457.1,295.92,236,49,0,
25,11,top,host,273.28,181.711,58,61,0,
25,11,top,other,448.81,301.512,236,49,0,
25,12,top,host,281.76,176.412,58,61,0,
25,12,top,other,440.52,307.104,236,49,0,
25,13,top,host,290.24,171.113,58,61,0,
25,13,top,other,432.23,312.696,236,49,0,
25,14,top,host,298.72,165.814,58,61,0,
25,14,top,other,423.94,318.288,236,49,0,
25,15,top,host,307.2,160.515,58,61,0,
25,15,top,other,415.65,323.88,236,49,0,
25,16,top,host,315.68,155.216,58,61,0,
25,16,top,other,407.36,329.472,236,49,0,
25,17,top,host,324.16,149.917,58,61,0,
25,17,top,other,399.07,335.064,236,49,0,
25,18,top,host,332.64,144.618,58,61,0,
25,18,top,other,390.78,340.656,236,49,0,
25,19,top,host,341.12,139.319,58,61,0,
25,19,top,other,382.49,346.248,236,49,0,
25,20,top,host,349.6,134.02,58,65,0,
25,20,top,other,374.2,351.84,236,50,0,
25,21,top,host,349.6,134.02,58,65,0,
25,21,top,other,374.2,351.84,236,50,0,
25,22,top,host,349.6,134.02,58,65,0,
25,22,top,other,374.2,351.84,236,50,0,
26,1,bottom,host,190,240,90,65,0,
26,1,bottom,other,531.71,234.408,304,50,0,
26,2,bottom,host,198.29,234.408,56,65,0,
26,2,bottom,other,523.42,228.816,304,50,0,
26,3,bottom,host,206.58,228.816,56,65,0,
26,3,bottom,other,515.13,223.224,304,50,0,
26,4,bottom,host,214.566,234.834,127,65,0,
26,4,bottom,other,506.84,217.632,304,50,0,
26,5,bottom,host,222.552,240.852,127,65,0,
26,5,bottom,other,498.55,212.04,304,50,0,
26,6,bottom,host,230.538,246.87,127,65,0,
26,6,bottom,other,490.26,206.448,304,50,0,
26,7,bottom,host,238.524,252.888,127,65,0,
26,7,bottom,other,481.97,200.856,304,50,0,
26,8,bottom,host,246.51,258.906,127,65,0,
26,8,bottom,other,473.68,195.264,304,50,0,
26,9,bottom,host,254.496,264.924,127,65,0,
26,9,bottom,other,465.39,189.672,304,50,0,
26,10,bottom,host,262.482,270.942,127,65,0,
26,10,bottom,other,457.1,184.08,304,50,0,
26,11,bottom,host,270.468,276.96,127,65,0,
26,11,bottom,other,448.81,178.488,304,50,0,
26,12,bottom,host,278.454,282.978,127,65,0,
26,12,bottom,other,440.52,172.896,304,50,0,
26,13,bottom,host,286.44,288.996,127,65,0,
26,13,bottom,other,432.23,167.304,304,50,0,
26,14,bottom,host,294.426,295.014,127,65,0,
26,14,bottom,other,423.94,161.712,304,50,0,
26,15,bottom,host,302.412,301.032,127,65,0,
26,15,bottom,other,415.65,156.12,304,50,0,
26,16,bottom,host,310.398,307.05,127,65,0,
26,16,bottom,other,407.36,150.528,304,50,0,
26,17,bottom,host,318.384,313.068,127,65,0,
26,17,bottom,other,399.07,144.936,304,50,0,
26,18,bottom,host,326.37,319.086,127,65,0,
26,18,bottom,other,390.78,139.344,304,50,0,
26,19,bottom,host,334.356,325.104,127,65,0,
26,19,bottom,other,382.49,133.752,304,50,0,
26,20,bottom,host,342.342,331.122,127,69,0,
26,20,bottom,other,374.2,128.16,304,51,0,
26,21,bottom,host,342.342,331.122,127,69,0,
26,21,bottom,other,374.2,128.16,304,51,0,
26,22,bottom,host,342.342,331.122,127,69,0,
26,22,bottom,other,374.2,128.16,304,51,0,
27,1,top,host,188.29,234.408,56,69,0,
27,1,top,other,531.71,234.408,304,51,0,
27,2,top,host,196.58,228.816,56,69,0,
27,2,top,other,523.42,228.816,304,51,0,
27,3,top,host,204.87,223.224,56,69,0,
27,3,top,other,515.13,223.224,304,51,0,
27,4,top,host,213.16,217.632,56,69,0,
27,4,top,other,506.84,217.632,304,51,0,
27,5,top,host,221.45,212.04,56,69,0,
27,5,top,other,498.55,212.04,304,51,0,
27,6,top,host,227.743,219.811,141,69,0,
27,6,top,other,490.26,206.448,304,51,0,
27,7,top,host,234.036,227.582,141,69,0,
27,7,top,other,481.97,200.856,304,51,0,
27,8,top,host,240.329,235.353,141,69,0,
27,8,top,other,473.68,195.264,304,51,0,
27,9,top,host,246.622,243.124,141,69,0,
27,9,top,other,465.39,189.672,304,51,0,
27,10,top,host,252.915,250.895,141,69,0,
27,10,top,other,457.1,184.08,304,51,0,
27,11,top,host,259.208,258.666,141,69,0,
27,11,top,other,448.81,178.488,304,51,0,
27,12,top,host,265.501,266.437,141,69,0,
27,12,top,other,440.52,172.896,304,51,0,
27,13,top,host,271.794,274.208,141,69,0,
27,13,top,other,432.23,167.304,304,51,0,
27,14,top,host,278.087,281.979,141,69,0,
27,14,top,other,423.94,161.712,304,51,0,
27,15,top,host,284.38,289.75,141,69,0,
27,15,top,other,415.65,156.12,304,51,0,
27,16,top,host,290.673,297.521,141,69,0,
27,16,top,other,407.36,150.528,304,51,0,
27,17,top,host,296.966,305.292,141,69,0,
27,17,top,other,399.07,144.936,304,51,0,
27,18,top,host,303.259,313.063,141,69,0,
27,18,top,other,390.78,139.344,304,51,0,
27,19,top,host,309.552,320.834,141,69,0,
27,19,top,other,382.49,133.752,304,51,0,
27,20,top,host,315.845,328.605,141,70,0,
27,20,top,other,374.2,128.16,304,55,0,
27,21,top,host,315.845,328.605,141,70,0,
27,21,top,other,374.2,128.16,304,55,0,
27,22,top,host,315.845,328.605,141,70,0,
27,22,top,other,374.2,128.16,304,55,0,
28,1,top,host,187.986,246.018,127,70,0,
28,1,top,other,531.613,234.554,303,55,0,
28,2,top,host,195.972,252.036,127,70,0,
28,2,top,other,523.226,229.108,303,55,0,
28,3,top,host,203.958,258.054,127,70,0,
28,3,top,other,514.839,223.662,303,55,0,
28,4,top,host,211.944,264.072,127,70,0,
28,4,top,other,506.452,218.216,303,55,0,
28,5,top,host,219.93,270.09,127,70,0,
28,5,top,other,498.065,212.77,303,55,0,
28,6,top,host,227.916,276.108,127,70,0,
28,6,top,other,489.678,207.324,303,55,0,
28,7,top,host,235.902,282.126,127,70,0,
28,7,top,other,481.291,201.878,303,55,0,
28,8,top,host,243.888,288.144,127,70,0,
28,8,top,other,472.904,196.432,303,55,0,
28,9,top,host,251.874,294.162,127,70,0,
28,9,top,other,464.517,190.986,303,55,0,
28,10,top,host,259.86,300.18,127,70,0,
28,10,top,other,456.13,185.54,303,55,0,
28,11,top,host,267.846,306.198,127,70,0,
28,11,top,other,447.743,180.094,303,55,0,
28,12,top,host,275.832,312.216,127,70,0,
28,12,top,other,439.356,174.648,303,55,0,
28,13,top,host,283.818,318.234,127,70,0,
28,13,top,other,430.969,169.202,303,55,0,
28,14,top,host,291.804,324.252,127,70,0,
28,14,top,other,422.582,163.756,303,55,0,
28,15,top,host,299.79,330.27,127,70,0,
28,15,top,other,414.195,158.31,303,55,0,
28,16,top,host,307.776,336.288,127,70,0,
28,16,top,other,405.808,152.864,303,55,0,
28,17,top,host,315.762,342.306,127,70,0,
28,17,top,other,397.421,147.418,303,55,0,
28,18,top,host,323.748,348.324,127,70,0,
28,18,top,other,389.034,141.972,303,55,0,
28,19,top,host,331.734,354.342,127,70,0,
28,19,top,other,380.647,136.526,303,55,0,
28,20,top,host,339.72,360.36,127,71,0,
28,20,top,other,372.26,131.08,303,59,0,
28,21,top,host,339.72,360.36,127,71,0,
28,21,top,other,372.26,131.08,303,59,0,
28,22,top,host,339.72,360.36,127,71,0,
28,22,top,other,372.26,131.08,303,59,0,
29,1,top,host,188.48,234.701,58,71,0,
29,1,top,other,531.71,234.408,304,59,0,
29,2,top,host,196.96,229.402,58,71,0,
29,2,top,other,523.42,228.816,304,59,0,
29,3,top,host,205.44,224.103,58,71,0,
29,3,top,other,515.13,223.224,304,59,0,
29,4,top,host,213.92,218.804,58,71,0,
29,4,top,other,506.84,217.632,304,59,0,
29,5,top,host,222.4,213.505,58,71,0,
29,5,top,other,498.55,212.04,304,59,0,
29,6,top,host,230.88,208.206,58,71,0,
29,6,top,other,490.26,206.448,304,59,0,
29,7,top,host,239.36,202.907,58,71,0,
29,7,top,other,483.313,213.641,224,59,0,
29,8,top,host,247.84,197.608,58,71,0,
29,8,top,other,476.366,220.834,224,59,0,
29,9,top,host,256.32,192.309,58,71,0,
29,9,top,other,469.419,228.027,224,59,0,
29,10,top,host,264.8,187.01,58,71,0,
29,10,top,other,462.472,235.22,224,59,0,
29,11,top,host,273.28,181.711,58,71,0,
29,11,top,other,455.525,242.413,224,59,0,
29,12,top,host,281.76,176.412,58,71,0,
29,12,top,other,448.578,249.606,224,59,0,
29,13,top,host,290.24,171.113,58,71,0,
29,13,top,other,441.631,256.799,224,59,0,
29,14,top,host,298.72,165.814,58,71,0,
29,14,top,other,434.684,263.992,224,59,0,
29,15,top,host,307.2,160.515,58,71,0,
29,15,top,other,427.737,271.185,224,59,0,
29,16,top,host,315.68,155.216,58,71,0,
29,16,top,other,420.79,278.378,224,59,0,
29,17,top,host,324.16,149.917,58,71,0,
29,17,top,other,413.843,285.571,224,59,0,
29,18,top,host,332.64,144.618,58,71,0,
29,18,top,other,406.896,292.764,224,59,0,
29,19,top,host,341.12,139.319,58,71,0,
29,19,top,other,399.949,299.957,224,59,0,
29,20,top,host,349.6,134.02,58,75,0,
29,20,top,other,393.002,307.15,224,60,0,
29,21,top,host,349.6,134.02,58,75,0,
29,21,top,other,393.002,307.15,224,60,0,
29,22,top,host,349.6,134.02,58,75,0,
29,22,top,other,393.002,307.15,224,60,0,
30,1,bottom,host,188.48,234.701,58,75,0,
30,1,bottom,other,531.613,245.446,237,60,0,
30,2,bottom,host,196.96,229.402,58,75,0,
30,2,bottom,other,523.226,250.892,237,60,0,
30,3,bottom,host,205.44,224.103,58,75,0,
30,3,bottom,other,514.839,256.338,237,60,0,
30,4,bottom,host,213.92,218.804,58,75,0,
30,4,bottom,other,506.452,261.784,237,60,0,
30,5,bottom,host,222.4,213.505,58,75,0,
30,5,bottom,other,498.065,267.23,237,60,0,
30,6,bottom,host,230.88,208.206,58,75,0,
30,6,bottom,other,489.678,272.676,237,60,0,
30,7,bottom,host,239.36,202.907,58,75,0,
30,7,bottom,other,481.291,278.122,237,60,0,
30,8,bottom,host,247.84,197.608,58,75,0,
30,8,bottom,other,472.904,283.568,237,60,0,
30,9,bottom,host,256.32,192.309,58,75,0,
30,9,bottom,other,464.517,289.014,237,60,0,
30,10,bottom,host,264.8,187.01,58,75,0,
30,10,bottom,other,456.13,294.46,237,60,0,
30,11,bottom,host,273.28,181.711,58,75,0,
30,11,bottom,other,447.743,299.906,237,60,0,
30,12,bottom,host,281.76,176.412,58,75,0,
30,12,bottom,other,439.356,305.352,237,60,0,
30,13,bottom,host,290.24,171.113,58,75,0,
30,13,bottom,other,430.969,310.798,237,60,0,
30,14,bottom,host,298.72,165.814,58,75,0,
30,14,bottom,other,422.582,316.244,237,60,0,
30,15,bottom,host,307.2,160.515,58,75,0,
30,15,bottom,other,414.195,321.69,237,60,0,
30,16,bottom,host,315.68,155.216,58,75,0,
30,16,bottom,other,405.808,327.136,237,60,0,
30,17,bottom,host,324.16,149.917,58,75,0,
30,17,bottom,other,397.421,332.582,237,60,0,
30,18,bottom,host,332.64,144.618,58,75,0,
30,18,bottom,other,389.034,338.028,237,60,0,
30,19,bottom,host,341.12,139.319,58,75,0,
30,19,bottom,other,380.647,343.474,237,60,0,
30,20,bottom,host,349.6,134.02,58,76,0,
30,20,bottom,other,372.26,348.92,237,64,0,
30,21,bottom,host,349.6,134.02,58,76,0,
30,21,bottom,other,372.26,348.92,237,64,0,
30,22,bottom,host,349.6,134.02,58,76,0,
30,22,bottom,other,372.26,348.92,237,64,0,
31,1,bottom,host,188.48,234.701,58,76,0,
31,1,bottom,other,530,240,270,64,0,
31,2,bottom,host,196.96,229.402,58,76,0,
31,2,bottom,other,521.71,245.592,236,64,0,
31,3,bottom,host,205.44,224.103,58,76,0,
31,3,bottom,other,513.42,251.184,236,64,0,
31,4,bottom,host,213.92,218.804,58,76,0,
31,4,bottom,other,505.13,256.776,236,64,0,
31,5,bottom,host,222.4,213.505,58,76,0,
31,5,bottom,other,496.84,262.368,236,64,0,
31,6,bottom,host,230.88,208.206,58,76,0,
31,6,bottom,other,488.55,267.96,236,64,0,
31,7,bottom,host,239.36,202.907,58,76,0,
31,7,bottom,other,480.26,273.552,236,64,0,
31,8,bottom,host,247.84,197.608,58,76,0,
31,8,bottom,other,471.97,279.144,236,64,0,
31,9,bottom,host,256.32,192.309,58,76,0,
31,9,bottom,other,463.68,284.736,236,64,0,
31,10,bottom,host,264.8,187.01,58,76,0,
31,10,bottom,other,455.39,290.328,236,64,0,
31,11,bottom,host,273.28,181.711,58,76,0,
31,11,bottom,other,447.1,295.92,236,64,0,
31,12,bottom,host,281.76,176.412,58,76,0,
31,12,bottom,other,438.81,301.512,236,64,0,
31,13,bottom,host,290.24,171.113,58,76,0,
31,13,bottom,other,430.52,307.104,236,64,0,
31,14,bottom,host,298.72,165.814,58,76,0,
31,14,bottom,other,422.23,312.696,236,64,0,
31,15,bottom,host,307.2,160.515,58,76,0,
31,15,bottom,other,413.94,318.288,236,64,0,
31,16,bottom,host,315.68,155.216,58,76,0,
31,16,bottom,other,405.65,323.88,236,64,0,
31,17,bottom,host,324.16,149.917,58,76,0,
31,17,bottom,other,397.36,329.472,236,64,0,
31,18,bottom,host,332.64,144.618,58,76,0,
31,18,bottom,other,389.07,335.064,236,64,0,
31,19,bottom,host,341.12,139.319,58,76,0,
31,19,bottom,other,380.78,340.656,236,64,0,
31,20,bottom,host,349.6,134.02,58,77,0,
31,20,bottom,other,372.49,346.248,236,68,0,
31,21,bottom,host,349.6,134.02,58,77,0,
31,21,bottom,other,372.49,346.248,236,68,0,
31,22,bottom,host,349.6,134.02,58,77,0,
31,22,bottom,other,372.49,346.248,236,68,0,
32,1,bottom,host,188.29,234.408,56,77,0,
32,1,bottom,other,531.808,234.264,305,68,0,
32,2,bottom,host,196.58,228.816,56,77,0,
32,2,bottom,other,523.616,228.528,305,68,0,
32,3,bottom,host,204.772,234.552,125,77,0,
32,3,bottom,other,515.424,222.792,305,68,0,
32,4,bottom,host,212.964,240.288,125,77,0,
32,4,bottom,other,507.232,217.056,305,68,0,
32,5,bottom,host,221.156,246.024,125,77,0,
32,5,bottom,other,499.04,211.32,305,68,0,
32,6,bottom,host,229.348,251.76,125,77,0,
32,6,bottom,other,490.848,205.584,305,68,0,
32,7,bottom,host,237.54,257.496,125,77,0,
32,7,bottom,other,482.656,199.848,305,68,0,
32,8,bottom,host,245.732,263.232,125,77,0,
32,8,bottom,other,474.464,194.112,305,68,0,
32,9,bottom,host,253.924,268.968,125,77,0,
32,9,bottom,other,466.272,188.376,305,68,0,
32,10,bottom,host,262.116,274.704,125,77,0,
32,10,bottom,other,458.08,182.64,305,68,0,
32,11,bottom,host,270.308,280.44,125,77,0,
32,11,bottom,other,449.888,176.904,305,68,0,
32,12,bottom,host,278.5,286.176,125,77,0,
32,12,bottom,other,441.696,171.168,305,68,0,
32,13,bottom,host,286.692,291.912,125,77,0,
32,13,bottom,other,433.504,165.432,305,68,0,
32,14,bottom,host,294.884,297.648,125,77,0,
32,14,bottom,other,425.312,159.696,305,68,0,
32,15,bottom,host,303.076,303.384,125,77,0,
32,15,bottom,other,417.12,153.96,305,68,0,
32,16,bottom,host,311.268,309.12,125,77,0,
32,16,bottom,other,408.928,148.224,305,68,0,
32,17,bottom,host,319.46,314.856,125,77,0,
32,17,bottom,other,400.736,142.488,305,68,0,
32,18,bottom,host,327.652,320.592,125,77,0,
32,18,bottom,other,392.544,136.752,305,68,0,
32,19,bottom,host,335.844,326.328,125,77,0,
32,19,bottom,other,384.352,131.016,305,68,0,
32,20,bottom,host,344.036,332.064,125,81,0,
32,20,bottom,other,376.16,125.28,305,69,0,
32,21,bottom,host,344.036,332.064,125,81,0,
32,21,bottom,other,376.16,125.28,305,69,0,
32,22,bottom,host,344.036,332.064,125,81,0,
32,22,bottom,other,376.16,125.28,305,69,0,
33,1,top,host,188.387,234.554,57,81,0,
33,1,top,other,531.71,234.408,304,69,0,
33,2,top,host,196.774,229.108,57,81,0,
33,2,top,other,523.42,228.816,304,69,0,
33,3,top,host,205.161,223.662,57,81,0,
33,3,top,other,515.13,223.224,304,69,0,
33,4,top,host,213.548,218.216,57,81,0,
33,4,top,other,506.84,217.632,304,69,0,
33,5,top,host,221.935,212.77,57,81,0,
33,5,top,other,498.55,212.04,304,69,0,
33,6,top,host,230.322,207.324,57,81,0,
33,6,top,other,490.26,206.448,304,69,0,
33,7,top,host,238.709,201.878,57,81,0,
33,7,top,other,481.97,200.856,304,69,0,
33,8,top,host,247.096,196.432,57,81,0,
33,8,top,other,473.68,195.264,304,69,0,
33,9,top,host,255.483,190.986,57,81,0,
33,9,top,other,465.39,189.672,304,69,0,
33,10,top,host,263.87,185.54,57,81,0,
33,10,top,other,457.1,184.08,304,69,0,
33,11,top,host,272.257,180.094,57,81,0,
33,11,top,other,448.81,178.488,304,69,0,
33,12,top,host,280.644,174.648,57,81,0,
33,12,top,other,440.52,172.896,304,69,0,
33,13,top,host,289.031,169.202,57,81,0,
33,13,top,other,432.23,167.304,304,69,0,
33,14,top,host,297.418,163.756,57,81,0,
33,14,top,other,423.94,161.712,304,69,0,
33,15,top,host,300.342,173.319,163,81,0,
33,15,top,other,421.016,171.275,197,69,0,
33,16,top,host,303.266,182.882,163,81,0,
33,16,top,other,418.092,180.838,197,69,0,
33,17,top,host,306.19,192.445,163,81,0,
33,17,top,other,409.612,175.539,302,69,0,
33,18,top,host,313.504,185.625,47,81,0,
33,18,top,other,401.132,170.24,302,69,0,
33,19,top,host,316.428,195.188,163,81,0,
33,19,top,other,392.652,164.941,302,69,0,
33,20,top,host,319.352,204.751,163,81,0,
33,20,top,other,384.172,159.642,302,69,0,
33,21,top,host,322.276,214.314,163,81,0,
33,21,top,other,375.692,154.343,302,69,0,
33,22,top,host,325.2,223.877,163,81,0,
33,22,top,other,367.212,149.044,302,69,0,
33,23,top,host,328.124,233.44,163,81,0,
33,23,top,other,358.732,143.745,302,69,0,
33,24,top,host,331.048,243.003,163,81,0,
33,24,top,other,350.252,138.446,302,69,0,
33,25,top,host,333.972,252.566,163,81,0,
33,25,top,other,341.772,133.147,302,69,0,
33,26,top,host,336.896,262.129,163,81,0,
33,26,top,other,333.292,127.848,302,69,0,
33,27,top,host,339.82,271.692,163,81,0,
33,27,top,other,324.812,122.549,302,69,0,
33,28,top,host,342.744,281.255,163,81,0,
33,28,top,other,316.332,117.25,302,69,0,
33,29,top,host,345.668,290.818,163,81,0,
33,29,top,other,307.852,111.951,302,69,0,
33,30,top,host,348.592,300.381,163,81,0,
33,30,top,other,317.838,112.474,93,69,0,
33,31,top,host,351.516,309.944,163,81,0,
33,31,top,other,327.824,112.997,93,69,0,
33,32,top,host,354.44,319.507,163,81,0,
33,32,top,other,337.81,113.52,93,69,0,
33,33,top,host,357.364,329.07,163,82,0,
33,33,top,other,347.796,114.043,93,73,0,
33,34,top,host,357.364,329.07,163,82,0,
33,34,top,other,347.796,114.043,93,73,0,
33,35,top,host,357.364,329.07,163,82,0,
33,35,top,other,347.796,114.043,93,73,0,
34,1,bottom,host,190,240,90,82,0,
34,1,bottom,other,530,240,270,73,0,
34,2,bottom,host,198.48,234.701,58,82,0,
34,2,bottom,other,520,240,270,73,0,
34,3,bottom,host,206.96,229.402,58,82,0,
34,3,bottom,other,510,240,270,73,0,
34,4,bottom,host,215.44,224.103,58,82,0,
34,4,bottom,other,500,240,270,73,0,
34,5,bottom,host,223.92,218.804,58,82,0,
34,5,bottom,other,490,240,270,73,0,
34,6,bottom,host,232.4,213.505,58,82,0,
34,6,bottom,other,482.229,246.293,231,73,0,
34,7,bottom,host,240.88,208.206,58,82,0,
34,7,bottom,other,474.458,252.586,231,73,0,
34,8,bottom,host,249.36,202.907,58,82,0,
34,8,bottom,other,466.687,258.879,231,73,0,
34,9,bottom,host,257.84,197.608,58,82,0,
34,9,bottom,other,458.916,265.172,231,73,0,
34,10,bottom,host,266.32,192.309,58,82,0,
34,10,bottom,other,451.145,271.465,231,73,0,
34,11,bottom,host,274.8,187.01,58,82,0,
34,11,bottom,other,443.374,277.758,231,73,0,
34,12,bottom,host,283.28,181.711,58,82,0,
34,12,bottom,other,435.603,284.051,231,73,0,
34,13,bottom,host,291.76,176.412,58,82,0,
34,13,bottom,other,427.832,290.344,231,73,0,
34,14,bottom,host,300.24,171.113,58,82,0,
34,14,bottom,other,420.061,296.637,231,73,0,
34,15,bottom,host,308.72,165.814,58,82,0,
34,15,bottom,other,412.29,302.93,231,73,0,
34,16,bottom,host,317.2,160.515,58,82,0,
34,16,bottom,other,404.519,309.223,231,73,0,
34,17,bottom,host,325.68,155.216,58,82,0,
34,17,bottom,other,396.748,315.516,231,73,0,
34,18,bottom,host,334.16,149.917,58,82,0,
34,18,bottom,other,388.977,321.809,231,73,0,
34,19,bottom,host,342.64,144.618,58,82,0,
34,19,bottom,other,381.206,328.102,231,73,0,
34,20,bottom,host,351.12,139.319,58,82,0,
34,20,bottom,other,373.435,334.395,231,73,0,
34,21,bottom,host,359.6,134.02,58,83,0,
34,21,bottom,other,365.664,340.688,231,77,0,
34,22,bottom,host,359.6,134.02,58,83,0,
34,22,bottom,other,365.664,340.688,231,77,0,
34,23,bottom,host,359.6,134.02,58,83,0,
34,23,bottom,other,365.664,340.688,231,77,0,
35,1,top,host,188.387,234.554,57,83,0,
35,1,top,other,531.71,234.408,304,77,0,
35,2,top,host,196.774,229.108,57,83,0,
35,2,top,other,523.42,228.816,304,77,0,
35,3,top,host,205.161,223.662,57,83,0,
35,3,top,other,515.13,223.224,304,77,0,
35,4,top,host,213.548,218.216,57,83,0,
35,4,top,other,506.84,217.632,304,77,0,
35,5,top,host,221.935,212.77,57,83,0,
35,5,top,other,499.409,224.323,228,77,0,
35,6,top,host,230.322,207.324,57,83,0,
35,6,top,other,491.978,231.014,228,77,0,
35,7,top,host,238.709,201.878,57,83,0,
35,7,top,other,484.547,237.705,228,77,0,
35,8,top,host,247.096,196.432,57,83,0,
35,8,top,other,477.116,244.396,228,77,0,
35,9,top,host,255.483,190.986,57,83,0,
35,9,top,other,469.685,251.087,228,77,0,
35,10,top,host,263.87,185.54,57,83,0,
35,10,top,other,462.254,257.778,228,77,0,
35,11,top,host,272.257,180.094,57,83,0,
35,11,top,other,454.823,264.469,228,77,0,
35,12,top,host,280.644,174.648,57,83,0,
35,12,top,other,447.392,271.16,228,77,0,
35,13,top,host,289.031,169.202,57,83,0,
35,13,top,other,439.961,277.851,228,77,0,
35,14,top,host,297.418,163.756,57,83,0,
35,14,top,other,432.53,284.542,228,77,0,
35,15,top,host,305.805,158.31,57,83,0,
35,15,top,other,425.099,291.233,228,77,0,
35,16,top,host,314.192,152.864,57,83,0,
35,16,top,other,417.668,297.924,228,77,0,
35,17,top,host,322.579,147.418,57,83,0,
35,17,top,other,410.237,304.615,228,77,0,
35,18,top,host,330.966,141.972,57,83,0,
35,18,top,other,402.806,311.306,228,77,0,
35,19,top,host,339.353,136.526,57,83,0,
35,19,top,other,395.375,317.997,228,77,0,
35,20,top,host,347.74,131.08,57,87,0,
35,20,top,other,387.944,324.688,228,78,0,
35,21,top,host,347.74,131.08,57,87,0,
35,21,top,other,387.944,324.688,228,78,0,
35,22,top,host,347.74,131.08,57,87,0,
35,22,top,other,387.944,324.688,228,78,0,
36,1,bottom,host,188.29,234.408,56,87,0,
36,1,bottom,other,531.71,245.592,236,78,0,
36,2,bottom,host,196.58,228.816,56,87,0,
36,2,bottom,other,523.42,251.184,236,78,0,
36,3,bottom,host,204.87,223.224,56,87,0,
36,3,bottom,other,515.13,256.776,236,78,0,
36,4,bottom,host,213.16,217.632,56,87,0,
36,4,bottom,other,506.84,262.368,236,78,0,
36,5,bottom,host,221.45,212.04,56,87,0,
36,5,bottom,other,498.55,267.96,236,78,0,
36,6,bottom,host,229.74,206.448,56,87,0,
36,6,bottom,other,490.26,273.552,236,78,0,
36,7,bottom,host,238.03,200.856,56,87,0,
36,7,bottom,other,481.97,279.144,236,78,0,
36,8,bottom,host,246.32,195.264,56,87,0,
36,8,bottom,other,473.68,284.736,236,78,0,
36,9,bottom,host,254.61,189.672,56,87,0,
36,9,bottom,other,465.39,290.328,236,78,0,
36,10,bottom,host,262.9,184.08,56,87,0,
36,10,bottom,other,457.1,295.92,236,78,0,
36,11,bottom,host,271.19,178.488,56,87,0,
36,11,bottom,other,448.81,301.512,236,78,0,
36,12,bottom,host,279.48,172.896,56,87,0,
36,12,bottom,other,440.52,307.104,236,78,0,
36,13,bottom,host,287.77,167.304,56,87,0,
36,13,bottom,other,432.23,312.696,236,78,0,
36,14,bottom,host,296.06,161.712,56,87,0,
36,14,bottom,other,423.94,318.288,236,78,0,
36,15,bottom,host,304.35,156.12,56,87,0,
36,15,bottom,other,415.65,323.88,236,78,0,
36,16,bottom,host,312.64,150.528,56,87,0,
36,16,bottom,other,407.36,329.472,236,78,0,
36,17,bottom,host,320.93,144.936,56,87,0,
36,17,bottom,other,399.07,335.064,236,78,0,
36,18,bottom,host,329.22,139.344,56,87,0,
36,18,bottom,other,390.78,340.656,236,78,0,
36,19,bottom,host,337.51,133.752,56,87,0,
36,19,bottom,other,382.49,346.248,236,78,0,
36,20,bottom,host,345.8,128.16,56,88,0,
36,20,bottom,other,374.2,351.84,236,82,0,
36,21,bottom,host,345.8,128.16,56,88,0,
36,21,bottom,other,374.2,351.84,236,82,0,
36,22,bottom,host,345.8,128.16,56,88,0,
36,22,bottom,other,374.2,351.84,236,82,0,
37,1,top,host,188.387,245.446,123,88,0,
37,1,top,other,531.71,234.408,304,82,0,
37,2,top,host,196.774,250.892,123,88,0,
37,2,top,other,523.42,228.816,304,82,0,
37,3,top,host,205.161,256.338,123,88,0,
37,3,top,other,515.13,223.224,304,82,0,
37,4,top,host,213.548,261.784,123,88,0,
37,4,top,other,506.84,217.632,304,82,0,
37,5,top,host,221.935,267.23,123,88,0,
37,5,top,other,498.55,212.04,304,82,0,
37,6,top,host,230.322,272.676,123,88,0,
37,6,top,other,490.26,206.448,304,82,0,
37,7,top,host,238.709,278.122,123,88,0,
37,7,top,other,481.97,200.856,304,82,0,
37,8,top,host,247.096,283.568,123,88,0,
37,8,top,other,473.68,195.264,304,82,0,
37,9,top,host,255.483,289.014,123,88,0,
37,9,top,other,465.39,189.672,304,82,0,
37,10,top,host,263.87,294.46,123,88,0,
37,10,top,other,457.1,184.08,304,82,0,
37,11,top,host,272.257,299.906,123,88,0,
37,11,top,other,448.81,178.488,304,82,0,
37,12,top,host,280.644,305.352,123,88,0,
37,12,top,other,440.52,172.896,304,82,0,
37,13,top,host,289.031,310.798,123,88,0,
37,13,top,other,432.23,167.304,304,82,0,
37,14,top,host,297.418,316.244,123,88,0,
37,14,top,other,423.94,161.712,304,82,0,
37,15,top,host,305.805,321.69,123,88,0,
37,15,top,other,415.65,156.12,304,82,0,
37,16,top,host,314.192,327.136,123,88,0,
37,16,top,other,407.36,150.528,304,82,0,
37,17,top,host,322.579,332.582,123,88,0,
37,17,top,other,399.07,144.936,304,82,0,
37,18,top,host,330.966,338.028,123,88,0,
37,18,top,other,390.78,139.344,304,82,0,
37,19,top,host,339.353,343.474,123,88,0,
37,19,top,other,382.49,133.752,304,82,0,
37,20,top,host,347.74,348.92,123,89,0,
37,20,top,other,374.2,128.16,304,86,0,
37,21,top,host,347.74,348.92,123,89,0,
37,21,top,other,374.2,128.16,304,86,0,
37,22,top,host,347.74,348.92,123,89,0,
37,22,top,other,374.2,128.16,304,86,0,
38,1,top,host,188.387,245.446,123,89,0,
38,1,top,other,531.71,234.408,304,86,0,
38,2,top,host,196.774,250.892,123,89,0,
38,2,top,other,523.42,228.816,304,86,0,
38,3,top,host,205.161,256.338,123,89,0,
38,3,top,other,515.13,223.224,304,86,0,
38,4,top,host,213.548,261.784,123,89,0,
38,4,top,other,506.84,217.632,304,86,0,
38,5,top,host,221.935,267.23,123,89,0,
38,5,top,other,498.55,212.04,304,86,0,
38,6,top,host,230.322,272.676,123,89,0,
38,6,top,other,490.26,206.448,304,86,0,
38,7,top,host,238.709,278.122,123,89,0,
38,7,top,other,481.97,200.856,304,86,0,
38,8,top,host,247.096,283.568,123,89,0,
38,8,top,other,473.68,195.264,304,86,0,
38,9,top,host,255.483,289.014,123,89,0,
38,9,top,other,465.39,189.672,304,86,0,
38,10,top,host,263.87,294.46,123,89,0,
38,10,top,other,457.1,184.08,304,86,0,
38,11,top,host,272.257,299.906,123,89,0,
38,11,top,other,448.81,178.488,304,86,0,
38,12,top,host,280.644,305.352,123,89,0,
38,12,top,other,440.52,172.896,304,86,0,
38,13,top,host,289.031,310.798,123,89,0,
38,13,top,other,432.23,167.304,304,86,0,
38,14,top,host,297.418,316.244,123,89,0,
38,14,top,other,423.94,161.712,304,86,0,
38,15,top,host,305.805,321.69,123,89,0,
38,15,top,other,415.65,156.12,304,86,0,
38,16,top,host,314.192,327.136,123,89,0,
38,16,top,other,407.36,150.528,304,86,0,
38,17,top,host,322.579,332.582,123,89,0,
38,17,top,other,399.07,144.936,304,86,0,
38,18,top,host,330.966,338.028,123,89,0,
38,18,top,other,390.78,139.344,304,86,0,
38,19,top,host,339.353,343.474,123,89,0,
38,19,top,other,382.49,133.752,304,86,0,
38,20,top,host,347.74,348.92,123,90,0,
38,20,top,other,374.2,128.16,304,90,0,
38,21,top,host,347.74,348.92,123,90,0,
38,21,top,other,374.2,128.16,304,90,0,
38,22,top,host,347.74,348.92,123,90,0,
38,22,top,other,374.2,128.16,304,90,0,
39,1,top,host,188.29,234.408,56,90,0,
39,1,top,other,531.613,234.554,303,90,0,
39,2,top,host,196.58,228.816,56,90,0,
39,2,top,other,523.226,229.108,303,90,0,
39,3,top,host,204.87,223.224,56,90,0,
39,3,top,other,514.839,223.662,303,90,0,
39,4,top,host,213.16,217.632,56,90,0,
39,4,top,other,506.452,218.216,303,90,0,
39,5,top,host,221.45,212.04,56,90,0,
39,5,top,other,498.065,212.77,303,90,0,
39,6,top,host,229.74,206.448,56,90,0,
39,6,top,other,491.118,219.963,224,90,0,
39,7,top,host,238.03,200.856,56,90,0,
39,7,top,other,484.171,227.156,224,90,0,
39,8,top,host,246.32,195.264,56,90,0,
39,8,top,other,477.224,234.349,224,90,0,
39,9,top,host,254.61,189.672,56,90,0,
39,9,top,other,470.277,241.542,224,90,0,
39,10,top,host,262.9,184.08,56,90,0,
39,10,top,other,463.33,248.735,224,90,0,
39,11,top,host,271.19,178.488,56,90,0,
39,11,top,other,456.383,255.928,224,90,0,
39,12,top,host,279.48,172.896,56,90,0,
39,12,top,other,449.436,263.121,224,90,0,
39,13,top,host,287.77,167.304,56,90,0,
39,13,top,other,442.489,270.314,224,90,0,
39,14,top,host,296.06,161.712,56,90,0,
39,14,top,other,435.542,277.507,224,90,0,
39,15,top,host,304.35,156.12,56,90,0,
39,15,top,other,428.595,284.7,224,90,0,
39,16,top,host,312.64,150.528,56,90,0,
39,16,top,other,421.648,291.893,224,90,0,
39,17,top,host,320.93,144.936,56,90,0,
39,17,top,other,414.701,299.086,224,90,0,
39,18,top,host,329.22,139.344,56,90,0,
39,18,top,other,407.754,306.279,224,90,0,
39,19,top,host,337.51,133.752,56,90,0,
39,19,top,other,400.807,313.472,224,90,0,
39,20,top,host,345.8,128.16,56,94,0,
39,20,top,other,393.86,320.665,224,91,0,
39,21,top,host,345.8,128.16,56,94,0,
39,21,top,other,393.86,320.665,224,91,0,
39,22,top,host,345.8,128.16,56,94,0,
39,22,top,other,393.86,320.665,224,91,0,
40,1,bottom,host,188.387,245.446,123,94,0,
40,1,bottom,other,531.71,245.592,236,91,0,
40,2,bottom,host,196.774,250.892,123,94,0,
40,2,bottom,other,523.42,251.184,236,91,0,
40,3,bottom,host,205.161,256.338,123,94,0,
40,3,bottom,other,515.13,256.776,236,91,0,
40,4,bottom,host,213.548,261.784,123,94,0,
40,4,bottom,other,506.84,262.368,236,91,0,
40,5,bottom,host,221.935,267.23,123,94,0,
40,5,bottom,other,498.55,267.96,236,91,0,
40,6,bottom,host,230.322,272.676,123,94,0,
40,6,bottom,other,490.26,273.552,236,91,0,
40,7,bottom,host,238.709,278.122,123,94,0,
40,7,bottom,other,481.97,279.144,236,91,0,
40,8,bottom,host,247.096,283.568,123,94,0,
40,8,bottom,other,473.68,284.736,236,91,0,
40,9,bottom,host,255.483,289.014,123,94,0,
40,9,bottom,other,465.39,290.328,236,91,0,
40,10,bottom,host,263.87,294.46,123,94,0,
40,10,bottom,other,457.1,295.92,236,91,0,
40,11,bottom,host,272.257,299.906,123,94,0,
40,11,bottom,other,448.81,301.512,236,91,0,
40,12,bottom,host,276.641,290.918,26,94,0,
40,12,bottom,other,440.52,307.104,236,91,0,
40,13,bottom,host,281.025,281.93,26,94,0,
40,13,bottom,other,432.23,312.696,236,91,0,
40,14,bottom,host,285.409,272.942,26,94,0,
40,14,bottom,other,423.94,318.288,236,91,0,
40,15,bottom,host,289.793,263.954,26,94,0,
40,15,bottom,other,415.65,323.88,236,91,0,
40,16,bottom,host,294.177,254.966,26,94,0,
40,16,bottom,other,407.36,329.472,236,91,0,
40,17,bottom,host,298.561,245.978,26,94,0,
40,17,bottom,other,399.07,335.064,236,91,0,
40,18,bottom,host,302.945,236.99,26,94,0,
40,18,bottom,other,390.78,340.656,236,91,0,
40,19,bottom,host,307.329,228.002,26,94,0,
40,19,bottom,other,382.49,346.248,236,91,0,
40,20,bottom,host,311.713,219.014,26,95,0,
40,20,bottom,other,374.2,351.84,236,95,0,
40,21,bottom,host,311.713,219.014,26,95,0,
40,21,bottom,other,374.2,351.84,236,95,0,
40,22,bottom,host,311.713,219.014,26,95,0,
40,22,bottom,other,374.2,351.84,236,95,0,
41,1,bottom,host,188.387,234.554,57,95,0,
41,1,bottom,other,531.613,245.446,237,95,0,
41,2,bottom,host,196.774,229.108,57,95,0,
41,2,bottom,other,523.226,250.892,237,95,0,
41,3,bottom,host,205.161,223.662,57,95,0,
41,3,bottom,other,514.839,256.338,237,95,0,
41,4,bottom,host,213.548,218.216,57,95,0,
41,4,bottom,other,506.452,261.784,237,95,0,
41,5,bottom,host,221.935,212.77,57,95,0,
41,5,bottom,other,498.065,267.23,237,95,0,
41,6,bottom,host,230.322,207.324,57,95,0,
41,6,bottom,other,489.678,272.676,237,95,0,
41,7,bottom,host,238.709,201.878,57,95,0,
41,7,bottom,other,481.291,278.122,237,95,0,
41,8,bottom,host,247.096,196.432,57,95,0,
41,8,bottom,other,472.904,283.568,237,95,0,
41,9,bottom,host,255.483,190.986,57,95,0,
41,9,bottom,other,464.517,289.014,237,95,0,
41,10,bottom,host,263.87,185.54,57,95,0,
41,10,bottom,other,456.13,294.46,237,95,0,
41,11,bottom,host,272.257,180.094,57,95,0,
41,11,bottom,other,447.743,299.906,237,95,0,
41,12,bottom,host,280.644,174.648,57,95,0,
41,12,bottom,other,439.356,305.352,237,95,0,
41,13,bottom,host,289.031,169.202,57,95,0,
41,13,bottom,other,430.969,310.798,237,95,0,
41,14,bottom,host,297.418,163.756,57,95,0,
41,14,bottom,other,422.582,316.244,237,95,0,
41,15,bottom,host,305.805,158.31,57,95,0,
41,15,bottom,other,414.195,321.69,237,95,0,
41,16,bottom,host,314.192,152.864,57,95,0,
41,16,bottom,other,405.808,327.136,237,95,0,
41,17,bottom,host,322.579,147.418,57,95,0,
41,17,bottom,other,397.421,332.582,237,95,0,
41,18,bottom,host,330.966,141.972,57,95,0,
41,18,bottom,other,389.034,338.028,237,95,0,
41,19,bottom,host,339.353,136.526,57,95,0,
41,19,bottom,other,380.647,343.474,237,95,0,
41,20,bottom,host,347.74,131.08,57,96,0,
41,20,bottom,other,372.26,348.92,237,99,0,
41,21,bottom,host,347.74,131.08,57,96,0,
41,21,bottom,other,372.26,348.92,237,99,0,
41,22,bottom,host,347.74,131.08,57,96,0,
41,22,bottom,other,372.26,348.92,237,99,0,
42,1,top,host,188.29,234.408,56,96,0,
42,1,top,other,531.613,234.554,303,99,0,
42,2,top,host,196.58,228.816,56,96,0,
42,2,top,other,523.226,229.108,303,99,0,
42,3,top,host,204.87,223.224,56,96,0,
42,3,top,other,514.839,223.662,303,99,0,
42,4,top,host,213.16,217.632,56,96,0,
42,4,top,other,506.452,218.216,303,99,0,
42,5,top,host,221.45,212.04,56,96,0,
42,5,top,other,498.065,212.77,303,99,0,
42,6,top,host,229.74,206.448,56,96,0,
42,6,top,other,489.678,207.324,303,99,0,
42,7,top,host,238.03,200.856,56,96,0,
42,7,top,other,482.247,214.015,228,99,0,
42,8,top,host,246.32,195.264,56,96,0,
42,8,top,other,474.816,220.706,228,99,0,
42,9,top,host,254.61,189.672,56,96,0,
42,9,top,other,467.385,227.397,228,99,0,
42,10,top,host,262.9,184.08,56,96,0,
42,10,top,other,459.954,234.088,228,99,0,
42,11,top,host,271.19,178.488,56,96,0,
42,11,top,other,452.523,240.779,228,99,0,
42,12,top,host,279.48,172.896,56,96,0,
42,12,top,other,445.092,247.47,228,99,0,
42,13,top,host,287.77,167.304,56,96,0,
42,13,top,other,437.661,254.161,228,99,0,
42,14,top,host,296.06,161.712,56,96,0,
42,14,top,other,430.23,260.852,228,99,0,
42,15,top,host,304.35,156.12,56,96,0,
42,15,top,other,422.799,267.543,228,99,0,
42,16,top,host,312.64,150.528,56,96,0,
42,16,top,other,415.368,274.234,228,99,0,
42,17,top,host,320.93,144.936,56,96,0,
42,17,top,other,407.937,280.925,228,99,0,
42,18,top,host,329.22,139.344,56,96,0,
42,18,top,other,400.506,287.616,228,99,0,
42,19,top,host,337.51,133.752,56,96,0,
42,19,top,other,393.075,294.307,228,99,0,
42,20,top,host,345.8,128.16,56,100,0,
42,20,top,other,385.644,300.998,228,100,0,
42,21,top,host,345.8,128.16,56,100,0,
42,21,top,other,385.644,300.998,228,100,0,
42,22,top,host,345.8,128.16,56,100,0,
42,22,top,other,385.644,300.998,228,100,0,
43,1,top,host,188.48,245.299,122,100,0,
43,1,top,other,531.808,245.736,235,100,0,
43,2,top,host,196.96,250.598,122,100,0,
43,2,top,other,523.616,251.472,235,100,0,
43,3,top,host,205.44,255.897,122,100,0,
43,3,top,other,515.424,257.208,235,100,0,
43,4,top,host,213.92,261.196,122,100,0,
43,4,top,other,507.232,262.944,235,100,0,
43,5,top,host,222.4,266.495,122,100,0,
43,5,top,other,499.246,256.926,307,100,0,
43,6,top,host,230.88,271.794,122,100,0,
43,6,top,other,491.26,250.908,307,100,0,
43,7,top,host,239.36,277.093,122,100,0,
43,7,top,other,483.274,244.89,307,100,0,
43,8,top,host,247.84,282.392,122,100,0,
43,8,top,other,475.288,238.872,307,100,0,
43,9,top,host,256.32,287.691,122,100,0,
43,9,top,other,467.302,232.854,307,100,0,
43,10,top,host,264.8,292.99,122,100,0,
43,10,top,other,459.316,226.836,307,100,0,
43,11,top,host,273.28,298.289,122,100,0,
43,11,top,other,451.33,220.818,307,100,0,
43,12,top,host,281.76,303.588,122,100,0,
43,12,top,other,443.344,214.8,307,100,0,
43,13,top,host,290.24,308.887,122,100,0,
43,13,top,other,435.358,208.782,307,100,0,
43,14,top,host,298.72,314.186,122,100,0,
43,14,top,other,427.372,202.764,307,100,0,
43,15,top,host,307.2,319.485,122,100,0,
43,15,top,other,419.386,196.746,307,100,0,
43,16,top,host,315.68,324.784,122,100,0,
43,16,top,other,411.4,190.728,307,100,0,
43,17,top,host,324.16,330.083,122,100,0,
43,17,top,other,403.414,184.71,307,100,0,
43,18,top,host,332.64,335.382,122,100,0,
43,18,top,other,395.428,178.692,307,100,0,
43,19,top,host,341.12,340.681,122,100,0,
43,19,top,other,387.442,172.674,307,100,0,
43,20,top,host,349.6,345.98,122,101,0,
43,20,top,other,379.456,166.656,307,104,0,
43,21,top,host,349.6,345.98,122,101,0,
43,21,top,other,379.456,166.656,307,104,0,
43,22,top,host,349.6,345.98,122,101,0,
43,22,top,other,379.456,166.656,307,104,0,
44,1,top,host,188.29,245.592,124,101,0,
44,1,top,other,531.71,234.408,304,104,0,
44,2,top,host,196.58,251.184,124,101,0,
44,2,top,other,523.42,228.816,304,104,0,
44,3,top,host,204.87,256.776,124,101,0,
44,3,top,other,515.13,223.224,304,104,0,
44,4,top,host,213.16,262.368,124,101,0,
44,4,top,other,506.84,217.632,304,104,0,
44,5,top,host,221.45,267.96,124,101,0,
44,5,top,other,498.55,212.04,304,104,0,
44,6,top,host,229.74,273.552,124,101,0,
44,6,top,other,490.26,206.448,304,104,0,
44,7,top,host,238.03,279.144,124,101,0,
44,7,top,other,481.97,200.856,304,104,0,
44,8,top,host,246.32,284.736,124,101,0,
44,8,top,other,473.68,195.264,304,104,0,
44,9,top,host,254.61,290.328,124,101,0,
44,9,top,other,465.39,189.672,304,104,0,
44,10,top,host,262.9,295.92,124,101,0,
44,10,top,other,457.1,184.08,304,104,0,
44,11,top,host,271.19,301.512,124,101,0,
44,11,top,other,448.81,178.488,304,104,0,
44,12,top,host,279.48,307.104,124,101,0,
44,12,top,other,440.52,172.896,304,104,0,
44,13,top,host,287.77,312.696,124,101,0,
44,13,top,other,432.23,167.304,304,104,0,
44,14,top,host,296.06,318.288,124,101,0,
44,14,top,other,423.94,161.712,304,104,0,
44,15,top,host,304.35,323.88,124,101,0,
44,15,top,other,415.65,156.12,304,104,0,
44,16,top,host,312.64,329.472,124,101,0,
44,16,top,other,407.36,150.528,304,104,0,
44,17,top,host,320.93,335.064,124,101,0,
44,17,top,other,399.07,144.936,304,104,0,
44,18,top,host,329.22,340.656,124,101,0,
44,18,top,other,390.78,139.344,304,104,0,
44,19,top,host,337.51,346.248,124,101,0,
44,19,top,other,382.49,133.752,304,104,0,
44,20,top,host,345.8,351.84,124,102,0,
44,20,top,other,374.2,128.16,304,108,0,
44,21,top,host,345.8,351.84,124,102,0,
44,21,top,other,374.2,128.16,304,108,0,
44,22,top,host,345.8,351.84,124,102,0,
44,22,top,other,374.2,128.16,304,108,0,
45,1,top,host,188.29,245.592,124,102,0,
45,1,top,other,531.71,234.408,304,108,0,
45,2,top,host,196.58,251.184,124,102,0,
45,2,top,other,523.42,228.816,304,108,0,
45,3,top,host,204.87,256.776,124,102,0,
45,3,top,other,515.13,223.224,304,108,0,
45,4,top,host,213.16,262.368,124,102,0,
45,4,top,other,506.84,217.632,304,108,0,
45,5,top,host,221.45,267.96,124,102,0,
45,5,top,other,498.55,212.04,304,108,0,
45,6,top,host,229.74,273.552,124,102,0,
45,6,top,other,490.26,206.448,304,108,0,
45,7,top,host,238.03,279.144,124,102,0,
45,7,top,other,481.97,200.856,304,108,0,
45,8,top,host,246.32,284.736,124,102,0,
45,8,top,other,473.68,195.264,304,108,0,
45,9,top,host,254.61,290.328,124,102,0,
45,9,top,other,465.39,189.672,304,108,0,
45,10,top,host,262.9,295.92,124,102,0,
45,10,top,other,457.1,184.08,304,108,0,
45,11,top,host,271.19,301.512,124,102,0,
45,11,top,other,448.81,178.488,304,108,0,
45,12,top,host,279.48,307.104,124,102,0,
45,12,top,other,440.52,172.896,304,108,0,
45,13,top,host,287.77,312.696,124,102,0,
45,13,top,other,432.23,167.304,304,108,0,
45,14,top,host,296.06,318.288,124,102,0,
45,14,top,other,423.94,161.712,304,108,0,
45,15,top,host,304.35,323.88,124,102,0,
45,15,top,other,415.65,156.12,304,108,0,
45,16,top,host,312.64,329.472,124,102,0,
45,16,top,other,407.36,150.528,304,108,0,
45,17,top,host,320.93,335.064,124,102,0,
45,17,top,other,399.07,144.936,304,108,0,
45,18,top,host,329.22,340.656,124,102,0,
45,18,top,other,390.78,139.344,304,108,0,
45,19,top,host,337.51,346.248,124,102,0,
45,19,top,other,382.49,133.752,304,108,0,
45,20,top,host,345.8,351.84,124,103,0,
45,20,top,other,374.2,128.16,304,112,0,
45,21,top,host,345.8,351.84,124,103,0,
45,21,top,other,374.2,128.16,304,112,0,
45,22,top,host,345.8,351.84,124,103,0,
45,22,top,other,374.2,128.16,304,112,0,
46,1,top,host,188.387,234.554,57,103,0,
46,1,top,other,531.613,245.446,237,112,0,
46,2,top,host,196.774,229.108,57,103,0,
46,2,top,other,523.226,250.892,237,112,0,
46,3,top,host,205.161,223.662,57,103,0,
46,3,top,other,514.839,256.338,237,112,0,
46,4,top,host,213.548,218.216,57,103,0,
46,4,top,other,506.452,261.784,237,112,0,
46,5,top,host,221.935,212.77,57,103,0,
46,5,top,other,498.065,267.23,237,112,0,
46,6,top,host,230.322,207.324,57,103,0,
46,6,top,other,489.678,272.676,237,112,0,
46,7,top,host,238.709,201.878,57,103,0,
46,7,top,other,481.291,278.122,237,112,0,
46,8,top,host,247.096,196.432,57,103,0,
46,8,top,other,472.904,283.568,237,112,0,
46,9,top,host,255.483,190.986,57,103,0,
46,9,top,other,464.517,289.014,237,112,0,
46,10,top,host,263.87,185.54,57,103,0,
46,10,top,other,456.13,294.46,237,112,0,
46,11,top,host,272.257,180.094,57,103,0,
46,11,top,other,447.743,299.906,237,112,0,
46,12,top,host,280.644,174.648,57,103,0,
46,12,top,other,439.356,305.352,237,112,0,
46,13,top,host,289.031,169.202,57,103,0,
46,13,top,other,430.969,310.798,237,112,0,
46,14,top,host,297.418,163.756,57,103,0,
46,14,top,other,422.582,316.244,237,112,0,
46,15,top,host,305.805,158.31,57,103,0,
46,15,top,other,414.195,321.69,237,112,0,
46,16,top,host,314.192,152.864,57,103,0,
46,16,top,other,405.808,327.136,237,112,0,
46,17,top,host,322.579,147.418,57,103,0,
46,17,top,other,397.421,332.582,237,112,0,
46,18,top,host,330.966,141.972,57,103,0,
46,18,top,other,389.034,338.028,237,112,0,
46,19,top,host,339.353,136.526,57,103,0,
46,19,top,other,380.647,343.474,237,112,0,
46,20,top,host,347.74,131.08,57,107,0,
46,20,top,other,372.26,348.92,237,113,0,
46,21,top,host,347.74,131.08,57,107,0,
46,21,top,other,372.26,348.92,237,113,0,
46,22,top,host,347.74,131.08,57,107,0,
46,22,top,other,372.26,348.92,237,113,0,
47,1,bottom,host,188.29,245.592,124,107,0,
47,1,bottom,other,531.71,245.592,236,113,0,
47,2,bottom,host,196.58,251.184,124,107,0,
47,2,bottom,other,523.42,251.184,236,113,0,
47,3,bottom,host,204.87,256.776,124,107,0,
47,3,bottom,other,515.13,256.776,236,113,0,
47,4,bottom,host,213.16,262.368,124,107,0,
47,4,bottom,other,506.84,262.368,236,113,0,
47,5,bottom,host,221.45,267.96,124,107,0,
47,5,bottom,other,498.55,267.96,236,113,0,
47,6,bottom,host,229.74,273.552,124,107,0,
47,6,bottom,other,490.26,273.552,236,113,0,
47,7,bottom,host,238.03,279.144,124,107,0,
47,7,bottom,other,481.97,279.144,236,113,0,
47,8,bottom,host,246.32,284.736,124,107,0,
47,8,bottom,other,473.68,284.736,236,113,0,
47,9,bottom,host,254.61,290.328,124,107,0,
47,9,bottom,other,465.39,290.328,236,113,0,
47,10,bottom,host,262.9,295.92,124,107,0,
47,10,bottom,other,457.1,295.92,236,113,0,
47,11,bottom,host,271.19,301.512,124,107,0,
47,11,bottom,other,448.81,301.512,236,113,0,
47,12,bottom,host,279.48,307.104,124,107,0,
47,12,bottom,other,443.962,292.766,331,113,0,
47,13,bottom,host,287.77,312.696,124,107,0,
47,13,bottom,other,439.114,284.02,331,113,0,
47,14,bottom,host,296.06,318.288,124,107,0,
47,14,bottom,other,434.266,275.274,331,113,0,
47,15,bottom,host,304.35,323.88,124,107,0,
47,15,bottom,other,429.418,266.528,331,113,0,
47,16,bottom,host,312.64,329.472,124,107,0,
47,16,bottom,other,424.57,257.782,331,113,0,
47,17,bottom,host,320.93,335.064,124,107,0,
47,17,bottom,other,419.722,249.036,331,113,0,
47,18,bottom,host,329.22,340.656,124,107,0,
47,18,bottom,other,414.874,240.29,331,113,0,
47,19,bottom,host,337.51,346.248,124,107,0,
47,19,bottom,other,410.026,231.544,331,113,0,
47,20,bottom,host,345.8,351.84,124,111,0,
47,20,bottom,other,405.178,222.798,331,114,0,
47,21,bottom,host,345.8,351.84,124,111,0,
47,21,bottom,other,405.178,222.798,331,114,0,
47,22,bottom,host,345.8,351.84,124,111,0,
47,22,bottom,other,405.178,222.798,331,114,0,
48,1,top,host,188.387,245.446,123,111,0,
48,1,top,other,531.71,234.408,304,114,0,
48,2,top,host,196.774,250.892,123,111,0,
48,2,top,other,523.42,228.816,304,114,0,
48,3,top,host,205.161,256.338,123,111,0,
48,3,top,other,515.13,223.224,304,114,0,
48,4,top,host,213.548,261.784,123,111,0,
48,4,top,other,506.84,217.632,304,114,0,
48,5,top,host,221.935,267.23,123,111,0,
48,5,top,other,498.55,212.04,304,114,0,
48,6,top,host,230.322,272.676,123,111,0,
48,6,top,other,490.26,206.448,304,114,0,
48,7,top,host,238.709,278.122,123,111,0,
48,7,top,other,481.97,200.856,304,114,0,
48,8,top,host,247.096,283.568,123,111,0,
48,8,top,other,473.68,195.264,304,114,0,
48,9,top,host,255.483,289.014,123,111,0,
48,9,top,other,465.39,189.672,304,114,0,
48,10,top,host,263.87,294.46,123,111,0,
48,10,top,other,457.1,184.08,304,114,0,
48,11,top,host,272.257,299.906,123,111,0,
48,11,top,other,448.81,178.488,304,114,0,
48,12,top,host,280.644,305.352,123,111,0,
48,12,top,other,440.52,172.896,304,114,0,
48,13,top,host,289.031,310.798,123,111,0,
48,13,top,other,432.23,167.304,304,114,0,
48,14,top,host,297.418,316.244,123,111,0,
48,14,top,other,423.94,161.712,304,114,0,
48,15,top,host,305.805,321.69,123,111,0,
48,15,top,other,415.65,156.12,304,114,0,
48,16,top,host,314.192,327.136,123,111,0,
48,16,top,other,407.36,150.528,304,114,0,
48,17,top,host,322.579,332.582,123,111,0,
48,17,top,other,399.07,144.936,304,114,0,
48,18,top,host,330.966,338.028,123,111,0,
48,18,top,other,390.78,139.344,304,114,0,
48,19,top,host,339.353,343.474,123,111,0,
48,19,top,other,382.49,133.752,304,114,0,
48,20,top,host,347.74,348.92,123,112,0,
48,20,top,other,374.2,128.16,304,118,0,
48,21,top,host,347.74,348.92,123,112,0,
48,21,top,other,374.2,128.16,304,118,0,
48,22,top,host,347.74,348.92,123,112,0,
48,22,top,other,374.2,128.16,304,118,0,
49,1,bottom,host,190,240,90,112,0,
49,1,bottom,other,531.71,234.408,304,118,0,
49,2,bottom,host,198.387,234.554,57,112,0,
49,2,bottom,other,523.42,228.816,304,118,0,
49,3,bottom,host,206.774,229.108,57,112,0,
49,3,bottom,other,515.13,223.224,304,118,0,
49,4,bottom,host,215.161,223.662,57,112,0,
49,4,bottom,other,506.84,217.632,304,118,0,
49,5,bottom,host,223.548,218.216,57,112,0,
49,5,bottom,other,498.55,212.04,304,118,0,
49,6,bottom,host,231.935,212.77,57,112,0,
49,6,bottom,other,490.26,206.448,304,118,0,
49,7,bottom,host,240.322,207.324,57,112,0,
49,7,bottom,other,483.44,213.762,223,118,0,
49,8,bottom,host,248.709,201.878,57,112,0,
49,8,bottom,other,476.62,221.076,223,118,0,
49,9,bottom,host,257.096,196.432,57,112,0,
49,9,bottom,other,469.8,228.39,223,118,0,
49,10,bottom,host,265.483,190.986,57,112,0,
49,10,bottom,other,462.98,235.704,223,118,0,
49,11,bottom,host,273.87,185.54,57,112,0,
49,11,bottom,other,456.16,243.018,223,118,0,
49,12,bottom,host,282.257,180.094,57,112,0,
49,12,bottom,other,449.34,250.332,223,118,0,
49,13,bottom,host,290.644,174.648,57,112,0,
49,13,bottom,other,442.52,257.646,223,118,0,
49,14,bottom,host,299.031,169.202,57,112,0,
49,14,bottom,other,435.7,264.96,223,118,0,
49,15,bottom,host,307.418,163.756,57,112,0,
49,15,bottom,other,428.88,272.274,223,118,0,
49,16,bottom,host,315.805,158.31,57,112,0,
49,16,bottom,other,422.06,279.588,223,118,0,
49,17,bottom,host,324.192,152.864,57,112,0,
49,17,bottom,other,415.24,286.902,223,118,0,
49,18,bottom,host,332.579,147.418,57,112,0,
49,18,bottom,other,408.42,294.216,223,118,0,
49,19,bottom,host,340.966,141.972,57,112,0,
49,19,bottom,other,401.6,301.53,223,118,0,
49,20,bottom,host,349.353,136.526,57,112,0,
49,20,bottom,other,394.78,308.844,223,118,0,
49,21,bottom,host,357.74,131.08,57,113,0,
49,21,bottom,other,387.96,316.158,223,122,0,
49,22,bottom,host,357.74,131.08,57,113,0,
49,22,bottom,other,387.96,316.158,223,122,0,
49,23,bottom,host,357.74,131.08,57,113,0,
49,23,bottom,other,387.96,316.158,223,122,0,
50,1,bottom,host,190,240,90,113,0,
50,1,bottom,other,530,240,270,122,0,
50,2,bottom,host,200,240,90,113,0,
50,2,bottom,other,521.71,234.408,304,122,0,
50,3,bottom,host,210,240,90,113,0,
50,3,bottom,other,513.42,228.816,304,122,0,
50,4,bottom,host,217.986,246.018,127,113,0,
50,4,bottom,other,505.13,223.224,304,122,0,
50,5,bottom,host,225.972,252.036,127,113,0,
50,5,bottom,other,496.84,217.632,304,122,0,
50,6,bottom,host,233.958,258.054,127,113,0,
50,6,bottom,other,488.55,212.04,304,122,0,
50,7,bottom,host,241.944,264.072,127,113,0,
50,7,bottom,other,480.26,206.448,304,122,0,
50,8,bottom,host,249.93,270.09,127,113,0,
50,8,bottom,other,471.97,200.856,304,122,0,
50,9,bottom,host,257.916,276.108,127,113,0,
50,9,bottom,other,463.68,195.264,304,122,0,
50,10,bottom,host,265.902,282.126,127,113,0,
50,10,bottom,other,455.39,189.672,304,122,0,
50,11,bottom,host,273.888,288.144,127,113,0,
50,11,bottom,other,447.1,184.08,304,122,0,
50,12,bottom,host,281.874,294.162,127,113,0,
50,12,bottom,other,438.81,178.488,304,122,0,
50,13,bottom,host,289.86,300.18,127,113,0,
50,13,bottom,other,430.52,172.896,304,122,0,
50,14,bottom,host,297.846,306.198,127,113,0,
50,14,bottom,other,422.23,167.304,304,122,0,
50,15,bottom,host,305.832,312.216,127,113,0,
50,15,bottom,other,413.94,161.712,304,122,0,
50,16,bottom,host,313.818,318.234,127,113,0,
50,16,bottom,other,405.65,156.12,304,122,0,
50,17,bottom,host,321.804,324.252,127,113,0,
50,17,bottom,other,397.77,149.963,308,122,0,
50,18,bottom,host,329.79,330.27,127,113,0,
50,18,bottom,other,389.89,143.806,308,122,0,
50,19,bottom,host,337.776,336.288,127,113,0,
50,19,bottom,other,382.01,137.649,308,122,0,
50,20,bottom,host,345.762,342.306,127,113,0,
50,20,bottom,other,374.13,131.492,308,122,0,
50,21,bottom,host,353.748,348.324,127,117,0,
50,21,bottom,other,366.25,125.335,308,123,0,
50,22,bottom,host,353.748,348.324,127,117,0,
50,22,bottom,other,366.25,125.335,308,123,0,
50,23,bottom,host,353.748,348.324,127,117,0,
50,23,bottom,other,366.25,125.335,308,123,0,
