1,1,top,host,188.387,234.554,57,0,0,
1,1,top,other,530,240,270,0,0,
1,2,top,host,196.774,229.108,57,0,0,
1,2,top,other,520,240,270,0,0,
1,3,top,host,205.161,223.662,57,0,0,
1,3,top,other,510,240,270,0,0,
1,4,top,host,213.548,218.216,57,0,0,
1,4,top,other,500,240,270,0,0,
1,5,top,host,221.935,212.77,57,0,0,
1,5,top,other,492.34,233.572,310,0,0,
1,6,top,host,230.322,207.324,57,0,0,
1,6,top,other,484.68,227.144,310,0,0,
1,7,top,host,238.709,201.878,57,0,0,
1,7,top,other,477.02,220.716,310,0,0,
1,8,top,host,247.096,196.432,57,0,0,
1,8,top,other,469.589,214.025,312,0,0,
1,9,top,host,255.483,190.986,57,0,0,
1,9,top,other,462.158,207.334,312,0,0,
1,10,top,host,263.87,185.54,57,0,0,
1,10,top,other,454.727,200.643,312,0,0,
1,11,top,host,272.257,180.094,57,0,0,
1,11,top,other,447.296,193.952,312,0,0,
1,12,top,host,280.644,174.648,57,0,0,
1,12,top,other,439.865,187.261,312,0,0,
1,13,top,host,289.031,169.202,57,0,0,
1,13,top,other,432.434,180.57,312,0,0,
1,14,top,host,297.418,163.756,57,0,0,
1,14,top,other,425.003,173.879,312,0,0,
1,15,top,host,305.805,158.31,57,0,0,
1,15,top,other,417.572,167.188,312,0,0,
1,16,top,host,314.192,152.864,57,0,0,
1,16,top,other,410.141,160.497,312,0,0,
1,17,top,host,322.579,147.418,57,0,0,
1,17,top,other,402.71,153.806,312,0,0,
1,18,top,host,330.966,141.972,57,0,0,
1,18,top,other,395.279,147.115,312,0,0,
1,19,top,host,339.353,136.526,57,0,0,
1,19,top,other,387.848,140.424,312,0,0,
1,20,top,host,347.74,131.08,57,0,0,
1,20,top,other,380.417,133.733,312,0,0,
1,21,top,host,347.74,131.08,57,0,0,
1,21,top,other,380.417,133.733,312,0,0,
1,22,top,host,347.74,131.08,57,0,0,
1,22,top,other,380.417,133.733,312,0,0,
2,1,top,host,190,240,90,0,0,
2,1,top,other,530,240,270,0,0,
2,2,top,host,200,240,90,0,0,
2,2,top,other,520,240,270,0,0,
2,3,top,host,207.986,233.982,53,0,0,
2,3,top,other,510,240,270,0,0,
2,4,top,host,215.972,227.964,53,0,0,
2,4,top,other,500,240,270,0,0,
2,5,top,host,223.958,221.946,53,0,0,
2,5,top,other,490,240,270,0,0,
2,6,top,host,231.944,215.928,53,0,0,
2,6,top,other,480,240,270,0,0,
2,7,top,host,239.93,209.91,53,0,0,
2,7,top,other,470,240,270,0,0,
2,8,top,host,247.916,203.892,53,0,0,
2,8,top,other,463.053,247.193,224,0,0,
2,9,top,host,255.902,197.874,53,0,0,
2,9,top,other,456.233,254.507,223,0,0,
2,10,top,host,263.888,191.856,53,0,0,
2,10,top,other,449.805,262.167,220,0,0,
2,11,top,host,271.874,185.838,53,0,0,
2,11,top,other,443.377,269.827,220,0,0,
2,12,top,host,279.86,179.82,53,0,0,
2,12,top,other,436.949,277.487,220,0,0,
2,13,top,host,287.846,173.802,53,0,0,
2,13,top,other,430.521,285.147,220,0,0,
2,14,top,host,295.832,167.784,53,0,0,
2,14,top,other,424.093,292.807,220,0,0,
2,15,top,host,303.818,161.766,53,0,0,
2,15,top,other,417.665,300.467,220,0,0,
2,16,top,host,311.804,155.748,53,0,0,
2,16,top,other,411.237,308.127,220,0,0,
2,17,top,host,319.79,149.73,53,0,0,
2,17,top,other,404.809,315.787,220,0,0,
2,18,top,host,327.776,143.712,53,0,0,
2,18,top,other,398.381,323.447,220,0,0,
2,19,top,host,335.762,137.694,53,0,0,
2,19,top,other,391.953,331.107,220,0,0,
2,20,top,host,343.748,131.676,53,0,0,
2,20,top,other,385.525,338.767,220,0,0,
2,21,top,host,351.734,125.658,53,4,0,
2,21,top,other,379.097,346.427,220,1,0,
2,22,top,host,351.734,125.658,53,4,0,
2,22,top,other,379.097,346.427,220,1,0,
2,23,top,host,351.734,125.658,53,4,0,
2,23,top,other,379.097,346.427,220,1,0,
3,1,bottom,host,188.29,245.592,124,4,0,
3,1,bottom,other,531.808,245.736,235,1,0,
3,2,bottom,host,196.58,251.184,124,4,0,
3,2,bottom,other,523.616,251.472,235,1,0,
3,3,bottom,host,204.87,256.776,124,4,0,
3,3,bottom,other,515.424,257.208,235,1,0,
3,4,bottom,host,213.16,262.368,124,4,0,
3,4,bottom,other,507.232,262.944,235,1,0,
3,5,bottom,host,221.45,267.96,124,4,0,
3,5,bottom,other,499.04,268.68,235,1,0,
3,6,bottom,host,229.74,273.552,124,4,0,
3,6,bottom,other,490.848,274.416,235,1,0,
3,7,bottom,host,238.03,279.144,124,4,0,
3,7,bottom,other,482.656,280.152,235,1,0,
3,8,bottom,host,246.32,284.736,124,4,0,
3,8,bottom,other,474.464,285.888,235,1,0,
3,9,bottom,host,254.61,290.328,124,4,0,
3,9,bottom,other,466.174,291.48,236,1,0,
3,10,bottom,host,262.9,295.92,124,4,0,
3,10,bottom,other,457.884,297.072,236,1,0,
3,11,bottom,host,271.19,301.512,124,4,0,
3,11,bottom,other,449.594,302.664,236,1,0,
3,12,bottom,host,279.48,307.104,124,4,0,
3,12,bottom,other,441.304,308.256,236,1,0,
3,13,bottom,host,287.77,312.696,124,4,0,
3,13,bottom,other,433.014,313.848,236,1,0,
3,14,bottom,host,296.06,318.288,124,4,0,
3,14,bottom,other,424.724,319.44,236,1,0,
3,15,bottom,host,304.35,323.88,124,4,0,
3,15,bottom,other,416.434,325.032,236,1,0,
3,16,bottom,host,312.64,329.472,124,4,0,
3,16,bottom,other,408.047,330.478,237,1,0,
3,17,bottom,host,320.93,335.064,124,4,0,
3,17,bottom,other,399.66,335.924,237,1,0,
3,18,bottom,host,329.22,340.656,124,4,0,
3,18,bottom,other,391.273,341.37,237,1,0,
3,19,bottom,host,337.51,346.248,124,4,0,
3,19,bottom,other,382.886,346.816,237,1,0,
3,20,bottom,host,345.8,351.84,124,4,0,
3,20,bottom,other,374.406,352.115,238,1,0,
3,21,bottom,host,345.8,351.84,124,4,0,
3,21,bottom,other,374.406,352.115,238,1,0,
3,22,bottom,host,345.8,351.84,124,4,0,
3,22,bottom,other,374.406,352.115,238,1,0,
4,1,bottom,host,190,240,90,4,0,
4,1,bottom,other,530,240,270,1,0,
4,2,bottom,host,200,240,90,4,0,
4,2,bottom,other,520,240,270,1,0,
4,3,bottom,host,210,240,90,4,0,
4,3,bottom,other,510,240,270,1,0,
4,4,bottom,host,220,240,90,4,0,
4,4,bottom,other,500,240,270,1,0,
4,5,bottom,host,230,240,90,4,0,
4,5,bottom,other,490,240,270,1,0,
4,6,bottom,host,237.547,246.561,131,4,0,
4,6,bottom,other,482.686,233.18,313,1,0,
4,7,bottom,host,245.094,253.122,131,4,0,
4,7,bottom,other,475.372,226.36,313,1,0,
4,8,bottom,host,252.641,259.683,131,4,0,
4,8,bottom,other,468.425,219.167,316,1,0,
4,9,bottom,host,260.188,266.244,131,4,0,
4,9,bottom,other,461.478,211.974,316,1,0,
4,10,bottom,host,267.735,272.805,131,4,0,
4,10,bottom,other,454.531,204.781,316,1,0,
4,11,bottom,host,275.282,279.366,131,4,0,
4,11,bottom,other,447.584,197.588,316,1,0,
4,12,bottom,host,282.829,285.927,131,4,0,
4,12,bottom,other,440.637,190.395,316,1,0,
4,13,bottom,host,290.376,292.488,131,4,0,
4,13,bottom,other,433.69,183.202,316,1,0,
4,14,bottom,host,297.923,299.049,131,4,0,
4,14,bottom,other,426.743,176.009,316,1,0,
4,15,bottom,host,305.47,305.61,131,4,0,
4,15,bottom,other,419.672,168.938,315,1,0,
4,16,bottom,host,313.017,312.171,131,4,0,
4,16,bottom,other,412.601,161.867,315,1,0,
4,17,bottom,host,320.564,318.732,131,4,0,
4,17,bottom,other,405.53,154.796,315,1,0,
4,18,bottom,host,328.111,325.293,131,4,0,
4,18,bottom,other,398.459,147.725,315,1,0,
4,19,bottom,host,335.658,331.854,131,4,0,
4,19,bottom,other,391.512,140.532,316,1,0,
4,20,bottom,host,343.205,338.415,131,4,0,
4,20,bottom,other,384.565,133.339,316,1,0,
4,21,bottom,host,350.752,344.976,131,8,0,
4,21,bottom,other,377.618,126.146,316,2,0,
4,22,bottom,host,350.752,344.976,131,8,0,
4,22,bottom,other,377.618,126.146,316,2,0,
4,23,bottom,host,350.752,344.976,131,8,0,
4,23,bottom,other,377.618,126.146,316,2,0,
5,1,bottom,host,190,240,90,8,0,
5,1,bottom,other,530,240,270,2,0,
5,2,bottom,host,200,240,90,8,0,
5,2,bottom,other,521.613,245.446,237,2,0,
5,3,bottom,host,208.387,245.446,123,8,0,
5,3,bottom,other,513.421,251.182,235,2,0,
5,4,bottom,host,216.774,250.892,123,8,0,
5,4,bottom,other,505.229,256.918,235,2,0,
5,5,bottom,host,225.161,256.338,123,8,0,
5,5,bottom,other,497.037,262.654,235,2,0,
5,6,bottom,host,233.548,261.784,123,8,0,
5,6,bottom,other,488.845,268.39,235,2,0,
5,7,bottom,host,241.935,267.23,123,8,0,
5,7,bottom,other,480.653,274.126,235,2,0,
5,8,bottom,host,250.322,272.676,123,8,0,
5,8,bottom,other,472.461,279.862,235,2,0,
5,9,bottom,host,258.709,278.122,123,8,0,
5,9,bottom,other,464.269,285.598,235,2,0,
5,10,bottom,host,267.096,283.568,123,8,0,
5,10,bottom,other,456.077,291.334,235,2,0,
5,11,bottom,host,275.483,289.014,123,8,0,
5,11,bottom,other,447.885,297.07,235,2,0,
5,12,bottom,host,283.87,294.46,123,8,0,
5,12,bottom,other,439.693,302.806,235,2,0,
5,13,bottom,host,292.257,299.906,123,8,0,
5,13,bottom,other,431.501,308.542,235,2,0,
5,14,bottom,host,300.644,305.352,123,8,0,
5,14,bottom,other,423.309,314.278,235,2,0,
5,15,bottom,host,309.031,310.798,123,8,0,
5,15,bottom,other,415.117,320.014,235,2,0,
5,16,bottom,host,318.956,309.579,83,8,0,
5,16,bottom,other,406.925,325.75,235,2,0,
5,17,bottom,host,328.881,308.36,83,8,0,
5,17,bottom,other,398.733,331.486,235,2,0,
5,18,bottom,host,338.806,307.141,83,8,0,
5,18,bottom,other,390.443,337.078,236,2,0,
5,19,bottom,host,348.731,305.922,83,8,0,
5,19,bottom,other,382.153,342.67,236,2,0,
5,20,bottom,host,358.656,304.703,83,8,0,
5,20,bottom,other,373.863,348.262,236,2,0,
5,21,bottom,host,368.581,303.484,83,9,0,
5,21,bottom,other,365.476,353.708,237,6,0,
5,22,bottom,host,368.581,303.484,83,9,0,
5,22,bottom,other,365.476,353.708,237,6,0,
5,23,bottom,host,368.581,303.484,83,9,0,
5,23,bottom,other,365.476,353.708,237,6,0,
6,1,bottom,host,188.29,245.592,124,9,0,
6,1,bottom,other,531.71,245.592,236,6,0,
6,2,bottom,host,196.58,251.184,124,9,0,
6,2,bottom,other,523.42,251.184,236,6,0,
6,3,bottom,host,204.87,256.776,124,9,0,
6,3,bottom,other,515.13,256.776,236,6,0,
6,4,bottom,host,213.16,262.368,124,9,0,
6,4,bottom,other,506.84,262.368,236,6,0,
6,5,bottom,host,221.45,267.96,124,9,0,
6,5,bottom,other,498.55,267.96,236,6,0,
6,6,bottom,host,229.74,273.552,124,9,0,
6,6,bottom,other,490.26,273.552,236,6,0,
6,7,bottom,host,238.03,279.144,124,9,0,
6,7,bottom,other,481.97,279.144,236,6,0,
6,8,bottom,host,246.32,284.736,124,9,0,
6,8,bottom,other,473.68,284.736,236,6,0,
6,9,bottom,host,254.61,290.328,124,9,0,
6,9,bottom,other,465.39,290.328,236,6,0,
6,10,bottom,host,262.9,295.92,124,9,0,
6,10,bottom,other,457.1,295.92,236,6,0,
6,11,bottom,host,271.19,301.512,124,9,0,
6,11,bottom,other,448.81,301.512,236,6,0,
6,12,bottom,host,279.48,307.104,124,9,0,
6,12,bottom,other,440.423,306.958,237,6,0,
6,13,bottom,host,287.77,312.696,124,9,0,
6,13,bottom,other,432.036,312.404,237,6,0,
6,14,bottom,host,296.06,318.288,124,9,0,
6,14,bottom,other,423.649,317.85,237,6,0,
6,15,bottom,host,304.35,323.88,124,9,0,
6,15,bottom,other,415.169,323.149,238,6,0,
6,16,bottom,host,312.64,329.472,124,9,0,
6,16,bottom,other,406.689,328.448,238,6,0,
6,17,bottom,host,320.93,335.064,124,9,0,
6,17,bottom,other,398.209,333.747,238,6,0,
6,18,bottom,host,329.22,340.656,124,9,0,
6,18,bottom,other,389.729,339.046,238,6,0,
6,19,bottom,host,337.51,346.248,124,9,0,
6,19,bottom,other,381.249,344.345,238,6,0,
6,20,bottom,host,345.8,351.84,124,9,0,
6,20,bottom,other,372.677,349.495,239,6,0,
6,21,bottom,host,345.8,351.84,124,9,0,
6,21,bottom,other,364.105,354.645,239,6,0,
6,22,bottom,host,345.8,351.84,124,9,0,
6,22,bottom,other,364.105,354.645,239,6,0,
7,1,top,host,188.29,234.408,56,9,0,
7,1,top,other,531.71,234.408,304,6,0,
7,2,top,host,196.58,228.816,56,9,0,
7,2,top,other,523.42,228.816,304,6,0,
7,3,top,host,204.87,223.224,56,9,0,
7,3,top,other,515.13,223.224,304,6,0,
7,4,top,host,213.16,217.632,56,9,0,
7,4,top,other,506.84,217.632,304,6,0,
7,5,top,host,221.45,212.04,56,9,0,
7,5,top,other,498.55,212.04,304,6,0,
7,6,top,host,229.74,206.448,56,9,0,
7,6,top,other,490.26,206.448,304,6,0,
7,7,top,host,238.03,200.856,56,9,0,
7,7,top,other,481.97,200.856,304,6,0,
7,8,top,host,246.32,195.264,56,9,0,
7,8,top,other,473.68,195.264,304,6,0,
7,9,top,host,251.912,203.554,146,9,0,
7,9,top,other,465.39,189.672,304,6,0,
7,10,top,host,257.504,211.844,146,9,0,
7,10,top,other,457.1,184.08,304,6,0,
7,11,top,host,263.096,220.134,146,9,0,
7,11,top,other,448.81,178.488,304,6,0,
7,12,top,host,268.688,228.424,146,9,0,
7,12,top,other,440.52,172.896,304,6,0,
7,13,top,host,274.28,236.714,146,9,0,
7,13,top,other,432.23,167.304,304,6,0,
7,14,top,host,279.872,245.004,146,9,0,
7,14,top,other,423.94,161.712,304,6,0,
7,15,top,host,285.464,253.294,146,9,0,
7,15,top,other,415.748,155.976,305,6,0,
7,16,top,host,291.056,261.584,146,9,0,
7,16,top,other,407.458,150.384,304,6,0,
7,17,top,host,296.648,269.874,146,9,0,
7,17,top,other,399.168,144.792,304,6,0,
7,18,top,host,302.24,278.164,146,9,0,
7,18,top,other,390.878,139.2,304,6,0,
7,19,top,host,307.832,286.454,146,9,0,
7,19,top,other,382.686,133.464,305,6,0,
7,20,top,host,313.424,294.744,146,10,0,
7,20,top,other,374.494,127.728,305,10,0,
7,21,top,host,313.424,294.744,146,10,0,
7,21,top,other,374.494,127.728,305,10,0,
7,22,top,host,313.424,294.744,146,10,0,
7,22,top,other,374.494,127.728,305,10,0,
8,1,top,host,190,240,90,10,0,
8,1,top,other,530,240,270,10,0,
8,2,top,host,200,240,90,10,0,
8,2,top,other,521.71,234.408,304,10,0,
8,3,top,host,208.29,234.408,56,10,0,
8,3,top,other,513.42,228.816,304,10,0,
8,4,top,host,216.58,228.816,56,10,0,
8,4,top,other,505.33,222.938,306,10,0,
8,5,top,host,224.87,223.224,56,10,0,
8,5,top,other,497.24,217.06,306,10,0,
8,6,top,host,233.16,217.632,56,10,0,
8,6,top,other,489.15,211.182,306,10,0,
8,7,top,host,241.45,212.04,56,10,0,
8,7,top,other,481.06,205.304,306,10,0,
8,8,top,host,249.74,206.448,56,10,0,
8,8,top,other,472.97,199.426,306,10,0,
8,9,top,host,258.03,200.856,56,10,0,
8,9,top,other,464.88,193.548,306,10,0,
8,10,top,host,266.32,195.264,56,10,0,
8,10,top,other,456.79,187.67,306,10,0,
8,11,top,host,274.61,189.672,56,10,0,
8,11,top,other,448.804,181.652,307,10,0,
8,12,top,host,282.9,184.08,56,10,0,
8,12,top,other,440.818,175.634,307,10,0,
8,13,top,host,291.19,178.488,56,10,0,
8,13,top,other,432.832,169.616,307,10,0,
8,14,top,host,295.73,187.398,153,10,0,
8,14,top,other,424.846,163.598,307,10,0,
8,15,top,host,300.27,196.308,153,10,0,
8,15,top,other,416.86,157.58,307,10,0,
8,16,top,host,304.81,205.218,153,10,0,
8,16,top,other,408.874,151.562,307,10,0,
8,17,top,host,309.35,214.128,153,10,0,
8,17,top,other,400.888,145.544,307,10,0,
8,18,top,host,313.89,223.038,153,10,0,
8,18,top,other,392.902,139.526,307,10,0,
8,19,top,host,318.43,231.948,153,10,0,
8,19,top,other,384.916,133.508,307,10,0,
8,20,top,host,322.97,240.858,153,10,0,
8,20,top,other,376.93,127.49,307,10,0,
8,21,top,host,327.51,249.768,153,11,0,
8,21,top,other,368.944,121.472,307,14,0,
8,22,top,host,327.51,249.768,153,11,0,
8,22,top,other,368.944,121.472,307,14,0,
8,23,top,host,327.51,249.768,153,11,0,
8,23,top,other,368.944,121.472,307,14,0,
9,1,bottom,host,190,240,90,11,0,
9,1,bottom,other,530,240,270,14,0,
9,2,bottom,host,200,240,90,11,0,
9,2,bottom,other,520,240,270,14,0,
9,3,bottom,host,208.387,245.446,123,11,0,
9,3,bottom,other,512.014,246.018,233,14,0,
9,4,bottom,host,216.774,250.892,123,11,0,
9,4,bottom,other,504.028,252.036,233,14,0,
9,5,bottom,host,225.161,256.338,123,11,0,
9,5,bottom,other,496.042,258.054,233,14,0,
9,6,bottom,host,233.548,261.784,123,11,0,
9,6,bottom,other,488.056,264.072,233,14,0,
9,7,bottom,host,241.428,267.941,128,11,0,
9,7,bottom,other,480.07,270.09,233,14,0,
9,8,bottom,host,249.308,274.098,128,11,0,
9,8,bottom,other,472.084,276.108,233,14,0,
9,9,bottom,host,257.188,280.255,128,11,0,
9,9,bottom,other,464.098,282.126,233,14,0,
9,10,bottom,host,265.068,286.412,128,11,0,
9,10,bottom,other,456.112,288.144,233,14,0,
9,11,bottom,host,270.367,277.932,32,11,0,
9,11,bottom,other,448.126,294.162,233,14,0,
9,12,bottom,host,275.666,269.452,32,11,0,
9,12,bottom,other,440.14,300.18,233,14,0,
9,13,bottom,host,280.965,260.972,32,11,0,
9,13,bottom,other,432.154,306.198,233,14,0,
9,14,bottom,host,286.264,252.492,32,11,0,
9,14,bottom,other,424.168,312.216,233,14,0,
9,15,bottom,host,291.563,244.012,32,11,0,
9,15,bottom,other,416.182,318.234,233,14,0,
9,16,bottom,host,296.862,235.532,32,11,0,
9,16,bottom,other,408.196,324.252,233,14,0,
9,17,bottom,host,302.161,227.052,32,11,0,
9,17,bottom,other,400.21,330.27,233,14,0,
9,18,bottom,host,307.46,218.572,32,11,0,
9,18,bottom,other,392.224,336.288,233,14,0,
9,19,bottom,host,312.759,210.092,32,11,0,
9,19,bottom,other,384.238,342.306,233,14,0,
9,20,bottom,host,318.058,201.612,32,11,0,
9,20,bottom,other,376.252,348.324,233,14,0,
9,21,bottom,host,323.357,193.132,32,12,0,
9,21,bottom,other,368.266,354.342,233,18,0,
9,22,bottom,host,323.357,193.132,32,12,0,
9,22,bottom,other,368.266,354.342,233,18,0,
9,23,bottom,host,323.357,193.132,32,12,0,
9,23,bottom,other,368.266,354.342,233,18,0,
10,1,top,host,190,240,90,12,0,
10,1,top,other,530,240,270,18,0,
10,2,top,host,200,240,90,12,0,
10,2,top,other,521.613,234.554,303,18,0,
10,3,top,host,210,240,90,12,0,
10,3,top,other,513.226,229.108,303,18,0,
10,4,top,host,220,240,90,12,0,
10,4,top,other,504.839,223.662,303,18,0,
10,5,top,host,230,240,90,12,0,
10,5,top,other,496.647,217.926,305,18,0,
10,6,top,host,240,240,90,12,0,
10,6,top,other,488.455,212.19,305,18,0,
10,7,top,host,250,240,90,12,0,
10,7,top,other,480.263,206.454,305,18,0,
10,8,top,host,260,240,90,12,0,
10,8,top,other,472.071,200.718,305,18,0,
10,9,top,host,270,240,90,12,0,
10,9,top,other,463.879,194.982,305,18,0,
10,10,top,host,280,240,90,12,0,
10,10,top,other,455.687,189.246,305,18,0,
10,11,top,host,290,240,90,12,0,
10,11,top,other,447.495,183.51,305,18,0,
10,12,top,host,296.293,247.771,141,12,0,
10,12,top,other,439.303,177.774,305,18,0,
10,13,top,host,302.586,255.542,141,12,0,
10,13,top,other,431.111,172.038,305,18,0,
10,14,top,host,308.879,263.313,141,12,0,
10,14,top,other,422.919,166.302,305,18,0,
10,15,top,host,315.172,271.084,141,12,0,
10,15,top,other,414.727,160.566,305,18,0,
10,16,top,host,321.465,278.855,141,12,0,
10,16,top,other,406.535,154.83,305,18,0,
10,17,top,host,327.758,286.626,141,12,0,
10,17,top,other,398.343,149.094,305,18,0,
10,18,top,host,334.051,294.397,141,12,0,
10,18,top,other,390.151,143.358,305,18,0,
10,19,top,host,340.344,302.168,141,12,0,
10,19,top,other,381.861,137.766,304,18,0,
10,20,top,host,346.637,309.939,141,12,0,
10,20,top,other,373.571,132.174,304,18,0,
10,21,top,host,352.93,317.71,141,13,0,
10,21,top,other,365.281,126.582,304,22,0,
10,22,top,host,352.93,317.71,141,13,0,
10,22,top,other,365.281,126.582,304,22,0,
10,23,top,host,352.93,317.71,141,13,0,
10,23,top,other,365.281,126.582,304,22,0,
11,1,top,host,190,240,90,13,0,
11,1,top,other,530,240,270,22,0,
11,2,top,host,200,240,90,13,0,
11,2,top,other,521.613,234.554,303,22,0,
11,3,top,host,208.29,234.408,56,13,0,
11,3,top,other,513.421,228.818,305,22,0,
11,4,top,host,216.58,228.816,56,13,0,
11,4,top,other,505.229,223.082,305,22,0,
11,5,top,host,224.87,223.224,56,13,0,
11,5,top,other,497.037,217.346,305,22,0,
11,6,top,host,233.16,217.632,56,13,0,
11,6,top,other,488.845,211.61,305,22,0,
11,7,top,host,241.45,212.04,56,13,0,
11,7,top,other,480.653,205.874,305,22,0,
11,8,top,host,249.74,206.448,56,13,0,
11,8,top,other,472.461,200.138,305,22,0,
11,9,top,host,258.03,200.856,56,13,0,
11,9,top,other,464.269,194.402,305,22,0,
11,10,top,host,264.721,208.287,138,13,0,
11,10,top,other,456.077,188.666,305,22,0,
11,11,top,host,271.412,215.718,138,13,0,
11,11,top,other,447.885,182.93,305,22,0,
11,12,top,host,278.103,223.149,138,13,0,
11,12,top,other,439.693,177.194,305,22,0,
11,13,top,host,284.794,230.58,138,13,0,
11,13,top,other,431.501,171.458,305,22,0,
11,14,top,host,291.485,238.011,138,13,0,
11,14,top,other,423.309,165.722,305,22,0,
11,15,top,host,298.176,245.442,138,13,0,
11,15,top,other,415.117,159.986,305,22,0,
11,16,top,host,304.867,252.873,138,13,0,
11,16,top,other,406.925,154.25,305,22,0,
11,17,top,host,311.558,260.304,138,13,0,
11,17,top,other,398.733,148.514,305,22,0,
11,18,top,host,318.249,267.735,138,13,0,
11,18,top,other,390.541,142.778,305,22,0,
11,19,top,host,324.94,275.166,138,13,0,
11,19,top,other,382.349,137.042,305,22,0,
11,20,top,host,331.631,282.597,138,13,0,
11,20,top,other,374.157,131.306,305,22,0,
11,21,top,host,338.322,290.028,138,14,0,
11,21,top,other,365.965,125.57,305,26,0,
11,22,top,host,338.322,290.028,138,14,0,
11,22,top,other,365.965,125.57,305,26,0,
11,23,top,host,338.322,290.028,138,14,0,
11,23,top,other,365.965,125.57,305,26,0,
12,1,top,host,190,240,90,14,0,
12,1,top,other,531.613,234.554,303,26,0,
12,2,top,host,198.29,234.408,56,14,0,
12,2,top,other,523.226,229.108,303,26,0,
12,3,top,host,206.58,228.816,56,14,0,
12,3,top,other,514.839,223.662,303,26,0,
12,4,top,host,214.87,223.224,56,14,0,
12,4,top,other,506.452,218.216,303,26,0,
12,5,top,host,223.16,217.632,56,14,0,
12,5,top,other,498.065,212.77,303,26,0,
12,6,top,host,231.45,212.04,56,14,0,
12,6,top,other,489.678,207.324,303,26,0,
12,7,top,host,239.74,206.448,56,14,0,
12,7,top,other,481.291,201.878,303,26,0,
12,8,top,host,248.03,200.856,56,14,0,
12,8,top,other,472.904,196.432,303,26,0,
12,9,top,host,256.32,195.264,56,14,0,
12,9,top,other,464.517,190.986,303,26,0,
12,10,top,host,264.61,189.672,56,14,0,
12,10,top,other,456.13,185.54,303,26,0,
12,11,top,host,270.488,197.762,144,14,0,
12,11,top,other,447.743,180.094,303,26,0,
12,12,top,host,276.366,205.852,144,14,0,
12,12,top,other,439.453,174.502,304,26,0,
12,13,top,host,282.244,213.942,144,14,0,
12,13,top,other,431.163,168.91,304,26,0,
12,14,top,host,288.122,222.032,144,14,0,
12,14,top,other,422.873,163.318,304,26,0,
12,15,top,host,294,230.122,144,14,0,
12,15,top,other,414.583,157.726,304,26,0,
12,16,top,host,299.878,238.212,144,14,0,
12,16,top,other,406.293,152.134,304,26,0,
12,17,top,host,305.756,246.302,144,14,0,
12,17,top,other,398.003,146.542,304,26,0,
12,18,top,host,311.634,254.392,144,14,0,
12,18,top,other,389.713,140.95,304,26,0,
12,19,top,host,317.512,262.482,144,14,0,
12,19,top,other,381.423,135.358,304,26,0,
12,20,top,host,323.39,270.572,144,15,0,
12,20,top,other,373.133,129.766,304,30,0,
12,21,top,host,323.39,270.572,144,15,0,
12,21,top,other,373.133,129.766,304,30,0,
12,22,top,host,323.39,270.572,144,15,0,
12,22,top,other,373.133,129.766,304,30,0,
13,1,bottom,host,188.29,245.592,124,15,0,
13,1,bottom,other,531.71,245.592,236,30,0,
13,2,bottom,host,196.58,251.184,124,15,0,
13,2,bottom,other,523.42,251.184,236,30,0,
13,3,bottom,host,204.87,256.776,124,15,0,
13,3,bottom,other,515.13,256.776,236,30,0,
13,4,bottom,host,213.16,262.368,124,15,0,
13,4,bottom,other,506.84,262.368,236,30,0,
13,5,bottom,host,221.82,267.368,120,15,0,
13,5,bottom,other,498.55,267.96,236,30,0,
13,6,bottom,host,230.48,272.368,120,15,0,
13,6,bottom,other,490.26,273.552,236,30,0,
13,7,bottom,host,239.14,277.368,120,15,0,
13,7,bottom,other,481.97,279.144,236,30,0,
13,8,bottom,host,247.8,282.368,120,15,0,
13,8,bottom,other,473.68,284.736,236,30,0,
13,9,bottom,host,256.46,287.368,120,15,0,
13,9,bottom,other,465.39,290.328,236,30,0,
13,10,bottom,host,264.75,292.96,124,15,0,
13,10,bottom,other,457.1,295.92,236,30,0,
13,11,bottom,host,273.04,298.552,124,15,0,
13,11,bottom,other,448.81,301.512,236,30,0,
13,12,bottom,host,281.33,304.144,124,15,0,
13,12,bottom,other,440.52,307.104,236,30,0,
13,13,bottom,host,289.62,309.736,124,15,0,
13,13,bottom,other,432.23,312.696,236,30,0,
13,14,bottom,host,297.91,315.328,124,15,0,
13,14,bottom,other,423.94,318.288,236,30,0,
13,15,bottom,host,302.294,306.34,26,15,0,
13,15,bottom,other,415.65,323.88,236,30,0,
13,16,bottom,host,306.678,297.352,26,15,0,
13,16,bottom,other,407.36,329.472,236,30,0,
13,17,bottom,host,311.062,288.364,26,15,0,
13,17,bottom,other,399.07,335.064,236,30,0,
13,18,bottom,host,315.446,279.376,26,15,0,
13,18,bottom,other,390.78,340.656,236,30,0,
13,19,bottom,host,319.83,270.388,26,15,0,
13,19,bottom,other,382.49,346.248,236,30,0,
13,20,bottom,host,324.214,261.4,26,16,0,
13,20,bottom,other,374.2,351.84,236,34,0,
13,21,bottom,host,324.214,261.4,26,16,0,
13,21,bottom,other,374.2,351.84,236,34,0,
13,22,bottom,host,324.214,261.4,26,16,0,
13,22,bottom,other,374.2,351.84,236,34,0,
14,1,bottom,host,190,240,90,16,0,
14,1,bottom,other,530,240,270,34,0,
14,2,bottom,host,200,240,90,16,0,
14,2,bottom,other,521.71,245.592,236,34,0,
14,3,bottom,host,208.387,245.446,123,16,0,
14,3,bottom,other,513.42,251.184,236,34,0,
14,4,bottom,host,216.774,250.892,123,16,0,
14,4,bottom,other,505.228,256.92,235,34,0,
14,5,bottom,host,225.161,256.338,123,16,0,
14,5,bottom,other,497.036,262.656,235,34,0,
14,6,bottom,host,233.548,261.784,123,16,0,
14,6,bottom,other,488.844,268.392,235,34,0,
14,7,bottom,host,241.935,267.23,123,16,0,
14,7,bottom,other,480.652,274.128,235,34,0,
14,8,bottom,host,250.322,272.676,123,16,0,
14,8,bottom,other,472.46,279.864,235,34,0,
14,9,bottom,host,258.709,278.122,123,16,0,
14,9,bottom,other,464.268,285.6,235,34,0,
14,10,bottom,host,267.096,283.568,123,16,0,
14,10,bottom,other,456.076,291.336,235,34,0,
14,11,bottom,host,272.246,274.996,31,16,0,
14,11,bottom,other,447.986,297.214,234,34,0,
14,12,bottom,host,277.396,266.424,31,16,0,
14,12,bottom,other,439.896,303.092,234,34,0,
14,13,bottom,host,282.546,257.852,31,16,0,
14,13,bottom,other,431.806,308.97,234,34,0,
14,14,bottom,host,287.696,249.28,31,16,0,
14,14,bottom,other,423.716,314.848,234,34,0,
14,15,bottom,host,292.846,240.708,31,16,0,
14,15,bottom,other,415.524,320.584,235,34,0,
14,16,bottom,host,297.996,232.136,31,16,0,
14,16,bottom,other,407.332,326.32,235,34,0,
14,17,bottom,host,303.146,223.564,31,16,0,
14,17,bottom,other,399.14,332.056,235,34,0,
14,18,bottom,host,308.296,214.992,31,16,0,
14,18,bottom,other,391.05,337.934,234,34,0,
14,19,bottom,host,313.446,206.42,31,16,0,
14,19,bottom,other,382.96,343.812,234,34,0,
14,20,bottom,host,318.596,197.848,31,16,0,
14,20,bottom,other,374.87,349.69,234,34,0,
14,21,bottom,host,323.746,189.276,31,17,0,
14,21,bottom,other,366.78,355.568,234,38,0,
14,22,bottom,host,323.746,189.276,31,17,0,
14,22,bottom,other,366.78,355.568,234,38,0,
14,23,bottom,host,323.746,189.276,31,17,0,
14,23,bottom,other,366.78,355.568,234,38,0,
15,1,bottom,host,189.962,240.872,95,17,0,
15,1,bottom,other,530,240,270,38,0,
15,2,bottom,host,199.924,241.744,95,17,0,
15,2,bottom,other,521.808,245.736,235,38,0,
15,3,bottom,host,209.886,242.616,95,17,0,
15,3,bottom,other,513.616,251.472,235,38,0,
15,4,bottom,host,219.848,243.488,95,17,0,
15,4,bottom,other,505.424,257.208,235,38,0,
15,5,bottom,host,229.81,244.36,95,17,0,
15,5,bottom,other,497.232,262.944,235,38,0,
15,6,bottom,host,239.772,245.232,95,17,0,
15,6,bottom,other,489.04,268.68,235,38,0,
15,7,bottom,host,249.734,246.104,95,17,0,
15,7,bottom,other,480.848,274.416,235,38,0,
15,8,bottom,host,259.696,246.976,95,17,0,
15,8,bottom,other,472.656,280.152,235,38,0,
15,9,bottom,host,269.658,247.848,95,17,0,
15,9,bottom,other,464.464,285.888,235,38,0,
15,10,bottom,host,279.62,248.72,95,17,0,
15,10,bottom,other,456.272,291.624,235,38,0,
15,11,bottom,host,289.582,249.592,95,17,0,
15,11,bottom,other,448.08,297.36,235,38,0,
15,12,bottom,host,299.544,250.464,95,17,0,
15,12,bottom,other,439.888,303.096,235,38,0,
15,13,bottom,host,309.506,251.336,95,17,0,
15,13,bottom,other,431.696,308.832,235,38,0,
15,14,bottom,host,319.468,252.208,95,17,0,
15,14,bottom,other,423.504,314.568,235,38,0,
15,15,bottom,host,329.43,253.08,95,17,0,
15,15,bottom,other,415.312,320.304,235,38,0,
15,16,bottom,host,339.392,253.952,95,17,0,
15,16,bottom,other,407.12,326.04,235,38,0,
15,17,bottom,host,349.354,254.824,95,17,0,
15,17,bottom,other,398.928,331.776,235,38,0,
15,18,bottom,host,351.773,245.121,14,17,0,
15,18,bottom,other,390.736,337.512,235,38,0,
15,19,bottom,host,354.192,235.418,14,17,0,
15,19,bottom,other,382.544,343.248,235,38,0,
15,20,bottom,host,356.611,225.715,14,17,0,
15,20,bottom,other,374.352,348.984,235,38,0,
15,21,bottom,host,359.03,216.012,14,18,0,
15,21,bottom,other,366.16,354.72,235,42,0,
15,22,bottom,host,359.03,216.012,14,18,0,
15,22,bottom,other,366.16,354.72,235,42,0,
15,23,bottom,host,359.03,216.012,14,18,0,
15,23,bottom,other,366.16,354.72,235,42,0,
16,1,bottom,host,190,240,90,18,0,
16,1,bottom,other,530,240,270,42,0,
16,2,bottom,host,200,240,90,18,0,
16,2,bottom,other,521.71,245.592,236,42,0,
16,3,bottom,host,210,240,90,18,0,
16,3,bottom,other,513.42,251.184,236,42,0,
16,4,bottom,host,220,240,90,18,0,
16,4,bottom,other,505.13,256.776,236,42,0,
16,5,bottom,host,228.48,245.299,122,18,0,
16,5,bottom,other,496.84,262.368,236,42,0,
16,6,bottom,host,236.96,250.598,122,18,0,
16,6,bottom,other,488.648,268.104,235,42,0,
16,7,bottom,host,245.44,255.897,122,18,0,
16,7,bottom,other,480.456,273.84,235,42,0,
16,8,bottom,host,253.92,261.196,122,18,0,
16,8,bottom,other,472.264,279.576,235,42,0,
16,9,bottom,host,262.4,266.495,122,18,0,
16,9,bottom,other,464.072,285.312,235,42,0,
16,10,bottom,host,270.88,271.794,122,18,0,
16,10,bottom,other,455.88,291.048,235,42,0,
16,11,bottom,host,279.36,277.093,122,18,0,
16,11,bottom,other,447.79,296.926,234,42,0,
16,12,bottom,host,287.84,282.392,122,18,0,
16,12,bottom,other,439.7,302.804,234,42,0,
16,13,bottom,host,296.32,287.691,122,18,0,
16,13,bottom,other,431.61,308.682,234,42,0,
16,14,bottom,host,304.8,292.99,122,18,0,
16,14,bottom,other,423.418,314.418,235,42,0,
16,15,bottom,host,313.28,298.289,122,18,0,
16,15,bottom,other,415.226,320.154,235,42,0,
16,16,bottom,host,321.76,303.588,122,18,0,
16,16,bottom,other,407.034,325.89,235,42,0,
16,17,bottom,host,330.24,308.887,122,18,0,
16,17,bottom,other,398.842,331.626,235,42,0,
16,18,bottom,host,332.659,299.184,14,18,0,
16,18,bottom,other,390.752,337.504,234,42,0,
16,19,bottom,host,335.078,289.481,14,18,0,
16,19,bottom,other,382.662,343.382,234,42,0,
16,20,bottom,host,337.497,279.778,14,18,0,
16,20,bottom,other,374.572,349.26,234,42,0,
16,21,bottom,host,339.916,270.075,14,19,0,
16,21,bottom,other,366.482,355.138,234,46,0,
16,22,bottom,host,339.916,270.075,14,19,0,
16,22,bottom,other,366.482,355.138,234,46,0,
16,23,bottom,host,339.916,270.075,14,19,0,
16,23,bottom,other,366.482,355.138,234,46,0,
17,1,bottom,host,190,240,90,19,0,
17,1,bottom,other,530,240,270,46,0,
17,2,bottom,host,200,240,90,19,0,
17,2,bottom,other,521.808,245.736,235,46,0,
17,3,bottom,host,210,240,90,19,0,
17,3,bottom,other,513.616,251.472,235,46,0,
17,4,bottom,host,220,240,90,19,0,
17,4,bottom,other,505.424,257.208,235,46,0,
17,5,bottom,host,230,240,90,19,0,
17,5,bottom,other,497.232,262.944,235,46,0,
17,6,bottom,host,240,240,90,19,0,
17,6,bottom,other,489.04,268.68,235,46,0,
17,7,bottom,host,250,240,90,19,0,
17,7,bottom,other,480.848,274.416,235,46,0,
17,8,bottom,host,260,240,90,19,0,
17,8,bottom,other,472.656,280.152,235,46,0,
17,9,bottom,host,270,240,90,19,0,
17,9,bottom,other,464.464,285.888,235,46,0,
17,10,bottom,host,280,240,90,19,0,
17,10,bottom,other,456.272,291.624,235,46,0,
17,11,bottom,host,290,240,90,19,0,
17,11,bottom,other,448.08,297.36,235,46,0,
17,12,bottom,host,300,240,90,19,0,
17,12,bottom,other,439.888,303.096,235,46,0,
17,13,bottom,host,310,240,90,19,0,
17,13,bottom,other,431.696,308.832,235,46,0,
17,14,bottom,host,320,240,90,19,0,
17,14,bottom,other,423.504,314.568,235,46,0,
17,15,bottom,host,330,240,90,19,0,
17,15,bottom,other,415.312,320.304,235,46,0,
17,16,bottom,host,340,240,90,19,0,
17,16,bottom,other,407.12,326.04,235,46,0,
17,17,bottom,host,350,240,90,19,0,
17,17,bottom,other,398.928,331.776,235,46,0,
17,18,bottom,host,360,240,90,19,0,
17,18,bottom,other,390.736,337.512,235,46,0,
17,19,bottom,host,370,240,90,19,0,
17,19,bottom,other,382.544,343.248,235,46,0,
17,20,bottom,host,370.175,230.002,1,19,0,
17,20,bottom,other,374.352,348.984,235,46,0,
17,21,bottom,host,370.35,220.004,1,20,0,
17,21,bottom,other,366.16,354.72,235,50,0,
17,22,bottom,host,370.35,220.004,1,20,0,
17,22,bottom,other,366.16,354.72,235,50,0,
17,23,bottom,host,370.35,220.004,1,20,0,
17,23,bottom,other,366.16,354.72,235,50,0,
18,1,bottom,host,188.29,234.408,56,20,0,
18,1,bottom,other,530,240,270,50,0,
18,2,bottom,host,196.58,228.816,56,20,0,
18,2,bottom,other,521.71,245.592,236,50,0,
18,3,bottom,host,204.87,223.224,56,20,0,
18,3,bottom,other,513.518,251.328,235,50,0,
18,4,bottom,host,213.16,217.632,56,20,0,
18,4,bottom,other,505.326,257.064,235,50,0,
18,5,bottom,host,221.45,212.04,56,20,0,
18,5,bottom,other,497.134,262.8,235,50,0,
18,6,bottom,host,229.74,206.448,56,20,0,
18,6,bottom,other,488.942,268.536,235,50,0,
18,7,bottom,host,238.03,200.856,56,20,0,
18,7,bottom,other,480.75,274.272,235,50,0,
18,8,bottom,host,246.32,195.264,56,20,0,
18,8,bottom,other,472.558,280.008,235,50,0,
18,9,bottom,host,254.61,189.672,56,20,0,
18,9,bottom,other,464.366,285.744,235,50,0,
18,10,bottom,host,262.9,184.08,56,20,0,
18,10,bottom,other,456.174,291.48,235,50,0,
18,11,bottom,host,271.19,178.488,56,20,0,
18,11,bottom,other,447.982,297.216,235,50,0,
18,12,bottom,host,279.48,172.896,56,20,0,
18,12,bottom,other,439.79,302.952,235,50,0,
18,13,bottom,host,287.77,167.304,56,20,0,
18,13,bottom,other,431.598,308.688,235,50,0,
18,14,bottom,host,296.06,161.712,56,20,0,
18,14,bottom,other,423.406,314.424,235,50,0,
18,15,bottom,host,304.35,156.12,56,20,0,
18,15,bottom,other,415.214,320.16,235,50,0,
18,16,bottom,host,312.64,150.528,56,20,0,
18,16,bottom,other,407.022,325.896,235,50,0,
18,17,bottom,host,320.93,144.936,56,20,0,
18,17,bottom,other,398.83,331.632,235,50,0,
18,18,bottom,host,329.22,139.344,56,20,0,
18,18,bottom,other,390.638,337.368,235,50,0,
18,19,bottom,host,337.51,133.752,56,20,0,
18,19,bottom,other,382.446,343.104,235,50,0,
18,20,bottom,host,345.8,128.16,56,21,0,
18,20,bottom,other,374.254,348.84,235,54,0,
18,21,bottom,host,345.8,128.16,56,21,0,
18,21,bottom,other,374.254,348.84,235,54,0,
18,22,bottom,host,345.8,128.16,56,21,0,
18,22,bottom,other,374.254,348.84,235,54,0,
19,1,top,host,190,240,90,21,0,
19,1,top,other,530,240,270,54,0,
19,2,top,host,198.387,234.554,57,21,0,
19,2,top,other,521.91,234.122,306,54,0,
19,3,top,host,206.774,229.108,57,21,0,
19,3,top,other,513.82,228.244,306,54,0,
19,4,top,host,215.161,223.662,57,21,0,
19,4,top,other,505.73,222.366,306,54,0,
19,5,top,host,223.548,218.216,57,21,0,
19,5,top,other,497.64,216.488,306,54,0,
19,6,top,host,231.935,212.77,57,21,0,
19,6,top,other,489.654,210.47,307,54,0,
19,7,top,host,240.322,207.324,57,21,0,
19,7,top,other,481.668,204.452,307,54,0,
19,8,top,host,248.709,201.878,57,21,0,
19,8,top,other,473.682,198.434,307,54,0,
19,9,top,host,257.096,196.432,57,21,0,
19,9,top,other,465.696,192.416,307,54,0,
19,10,top,host,265.483,190.986,57,21,0,
19,10,top,other,457.71,186.398,307,54,0,
19,11,top,host,273.87,185.54,57,21,0,
19,11,top,other,449.724,180.38,307,54,0,
19,12,top,host,282.257,180.094,57,21,0,
19,12,top,other,441.738,174.362,307,54,0,
19,13,top,host,286.324,189.229,156,21,0,
19,13,top,other,433.752,168.344,307,54,0,
19,14,top,host,290.391,198.364,156,21,0,
19,14,top,other,425.662,162.466,306,54,0,
19,15,top,host,294.458,207.499,156,21,0,
19,15,top,other,417.572,156.588,306,54,0,
19,16,top,host,298.525,216.634,156,21,0,
19,16,top,other,409.482,150.71,306,54,0,
19,17,top,host,302.592,225.769,156,21,0,
19,17,top,other,401.392,144.832,306,54,0,
19,18,top,host,306.659,234.904,156,21,0,
19,18,top,other,393.302,138.954,306,54,0,
19,19,top,host,310.726,244.039,156,21,0,
19,19,top,other,385.212,133.076,306,54,0,
19,20,top,host,314.793,253.174,156,21,0,
19,20,top,other,377.122,127.198,306,54,0,
19,21,top,host,318.86,262.309,156,22,0,
19,21,top,other,369.032,121.32,306,58,0,
19,22,top,host,318.86,262.309,156,22,0,
19,22,top,other,369.032,121.32,306,58,0,
19,23,top,host,318.86,262.309,156,22,0,
19,23,top,other,369.032,121.32,306,58,0,
20,1,bottom,host,190,240,90,22,0,
20,1,bottom,other,530,240,270,58,0,
20,2,bottom,host,200,240,90,22,0,
20,2,bottom,other,521.91,245.878,234,58,0,
20,3,bottom,host,210,240,90,22,0,
20,3,bottom,other,513.82,251.756,234,58,0,
20,4,bottom,host,220,240,90,22,0,
20,4,bottom,other,505.628,257.492,235,58,0,
20,5,bottom,host,230,240,90,22,0,
20,5,bottom,other,497.436,263.228,235,58,0,
20,6,bottom,host,240,240,90,22,0,
20,6,bottom,other,489.244,268.964,235,58,0,
20,7,bottom,host,250,240,90,22,0,
20,7,bottom,other,481.052,274.7,235,58,0,
20,8,bottom,host,260,240,90,22,0,
20,8,bottom,other,472.86,280.436,235,58,0,
20,9,bottom,host,270,240,90,22,0,
20,9,bottom,other,464.668,286.172,235,58,0,
20,10,bottom,host,280,240,90,22,0,
20,10,bottom,other,456.476,291.908,235,58,0,
20,11,bottom,host,286.293,232.229,39,22,0,
20,11,bottom,other,448.284,297.644,235,58,0,
20,12,bottom,host,292.586,224.458,39,22,0,
20,12,bottom,other,440.092,303.38,235,58,0,
20,13,bottom,host,298.879,216.687,39,22,0,
20,13,bottom,other,431.9,309.116,235,58,0,
20,14,bottom,host,305.172,208.916,39,22,0,
20,14,bottom,other,423.708,314.852,235,58,0,
20,15,bottom,host,311.465,201.145,39,22,0,
20,15,bottom,other,415.516,320.588,235,58,0,
20,16,bottom,host,317.758,193.374,39,22,0,
20,16,bottom,other,407.324,326.324,235,58,0,
20,17,bottom,host,324.051,185.603,39,22,0,
20,17,bottom,other,399.132,332.06,235,58,0,
20,18,bottom,host,330.344,177.832,39,22,0,
20,18,bottom,other,390.94,337.796,235,58,0,
20,19,bottom,host,336.637,170.061,39,22,0,
20,19,bottom,other,382.748,343.532,235,58,0,
20,20,bottom,host,342.93,162.29,39,22,0,
20,20,bottom,other,374.556,349.268,235,58,0,
20,21,bottom,host,349.223,154.519,39,23,0,
20,21,bottom,other,366.364,355.004,235,62,0,
20,22,bottom,host,349.223,154.519,39,23,0,
20,22,bottom,other,366.364,355.004,235,62,0,
20,23,bottom,host,349.223,154.519,39,23,0,
20,23,bottom,other,366.364,355.004,235,62,0,
21,1,bottom,host,188.29,245.592,124,23,0,
21,1,bottom,other,530,240,270,62,0,
21,2,bottom,host,196.58,251.184,124,23,0,
21,2,bottom,other,521.91,245.878,234,62,0,
21,3,bottom,host,204.87,256.776,124,23,0,
21,3,bottom,other,513.82,251.756,234,62,0,
21,4,bottom,host,213.16,262.368,124,23,0,
21,4,bottom,other,505.628,257.492,235,62,0,
21,5,bottom,host,221.45,267.96,124,23,0,
21,5,bottom,other,497.436,263.228,235,62,0,
21,6,bottom,host,229.74,273.552,124,23,0,
21,6,bottom,other,489.244,268.964,235,62,0,
21,7,bottom,host,238.03,279.144,124,23,0,
21,7,bottom,other,481.052,274.7,235,62,0,
21,8,bottom,host,246.32,284.736,124,23,0,
21,8,bottom,other,472.86,280.436,235,62,0,
21,9,bottom,host,254.61,290.328,124,23,0,
21,9,bottom,other,464.668,286.172,235,62,0,
21,10,bottom,host,262.9,295.92,124,23,0,
21,10,bottom,other,456.476,291.908,235,62,0,
21,11,bottom,host,271.19,301.512,124,23,0,
21,11,bottom,other,448.284,297.644,235,62,0,
21,12,bottom,host,279.48,307.104,124,23,0,
21,12,bottom,other,440.194,303.522,234,62,0,
21,13,bottom,host,287.77,312.696,124,23,0,
21,13,bottom,other,432.002,309.258,235,62,0,
21,14,bottom,host,296.06,318.288,124,23,0,
21,14,bottom,other,423.81,314.994,235,62,0,
21,15,bottom,host,304.35,323.88,124,23,0,
21,15,bottom,other,415.618,320.73,235,62,0,
21,16,bottom,host,312.64,329.472,124,23,0,
21,16,bottom,other,407.528,326.608,234,62,0,
21,17,bottom,host,320.93,335.064,124,23,0,
21,17,bottom,other,399.438,332.486,234,62,0,
21,18,bottom,host,329.22,340.656,124,23,0,
21,18,bottom,other,391.348,338.364,234,62,0,
21,19,bottom,host,337.51,346.248,124,23,0,
21,19,bottom,other,383.156,344.1,235,62,0,
21,20,bottom,host,345.8,351.84,124,23,0,
21,20,bottom,other,374.964,349.836,235,62,0,
21,21,bottom,host,345.8,351.84,124,23,0,
21,21,bottom,other,374.964,349.836,235,62,0,
21,22,bottom,host,345.8,351.84,124,23,0,
21,22,bottom,other,374.964,349.836,235,62,0,
22,1,bottom,host,190,240,90,23,0,
22,1,bottom,other,530,240,270,62,0,
22,2,bottom,host,200,240,90,23,0,
22,2,bottom,other,521.808,245.736,235,62,0,
22,3,bottom,host,210,240,90,23,0,
22,3,bottom,other,513.518,251.328,236,62,0,
22,4,bottom,host,218.387,234.554,57,23,0,
22,4,bottom,other,505.428,257.206,234,62,0,
22,5,bottom,host,226.774,229.108,57,23,0,
22,5,bottom,other,497.338,263.084,234,62,0,
22,6,bottom,host,235.161,223.662,57,23,0,
22,6,bottom,other,489.248,268.962,234,62,0,
22,7,bottom,host,243.548,218.216,57,23,0,
22,7,bottom,other,481.158,274.84,234,62,0,
22,8,bottom,host,251.935,212.77,57,23,0,
22,8,bottom,other,473.068,280.718,234,62,0,
22,9,bottom,host,260.322,207.324,57,23,0,
22,9,bottom,other,464.978,286.596,234,62,0,
22,10,bottom,host,268.709,201.878,57,23,0,
22,10,bottom,other,456.888,292.474,234,62,0,
22,11,bottom,host,277.096,196.432,57,23,0,
22,11,bottom,other,448.798,298.352,234,62,0,
22,12,bottom,host,285.483,190.986,57,23,0,
22,12,bottom,other,440.708,304.23,234,62,0,
22,13,bottom,host,293.87,185.54,57,23,0,
22,13,bottom,other,432.618,310.108,234,62,0,
22,14,bottom,host,302.257,180.094,57,23,0,
22,14,bottom,other,424.528,315.986,234,62,0,
22,15,bottom,host,310.644,174.648,57,23,0,
22,15,bottom,other,416.438,321.864,234,62,0,
22,16,bottom,host,319.031,169.202,57,23,0,
22,16,bottom,other,408.348,327.742,234,62,0,
22,17,bottom,host,327.418,163.756,57,23,0,
22,17,bottom,other,400.258,333.62,234,62,0,
22,18,bottom,host,335.805,158.31,57,23,0,
22,18,bottom,other,392.168,339.498,234,62,0,
22,19,bottom,host,344.192,152.864,57,23,0,
22,19,bottom,other,384.078,345.376,234,62,0,
22,20,bottom,host,352.579,147.418,57,23,0,
22,20,bottom,other,375.988,351.254,234,62,0,
22,21,bottom,host,360.966,141.972,57,24,0,
22,21,bottom,other,367.898,357.132,234,66,0,
22,22,bottom,host,360.966,141.972,57,24,0,
22,22,bottom,other,367.898,357.132,234,66,0,
22,23,bottom,host,360.966,141.972,57,24,0,
22,23,bottom,other,367.898,357.132,234,66,0,
23,1,bottom,host,188.387,234.554,57,24,0,
23,1,bottom,other,531.613,245.446,237,66,0,
23,2,bottom,host,196.774,229.108,57,24,0,
23,2,bottom,other,523.226,250.892,237,66,0,
23,3,bottom,host,205.161,223.662,57,24,0,
23,3,bottom,other,514.839,256.338,237,66,0,
23,4,bottom,host,213.548,218.216,57,24,0,
23,4,bottom,other,506.452,261.784,237,66,0,
23,5,bottom,host,221.935,212.77,57,24,0,
23,5,bottom,other,498.065,267.23,237,66,0,
23,6,bottom,host,230.322,207.324,57,24,0,
23,6,bottom,other,489.678,272.676,237,66,0,
23,7,bottom,host,238.709,201.878,57,24,0,
23,7,bottom,other,481.291,278.122,237,66,0,
23,8,bottom,host,247.096,196.432,57,24,0,
23,8,bottom,other,472.904,283.568,237,66,0,
23,9,bottom,host,255.483,190.986,57,24,0,
23,9,bottom,other,464.517,289.014,237,66,0,
23,10,bottom,host,263.87,185.54,57,24,0,
23,10,bottom,other,456.13,294.46,237,66,0,
23,11,bottom,host,272.257,180.094,57,24,0,
23,11,bottom,other,447.743,299.906,237,66,0,
23,12,bottom,host,280.644,174.648,57,24,0,
23,12,bottom,other,439.356,305.352,237,66,0,
23,13,bottom,host,289.031,169.202,57,24,0,
23,13,bottom,other,430.969,310.798,237,66,0,
23,14,bottom,host,297.418,163.756,57,24,0,
23,14,bottom,other,422.582,316.244,237,66,0,
23,15,bottom,host,305.805,158.31,57,24,0,
23,15,bottom,other,414.195,321.69,237,66,0,
23,16,bottom,host,314.192,152.864,57,24,0,
23,16,bottom,other,405.808,327.136,237,66,0,
23,17,bottom,host,322.579,147.418,57,24,0,
23,17,bottom,other,397.421,332.582,237,66,0,
23,18,bottom,host,330.966,141.972,57,24,0,
23,18,bottom,other,389.034,338.028,237,66,0,
23,19,bottom,host,339.353,136.526,57,24,0,
23,19,bottom,other,380.647,343.474,237,66,0,
23,20,bottom,host,347.74,131.08,57,25,0,
23,20,bottom,other,372.26,348.92,237,70,0,
23,21,bottom,host,347.74,131.08,57,25,0,
23,21,bottom,other,372.26,348.92,237,70,0,
23,22,bottom,host,347.74,131.08,57,25,0,
23,22,bottom,other,372.26,348.92,237,70,0,
24,1,top,host,190,240,90,25,0,
24,1,top,other,531.71,234.408,304,70,0,
24,2,top,host,200,240,90,25,0,
24,2,top,other,523.42,228.816,304,70,0,
24,3,top,host,208.29,234.408,56,25,0,
24,3,top,other,515.13,223.224,304,70,0,
24,4,top,host,216.58,228.816,56,25,0,
24,4,top,other,506.84,217.632,304,70,0,
24,5,top,host,224.87,223.224,56,25,0,
24,5,top,other,498.55,212.04,304,70,0,
24,6,top,host,233.16,217.632,56,25,0,
24,6,top,other,490.26,206.448,304,70,0,
24,7,top,host,241.45,212.04,56,25,0,
24,7,top,other,481.97,200.856,304,70,0,
24,8,top,host,249.74,206.448,56,25,0,
24,8,top,other,473.583,195.41,303,70,0,
24,9,top,host,258.03,200.856,56,25,0,
24,9,top,other,465.293,189.818,304,70,0,
24,10,top,host,266.32,195.264,56,25,0,
24,10,top,other,457.003,184.226,304,70,0,
24,11,top,host,274.61,189.672,56,25,0,
24,11,top,other,448.713,178.634,304,70,0,
24,12,top,host,282.9,184.08,56,25,0,
24,12,top,other,440.326,173.188,303,70,0,
24,13,top,host,291.19,178.488,56,25,0,
24,13,top,other,431.939,167.742,303,70,0,
24,14,top,host,299.48,172.896,56,25,0,
24,14,top,other,423.552,162.296,303,70,0,
24,15,top,host,307.77,167.304,56,25,0,
24,15,top,other,415.165,156.85,303,70,0,
24,16,top,host,316.06,161.712,56,25,0,
24,16,top,other,406.875,151.258,304,70,0,
24,17,top,host,324.35,156.12,56,25,0,
24,17,top,other,398.585,145.666,304,70,0,
24,18,top,host,332.64,150.528,56,25,0,
24,18,top,other,390.295,140.074,304,70,0,
24,19,top,host,340.93,144.936,56,25,0,
24,19,top,other,381.908,134.628,303,70,0,
24,20,top,host,349.22,139.344,56,25,0,
24,20,top,other,373.521,129.182,303,70,0,
24,21,top,host,349.22,139.344,56,25,0,
24,21,top,other,373.521,129.182,303,70,0,
24,22,top,host,349.22,139.344,56,25,0,
24,22,top,other,373.521,129.182,303,70,0,
25,1,top,host,188.387,234.554,57,25,0,
25,1,top,other,531.71,234.408,304,70,0,
25,2,top,host,196.774,229.108,57,25,0,
25,2,top,other,523.42,228.816,304,70,0,
25,3,top,host,205.161,223.662,57,25,0,
25,3,top,other,515.13,223.224,304,70,0,
25,4,top,host,213.548,218.216,57,25,0,
25,4,top,other,506.84,217.632,304,70,0,
25,5,top,host,221.935,212.77,57,25,0,
25,5,top,other,498.55,212.04,304,70,0,
25,6,top,host,230.322,207.324,57,25,0,
25,6,top,other,490.26,206.448,304,70,0,
25,7,top,host,238.709,201.878,57,25,0,
25,7,top,other,481.97,200.856,304,70,0,
25,8,top,host,247.096,196.432,57,25,0,
25,8,top,other,473.583,195.41,303,70,0,
25,9,top,host,255.483,190.986,57,25,0,
25,9,top,other,465.196,189.964,303,70,0,
25,10,top,host,263.87,185.54,57,25,0,
25,10,top,other,456.809,184.518,303,70,0,
25,11,top,host,272.257,180.094,57,25,0,
25,11,top,other,448.519,178.926,304,70,0,
25,12,top,host,280.644,174.648,57,25,0,
25,12,top,other,440.229,173.334,304,70,0,
25,13,top,host,289.031,169.202,57,25,0,
25,13,top,other,431.939,167.742,304,70,0,
25,14,top,host,297.418,163.756,57,25,0,
25,14,top,other,423.552,162.296,303,70,0,
25,15,top,host,305.805,158.31,57,25,0,
25,15,top,other,415.262,156.704,304,70,0,
25,16,top,host,314.192,152.864,57,25,0,
25,16,top,other,406.972,151.112,304,70,0,
25,17,top,host,322.579,147.418,57,25,0,
25,17,top,other,398.682,145.52,304,70,0,
25,18,top,host,330.966,141.972,57,25,0,
25,18,top,other,390.295,140.074,303,70,0,
25,19,top,host,339.353,136.526,57,25,0,
25,19,top,other,381.908,134.628,303,70,0,
25,20,top,host,347.74,131.08,57,25,0,
25,20,top,other,373.521,129.182,303,70,0,
25,21,top,host,347.74,131.08,57,25,0,
25,21,top,other,365.134,123.736,303,70,0,
25,22,top,host,347.74,131.08,57,25,0,
25,22,top,other,365.134,123.736,303,70,0,
26,1,top,host,190,240,90,25,0,
26,1,top,other,530,240,270,70,0,
26,2,top,host,198.29,234.408,56,25,0,
26,2,top,other,521.71,234.408,304,70,0,
26,3,top,host,206.58,228.816,56,25,0,
26,3,top,other,513.518,228.672,305,70,0,
26,4,top,host,214.87,223.224,56,25,0,
26,4,top,other,505.326,222.936,305,70,0,
26,5,top,host,223.16,217.632,56,25,0,
26,5,top,other,497.134,217.2,305,70,0,
26,6,top,host,231.45,212.04,56,25,0,
26,6,top,other,489.044,211.322,306,70,0,
26,7,top,host,239.74,206.448,56,25,0,
26,7,top,other,480.954,205.444,306,70,0,
26,8,top,host,248.03,200.856,56,25,0,
26,8,top,other,472.864,199.566,306,70,0,
26,9,top,host,256.32,195.264,56,25,0,
26,9,top,other,464.774,193.688,306,70,0,
26,10,top,host,264.61,189.672,56,25,0,
26,10,top,other,456.582,187.952,305,70,0,
26,11,top,host,272.9,184.08,56,25,0,
26,11,top,other,448.39,182.216,305,70,0,
26,12,top,host,281.19,178.488,56,25,0,
26,12,top,other,440.198,176.48,305,70,0,
26,13,top,host,289.48,172.896,56,25,0,
26,13,top,other,432.108,170.602,306,70,0,
26,14,top,host,297.77,167.304,56,25,0,
26,14,top,other,424.018,164.724,306,70,0,
26,15,top,host,306.06,161.712,56,25,0,
26,15,top,other,415.928,158.846,306,70,0,
26,16,top,host,314.35,156.12,56,25,0,
26,16,top,other,407.838,152.968,306,70,0,
26,17,top,host,322.64,150.528,56,25,0,
26,17,top,other,399.646,147.232,305,70,0,
26,18,top,host,330.93,144.936,56,25,0,
26,18,top,other,391.454,141.496,305,70,0,
26,19,top,host,339.22,139.344,56,25,0,
26,19,top,other,383.262,135.76,305,70,0,
26,20,top,host,347.51,133.752,56,25,0,
26,20,top,other,375.07,130.024,305,70,0,
26,21,top,host,355.8,128.16,56,25,0,
26,21,top,other,366.98,124.146,306,70,0,
26,22,top,host,355.8,128.16,56,25,0,
26,22,top,other,366.98,124.146,306,70,0,
26,23,top,host,355.8,128.16,56,25,0,
26,23,top,other,366.98,124.146,306,70,0,
27,1,top,host,190,240,90,25,0,
27,1,top,other,531.71,234.408,304,70,0,
27,2,top,host,200,240,90,25,0,
27,2,top,other,523.42,228.816,304,70,0,
27,3,top,host,208.192,234.264,55,25,0,
27,3,top,other,515.13,223.224,304,70,0,
27,4,top,host,216.384,228.528,55,25,0,
27,4,top,other,506.84,217.632,304,70,0,
27,5,top,host,224.576,222.792,55,25,0,
27,5,top,other,498.55,212.04,304,70,0,
27,6,top,host,232.768,217.056,55,25,0,
27,6,top,other,490.26,206.448,304,70,0,
27,7,top,host,240.96,211.32,55,25,0,
27,7,top,other,481.97,200.856,304,70,0,
27,8,top,host,249.152,205.584,55,25,0,
27,8,top,other,473.68,195.264,304,70,0,
27,9,top,host,257.344,199.848,55,25,0,
27,9,top,other,465.39,189.672,304,70,0,
27,10,top,host,265.536,194.112,55,25,0,
27,10,top,other,457.1,184.08,304,70,0,
27,11,top,host,273.728,188.376,55,25,0,
27,11,top,other,448.81,178.488,304,70,0,
27,12,top,host,281.92,182.64,55,25,0,
27,12,top,other,440.52,172.896,304,70,0,
27,13,top,host,290.112,176.904,55,25,0,
27,13,top,other,432.23,167.304,304,70,0,
27,14,top,host,298.304,171.168,55,25,0,
27,14,top,other,423.94,161.712,304,70,0,
27,15,top,host,306.496,165.432,55,25,0,
27,15,top,other,415.65,156.12,304,70,0,
27,16,top,host,314.688,159.696,55,25,0,
27,16,top,other,407.36,150.528,304,70,0,
27,17,top,host,322.88,153.96,55,25,0,
27,17,top,other,399.07,144.936,304,70,0,
27,18,top,host,331.072,148.224,55,25,0,
27,18,top,other,390.78,139.344,304,70,0,
27,19,top,host,339.264,142.488,55,25,0,
27,19,top,other,382.393,133.898,303,70,0,
27,20,top,host,347.456,136.752,55,25,0,
27,20,top,other,374.006,128.452,303,70,0,
27,21,top,host,347.456,136.752,55,25,0,
27,21,top,other,365.619,123.006,303,70,0,
27,22,top,host,347.456,136.752,55,25,0,
27,22,top,other,365.619,123.006,303,70,0,
28,1,bottom,host,190,240,90,25,0,
28,1,bottom,other,530,240,270,70,0,
28,2,bottom,host,198.387,245.446,123,25,0,
28,2,bottom,other,520,240,270,70,0,
28,3,bottom,host,206.774,250.892,123,25,0,
28,3,bottom,other,511.71,245.592,236,70,0,
28,4,bottom,host,215.161,256.338,123,25,0,
28,4,bottom,other,503.83,251.749,232,70,0,
28,5,bottom,host,223.548,261.784,123,25,0,
28,5,bottom,other,495.95,257.906,232,70,0,
28,6,bottom,host,231.935,267.23,123,25,0,
28,6,bottom,other,488.07,264.063,232,70,0,
28,7,bottom,host,240.322,272.676,123,25,0,
28,7,bottom,other,480.084,270.081,233,70,0,
28,8,bottom,host,248.709,278.122,123,25,0,
28,8,bottom,other,472.098,276.099,233,70,0,
28,9,bottom,host,257.096,283.568,123,25,0,
28,9,bottom,other,464.112,282.117,233,70,0,
28,10,bottom,host,265.483,289.014,123,25,0,
28,10,bottom,other,456.232,288.274,232,70,0,
28,11,bottom,host,273.87,294.46,123,25,0,
28,11,bottom,other,448.352,294.431,232,70,0,
28,12,bottom,host,282.257,299.906,123,25,0,
28,12,bottom,other,440.472,300.588,232,70,0,
28,13,bottom,host,290.644,305.352,123,25,0,
28,13,bottom,other,432.592,306.745,232,70,0,
28,14,bottom,host,299.031,310.798,123,25,0,
28,14,bottom,other,424.606,312.763,233,70,0,
28,15,bottom,host,307.418,316.244,123,25,0,
28,15,bottom,other,416.62,318.781,233,70,0,
28,16,bottom,host,315.805,321.69,123,25,0,
28,16,bottom,other,408.634,324.799,233,70,0,
28,17,bottom,host,324.192,327.136,123,25,0,
28,17,bottom,other,400.648,330.817,233,70,0,
28,18,bottom,host,332.579,332.582,123,25,0,
28,18,bottom,other,392.662,336.835,233,70,0,
28,19,bottom,host,340.966,338.028,123,25,0,
28,19,bottom,other,384.676,342.853,233,70,0,
28,20,bottom,host,349.353,343.474,123,25,0,
28,20,bottom,other,376.69,348.871,233,70,0,
28,21,bottom,host,357.74,348.92,123,25,0,
28,21,bottom,other,368.704,354.889,233,70,0,
28,22,bottom,host,357.74,348.92,123,25,0,
28,22,bottom,other,360.614,360.767,234,70,0,
28,23,bottom,host,357.74,348.92,123,25,0,
28,23,bottom,other,360.614,360.767,234,70,0,
29,1,bottom,host,190,240,90,25,0,
29,1,bottom,other,531.71,245.592,236,70,0,
29,2,bottom,host,198.09,245.878,126,25,0,
29,2,bottom,other,523.42,251.184,236,70,0,
29,3,bottom,host,206.18,251.756,126,25,0,
29,3,bottom,other,515.13,256.776,236,70,0,
29,4,bottom,host,214.27,257.634,126,25,0,
29,4,bottom,other,506.84,262.368,236,70,0,
29,5,bottom,host,222.36,263.512,126,25,0,
29,5,bottom,other,498.55,267.96,236,70,0,
29,6,bottom,host,230.45,269.39,126,25,0,
29,6,bottom,other,490.26,273.552,236,70,0,
29,7,bottom,host,238.54,275.268,126,25,0,
29,7,bottom,other,481.97,279.144,236,70,0,
29,8,bottom,host,246.63,281.146,126,25,0,
29,8,bottom,other,473.68,284.736,236,70,0,
29,9,bottom,host,254.72,287.024,126,25,0,
29,9,bottom,other,465.39,290.328,236,70,0,
29,10,bottom,host,262.81,292.902,126,25,0,
29,10,bottom,other,457.1,295.92,236,70,0,
29,11,bottom,host,270.9,298.78,126,25,0,
29,11,bottom,other,448.81,301.512,236,70,0,
29,12,bottom,host,278.99,304.658,126,25,0,
29,12,bottom,other,440.52,307.104,236,70,0,
29,13,bottom,host,287.08,310.536,126,25,0,
29,13,bottom,other,432.23,312.696,236,70,0,
29,14,bottom,host,295.17,316.414,126,25,0,
29,14,bottom,other,423.94,318.288,236,70,0,
29,15,bottom,host,303.26,322.292,126,25,0,
29,15,bottom,other,415.65,323.88,236,70,0,
29,16,bottom,host,311.35,328.17,126,25,0,
29,16,bottom,other,407.36,329.472,236,70,0,
29,17,bottom,host,319.44,334.048,126,25,0,
29,17,bottom,other,399.07,335.064,236,70,0,
29,18,bottom,host,327.53,339.926,126,25,0,
29,18,bottom,other,390.78,340.656,236,70,0,
29,19,bottom,host,335.62,345.804,126,25,0,
29,19,bottom,other,382.49,346.248,236,70,0,
29,20,bottom,host,343.71,351.682,126,25,0,
29,20,bottom,other,374.2,351.84,236,70,0,
29,21,bottom,host,343.71,351.682,126,25,0,
29,21,bottom,other,365.91,357.432,236,70,0,
29,22,bottom,host,343.71,351.682,126,25,0,
29,22,bottom,other,365.91,357.432,236,70,0,
30,1,top,host,188.387,234.554,57,25,0,
30,1,top,other,530,240,270,70,0,
30,2,top,host,196.774,229.108,57,25,0,
30,2,top,other,521.52,234.701,302,70,0,
30,3,top,host,205.161,223.662,57,25,0,
30,3,top,other,513.133,229.255,303,70,0,
30,4,top,host,213.548,218.216,57,25,0,
30,4,top,other,504.941,223.519,305,70,0,
30,5,top,host,221.935,212.77,57,25,0,
30,5,top,other,496.749,217.783,305,70,0,
30,6,top,host,230.322,207.324,57,25,0,
30,6,top,other,488.557,212.047,305,70,0,
30,7,top,host,238.709,201.878,57,25,0,
30,7,top,other,480.365,206.311,305,70,0,
30,8,top,host,247.096,196.432,57,25,0,
30,8,top,other,472.275,200.433,306,70,0,
30,9,top,host,255.483,190.986,57,25,0,
30,9,top,other,464.185,194.555,306,70,0,
30,10,top,host,263.87,185.54,57,25,0,
30,10,top,other,456.095,188.677,306,70,0,
30,11,top,host,272.257,180.094,57,25,0,
30,11,top,other,448.005,182.799,306,70,0,
30,12,top,host,280.644,174.648,57,25,0,
30,12,top,other,439.813,177.063,305,70,0,
30,13,top,host,289.031,169.202,57,25,0,
30,13,top,other,431.621,171.327,305,70,0,
30,14,top,host,297.418,163.756,57,25,0,
30,14,top,other,423.429,165.591,305,70,0,
30,15,top,host,305.805,158.31,57,25,0,
30,15,top,other,415.339,159.713,306,70,0,
30,16,top,host,314.192,152.864,57,25,0,
30,16,top,other,407.249,153.835,306,70,0,
30,17,top,host,322.579,147.418,57,25,0,
30,17,top,other,399.159,147.957,306,70,0,
30,18,top,host,330.966,141.972,57,25,0,
30,18,top,other,390.967,142.221,305,70,0,
30,19,top,host,339.353,136.526,57,25,0,
30,19,top,other,382.877,136.343,306,70,0,
30,20,top,host,347.74,131.08,57,25,0,
30,20,top,other,374.787,130.465,306,70,0,
30,21,top,host,347.74,131.08,57,25,0,
30,21,top,other,374.787,130.465,306,70,0,
30,22,top,host,347.74,131.08,57,25,0,
30,22,top,other,374.787,130.465,306,70,0,
31,1,bottom,host,190,240,90,25,0,
31,1,bottom,other,530,240,270,70,0,
31,2,bottom,host,200,240,90,25,0,
31,2,bottom,other,521.71,245.592,236,70,0,
31,3,bottom,host,208.192,245.736,125,25,0,
31,3,bottom,other,513.62,251.47,234,70,0,
31,4,bottom,host,216.384,251.472,125,25,0,
31,4,bottom,other,505.53,257.348,234,70,0,
31,5,bottom,host,224.576,257.208,125,25,0,
31,5,bottom,other,497.44,263.226,234,70,0,
31,6,bottom,host,232.768,262.944,125,25,0,
31,6,bottom,other,489.35,269.104,234,70,0,
31,7,bottom,host,240.96,268.68,125,25,0,
31,7,bottom,other,481.26,274.982,234,70,0,
31,8,bottom,host,249.152,274.416,125,25,0,
31,8,bottom,other,473.17,280.86,234,70,0,
31,9,bottom,host,257.344,280.152,125,25,0,
31,9,bottom,other,465.08,286.738,234,70,0,
31,10,bottom,host,265.536,285.888,125,25,0,
31,10,bottom,other,456.888,292.474,235,70,0,
31,11,bottom,host,273.728,291.624,125,25,0,
31,11,bottom,other,448.696,298.21,235,70,0,
31,12,bottom,host,281.92,297.36,125,25,0,
31,12,bottom,other,440.504,303.946,235,70,0,
31,13,bottom,host,290.112,303.096,125,25,0,
31,13,bottom,other,432.312,309.682,235,70,0,
31,14,bottom,host,298.304,308.832,125,25,0,
31,14,bottom,other,424.12,315.418,235,70,0,
31,15,bottom,host,306.496,314.568,125,25,0,
31,15,bottom,other,415.928,321.154,235,70,0,
31,16,bottom,host,314.688,320.304,125,25,0,
31,16,bottom,other,412.508,311.757,340,70,0,
31,17,bottom,host,322.88,326.04,125,25,0,
31,17,bottom,other,409.088,302.36,340,70,0,
31,18,bottom,host,331.072,331.776,125,25,0,
31,18,bottom,other,405.668,292.963,340,70,0,
31,19,bottom,host,339.264,337.512,125,25,0,
31,19,bottom,other,402.248,283.566,340,70,0,
31,20,bottom,host,347.456,343.248,125,25,0,
31,20,bottom,other,398.828,274.169,340,70,0,
31,21,bottom,host,355.648,348.984,125,29,0,
31,21,bottom,other,395.408,264.772,340,71,0,
31,22,bottom,host,355.648,348.984,125,29,0,
31,22,bottom,other,395.408,264.772,340,71,0,
31,23,bottom,host,355.648,348.984,125,29,0,
31,23,bottom,other,395.408,264.772,340,71,0,
32,1,bottom,host,188.29,245.592,124,29,0,
32,1,bottom,other,530,240,270,71,0,
32,2,bottom,host,196.58,251.184,124,29,0,
32,2,bottom,other,521.71,245.592,236,71,0,
32,3,bottom,host,204.87,256.776,124,29,0,
32,3,bottom,other,513.42,251.184,236,71,0,
32,4,bottom,host,213.16,262.368,124,29,0,
32,4,bottom,other,505.13,256.776,236,71,0,
32,5,bottom,host,221.45,267.96,124,29,0,
32,5,bottom,other,496.938,262.512,235,71,0,
32,6,bottom,host,229.74,273.552,124,29,0,
32,6,bottom,other,488.746,268.248,235,71,0,
32,7,bottom,host,238.03,279.144,124,29,0,
32,7,bottom,other,480.554,273.984,235,71,0,
32,8,bottom,host,246.32,284.736,124,29,0,
32,8,bottom,other,472.362,279.72,235,71,0,
32,9,bottom,host,254.61,290.328,124,29,0,
32,9,bottom,other,464.272,285.598,234,71,0,
32,10,bottom,host,262.9,295.92,124,29,0,
32,10,bottom,other,456.182,291.476,234,71,0,
32,11,bottom,host,271.19,301.512,124,29,0,
32,11,bottom,other,448.092,297.354,234,71,0,
32,12,bottom,host,279.48,307.104,124,29,0,
32,12,bottom,other,439.9,303.09,235,71,0,
32,13,bottom,host,287.77,312.696,124,29,0,
32,13,bottom,other,431.708,308.826,235,71,0,
32,14,bottom,host,296.06,318.288,124,29,0,
32,14,bottom,other,423.516,314.562,235,71,0,
32,15,bottom,host,304.35,323.88,124,29,0,
32,15,bottom,other,415.324,320.298,235,71,0,
32,16,bottom,host,312.64,329.472,124,29,0,
32,16,bottom,other,412.905,310.595,346,71,0,
32,17,bottom,host,320.93,335.064,124,29,0,
32,17,bottom,other,410.486,300.892,346,71,0,
32,18,bottom,host,329.22,340.656,124,29,0,
32,18,bottom,other,408.067,291.189,346,71,0,
32,19,bottom,host,337.51,346.248,124,29,0,
32,19,bottom,other,405.648,281.486,346,71,0,
32,20,bottom,host,345.8,351.84,124,33,0,
32,20,bottom,other,403.229,271.783,346,72,0,
32,21,bottom,host,345.8,351.84,124,33,0,
32,21,bottom,other,403.229,271.783,346,72,0,
32,22,bottom,host,345.8,351.84,124,33,0,
32,22,bottom,other,403.229,271.783,346,72,0,
33,1,bottom,host,188.387,245.446,123,33,0,
33,1,bottom,other,531.71,245.592,236,72,0,
33,2,bottom,host,196.774,250.892,123,33,0,
33,2,bottom,other,523.42,251.184,236,72,0,
33,3,bottom,host,205.161,256.338,123,33,0,
33,3,bottom,other,515.13,256.776,236,72,0,
33,4,bottom,host,213.548,261.784,123,33,0,
33,4,bottom,other,506.84,262.368,236,72,0,
33,5,bottom,host,221.935,267.23,123,33,0,
33,5,bottom,other,498.55,267.96,236,72,0,
33,6,bottom,host,230.322,272.676,123,33,0,
33,6,bottom,other,490.26,273.552,236,72,0,
33,7,bottom,host,238.709,278.122,123,33,0,
33,7,bottom,other,481.97,279.144,236,72,0,
33,8,bottom,host,247.096,283.568,123,33,0,
33,8,bottom,other,473.583,284.59,237,72,0,
33,9,bottom,host,255.483,289.014,123,33,0,
33,9,bottom,other,465.196,290.036,237,72,0,
33,10,bottom,host,263.87,294.46,123,33,0,
33,10,bottom,other,456.809,295.482,237,72,0,
33,11,bottom,host,272.257,299.906,123,33,0,
33,11,bottom,other,448.519,301.074,236,72,0,
33,12,bottom,host,280.644,305.352,123,33,0,
33,12,bottom,other,440.229,306.666,236,72,0,
33,13,bottom,host,289.031,310.798,123,33,0,
33,13,bottom,other,431.939,312.258,236,72,0,
33,14,bottom,host,297.418,316.244,123,33,0,
33,14,bottom,other,423.649,317.85,236,72,0,
33,15,bottom,host,305.805,321.69,123,33,0,
33,15,bottom,other,415.359,323.442,236,72,0,
33,16,bottom,host,314.192,327.136,123,33,0,
33,16,bottom,other,407.069,329.034,236,72,0,
33,17,bottom,host,322.579,332.582,123,33,0,
33,17,bottom,other,398.779,334.626,236,72,0,
33,18,bottom,host,330.966,338.028,123,33,0,
33,18,bottom,other,390.489,340.218,236,72,0,
33,19,bottom,host,339.353,343.474,123,33,0,
33,19,bottom,other,388.753,330.37,350,72,0,
33,20,bottom,host,347.74,348.92,123,33,0,
33,20,bottom,other,387.017,320.522,350,72,0,
33,21,bottom,host,347.74,348.92,123,33,0,
33,21,bottom,other,387.017,320.522,350,72,0,
33,22,bottom,host,347.74,348.92,123,33,0,
33,22,bottom,other,387.017,320.522,350,72,0,
34,1,bottom,host,190,240,90,33,0,
34,1,bottom,other,530,240,270,72,0,
34,2,bottom,host,198.29,245.592,124,33,0,
34,2,bottom,other,521.71,245.592,236,72,0,
34,3,bottom,host,206.58,251.184,124,33,0,
34,3,bottom,other,513.62,251.47,234,72,0,
34,4,bottom,host,214.87,256.776,124,33,0,
34,4,bottom,other,505.53,257.348,234,72,0,
34,5,bottom,host,223.16,262.368,124,33,0,
34,5,bottom,other,497.44,263.226,234,72,0,
34,6,bottom,host,231.45,267.96,124,33,0,
34,6,bottom,other,489.35,269.104,234,72,0,
34,7,bottom,host,239.74,273.552,124,33,0,
34,7,bottom,other,481.26,274.982,234,72,0,
34,8,bottom,host,248.03,279.144,124,33,0,
34,8,bottom,other,473.17,280.86,234,72,0,
34,9,bottom,host,256.32,284.736,124,33,0,
34,9,bottom,other,465.08,286.738,234,72,0,
34,10,bottom,host,264.61,290.328,124,33,0,
34,10,bottom,other,456.888,292.474,235,72,0,
34,11,bottom,host,272.9,295.92,124,33,0,
34,11,bottom,other,448.696,298.21,235,72,0,
34,12,bottom,host,281.19,301.512,124,33,0,
34,12,bottom,other,440.504,303.946,235,72,0,
34,13,bottom,host,289.48,307.104,124,33,0,
34,13,bottom,other,432.312,309.682,235,72,0,
34,14,bottom,host,297.77,312.696,124,33,0,
34,14,bottom,other,424.12,315.418,235,72,0,
34,15,bottom,host,306.06,318.288,124,33,0,
34,15,bottom,other,415.928,321.154,235,72,0,
34,16,bottom,host,314.35,323.88,124,33,0,
34,16,bottom,other,407.736,326.89,235,72,0,
34,17,bottom,host,322.64,329.472,124,33,0,
34,17,bottom,other,399.544,332.626,235,72,0,
34,18,bottom,host,330.93,335.064,124,33,0,
34,18,bottom,other,397.125,322.923,346,72,0,
34,19,bottom,host,339.22,340.656,124,33,0,
34,19,bottom,other,394.706,313.22,346,72,0,
34,20,bottom,host,347.51,346.248,124,33,0,
34,20,bottom,other,392.287,303.517,346,72,0,
34,21,bottom,host,355.8,351.84,124,37,0,
34,21,bottom,other,389.868,293.814,346,73,0,
34,22,bottom,host,355.8,351.84,124,37,0,
34,22,bottom,other,389.868,293.814,346,73,0,
34,23,bottom,host,355.8,351.84,124,37,0,
34,23,bottom,other,389.868,293.814,346,73,0,
35,1,bottom,host,190,240,90,37,0,
35,1,bottom,other,530,240,270,73,0,
35,2,bottom,host,200,240,90,37,0,
35,2,bottom,other,521.71,245.592,236,73,0,
35,3,bottom,host,210,240,90,37,0,
35,3,bottom,other,513.42,251.184,236,73,0,
35,4,bottom,host,220,240,90,37,0,
35,4,bottom,other,505.13,256.776,236,73,0,
35,5,bottom,host,227.547,246.561,131,37,0,
35,5,bottom,other,497.04,262.654,234,73,0,
35,6,bottom,host,235.094,253.122,131,37,0,
35,6,bottom,other,488.95,268.532,234,73,0,
35,7,bottom,host,242.641,259.683,131,37,0,
35,7,bottom,other,480.86,274.41,234,73,0,
35,8,bottom,host,250.188,266.244,131,37,0,
35,8,bottom,other,472.77,280.288,234,73,0,
35,9,bottom,host,257.735,272.805,131,37,0,
35,9,bottom,other,464.68,286.166,234,73,0,
35,10,bottom,host,265.282,279.366,131,37,0,
35,10,bottom,other,456.59,292.044,234,73,0,
35,11,bottom,host,272.829,285.927,131,37,0,
35,11,bottom,other,448.5,297.922,234,73,0,
35,12,bottom,host,280.376,292.488,131,37,0,
35,12,bottom,other,440.41,303.8,234,73,0,
35,13,bottom,host,287.923,299.049,131,37,0,
35,13,bottom,other,432.32,309.678,234,73,0,
35,14,bottom,host,295.47,305.61,131,37,0,
35,14,bottom,other,424.23,315.556,234,73,0,
35,15,bottom,host,303.017,312.171,131,37,0,
35,15,bottom,other,416.14,321.434,234,73,0,
35,16,bottom,host,310.564,318.732,131,37,0,
35,16,bottom,other,408.05,327.312,234,73,0,
35,17,bottom,host,318.111,325.293,131,37,0,
35,17,bottom,other,399.96,333.19,234,73,0,
35,18,bottom,host,325.658,331.854,131,37,0,
35,18,bottom,other,391.87,339.068,234,73,0,
35,19,bottom,host,333.205,338.415,131,37,0,
35,19,bottom,other,383.884,345.086,233,73,0,
35,20,bottom,host,340.752,344.976,131,37,0,
35,20,bottom,other,375.898,351.104,233,73,0,
35,21,bottom,host,348.299,351.537,131,37,0,
35,21,bottom,other,367.912,357.122,233,73,0,
35,22,bottom,host,348.299,351.537,131,37,0,
35,22,bottom,other,367.912,357.122,233,73,0,
35,23,bottom,host,348.299,351.537,131,37,0,
35,23,bottom,other,367.912,357.122,233,73,0,
36,1,bottom,host,188.387,245.446,123,37,0,
36,1,bottom,other,530,240,270,73,0,
36,2,bottom,host,196.774,250.892,123,37,0,
36,2,bottom,other,521.808,245.736,235,73,0,
36,3,bottom,host,205.161,256.338,123,37,0,
36,3,bottom,other,513.616,251.472,235,73,0,
36,4,bottom,host,213.548,261.784,123,37,0,
36,4,bottom,other,505.424,257.208,235,73,0,
36,5,bottom,host,221.935,267.23,123,37,0,
36,5,bottom,other,497.232,262.944,235,73,0,
36,6,bottom,host,230.322,272.676,123,37,0,
36,6,bottom,other,489.04,268.68,235,73,0,
36,7,bottom,host,238.709,278.122,123,37,0,
36,7,bottom,other,480.848,274.416,235,73,0,
36,8,bottom,host,247.096,283.568,123,37,0,
36,8,bottom,other,472.656,280.152,235,73,0,
36,9,bottom,host,255.483,289.014,123,37,0,
36,9,bottom,other,464.464,285.888,235,73,0,
36,10,bottom,host,263.87,294.46,123,37,0,
36,10,bottom,other,456.272,291.624,235,73,0,
36,11,bottom,host,272.257,299.906,123,37,0,
36,11,bottom,other,448.08,297.36,235,73,0,
36,12,bottom,host,280.644,305.352,123,37,0,
36,12,bottom,other,439.888,303.096,235,73,0,
36,13,bottom,host,289.031,310.798,123,37,0,
36,13,bottom,other,431.696,308.832,235,73,0,
36,14,bottom,host,297.418,316.244,123,37,0,
36,14,bottom,other,423.504,314.568,235,73,0,
36,15,bottom,host,305.805,321.69,123,37,0,
36,15,bottom,other,415.312,320.304,235,73,0,
36,16,bottom,host,314.192,327.136,123,37,0,
36,16,bottom,other,407.12,326.04,235,73,0,
36,17,bottom,host,322.579,332.582,123,37,0,
36,17,bottom,other,404.87,316.296,347,73,0,
36,18,bottom,host,330.966,338.028,123,37,0,
36,18,bottom,other,402.62,306.552,347,73,0,
36,19,bottom,host,339.353,343.474,123,37,0,
36,19,bottom,other,400.37,296.808,347,73,0,
36,20,bottom,host,347.74,348.92,123,41,0,
36,20,bottom,other,398.12,287.064,347,74,0,
36,21,bottom,host,347.74,348.92,123,41,0,
36,21,bottom,other,398.12,287.064,347,74,0,
36,22,bottom,host,347.74,348.92,123,41,0,
36,22,bottom,other,398.12,287.064,347,74,0,
37,1,bottom,host,188.29,245.592,124,41,0,
37,1,bottom,other,530,240,270,74,0,
37,2,bottom,host,196.58,251.184,124,41,0,
37,2,bottom,other,521.808,245.736,235,74,0,
37,3,bottom,host,204.87,256.776,124,41,0,
37,3,bottom,other,513.616,251.472,235,74,0,
37,4,bottom,host,213.16,262.368,124,41,0,
37,4,bottom,other,505.424,257.208,235,74,0,
37,5,bottom,host,221.45,267.96,124,41,0,
37,5,bottom,other,497.232,262.944,235,74,0,
37,6,bottom,host,229.74,273.552,124,41,0,
37,6,bottom,other,489.04,268.68,235,74,0,
37,7,bottom,host,238.03,279.144,124,41,0,
37,7,bottom,other,480.848,274.416,235,74,0,
37,8,bottom,host,246.32,284.736,124,41,0,
37,8,bottom,other,472.656,280.152,235,74,0,
37,9,bottom,host,254.61,290.328,124,41,0,
37,9,bottom,other,464.464,285.888,235,74,0,
37,10,bottom,host,262.9,295.92,124,41,0,
37,10,bottom,other,456.272,291.624,235,74,0,
37,11,bottom,host,271.19,301.512,124,41,0,
37,11,bottom,other,448.08,297.36,235,74,0,
37,12,bottom,host,279.48,307.104,124,41,0,
37,12,bottom,other,439.888,303.096,235,74,0,
37,13,bottom,host,287.77,312.696,124,41,0,
37,13,bottom,other,431.696,308.832,235,74,0,
37,14,bottom,host,296.06,318.288,124,41,0,
37,14,bottom,other,423.504,314.568,235,74,0,
37,15,bottom,host,304.35,323.88,124,41,0,
37,15,bottom,other,415.312,320.304,235,74,0,
37,16,bottom,host,312.64,329.472,124,41,0,
37,16,bottom,other,407.12,326.04,235,74,0,
37,17,bottom,host,320.93,335.064,124,41,0,
37,17,bottom,other,404.532,316.381,345,74,0,
37,18,bottom,host,329.22,340.656,124,41,0,
37,18,bottom,other,401.944,306.722,345,74,0,
37,19,bottom,host,337.51,346.248,124,41,0,
37,19,bottom,other,399.356,297.063,345,74,0,
37,20,bottom,host,345.8,351.84,124,45,0,
37,20,bottom,other,396.768,287.404,345,75,0,
37,21,bottom,host,345.8,351.84,124,45,0,
37,21,bottom,other,396.768,287.404,345,75,0,
37,22,bottom,host,345.8,351.84,124,45,0,
37,22,bottom,other,396.768,287.404,345,75,0,
38,1,top,host,190,240,90,45,0,
38,1,top,other,530,240,270,75,0,
38,2,top,host,200,240,90,45,0,
38,2,top,other,521.71,234.408,304,75,0,
38,3,top,host,210,240,90,45,0,
38,3,top,other,513.42,228.816,304,75,0,
38,4,top,host,220,240,90,45,0,
38,4,top,other,505.228,223.08,305,75,0,
38,5,top,host,230,240,90,45,0,
38,5,top,other,497.036,217.344,305,75,0,
38,6,top,host,240,240,90,45,0,
38,6,top,other,488.844,211.608,305,75,0,
38,7,top,host,250,240,90,45,0,
38,7,top,other,480.652,205.872,305,75,0,
38,8,top,host,256.82,247.314,137,45,0,
38,8,top,other,472.46,200.136,305,75,0,
38,9,top,host,263.64,254.628,137,45,0,
38,9,top,other,464.268,194.4,305,75,0,
38,10,top,host,270.46,261.942,137,45,0,
38,10,top,other,456.076,188.664,305,75,0,
38,11,top,host,277.28,269.256,137,45,0,
38,11,top,other,447.884,182.928,305,75,0,
38,12,top,host,284.1,276.57,137,45,0,
38,12,top,other,439.794,177.05,306,75,0,
38,13,top,host,290.92,283.884,137,45,0,
38,13,top,other,431.704,171.172,306,75,0,
38,14,top,host,297.74,291.198,137,45,0,
38,14,top,other,423.614,165.294,306,75,0,
38,15,top,host,304.56,298.512,137,45,0,
38,15,top,other,415.422,159.558,305,75,0,
38,16,top,host,311.38,305.826,137,45,0,
38,16,top,other,407.23,153.822,305,75,0,
38,17,top,host,318.2,313.14,137,45,0,
38,17,top,other,399.038,148.086,305,75,0,
38,18,top,host,325.02,320.454,137,45,0,
38,18,top,other,390.846,142.35,305,75,0,
38,19,top,host,331.84,327.768,137,45,0,
38,19,top,other,382.756,136.472,306,75,0,
38,20,top,host,338.66,335.082,137,45,0,
38,20,top,other,374.666,130.594,306,75,0,
38,21,top,host,345.48,342.396,137,46,0,
38,21,top,other,366.576,124.716,306,79,0,
38,22,top,host,345.48,342.396,137,46,0,
38,22,top,other,366.576,124.716,306,79,0,
38,23,top,host,345.48,342.396,137,46,0,
38,23,top,other,366.576,124.716,306,79,0,
39,1,bottom,host,188.387,245.446,123,46,0,
39,1,bottom,other,530,240,270,79,0,
39,2,bottom,host,196.774,250.892,123,46,0,
39,2,bottom,other,521.808,245.736,235,79,0,
39,3,bottom,host,205.161,256.338,123,46,0,
39,3,bottom,other,513.616,251.472,235,79,0,
39,4,bottom,host,213.548,261.784,123,46,0,
39,4,bottom,other,505.424,257.208,235,79,0,
39,5,bottom,host,221.935,267.23,123,46,0,
39,5,bottom,other,497.232,262.944,235,79,0,
39,6,bottom,host,230.322,272.676,123,46,0,
39,6,bottom,other,489.04,268.68,235,79,0,
39,7,bottom,host,238.709,278.122,123,46,0,
39,7,bottom,other,480.848,274.416,235,79,0,
39,8,bottom,host,247.096,283.568,123,46,0,
39,8,bottom,other,472.656,280.152,235,79,0,
39,9,bottom,host,255.483,289.014,123,46,0,
39,9,bottom,other,464.464,285.888,235,79,0,
39,10,bottom,host,263.87,294.46,123,46,0,
39,10,bottom,other,456.272,291.624,235,79,0,
39,11,bottom,host,272.257,299.906,123,46,0,
39,11,bottom,other,448.08,297.36,235,79,0,
39,12,bottom,host,280.644,305.352,123,46,0,
39,12,bottom,other,439.888,303.096,235,79,0,
39,13,bottom,host,289.031,310.798,123,46,0,
39,13,bottom,other,431.696,308.832,235,79,0,
39,14,bottom,host,297.418,316.244,123,46,0,
39,14,bottom,other,423.504,314.568,235,79,0,
39,15,bottom,host,305.805,321.69,123,46,0,
39,15,bottom,other,415.312,320.304,235,79,0,
39,16,bottom,host,314.192,327.136,123,46,0,
39,16,bottom,other,407.12,326.04,235,79,0,
39,17,bottom,host,322.579,332.582,123,46,0,
39,17,bottom,other,404.87,316.296,347,79,0,
39,18,bottom,host,330.966,338.028,123,46,0,
39,18,bottom,other,402.62,306.552,347,79,0,
39,19,bottom,host,339.353,343.474,123,46,0,
39,19,bottom,other,400.37,296.808,347,79,0,
39,20,bottom,host,347.74,348.92,123,50,0,
39,20,bottom,other,398.12,287.064,347,80,0,
39,21,bottom,host,347.74,348.92,123,50,0,
39,21,bottom,other,398.12,287.064,347,80,0,
39,22,bottom,host,347.74,348.92,123,50,0,
39,22,bottom,other,398.12,287.064,347,80,0,
40,1,top,host,188.387,234.554,57,50,0,
40,1,top,other,531.71,234.408,304,80,0,
40,2,top,host,196.774,229.108,57,50,0,
40,2,top,other,523.42,228.816,304,80,0,
40,3,top,host,205.161,223.662,57,50,0,
40,3,top,other,515.13,223.224,304,80,0,
40,4,top,host,213.548,218.216,57,50,0,
40,4,top,other,506.84,217.632,304,80,0,
40,5,top,host,221.935,212.77,57,50,0,
40,5,top,other,498.55,212.04,304,80,0,
40,6,top,host,230.322,207.324,57,50,0,
40,6,top,other,490.26,206.448,304,80,0,
40,7,top,host,238.709,201.878,57,50,0,
40,7,top,other,481.97,200.856,304,80,0,
40,8,top,host,247.096,196.432,57,50,0,
40,8,top,other,473.583,195.41,303,80,0,
40,9,top,host,255.483,190.986,57,50,0,
40,9,top,other,465.293,189.818,304,80,0,
40,10,top,host,263.87,185.54,57,50,0,
40,10,top,other,457.003,184.226,304,80,0,
40,11,top,host,272.257,180.094,57,50,0,
40,11,top,other,448.713,178.634,304,80,0,
40,12,top,host,280.644,174.648,57,50,0,
40,12,top,other,440.423,173.042,304,80,0,
40,13,top,host,289.031,169.202,57,50,0,
40,13,top,other,432.133,167.45,304,80,0,
40,14,top,host,297.418,163.756,57,50,0,
40,14,top,other,423.843,161.858,304,80,0,
40,15,top,host,305.805,158.31,57,50,0,
40,15,top,other,415.553,156.266,304,80,0,
40,16,top,host,314.192,152.864,57,50,0,
40,16,top,other,407.263,150.674,304,80,0,
40,17,top,host,322.579,147.418,57,50,0,
40,17,top,other,404.675,160.333,195,80,0,
40,18,top,host,330.966,141.972,57,50,0,
40,18,top,other,402.087,169.992,195,80,0,
40,19,top,host,339.353,136.526,57,50,0,
40,19,top,other,399.499,179.651,195,80,0,
40,20,top,host,347.74,131.08,57,54,0,
40,20,top,other,396.911,189.31,195,81,0,
40,21,top,host,347.74,131.08,57,54,0,
40,21,top,other,396.911,189.31,195,81,0,
40,22,top,host,347.74,131.08,57,54,0,
40,22,top,other,396.911,189.31,195,81,0,
41,1,bottom,host,188.387,245.446,123,54,0,
41,1,bottom,other,530,240,270,81,0,
41,2,bottom,host,196.774,250.892,123,54,0,
41,2,bottom,other,521.71,245.592,236,81,0,
41,3,bottom,host,205.161,256.338,123,54,0,
41,3,bottom,other,513.42,251.184,236,81,0,
41,4,bottom,host,213.548,261.784,123,54,0,
41,4,bottom,other,505.33,257.062,234,81,0,
41,5,bottom,host,221.935,267.23,123,54,0,
41,5,bottom,other,497.24,262.94,234,81,0,
41,6,bottom,host,230.322,272.676,123,54,0,
41,6,bottom,other,489.15,268.818,234,81,0,
41,7,bottom,host,238.709,278.122,123,54,0,
41,7,bottom,other,481.06,274.696,234,81,0,
41,8,bottom,host,247.096,283.568,123,54,0,
41,8,bottom,other,472.97,280.574,234,81,0,
41,9,bottom,host,255.483,289.014,123,54,0,
41,9,bottom,other,464.88,286.452,234,81,0,
41,10,bottom,host,263.87,294.46,123,54,0,
41,10,bottom,other,456.79,292.33,234,81,0,
41,11,bottom,host,272.257,299.906,123,54,0,
41,11,bottom,other,448.7,298.208,234,81,0,
41,12,bottom,host,280.644,305.352,123,54,0,
41,12,bottom,other,440.61,304.086,234,81,0,
41,13,bottom,host,289.031,310.798,123,54,0,
41,13,bottom,other,432.52,309.964,234,81,0,
41,14,bottom,host,297.418,316.244,123,54,0,
41,14,bottom,other,424.43,315.842,234,81,0,
41,15,bottom,host,305.805,321.69,123,54,0,
41,15,bottom,other,416.34,321.72,234,81,0,
41,16,bottom,host,314.192,327.136,123,54,0,
41,16,bottom,other,408.25,327.598,234,81,0,
41,17,bottom,host,322.579,332.582,123,54,0,
41,17,bottom,other,400.16,333.476,234,81,0,
41,18,bottom,host,330.966,338.028,123,54,0,
41,18,bottom,other,398.424,323.628,350,81,0,
41,19,bottom,host,339.353,343.474,123,54,0,
41,19,bottom,other,396.688,313.78,350,81,0,
41,20,bottom,host,347.74,348.92,123,58,0,
41,20,bottom,other,394.952,303.932,350,82,0,
41,21,bottom,host,347.74,348.92,123,58,0,
41,21,bottom,other,394.952,303.932,350,82,0,
41,22,bottom,host,347.74,348.92,123,58,0,
41,22,bottom,other,394.952,303.932,350,82,0,
42,1,top,host,190,240,90,58,0,
42,1,top,other,530,240,270,82,0,
42,2,top,host,200,240,90,58,0,
42,2,top,other,521.71,234.408,304,82,0,
42,3,top,host,210,240,90,58,0,
42,3,top,other,513.518,228.672,305,82,0,
42,4,top,host,220,240,90,58,0,
42,4,top,other,505.326,222.936,305,82,0,
42,5,top,host,230,240,90,58,0,
42,5,top,other,497.134,217.2,305,82,0,
42,6,top,host,237.431,233.309,48,58,0,
42,6,top,other,488.942,211.464,305,82,0,
42,7,top,host,244.862,226.618,48,58,0,
42,7,top,other,480.75,205.728,305,82,0,
42,8,top,host,252.293,219.927,48,58,0,
42,8,top,other,472.558,199.992,305,82,0,
42,9,top,host,259.724,213.236,48,58,0,
42,9,top,other,464.366,194.256,305,82,0,
42,10,top,host,267.155,206.545,48,58,0,
42,10,top,other,456.276,188.378,306,82,0,
42,11,top,host,274.586,199.854,48,58,0,
42,11,top,other,448.186,182.5,306,82,0,
42,12,top,host,282.017,193.163,48,58,0,
42,12,top,other,440.096,176.622,306,82,0,
42,13,top,host,289.448,186.472,48,58,0,
42,13,top,other,431.904,170.886,305,82,0,
42,14,top,host,296.879,179.781,48,58,0,
42,14,top,other,423.712,165.15,305,82,0,
42,15,top,host,304.31,173.09,48,58,0,
42,15,top,other,415.52,159.414,305,82,0,
42,16,top,host,311.741,166.399,48,58,0,
42,16,top,other,407.328,153.678,305,82,0,
42,17,top,host,319.172,159.708,48,58,0,
42,17,top,other,399.238,147.8,306,82,0,
42,18,top,host,326.603,153.017,48,58,0,
42,18,top,other,391.148,141.922,306,82,0,
42,19,top,host,334.034,146.326,48,58,0,
42,19,top,other,383.058,136.044,306,82,0,
42,20,top,host,341.465,139.635,48,58,0,
42,20,top,other,374.968,130.166,306,82,0,
42,21,top,host,348.896,132.944,48,58,0,
42,21,top,other,366.776,124.43,305,82,0,
42,22,top,host,348.896,132.944,48,58,0,
42,22,top,other,366.776,124.43,305,82,0,
42,23,top,host,348.896,132.944,48,58,0,
42,23,top,other,366.776,124.43,305,82,0,
43,1,bottom,host,188.192,245.736,125,58,0,
43,1,bottom,other,531.808,245.736,235,82,0,
43,2,bottom,host,196.384,251.472,125,58,0,
43,2,bottom,other,523.616,251.472,235,82,0,
43,3,bottom,host,204.576,257.208,125,58,0,
43,3,bottom,other,515.424,257.208,235,82,0,
43,4,bottom,host,212.768,262.944,125,58,0,
43,4,bottom,other,507.232,262.944,235,82,0,
43,5,bottom,host,220.96,268.68,125,58,0,
43,5,bottom,other,499.04,268.68,235,82,0,
43,6,bottom,host,229.152,274.416,125,58,0,
43,6,bottom,other,490.848,274.416,235,82,0,
43,7,bottom,host,237.344,280.152,125,58,0,
43,7,bottom,other,482.656,280.152,235,82,0,
43,8,bottom,host,245.536,285.888,125,58,0,
43,8,bottom,other,474.464,285.888,235,82,0,
43,9,bottom,host,253.728,291.624,125,58,0,
43,9,bottom,other,466.272,291.624,235,82,0,
43,10,bottom,host,261.92,297.36,125,58,0,
43,10,bottom,other,458.08,297.36,235,82,0,
43,11,bottom,host,270.112,303.096,125,58,0,
43,11,bottom,other,449.888,303.096,235,82,0,
43,12,bottom,host,278.304,308.832,125,58,0,
43,12,bottom,other,441.696,308.832,235,82,0,
43,13,bottom,host,286.496,314.568,125,58,0,
43,13,bottom,other,433.504,314.568,235,82,0,
43,14,bottom,host,294.688,320.304,125,58,0,
43,14,bottom,other,425.312,320.304,235,82,0,
43,15,bottom,host,302.88,326.04,125,58,0,
43,15,bottom,other,417.12,326.04,235,82,0,
43,16,bottom,host,311.072,331.776,125,58,0,
43,16,bottom,other,408.928,331.776,235,82,0,
43,17,bottom,host,319.264,337.512,125,58,0,
43,17,bottom,other,400.736,337.512,235,82,0,
43,18,bottom,host,327.456,343.248,125,58,0,
43,18,bottom,other,392.544,343.248,235,82,0,
43,19,bottom,host,335.648,348.984,125,58,0,
43,19,bottom,other,390.808,333.4,350,82,0,
43,20,bottom,host,343.84,354.72,125,58,0,
43,20,bottom,other,389.072,323.552,350,82,0,
43,21,bottom,host,343.84,354.72,125,58,0,
43,21,bottom,other,389.072,323.552,350,82,0,
43,22,bottom,host,343.84,354.72,125,58,0,
43,22,bottom,other,389.072,323.552,350,82,0,
44,1,bottom,host,190,240,90,58,0,
44,1,bottom,other,530,240,270,82,0,
44,2,bottom,host,198.29,245.592,124,58,0,
44,2,bottom,other,520,240,270,82,0,
44,3,bottom,host,206.58,251.184,124,58,0,
44,3,bottom,other,510,240,270,82,0,
44,4,bottom,host,214.87,256.776,124,58,0,
44,4,bottom,other,502.014,246.018,233,82,0,
44,5,bottom,host,223.16,262.368,124,58,0,
44,5,bottom,other,494.028,252.036,233,82,0,
44,6,bottom,host,231.45,267.96,124,58,0,
44,6,bottom,other,486.042,258.054,233,82,0,
44,7,bottom,host,239.74,273.552,124,58,0,
44,7,bottom,other,478.056,264.072,233,82,0,
44,8,bottom,host,248.03,279.144,124,58,0,
44,8,bottom,other,470.07,270.09,233,82,0,
44,9,bottom,host,256.32,284.736,124,58,0,
44,9,bottom,other,462.084,276.108,233,82,0,
44,10,bottom,host,264.61,290.328,124,58,0,
44,10,bottom,other,454.098,282.126,233,82,0,
44,11,bottom,host,272.9,295.92,124,58,0,
44,11,bottom,other,446.112,288.144,233,82,0,
44,12,bottom,host,281.19,301.512,124,58,0,
44,12,bottom,other,438.126,294.162,233,82,0,
44,13,bottom,host,289.48,307.104,124,58,0,
44,13,bottom,other,430.14,300.18,233,82,0,
44,14,bottom,host,297.77,312.696,124,58,0,
44,14,bottom,other,422.154,306.198,233,82,0,
44,15,bottom,host,306.06,318.288,124,58,0,
44,15,bottom,other,414.168,312.216,233,82,0,
44,16,bottom,host,314.35,323.88,124,58,0,
44,16,bottom,other,406.182,318.234,233,82,0,
44,17,bottom,host,322.64,329.472,124,58,0,
44,17,bottom,other,398.196,324.252,233,82,0,
44,18,bottom,host,330.93,335.064,124,58,0,
44,18,bottom,other,396.46,314.404,350,82,0,
44,19,bottom,host,339.22,340.656,124,58,0,
44,19,bottom,other,394.724,304.556,350,82,0,
44,20,bottom,host,347.51,346.248,124,58,0,
44,20,bottom,other,392.988,294.708,350,82,0,
44,21,bottom,host,355.8,351.84,124,62,0,
44,21,bottom,other,391.252,284.86,350,83,0,
44,22,bottom,host,355.8,351.84,124,62,0,
44,22,bottom,other,391.252,284.86,350,83,0,
44,23,bottom,host,355.8,351.84,124,62,0,
44,23,bottom,other,391.252,284.86,350,83,0,
45,1,bottom,host,190,240,90,62,0,
45,1,bottom,other,530,240,270,83,0,
45,2,bottom,host,198.29,245.592,124,62,0,
45,2,bottom,other,521.91,245.878,234,83,0,
45,3,bottom,host,206.58,251.184,124,62,0,
45,3,bottom,other,513.82,251.756,234,83,0,
45,4,bottom,host,214.87,256.776,124,62,0,
45,4,bottom,other,505.73,257.634,234,83,0,
45,5,bottom,host,223.16,262.368,124,62,0,
45,5,bottom,other,497.64,263.512,234,83,0,
45,6,bottom,host,231.45,267.96,124,62,0,
45,6,bottom,other,489.55,269.39,234,83,0,
45,7,bottom,host,239.74,273.552,124,62,0,
45,7,bottom,other,481.46,275.268,234,83,0,
45,8,bottom,host,248.03,279.144,124,62,0,
45,8,bottom,other,473.37,281.146,234,83,0,
45,9,bottom,host,256.32,284.736,124,62,0,
45,9,bottom,other,465.28,287.024,234,83,0,
45,10,bottom,host,264.61,290.328,124,62,0,
45,10,bottom,other,457.19,292.902,234,83,0,
45,11,bottom,host,272.9,295.92,124,62,0,
45,11,bottom,other,449.1,298.78,234,83,0,
45,12,bottom,host,281.19,301.512,124,62,0,
45,12,bottom,other,441.01,304.658,234,83,0,
45,13,bottom,host,289.48,307.104,124,62,0,
45,13,bottom,other,432.92,310.536,234,83,0,
45,14,bottom,host,297.77,312.696,124,62,0,
45,14,bottom,other,424.83,316.414,234,83,0,
45,15,bottom,host,306.06,318.288,124,62,0,
45,15,bottom,other,416.74,322.292,234,83,0,
45,16,bottom,host,314.35,323.88,124,62,0,
45,16,bottom,other,408.65,328.17,234,83,0,
45,17,bottom,host,322.64,329.472,124,62,0,
45,17,bottom,other,406.062,318.511,345,83,0,
45,18,bottom,host,330.93,335.064,124,62,0,
45,18,bottom,other,403.474,308.852,345,83,0,
45,19,bottom,host,339.22,340.656,124,62,0,
45,19,bottom,other,400.886,299.193,345,83,0,
45,20,bottom,host,347.51,346.248,124,62,0,
45,20,bottom,other,398.298,289.534,345,83,0,
45,21,bottom,host,355.8,351.84,124,66,0,
45,21,bottom,other,395.71,279.875,345,84,0,
45,22,bottom,host,355.8,351.84,124,66,0,
45,22,bottom,other,395.71,279.875,345,84,0,
45,23,bottom,host,355.8,351.84,124,66,0,
45,23,bottom,other,395.71,279.875,345,84,0,
46,1,top,host,190,240,90,66,0,
46,1,top,other,530,240,270,84,0,
46,2,top,host,198.387,234.554,57,66,0,
46,2,top,other,521.613,234.554,303,84,0,
46,3,top,host,206.774,229.108,57,66,0,
46,3,top,other,513.421,228.818,305,84,0,
46,4,top,host,215.161,223.662,57,66,0,
46,4,top,other,505.229,223.082,305,84,0,
46,5,top,host,223.548,218.216,57,66,0,
46,5,top,other,497.037,217.346,305,84,0,
46,6,top,host,231.935,212.77,57,66,0,
46,6,top,other,488.845,211.61,305,84,0,
46,7,top,host,240.322,207.324,57,66,0,
46,7,top,other,480.653,205.874,305,84,0,
46,8,top,host,248.709,201.878,57,66,0,
46,8,top,other,472.461,200.138,305,84,0,
46,9,top,host,257.096,196.432,57,66,0,
46,9,top,other,464.269,194.402,305,84,0,
46,10,top,host,265.483,190.986,57,66,0,
46,10,top,other,456.077,188.666,305,84,0,
46,11,top,host,273.87,185.54,57,66,0,
46,11,top,other,447.885,182.93,305,84,0,
46,12,top,host,282.257,180.094,57,66,0,
46,12,top,other,439.693,177.194,305,84,0,
46,13,top,host,290.644,174.648,57,66,0,
46,13,top,other,431.501,171.458,305,84,0,
46,14,top,host,299.031,169.202,57,66,0,
46,14,top,other,423.309,165.722,305,84,0,
46,15,top,host,307.418,163.756,57,66,0,
46,15,top,other,415.117,159.986,305,84,0,
46,16,top,host,315.805,158.31,57,66,0,
46,16,top,other,406.925,154.25,305,84,0,
46,17,top,host,324.192,152.864,57,66,0,
46,17,top,other,398.733,148.514,305,84,0,
46,18,top,host,332.579,147.418,57,66,0,
46,18,top,other,397.169,158.391,189,84,0,
46,19,top,host,340.966,141.972,57,66,0,
46,19,top,other,395.605,168.268,189,84,0,
46,20,top,host,349.353,136.526,57,66,0,
46,20,top,other,394.041,178.145,189,84,0,
46,21,top,host,357.74,131.08,57,70,0,
46,21,top,other,392.477,188.022,189,85,0,
46,22,top,host,357.74,131.08,57,70,0,
46,22,top,other,392.477,188.022,189,85,0,
46,23,top,host,357.74,131.08,57,70,0,
46,23,top,other,392.477,188.022,189,85,0,
47,1,bottom,host,188.192,245.736,125,70,0,
47,1,bottom,other,531.613,245.446,237,85,0,
47,2,bottom,host,196.384,251.472,125,70,0,
47,2,bottom,other,523.226,250.892,237,85,0,
47,3,bottom,host,204.576,257.208,125,70,0,
47,3,bottom,other,514.839,256.338,237,85,0,
47,4,bottom,host,212.768,262.944,125,70,0,
47,4,bottom,other,506.452,261.784,237,85,0,
47,5,bottom,host,220.96,268.68,125,70,0,
47,5,bottom,other,498.065,267.23,237,85,0,
47,6,bottom,host,229.152,274.416,125,70,0,
47,6,bottom,other,489.678,272.676,237,85,0,
47,7,bottom,host,237.344,280.152,125,70,0,
47,7,bottom,other,481.291,278.122,237,85,0,
47,8,bottom,host,245.536,285.888,125,70,0,
47,8,bottom,other,472.904,283.568,237,85,0,
47,9,bottom,host,253.728,291.624,125,70,0,
47,9,bottom,other,464.517,289.014,237,85,0,
47,10,bottom,host,261.92,297.36,125,70,0,
47,10,bottom,other,456.13,294.46,237,85,0,
47,11,bottom,host,270.112,303.096,125,70,0,
47,11,bottom,other,447.743,299.906,237,85,0,
47,12,bottom,host,278.304,308.832,125,70,0,
47,12,bottom,other,439.356,305.352,237,85,0,
47,13,bottom,host,286.496,314.568,125,70,0,
47,13,bottom,other,430.969,310.798,237,85,0,
47,14,bottom,host,294.688,320.304,125,70,0,
47,14,bottom,other,422.582,316.244,237,85,0,
47,15,bottom,host,302.88,326.04,125,70,0,
47,15,bottom,other,414.195,321.69,237,85,0,
47,16,bottom,host,311.072,331.776,125,70,0,
47,16,bottom,other,405.808,327.136,237,85,0,
47,17,bottom,host,319.264,337.512,125,70,0,
47,17,bottom,other,403.22,317.477,345,85,0,
47,18,bottom,host,327.456,343.248,125,70,0,
47,18,bottom,other,400.632,307.818,345,85,0,
47,19,bottom,host,335.648,348.984,125,70,0,
47,19,bottom,other,398.044,298.159,345,85,0,
47,20,bottom,host,343.84,354.72,125,74,0,
47,20,bottom,other,395.456,288.5,345,86,0,
47,21,bottom,host,343.84,354.72,125,74,0,
47,21,bottom,other,395.456,288.5,345,86,0,
47,22,bottom,host,343.84,354.72,125,74,0,
47,22,bottom,other,395.456,288.5,345,86,0,
48,1,top,host,190,240,90,74,0,
48,1,top,other,530,240,270,86,0,
48,2,top,host,200,240,90,74,0,
48,2,top,other,521.71,234.408,304,86,0,
48,3,top,host,210,240,90,74,0,
48,3,top,other,513.42,228.816,304,86,0,
48,4,top,host,220,240,90,74,0,
48,4,top,other,505.33,222.938,306,86,0,
48,5,top,host,230,240,90,74,0,
48,5,top,other,497.24,217.06,306,86,0,
48,6,top,host,237.88,246.157,128,74,0,
48,6,top,other,489.15,211.182,306,86,0,
48,7,top,host,245.76,252.314,128,74,0,
48,7,top,other,481.06,205.304,306,86,0,
48,8,top,host,253.64,258.471,128,74,0,
48,8,top,other,472.97,199.426,306,86,0,
48,9,top,host,261.52,264.628,128,74,0,
48,9,top,other,464.88,193.548,306,86,0,
48,10,top,host,269.4,270.785,128,74,0,
48,10,top,other,456.79,187.67,306,86,0,
48,11,top,host,277.28,276.942,128,74,0,
48,11,top,other,448.7,181.792,306,86,0,
48,12,top,host,285.16,283.099,128,74,0,
48,12,top,other,440.61,175.914,306,86,0,
48,13,top,host,293.04,289.256,128,74,0,
48,13,top,other,432.52,170.036,306,86,0,
48,14,top,host,300.92,295.413,128,74,0,
48,14,top,other,424.43,164.158,306,86,0,
48,15,top,host,308.8,301.57,128,74,0,
48,15,top,other,416.34,158.28,306,86,0,
48,16,top,host,316.68,307.727,128,74,0,
48,16,top,other,408.25,152.402,306,86,0,
48,17,top,host,324.56,313.884,128,74,0,
48,17,top,other,400.16,146.524,306,86,0,
48,18,top,host,332.44,320.041,128,74,0,
48,18,top,other,392.07,140.646,306,86,0,
48,19,top,host,340.32,326.198,128,74,0,
48,19,top,other,383.98,134.768,306,86,0,
48,20,top,host,348.2,332.355,128,74,0,
48,20,top,other,375.89,128.89,306,86,0,
48,21,top,host,356.08,338.512,128,75,0,
48,21,top,other,367.8,123.012,306,90,0,
48,22,top,host,356.08,338.512,128,75,0,
48,22,top,other,367.8,123.012,306,90,0,
48,23,top,host,356.08,338.512,128,75,0,
48,23,top,other,367.8,123.012,306,90,0,
49,1,top,host,188.29,234.408,56,75,0,
49,1,top,other,530,240,270,90,0,
49,2,top,host,196.58,228.816,56,75,0,
49,2,top,other,521.91,234.122,306,90,0,
49,3,top,host,204.87,223.224,56,75,0,
49,3,top,other,513.82,228.244,306,90,0,
49,4,top,host,213.16,217.632,56,75,0,
49,4,top,other,505.73,222.366,306,90,0,
49,5,top,host,221.45,212.04,56,75,0,
49,5,top,other,497.64,216.488,306,90,0,
49,6,top,host,229.74,206.448,56,75,0,
49,6,top,other,489.55,210.61,306,90,0,
49,7,top,host,238.03,200.856,56,75,0,
49,7,top,other,481.46,204.732,306,90,0,
49,8,top,host,246.32,195.264,56,75,0,
49,8,top,other,473.37,198.854,306,90,0,
49,9,top,host,254.61,189.672,56,75,0,
49,9,top,other,465.28,192.976,306,90,0,
49,10,top,host,262.9,184.08,56,75,0,
49,10,top,other,457.19,187.098,306,90,0,
49,11,top,host,271.19,178.488,56,75,0,
49,11,top,other,449.1,181.22,306,90,0,
49,12,top,host,279.48,172.896,56,75,0,
49,12,top,other,441.01,175.342,306,90,0,
49,13,top,host,287.77,167.304,56,75,0,
49,13,top,other,432.92,169.464,306,90,0,
49,14,top,host,296.06,161.712,56,75,0,
49,14,top,other,424.83,163.586,306,90,0,
49,15,top,host,304.35,156.12,56,75,0,
49,15,top,other,416.74,157.708,306,90,0,
49,16,top,host,312.64,150.528,56,75,0,
49,16,top,other,408.65,151.83,306,90,0,
49,17,top,host,320.93,144.936,56,75,0,
49,17,top,other,400.56,145.952,306,90,0,
49,18,top,host,329.22,139.344,56,75,0,
49,18,top,other,397.972,155.611,195,90,0,
49,19,top,host,337.51,133.752,56,75,0,
49,19,top,other,395.384,165.27,195,90,0,
49,20,top,host,345.8,128.16,56,79,0,
49,20,top,other,392.796,174.929,195,91,0,
49,21,top,host,345.8,128.16,56,79,0,
49,21,top,other,392.796,174.929,195,91,0,
49,22,top,host,345.8,128.16,56,79,0,
49,22,top,other,392.796,174.929,195,91,0,
50,1,bottom,host,188.29,245.592,124,79,0,
50,1,bottom,other,530,240,270,91,0,
50,2,bottom,host,196.58,251.184,124,79,0,
50,2,bottom,other,520,240,270,91,0,
50,3,bottom,host,204.87,256.776,124,79,0,
50,3,bottom,other,510,240,270,91,0,
50,4,bottom,host,213.16,262.368,124,79,0,
50,4,bottom,other,500,240,270,91,0,
50,5,bottom,host,221.45,267.96,124,79,0,
50,5,bottom,other,490,240,270,91,0,
50,6,bottom,host,229.74,273.552,124,79,0,
50,6,bottom,other,480,240,270,91,0,
50,7,bottom,host,238.03,279.144,124,79,0,
50,7,bottom,other,470,240,270,91,0,
50,8,bottom,host,246.32,284.736,124,79,0,
50,8,bottom,other,460,240,270,91,0,
50,9,bottom,host,254.61,290.328,124,79,0,
50,9,bottom,other,450,240,270,91,0,
50,10,bottom,host,262.9,295.92,124,79,0,
50,10,bottom,other,443.439,232.453,319,91,0,
50,11,bottom,host,271.19,301.512,124,79,0,
50,11,bottom,other,436.878,224.906,319,91,0,
50,12,bottom,host,279.48,307.104,124,79,0,
50,12,bottom,other,430.317,217.359,319,91,0,
50,13,bottom,host,287.77,312.696,124,79,0,
50,13,bottom,other,423.756,209.812,319,91,0,
50,14,bottom,host,296.06,318.288,124,79,0,
50,14,bottom,other,417.195,202.265,319,91,0,
50,15,bottom,host,304.35,323.88,124,79,0,
50,15,bottom,other,410.634,194.718,319,91,0,
50,16,bottom,host,312.64,329.472,124,79,0,
50,16,bottom,other,404.073,187.171,319,91,0,
50,17,bottom,host,320.93,335.064,124,79,0,
50,17,bottom,other,397.512,179.624,319,91,0,
50,18,bottom,host,329.22,340.656,124,79,0,
50,18,bottom,other,390.951,172.077,319,91,0,
50,19,bottom,host,337.51,346.248,124,79,0,
50,19,bottom,other,384.39,164.53,319,91,0,
50,20,bottom,host,345.8,351.84,124,83,0,
50,20,bottom,other,377.829,156.983,319,92,0,
50,21,bottom,host,345.8,351.84,124,83,0,
50,21,bottom,other,377.829,156.983,319,92,0,
50,22,bottom,host,345.8,351.84,124,83,0,
50,22,bottom,other,377.829,156.983,319,92,0,
