1,1,bottom,host,180,240,124,0,0,
1,1,bottom,other,540,240,236,0,0,
1,2,bottom,host,188.29,245.592,124,0,0,
1,2,bottom,other,531.71,245.592,236,0,0,
1,3,bottom,host,196.58,251.184,124,0,0,
1,3,bottom,other,523.42,251.184,236,0,0,
1,4,bottom,host,204.87,256.776,124,0,0,
1,4,bottom,other,515.13,256.776,236,0,0,
1,5,bottom,host,213.16,262.368,124,0,0,
1,5,bottom,other,506.84,262.368,236,0,0,
1,6,bottom,host,221.45,267.96,124,0,0,
1,6,bottom,other,498.55,267.96,236,0,0,
1,7,bottom,host,229.74,273.552,124,0,0,
1,7,bottom,other,490.26,273.552,236,0,0,
1,8,bottom,host,238.03,279.144,124,0,0,
1,8,bottom,other,481.97,279.144,236,0,0,
1,9,bottom,host,246.32,284.736,124,0,0,
1,9,bottom,other,473.68,284.736,236,0,0,
1,10,bottom,host,254.61,290.328,124,0,0,
1,10,bottom,other,465.39,290.328,236,0,0,
1,11,bottom,host,262.9,295.92,124,0,0,
1,11,bottom,other,457.1,295.92,236,0,0,
1,12,bottom,host,271.19,301.512,124,0,0,
1,12,bottom,other,448.81,301.512,236,0,0,
1,13,bottom,host,279.48,307.104,124,0,0,
1,13,bottom,other,440.52,307.104,236,0,0,
1,14,bottom,host,287.77,312.696,124,0,0,
1,14,bottom,other,432.23,312.696,236,0,0,
1,15,bottom,host,296.06,318.288,124,0,0,
1,15,bottom,other,423.94,318.288,236,0,0,
1,16,bottom,host,304.35,323.88,124,0,0,
1,16,bottom,other,415.65,323.88,236,0,0,
1,17,bottom,host,312.64,329.472,124,0,0,
1,17,bottom,other,407.36,329.472,236,0,0,
1,18,bottom,host,320.93,335.064,124,0,0,
1,18,bottom,other,399.07,335.064,236,0,0,
1,19,bottom,host,329.22,340.656,124,0,0,
1,19,bottom,other,390.78,340.656,236,0,0,
1,20,bottom,host,337.51,346.248,124,0,0,
1,20,bottom,other,382.49,346.248,236,0,0,
1,21,bottom,host,345.8,351.84,124,0,0,
1,21,bottom,other,374.2,351.84,236,0,0,
1,22,bottom,host,345.8,351.84,124,0,0,
1,22,bottom,other,374.2,351.84,236,0,0,
1,23,bottom,host,345.8,351.84,124,0,0,
1,23,bottom,other,374.2,351.84,236,0,0,
2,1,top,host,180,240,56,0,0,
2,1,top,other,540,240,236,0,0,
2,2,top,host,188.29,234.408,56,0,0,
2,2,top,other,531.71,245.592,236,0,0,
2,3,top,host,196.58,228.816,56,0,0,
2,3,top,other,523.42,251.184,236,0,0,
2,4,top,host,204.87,223.224,56,0,0,
2,4,top,other,515.13,256.776,236,0,0,
2,5,top,host,213.16,217.632,56,0,0,
2,5,top,other,506.84,262.368,236,0,0,
2,6,top,host,221.45,212.04,56,0,0,
2,6,top,other,498.55,267.96,236,0,0,
2,7,top,host,229.74,206.448,56,0,0,
2,7,top,other,490.26,273.552,236,0,0,
2,8,top,host,238.03,200.856,56,0,0,
2,8,top,other,481.97,279.144,236,0,0,
2,9,top,host,246.32,195.264,56,0,0,
2,9,top,other,473.68,284.736,236,0,0,
2,10,top,host,254.61,189.672,56,0,0,
2,10,top,other,465.39,290.328,236,0,0,
2,11,top,host,262.9,184.08,56,0,0,
2,11,top,other,457.1,295.92,236,0,0,
2,12,top,host,271.19,178.488,56,0,0,
2,12,top,other,448.81,301.512,236,0,0,
2,13,top,host,279.48,172.896,56,0,0,
2,13,top,other,440.52,307.104,236,0,0,
2,14,top,host,287.77,167.304,56,0,0,
2,14,top,other,432.23,312.696,236,0,0,
2,15,top,host,296.06,161.712,56,0,0,
2,15,top,other,423.94,318.288,236,0,0,
2,16,top,host,304.35,156.12,56,0,0,
2,16,top,other,415.65,323.88,236,0,0,
2,17,top,host,312.64,150.528,56,0,0,
2,17,top,other,407.36,329.472,236,0,0,
2,18,top,host,320.93,144.936,56,0,0,
2,18,top,other,399.07,335.064,236,0,0,
2,19,top,host,329.22,139.344,56,0,0,
2,19,top,other,390.78,340.656,236,0,0,
2,20,top,host,337.51,133.752,56,0,0,
2,20,top,other,382.49,346.248,236,0,0,
2,21,top,host,345.8,128.16,56,4,0,
2,21,top,other,374.2,351.84,236,1,0,
2,22,top,host,345.8,128.16,56,4,0,
2,22,top,other,374.2,351.84,236,1,0,
2,23,top,host,345.8,128.16,56,4,0,
2,23,top,other,374.2,351.84,236,1,0,
3,1,top,host,180,240,124,4,0,
3,1,top,other,540,240,304,1,0,
3,2,top,host,188.29,245.592,124,4,0,
3,2,top,other,531.71,234.408,304,1,0,
3,3,top,host,196.58,251.184,124,4,0,
3,3,top,other,523.42,228.816,304,1,0,
3,4,top,host,204.87,256.776,124,4,0,
3,4,top,other,515.13,223.224,304,1,0,
3,5,top,host,213.16,262.368,124,4,0,
3,5,top,other,506.84,217.632,304,1,0,
3,6,top,host,221.45,267.96,124,4,0,
3,6,top,other,498.55,212.04,304,1,0,
3,7,top,host,229.74,273.552,124,4,0,
3,7,top,other,490.26,206.448,304,1,0,
3,8,top,host,238.03,279.144,124,4,0,
3,8,top,other,481.97,200.856,304,1,0,
3,9,top,host,246.32,284.736,124,4,0,
3,9,top,other,473.68,195.264,304,1,0,
3,10,top,host,254.61,290.328,124,4,0,
3,10,top,other,465.39,189.672,304,1,0,
3,11,top,host,262.9,295.92,124,4,0,
3,11,top,other,457.1,184.08,304,1,0,
3,12,top,host,271.19,301.512,124,4,0,
3,12,top,other,448.81,178.488,304,1,0,
3,13,top,host,279.48,307.104,124,4,0,
3,13,top,other,440.52,172.896,304,1,0,
3,14,top,host,287.77,312.696,124,4,0,
3,14,top,other,432.23,167.304,304,1,0,
3,15,top,host,296.06,318.288,124,4,0,
3,15,top,other,423.94,161.712,304,1,0,
3,16,top,host,304.35,323.88,124,4,0,
3,16,top,other,415.65,156.12,304,1,0,
3,17,top,host,312.64,329.472,124,4,0,
3,17,top,other,407.36,150.528,304,1,0,
3,18,top,host,320.93,335.064,124,4,0,
3,18,top,other,399.07,144.936,304,1,0,
3,19,top,host,329.22,340.656,124,4,0,
3,19,top,other,390.78,139.344,304,1,0,
3,20,top,host,337.51,346.248,124,4,0,
3,20,top,other,382.49,133.752,304,1,0,
3,21,top,host,345.8,351.84,124,5,0,
3,21,top,other,374.2,128.16,304,5,0,
3,22,top,host,345.8,351.84,124,5,0,
3,22,top,other,374.2,128.16,304,5,0,
3,23,top,host,345.8,351.84,124,5,0,
3,23,top,other,374.2,128.16,304,5,0,
4,1,top,host,180,240,56,5,0,
4,1,top,other,540,240,236,5,0,
4,2,top,host,188.29,234.408,56,5,0,
4,2,top,other,531.71,245.592,236,5,0,
4,3,top,host,196.58,228.816,56,5,0,
4,3,top,other,523.42,251.184,236,5,0,
4,4,top,host,204.87,223.224,56,5,0,
4,4,top,other,515.13,256.776,236,5,0,
4,5,top,host,213.16,217.632,56,5,0,
4,5,top,other,506.84,262.368,236,5,0,
4,6,top,host,221.45,212.04,56,5,0,
4,6,top,other,498.55,267.96,236,5,0,
4,7,top,host,229.74,206.448,56,5,0,
4,7,top,other,490.26,273.552,236,5,0,
4,8,top,host,238.03,200.856,56,5,0,
4,8,top,other,481.97,279.144,236,5,0,
4,9,top,host,246.32,195.264,56,5,0,
4,9,top,other,473.68,284.736,236,5,0,
4,10,top,host,254.61,189.672,56,5,0,
4,10,top,other,465.39,290.328,236,5,0,
4,11,top,host,262.9,184.08,56,5,0,
4,11,top,other,457.1,295.92,236,5,0,
4,12,top,host,271.19,178.488,56,5,0,
4,12,top,other,448.81,301.512,236,5,0,
4,13,top,host,279.48,172.896,56,5,0,
4,13,top,other,440.52,307.104,236,5,0,
4,14,top,host,287.77,167.304,56,5,0,
4,14,top,other,432.23,312.696,236,5,0,
4,15,top,host,296.06,161.712,56,5,0,
4,15,top,other,423.94,318.288,236,5,0,
4,16,top,host,304.35,156.12,56,5,0,
4,16,top,other,415.65,323.88,236,5,0,
4,17,top,host,312.64,150.528,56,5,0,
4,17,top,other,407.36,329.472,236,5,0,
4,18,top,host,320.93,144.936,56,5,0,
4,18,top,other,399.07,335.064,236,5,0,
4,19,top,host,329.22,139.344,56,5,0,
4,19,top,other,390.78,340.656,236,5,0,
4,20,top,host,337.51,133.752,56,5,0,
4,20,top,other,382.49,346.248,236,5,0,
4,21,top,host,345.8,128.16,56,9,0,
4,21,top,other,374.2,351.84,236,6,0,
4,22,top,host,345.8,128.16,56,9,0,
4,22,top,other,374.2,351.84,236,6,0,
4,23,top,host,345.8,128.16,56,9,0,
4,23,top,other,374.2,351.84,236,6,0,
5,1,top,host,180,240,124,9,0,
5,1,top,other,540,240,304,6,0,
5,2,top,host,188.29,245.592,124,9,0,
5,2,top,other,531.71,234.408,304,6,0,
5,3,top,host,196.58,251.184,124,9,0,
5,3,top,other,523.42,228.816,304,6,0,
5,4,top,host,204.87,256.776,124,9,0,
5,4,top,other,515.13,223.224,304,6,0,
5,5,top,host,213.16,262.368,124,9,0,
5,5,top,other,506.84,217.632,304,6,0,
5,6,top,host,221.45,267.96,124,9,0,
5,6,top,other,498.55,212.04,304,6,0,
5,7,top,host,229.74,273.552,124,9,0,
5,7,top,other,490.26,206.448,304,6,0,
5,8,top,host,238.03,279.144,124,9,0,
5,8,top,other,481.97,200.856,304,6,0,
5,9,top,host,246.32,284.736,124,9,0,
5,9,top,other,473.68,195.264,304,6,0,
5,10,top,host,254.61,290.328,124,9,0,
5,10,top,other,465.39,189.672,304,6,0,
5,11,top,host,262.9,295.92,124,9,0,
5,11,top,other,457.1,184.08,304,6,0,
5,12,top,host,271.19,301.512,124,9,0,
5,12,top,other,448.81,178.488,304,6,0,
5,13,top,host,279.48,307.104,124,9,0,
5,13,top,other,440.52,172.896,304,6,0,
5,14,top,host,287.77,312.696,124,9,0,
5,14,top,other,432.23,167.304,304,6,0,
5,15,top,host,296.06,318.288,124,9,0,
5,15,top,other,423.94,161.712,304,6,0,
5,16,top,host,304.35,323.88,124,9,0,
5,16,top,other,415.65,156.12,304,6,0,
5,17,top,host,312.64,329.472,124,9,0,
5,17,top,other,407.36,150.528,304,6,0,
5,18,top,host,320.93,335.064,124,9,0,
5,18,top,other,399.07,144.936,304,6,0,
5,19,top,host,329.22,340.656,124,9,0,
5,19,top,other,390.78,139.344,304,6,0,
5,20,top,host,337.51,346.248,124,9,0,
5,20,top,other,382.49,133.752,304,6,0,
5,21,top,host,345.8,351.84,124,10,0,
5,21,top,other,374.2,128.16,304,10,0,
5,22,top,host,345.8,351.84,124,10,0,
5,22,top,other,374.2,128.16,304,10,0,
5,23,top,host,345.8,351.84,124,10,0,
5,23,top,other,374.2,128.16,304,10,0,
6,1,bottom,host,180,240,124,10,0,
6,1,bottom,other,540,240,236,10,0,
6,2,bottom,host,188.29,245.592,124,10,0,
6,2,bottom,other,531.71,245.592,236,10,0,
6,3,bottom,host,196.58,251.184,124,10,0,
6,3,bottom,other,523.42,251.184,236,10,0,
6,4,bottom,host,204.87,256.776,124,10,0,
6,4,bottom,other,515.13,256.776,236,10,0,
6,5,bottom,host,213.16,262.368,124,10,0,
6,5,bottom,other,506.84,262.368,236,10,0,
6,6,bottom,host,221.45,267.96,124,10,0,
6,6,bottom,other,498.55,267.96,236,10,0,
6,7,bottom,host,229.74,273.552,124,10,0,
6,7,bottom,other,490.26,273.552,236,10,0,
6,8,bottom,host,238.03,279.144,124,10,0,
6,8,bottom,other,481.97,279.144,236,10,0,
6,9,bottom,host,246.32,284.736,124,10,0,
6,9,bottom,other,473.68,284.736,236,10,0,
6,10,bottom,host,254.61,290.328,124,10,0,
6,10,bottom,other,465.39,290.328,236,10,0,
6,11,bottom,host,262.9,295.92,124,10,0,
6,11,bottom,other,457.1,295.92,236,10,0,
6,12,bottom,host,271.19,301.512,124,10,0,
6,12,bottom,other,448.81,301.512,236,10,0,
6,13,bottom,host,279.48,307.104,124,10,0,
6,13,bottom,other,440.52,307.104,236,10,0,
6,14,bottom,host,287.77,312.696,124,10,0,
6,14,bottom,other,432.23,312.696,236,10,0,
6,15,bottom,host,296.06,318.288,124,10,0,
6,15,bottom,other,423.94,318.288,236,10,0,
6,16,bottom,host,304.35,323.88,124,10,0,
6,16,bottom,other,415.65,323.88,236,10,0,
6,17,bottom,host,312.64,329.472,124,10,0,
6,17,bottom,other,407.36,329.472,236,10,0,
6,18,bottom,host,320.93,335.064,124,10,0,
6,18,bottom,other,399.07,335.064,236,10,0,
6,19,bottom,host,329.22,340.656,124,10,0,
6,19,bottom,other,390.78,340.656,236,10,0,
6,20,bottom,host,337.51,346.248,124,10,0,
6,20,bottom,other,382.49,346.248,236,10,0,
6,21,bottom,host,345.8,351.84,124,10,0,
6,21,bottom,other,374.2,351.84,236,10,0,
6,22,bottom,host,345.8,351.84,124,10,0,
6,22,bottom,other,374.2,351.84,236,10,0,
6,23,bottom,host,345.8,351.84,124,10,0,
6,23,bottom,other,374.2,351.84,236,10,0,
7,1,bottom,host,180,240,124,10,0,
7,1,bottom,other,540,240,304,10,0,
7,2,bottom,host,188.29,245.592,124,10,0,
7,2,bottom,other,531.71,234.408,304,10,0,
7,3,bottom,host,196.58,251.184,124,10,0,
7,3,bottom,other,523.42,228.816,304,10,0,
7,4,bottom,host,204.87,256.776,124,10,0,
7,4,bottom,other,515.13,223.224,304,10,0,
7,5,bottom,host,213.16,262.368,124,10,0,
7,5,bottom,other,506.84,217.632,304,10,0,
7,6,bottom,host,221.45,267.96,124,10,0,
7,6,bottom,other,498.55,212.04,304,10,0,
7,7,bottom,host,229.74,273.552,124,10,0,
7,7,bottom,other,490.26,206.448,304,10,0,
7,8,bottom,host,238.03,279.144,124,10,0,
7,8,bottom,other,481.97,200.856,304,10,0,
7,9,bottom,host,246.32,284.736,124,10,0,
7,9,bottom,other,473.68,195.264,304,10,0,
7,10,bottom,host,254.61,290.328,124,10,0,
7,10,bottom,other,465.39,189.672,304,10,0,
7,11,bottom,host,262.9,295.92,124,10,0,
7,11,bottom,other,457.1,184.08,304,10,0,
7,12,bottom,host,271.19,301.512,124,10,0,
7,12,bottom,other,448.81,178.488,304,10,0,
7,13,bottom,host,279.48,307.104,124,10,0,
7,13,bottom,other,440.52,172.896,304,10,0,
7,14,bottom,host,287.77,312.696,124,10,0,
7,14,bottom,other,432.23,167.304,304,10,0,
7,15,bottom,host,296.06,318.288,124,10,0,
7,15,bottom,other,423.94,161.712,304,10,0,
7,16,bottom,host,304.35,323.88,124,10,0,
7,16,bottom,other,415.65,156.12,304,10,0,
7,17,bottom,host,312.64,329.472,124,10,0,
7,17,bottom,other,407.36,150.528,304,10,0,
7,18,bottom,host,320.93,335.064,124,10,0,
7,18,bottom,other,399.07,144.936,304,10,0,
7,19,bottom,host,329.22,340.656,124,10,0,
7,19,bottom,other,390.78,139.344,304,10,0,
7,20,bottom,host,337.51,346.248,124,10,0,
7,20,bottom,other,382.49,133.752,304,10,0,
7,21,bottom,host,345.8,351.84,124,14,0,
7,21,bottom,other,374.2,128.16,304,11,0,
7,22,bottom,host,345.8,351.84,124,14,0,
7,22,bottom,other,374.2,128.16,304,11,0,
7,23,bottom,host,345.8,351.84,124,14,0,
7,23,bottom,other,374.2,128.16,304,11,0,
8,1,bottom,host,180,240,56,14,0,
8,1,bottom,other,540,240,236,11,0,
8,2,bottom,host,188.29,234.408,56,14,0,
8,2,bottom,other,531.71,245.592,236,11,0,
8,3,bottom,host,196.58,228.816,56,14,0,
8,3,bottom,other,523.42,251.184,236,11,0,
8,4,bottom,host,204.87,223.224,56,14,0,
8,4,bottom,other,515.13,256.776,236,11,0,
8,5,bottom,host,213.16,217.632,56,14,0,
8,5,bottom,other,506.84,262.368,236,11,0,
8,6,bottom,host,221.45,212.04,56,14,0,
8,6,bottom,other,498.55,267.96,236,11,0,
8,7,bottom,host,229.74,206.448,56,14,0,
8,7,bottom,other,490.26,273.552,236,11,0,
8,8,bottom,host,238.03,200.856,56,14,0,
8,8,bottom,other,481.97,279.144,236,11,0,
8,9,bottom,host,246.32,195.264,56,14,0,
8,9,bottom,other,473.68,284.736,236,11,0,
8,10,bottom,host,254.61,189.672,56,14,0,
8,10,bottom,other,465.39,290.328,236,11,0,
8,11,bottom,host,262.9,184.08,56,14,0,
8,11,bottom,other,457.1,295.92,236,11,0,
8,12,bottom,host,271.19,178.488,56,14,0,
8,12,bottom,other,448.81,301.512,236,11,0,
8,13,bottom,host,279.48,172.896,56,14,0,
8,13,bottom,other,440.52,307.104,236,11,0,
8,14,bottom,host,287.77,167.304,56,14,0,
8,14,bottom,other,432.23,312.696,236,11,0,
8,15,bottom,host,296.06,161.712,56,14,0,
8,15,bottom,other,423.94,318.288,236,11,0,
8,16,bottom,host,304.35,156.12,56,14,0,
8,16,bottom,other,415.65,323.88,236,11,0,
8,17,bottom,host,312.64,150.528,56,14,0,
8,17,bottom,other,407.36,329.472,236,11,0,
8,18,bottom,host,320.93,144.936,56,14,0,
8,18,bottom,other,399.07,335.064,236,11,0,
8,19,bottom,host,329.22,139.344,56,14,0,
8,19,bottom,other,390.78,340.656,236,11,0,
8,20,bottom,host,337.51,133.752,56,14,0,
8,20,bottom,other,382.49,346.248,236,11,0,
8,21,bottom,host,345.8,128.16,56,15,0,
8,21,bottom,other,374.2,351.84,236,15,0,
8,22,bottom,host,345.8,128.16,56,15,0,
8,22,bottom,other,374.2,351.84,236,15,0,
8,23,bottom,host,345.8,128.16,56,15,0,
8,23,bottom,other,374.2,351.84,236,15,0,
9,1,bottom,host,180,240,124,15,0,
9,1,bottom,other,540,240,304,15,0,
9,2,bottom,host,188.29,245.592,124,15,0,
9,2,bottom,other,531.71,234.408,304,15,0,
9,3,bottom,host,196.58,251.184,124,15,0,
9,3,bottom,other,523.42,228.816,304,15,0,
9,4,bottom,host,204.87,256.776,124,15,0,
9,4,bottom,other,515.13,223.224,304,15,0,
9,5,bottom,host,213.16,262.368,124,15,0,
9,5,bottom,other,506.84,217.632,304,15,0,
9,6,bottom,host,221.45,267.96,124,15,0,
9,6,bottom,other,498.55,212.04,304,15,0,
9,7,bottom,host,229.74,273.552,124,15,0,
9,7,bottom,other,490.26,206.448,304,15,0,
9,8,bottom,host,238.03,279.144,124,15,0,
9,8,bottom,other,481.97,200.856,304,15,0,
9,9,bottom,host,246.32,284.736,124,15,0,
9,9,bottom,other,473.68,195.264,304,15,0,
9,10,bottom,host,254.61,290.328,124,15,0,
9,10,bottom,other,465.39,189.672,304,15,0,
9,11,bottom,host,262.9,295.92,124,15,0,
9,11,bottom,other,457.1,184.08,304,15,0,
9,12,bottom,host,271.19,301.512,124,15,0,
9,12,bottom,other,448.81,178.488,304,15,0,
9,13,bottom,host,279.48,307.104,124,15,0,
9,13,bottom,other,440.52,172.896,304,15,0,
9,14,bottom,host,287.77,312.696,124,15,0,
9,14,bottom,other,432.23,167.304,304,15,0,
9,15,bottom,host,296.06,318.288,124,15,0,
9,15,bottom,other,423.94,161.712,304,15,0,
9,16,bottom,host,304.35,323.88,124,15,0,
9,16,bottom,other,415.65,156.12,304,15,0,
9,17,bottom,host,312.64,329.472,124,15,0,
9,17,bottom,other,407.36,150.528,304,15,0,
9,18,bottom,host,320.93,335.064,124,15,0,
9,18,bottom,other,399.07,144.936,304,15,0,
9,19,bottom,host,329.22,340.656,124,15,0,
9,19,bottom,other,390.78,139.344,304,15,0,
9,20,bottom,host,337.51,346.248,124,15,0,
9,20,bottom,other,382.49,133.752,304,15,0,
9,21,bottom,host,345.8,351.84,124,19,0,
9,21,bottom,other,374.2,128.16,304,16,0,
9,22,bottom,host,345.8,351.84,124,19,0,
9,22,bottom,other,374.2,128.16,304,16,0,
9,23,bottom,host,345.8,351.84,124,19,0,
9,23,bottom,other,374.2,128.16,304,16,0,
10,1,bottom,host,180,240,56,19,0,
10,1,bottom,other,540,240,236,16,0,
10,2,bottom,host,188.29,234.408,56,19,0,
10,2,bottom,other,531.71,245.592,236,16,0,
10,3,bottom,host,196.58,228.816,56,19,0,
10,3,bottom,other,523.42,251.184,236,16,0,
10,4,bottom,host,204.87,223.224,56,19,0,
10,4,bottom,other,515.13,256.776,236,16,0,
10,5,bottom,host,213.16,217.632,56,19,0,
10,5,bottom,other,506.84,262.368,236,16,0,
10,6,bottom,host,221.45,212.04,56,19,0,
10,6,bottom,other,498.55,267.96,236,16,0,
10,7,bottom,host,229.74,206.448,56,19,0,
10,7,bottom,other,490.26,273.552,236,16,0,
10,8,bottom,host,238.03,200.856,56,19,0,
10,8,bottom,other,481.97,279.144,236,16,0,
10,9,bottom,host,246.32,195.264,56,19,0,
10,9,bottom,other,473.68,284.736,236,16,0,
10,10,bottom,host,254.61,189.672,56,19,0,
10,10,bottom,other,465.39,290.328,236,16,0,
10,11,bottom,host,262.9,184.08,56,19,0,
10,11,bottom,other,457.1,295.92,236,16,0,
10,12,bottom,host,271.19,178.488,56,19,0,
10,12,bottom,other,448.81,301.512,236,16,0,
10,13,bottom,host,279.48,172.896,56,19,0,
10,13,bottom,other,440.52,307.104,236,16,0,
10,14,bottom,host,287.77,167.304,56,19,0,
10,14,bottom,other,432.23,312.696,236,16,0,
10,15,bottom,host,296.06,161.712,56,19,0,
10,15,bottom,other,423.94,318.288,236,16,0,
10,16,bottom,host,304.35,156.12,56,19,0,
10,16,bottom,other,415.65,323.88,236,16,0,
10,17,bottom,host,312.64,150.528,56,19,0,
10,17,bottom,other,407.36,329.472,236,16,0,
10,18,bottom,host,320.93,144.936,56,19,0,
10,18,bottom,other,399.07,335.064,236,16,0,
10,19,bottom,host,329.22,139.344,56,19,0,
10,19,bottom,other,390.78,340.656,236,16,0,
10,20,bottom,host,337.51,133.752,56,19,0,
10,20,bottom,other,382.49,346.248,236,16,0,
10,21,bottom,host,345.8,128.16,56,20,0,
10,21,bottom,other,374.2,351.84,236,20,0,
10,22,bottom,host,345.8,128.16,56,20,0,
10,22,bottom,other,374.2,351.84,236,20,0,
10,23,bottom,host,345.8,128.16,56,20,0,
10,23,bottom,other,374.2,351.84,236,20,0,
11,1,bottom,host,180,240,124,20,0,
11,1,bottom,other,540,240,304,20,0,
11,2,bottom,host,188.29,245.592,124,20,0,
11,2,bottom,other,531.71,234.408,304,20,0,
11,3,bottom,host,196.58,251.184,124,20,0,
11,3,bottom,other,523.42,228.816,304,20,0,
11,4,bottom,host,204.87,256.776,124,20,0,
11,4,bottom,other,515.13,223.224,304,20,0,
11,5,bottom,host,213.16,262.368,124,20,0,
11,5,bottom,other,506.84,217.632,304,20,0,
11,6,bottom,host,221.45,267.96,124,20,0,
11,6,bottom,other,498.55,212.04,304,20,0,
11,7,bottom,host,229.74,273.552,124,20,0,
11,7,bottom,other,490.26,206.448,304,20,0,
11,8,bottom,host,238.03,279.144,124,20,0,
11,8,bottom,other,481.97,200.856,304,20,0,
11,9,bottom,host,246.32,284.736,124,20,0,
11,9,bottom,other,473.68,195.264,304,20,0,
11,10,bottom,host,254.61,290.328,124,20,0,
11,10,bottom,other,465.39,189.672,304,20,0,
11,11,bottom,host,262.9,295.92,124,20,0,
11,11,bottom,other,457.1,184.08,304,20,0,
11,12,bottom,host,271.19,301.512,124,20,0,
11,12,bottom,other,448.81,178.488,304,20,0,
11,13,bottom,host,279.48,307.104,124,20,0,
11,13,bottom,other,440.52,172.896,304,20,0,
11,14,bottom,host,287.77,312.696,124,20,0,
11,14,bottom,other,432.23,167.304,304,20,0,
11,15,bottom,host,296.06,318.288,124,20,0,
11,15,bottom,other,423.94,161.712,304,20,0,
11,16,bottom,host,304.35,323.88,124,20,0,
11,16,bottom,other,415.65,156.12,304,20,0,
11,17,bottom,host,312.64,329.472,124,20,0,
11,17,bottom,other,407.36,150.528,304,20,0,
11,18,bottom,host,320.93,335.064,124,20,0,
11,18,bottom,other,399.07,144.936,304,20,0,
11,19,bottom,host,329.22,340.656,124,20,0,
11,19,bottom,other,390.78,139.344,304,20,0,
11,20,bottom,host,337.51,346.248,124,20,0,
11,20,bottom,other,382.49,133.752,304,20,0,
11,21,bottom,host,345.8,351.84,124,24,0,
11,21,bottom,other,374.2,128.16,304,21,0,
11,22,bottom,host,345.8,351.84,124,24,0,
11,22,bottom,other,374.2,128.16,304,21,0,
11,23,bottom,host,345.8,351.84,124,24,0,
11,23,bottom,other,374.2,128.16,304,21,0,
12,1,top,host,180,240,56,24,0,
12,1,top,other,540,240,304,21,0,
12,2,top,host,188.29,234.408,56,24,0,
12,2,top,other,531.71,234.408,304,21,0,
12,3,top,host,196.58,228.816,56,24,0,
12,3,top,other,523.42,228.816,304,21,0,
12,4,top,host,204.87,223.224,56,24,0,
12,4,top,other,515.13,223.224,304,21,0,
12,5,top,host,213.16,217.632,56,24,0,
12,5,top,other,506.84,217.632,304,21,0,
12,6,top,host,221.45,212.04,56,24,0,
12,6,top,other,498.55,212.04,304,21,0,
12,7,top,host,229.74,206.448,56,24,0,
12,7,top,other,490.26,206.448,304,21,0,
12,8,top,host,238.03,200.856,56,24,0,
12,8,top,other,481.97,200.856,304,21,0,
12,9,top,host,246.32,195.264,56,24,0,
12,9,top,other,473.68,195.264,304,21,0,
12,10,top,host,254.61,189.672,56,24,0,
12,10,top,other,465.39,189.672,304,21,0,
12,11,top,host,262.9,184.08,56,24,0,
12,11,top,other,457.1,184.08,304,21,0,
12,12,top,host,271.19,178.488,56,24,0,
12,12,top,other,448.81,178.488,304,21,0,
12,13,top,host,279.48,172.896,56,24,0,
12,13,top,other,440.52,172.896,304,21,0,
12,14,top,host,287.77,167.304,56,24,0,
12,14,top,other,432.23,167.304,304,21,0,
12,15,top,host,296.06,161.712,56,24,0,
12,15,top,other,423.94,161.712,304,21,0,
12,16,top,host,304.35,156.12,56,24,0,
12,16,top,other,415.65,156.12,304,21,0,
12,17,top,host,312.64,150.528,56,24,0,
12,17,top,other,407.36,150.528,304,21,0,
12,18,top,host,320.93,144.936,56,24,0,
12,18,top,other,399.07,144.936,304,21,0,
12,19,top,host,329.22,139.344,56,24,0,
12,19,top,other,390.78,139.344,304,21,0,
12,20,top,host,337.51,133.752,56,24,0,
12,20,top,other,382.49,133.752,304,21,0,
12,21,top,host,345.8,128.16,56,24,0,
12,21,top,other,374.2,128.16,304,21,0,
12,22,top,host,345.8,128.16,56,24,0,
12,22,top,other,374.2,128.16,304,21,0,
12,23,top,host,345.8,128.16,56,24,0,
12,23,top,other,374.2,128.16,304,21,0,
13,1,bottom,host,180,240,124,24,0,
13,1,bottom,other,540,240,236,21,0,
13,2,bottom,host,188.29,245.592,124,24,0,
13,2,bottom,other,531.71,245.592,236,21,0,
13,3,bottom,host,196.58,251.184,124,24,0,
13,3,bottom,other,523.42,251.184,236,21,0,
13,4,bottom,host,204.87,256.776,124,24,0,
13,4,bottom,other,515.13,256.776,236,21,0,
13,5,bottom,host,213.16,262.368,124,24,0,
13,5,bottom,other,506.84,262.368,236,21,0,
13,6,bottom,host,221.45,267.96,124,24,0,
13,6,bottom,other,498.55,267.96,236,21,0,
13,7,bottom,host,229.74,273.552,124,24,0,
13,7,bottom,other,490.26,273.552,236,21,0,
13,8,bottom,host,238.03,279.144,124,24,0,
13,8,bottom,other,481.97,279.144,236,21,0,
13,9,bottom,host,246.32,284.736,124,24,0,
13,9,bottom,other,473.68,284.736,236,21,0,
13,10,bottom,host,254.61,290.328,124,24,0,
13,10,bottom,other,465.39,290.328,236,21,0,
13,11,bottom,host,262.9,295.92,124,24,0,
13,11,bottom,other,457.1,295.92,236,21,0,
13,12,bottom,host,271.19,301.512,124,24,0,
13,12,bottom,other,448.81,301.512,236,21,0,
13,13,bottom,host,279.48,307.104,124,24,0,
13,13,bottom,other,440.52,307.104,236,21,0,
13,14,bottom,host,287.77,312.696,124,24,0,
13,14,bottom,other,432.23,312.696,236,21,0,
13,15,bottom,host,296.06,318.288,124,24,0,
13,15,bottom,other,423.94,318.288,236,21,0,
13,16,bottom,host,304.35,323.88,124,24,0,
13,16,bottom,other,415.65,323.88,236,21,0,
13,17,bottom,host,312.64,329.472,124,24,0,
13,17,bottom,other,407.36,329.472,236,21,0,
13,18,bottom,host,320.93,335.064,124,24,0,
13,18,bottom,other,399.07,335.064,236,21,0,
13,19,bottom,host,329.22,340.656,124,24,0,
13,19,bottom,other,390.78,340.656,236,21,0,
13,20,bottom,host,337.51,346.248,124,24,0,
13,20,bottom,other,382.49,346.248,236,21,0,
13,21,bottom,host,345.8,351.84,124,24,0,
13,21,bottom,other,374.2,351.84,236,21,0,
13,22,bottom,host,345.8,351.84,124,24,0,
13,22,bottom,other,374.2,351.84,236,21,0,
13,23,bottom,host,345.8,351.84,124,24,0,
13,23,bottom,other,374.2,351.84,236,21,0,
14,1,bottom,host,180,240,56,24,0,
14,1,bottom,other,540,240,236,21,0,
14,2,bottom,host,188.29,234.408,56,24,0,
14,2,bottom,other,531.71,245.592,236,21,0,
14,3,bottom,host,196.58,228.816,56,24,0,
14,3,bottom,other,523.42,251.184,236,21,0,
14,4,bottom,host,204.87,223.224,56,24,0,
14,4,bottom,other,515.13,256.776,236,21,0,
14,5,bottom,host,213.16,217.632,56,24,0,
14,5,bottom,other,506.84,262.368,236,21,0,
14,6,bottom,host,221.45,212.04,56,24,0,
14,6,bottom,other,498.55,267.96,236,21,0,
14,7,bottom,host,229.74,206.448,56,24,0,
14,7,bottom,other,490.26,273.552,236,21,0,
14,8,bottom,host,238.03,200.856,56,24,0,
14,8,bottom,other,481.97,279.144,236,21,0,
14,9,bottom,host,246.32,195.264,56,24,0,
14,9,bottom,other,473.68,284.736,236,21,0,
14,10,bottom,host,254.61,189.672,56,24,0,
14,10,bottom,other,465.39,290.328,236,21,0,
14,11,bottom,host,262.9,184.08,56,24,0,
14,11,bottom,other,457.1,295.92,236,21,0,
14,12,bottom,host,271.19,178.488,56,24,0,
14,12,bottom,other,448.81,301.512,236,21,0,
14,13,bottom,host,279.48,172.896,56,24,0,
14,13,bottom,other,440.52,307.104,236,21,0,
14,14,bottom,host,287.77,167.304,56,24,0,
14,14,bottom,other,432.23,312.696,236,21,0,
14,15,bottom,host,296.06,161.712,56,24,0,
14,15,bottom,other,423.94,318.288,236,21,0,
14,16,bottom,host,304.35,156.12,56,24,0,
14,16,bottom,other,415.65,323.88,236,21,0,
14,17,bottom,host,312.64,150.528,56,24,0,
14,17,bottom,other,407.36,329.472,236,21,0,
14,18,bottom,host,320.93,144.936,56,24,0,
14,18,bottom,other,399.07,335.064,236,21,0,
14,19,bottom,host,329.22,139.344,56,24,0,
14,19,bottom,other,390.78,340.656,236,21,0,
14,20,bottom,host,337.51,133.752,56,24,0,
14,20,bottom,other,382.49,346.248,236,21,0,
14,21,bottom,host,345.8,128.16,56,25,0,
14,21,bottom,other,374.2,351.84,236,25,0,
14,22,bottom,host,345.8,128.16,56,25,0,
14,22,bottom,other,374.2,351.84,236,25,0,
14,23,bottom,host,345.8,128.16,56,25,0,
14,23,bottom,other,374.2,351.84,236,25,0,
15,1,bottom,host,180,240,124,25,0,
15,1,bottom,other,540,240,304,25,0,
15,2,bottom,host,188.29,245.592,124,25,0,
15,2,bottom,other,531.71,234.408,304,25,0,
15,3,bottom,host,196.58,251.184,124,25,0,
15,3,bottom,other,523.42,228.816,304,25,0,
15,4,bottom,host,204.87,256.776,124,25,0,
15,4,bottom,other,515.13,223.224,304,25,0,
15,5,bottom,host,213.16,262.368,124,25,0,
15,5,bottom,other,506.84,217.632,304,25,0,
15,6,bottom,host,221.45,267.96,124,25,0,
15,6,bottom,other,498.55,212.04,304,25,0,
15,7,bottom,host,229.74,273.552,124,25,0,
15,7,bottom,other,490.26,206.448,304,25,0,
15,8,bottom,host,238.03,279.144,124,25,0,
15,8,bottom,other,481.97,200.856,304,25,0,
15,9,bottom,host,246.32,284.736,124,25,0,
15,9,bottom,other,473.68,195.264,304,25,0,
15,10,bottom,host,254.61,290.328,124,25,0,
15,10,bottom,other,465.39,189.672,304,25,0,
15,11,bottom,host,262.9,295.92,124,25,0,
15,11,bottom,other,457.1,184.08,304,25,0,
15,12,bottom,host,271.19,301.512,124,25,0,
15,12,bottom,other,448.81,178.488,304,25,0,
15,13,bottom,host,279.48,307.104,124,25,0,
15,13,bottom,other,440.52,172.896,304,25,0,
15,14,bottom,host,287.77,312.696,124,25,0,
15,14,bottom,other,432.23,167.304,304,25,0,
15,15,bottom,host,296.06,318.288,124,25,0,
15,15,bottom,other,423.94,161.712,304,25,0,
15,16,bottom,host,304.35,323.88,124,25,0,
15,16,bottom,other,415.65,156.12,304,25,0,
15,17,bottom,host,312.64,329.472,124,25,0,
15,17,bottom,other,407.36,150.528,304,25,0,
15,18,bottom,host,320.93,335.064,124,25,0,
15,18,bottom,other,399.07,144.936,304,25,0,
15,19,bottom,host,329.22,340.656,124,25,0,
15,19,bottom,other,390.78,139.344,304,25,0,
15,20,bottom,host,337.51,346.248,124,25,0,
15,20,bottom,other,382.49,133.752,304,25,0,
15,21,bottom,host,345.8,351.84,124,29,0,
15,21,bottom,other,374.2,128.16,304,26,0,
15,22,bottom,host,345.8,351.84,124,29,0,
15,22,bottom,other,374.2,128.16,304,26,0,
15,23,bottom,host,345.8,351.84,124,29,0,
15,23,bottom,other,374.2,128.16,304,26,0,
16,1,bottom,host,180,240,56,29,0,
16,1,bottom,other,540,240,236,26,0,
16,2,bottom,host,188.29,234.408,56,29,0,
16,2,bottom,other,531.71,245.592,236,26,0,
16,3,bottom,host,196.58,228.816,56,29,0,
16,3,bottom,other,523.42,251.184,236,26,0,
16,4,bottom,host,204.87,223.224,56,29,0,
16,4,bottom,other,515.13,256.776,236,26,0,
16,5,bottom,host,213.16,217.632,56,29,0,
16,5,bottom,other,506.84,262.368,236,26,0,
16,6,bottom,host,221.45,212.04,56,29,0,
16,6,bottom,other,498.55,267.96,236,26,0,
16,7,bottom,host,229.74,206.448,56,29,0,
16,7,bottom,other,490.26,273.552,236,26,0,
16,8,bottom,host,238.03,200.856,56,29,0,
16,8,bottom,other,481.97,279.144,236,26,0,
16,9,bottom,host,246.32,195.264,56,29,0,
16,9,bottom,other,473.68,284.736,236,26,0,
16,10,bottom,host,254.61,189.672,56,29,0,
16,10,bottom,other,465.39,290.328,236,26,0,
16,11,bottom,host,262.9,184.08,56,29,0,
16,11,bottom,other,457.1,295.92,236,26,0,
16,12,bottom,host,271.19,178.488,56,29,0,
16,12,bottom,other,448.81,301.512,236,26,0,
16,13,bottom,host,279.48,172.896,56,29,0,
16,13,bottom,other,440.52,307.104,236,26,0,
16,14,bottom,host,287.77,167.304,56,29,0,
16,14,bottom,other,432.23,312.696,236,26,0,
16,15,bottom,host,296.06,161.712,56,29,0,
16,15,bottom,other,423.94,318.288,236,26,0,
16,16,bottom,host,304.35,156.12,56,29,0,
16,16,bottom,other,415.65,323.88,236,26,0,
16,17,bottom,host,312.64,150.528,56,29,0,
16,17,bottom,other,407.36,329.472,236,26,0,
16,18,bottom,host,320.93,144.936,56,29,0,
16,18,bottom,other,399.07,335.064,236,26,0,
16,19,bottom,host,329.22,139.344,56,29,0,
16,19,bottom,other,390.78,340.656,236,26,0,
16,20,bottom,host,337.51,133.752,56,29,0,
16,20,bottom,other,382.49,346.248,236,26,0,
16,21,bottom,host,345.8,128.16,56,30,0,
16,21,bottom,other,374.2,351.84,236,30,0,
16,22,bottom,host,345.8,128.16,56,30,0,
16,22,bottom,other,374.2,351.84,236,30,0,
16,23,bottom,host,345.8,128.16,56,30,0,
16,23,bottom,other,374.2,351.84,236,30,0,
17,1,bottom,host,180,240,124,30,0,
17,1,bottom,other,540,240,304,30,0,
17,2,bottom,host,188.29,245.592,124,30,0,
17,2,bottom,other,531.71,234.408,304,30,0,
17,3,bottom,host,196.58,251.184,124,30,0,
17,3,bottom,other,523.42,228.816,304,30,0,
17,4,bottom,host,204.87,256.776,124,30,0,
17,4,bottom,other,515.13,223.224,304,30,0,
17,5,bottom,host,213.16,262.368,124,30,0,
17,5,bottom,other,506.84,217.632,304,30,0,
17,6,bottom,host,221.45,267.96,124,30,0,
17,6,bottom,other,498.55,212.04,304,30,0,
17,7,bottom,host,229.74,273.552,124,30,0,
17,7,bottom,other,490.26,206.448,304,30,0,
17,8,bottom,host,238.03,279.144,124,30,0,
17,8,bottom,other,481.97,200.856,304,30,0,
17,9,bottom,host,246.32,284.736,124,30,0,
17,9,bottom,other,473.68,195.264,304,30,0,
17,10,bottom,host,254.61,290.328,124,30,0,
17,10,bottom,other,465.39,189.672,304,30,0,
17,11,bottom,host,262.9,295.92,124,30,0,
17,11,bottom,other,457.1,184.08,304,30,0,
17,12,bottom,host,271.19,301.512,124,30,0,
17,12,bottom,other,448.81,178.488,304,30,0,
17,13,bottom,host,279.48,307.104,124,30,0,
17,13,bottom,other,440.52,172.896,304,30,0,
17,14,bottom,host,287.77,312.696,124,30,0,
17,14,bottom,other,432.23,167.304,304,30,0,
17,15,bottom,host,296.06,318.288,124,30,0,
17,15,bottom,other,423.94,161.712,304,30,0,
17,16,bottom,host,304.35,323.88,124,30,0,
17,16,bottom,other,415.65,156.12,304,30,0,
17,17,bottom,host,312.64,329.472,124,30,0,
17,17,bottom,other,407.36,150.528,304,30,0,
17,18,bottom,host,320.93,335.064,124,30,0,
17,18,bottom,other,399.07,144.936,304,30,0,
17,19,bottom,host,329.22,340.656,124,30,0,
17,19,bottom,other,390.78,139.344,304,30,0,
17,20,bottom,host,337.51,346.248,124,30,0,
17,20,bottom,other,382.49,133.752,304,30,0,
17,21,bottom,host,345.8,351.84,124,34,0,
17,21,bottom,other,374.2,128.16,304,31,0,
17,22,bottom,host,345.8,351.84,124,34,0,
17,22,bottom,other,374.2,128.16,304,31,0,
17,23,bottom,host,345.8,351.84,124,34,0,
17,23,bottom,other,374.2,128.16,304,31,0,
18,1,top,host,180,240,56,34,0,
18,1,top,other,540,240,304,31,0,
18,2,top,host,188.29,234.408,56,34,0,
18,2,top,other,531.71,234.408,304,31,0,
18,3,top,host,196.58,228.816,56,34,0,
18,3,top,other,523.42,228.816,304,31,0,
18,4,top,host,204.87,223.224,56,34,0,
18,4,top,other,515.13,223.224,304,31,0,
18,5,top,host,213.16,217.632,56,34,0,
18,5,top,other,506.84,217.632,304,31,0,
18,6,top,host,221.45,212.04,56,34,0,
18,6,top,other,498.55,212.04,304,31,0,
18,7,top,host,229.74,206.448,56,34,0,
18,7,top,other,490.26,206.448,304,31,0,
18,8,top,host,238.03,200.856,56,34,0,
18,8,top,other,481.97,200.856,304,31,0,
18,9,top,host,246.32,195.264,56,34,0,
18,9,top,other,473.68,195.264,304,31,0,
18,10,top,host,254.61,189.672,56,34,0,
18,10,top,other,465.39,189.672,304,31,0,
18,11,top,host,262.9,184.08,56,34,0,
18,11,top,other,457.1,184.08,304,31,0,
18,12,top,host,271.19,178.488,56,34,0,
18,12,top,other,448.81,178.488,304,31,0,
18,13,top,host,279.48,172.896,56,34,0,
18,13,top,other,440.52,172.896,304,31,0,
18,14,top,host,287.77,167.304,56,34,0,
18,14,top,other,432.23,167.304,304,31,0,
18,15,top,host,296.06,161.712,56,34,0,
18,15,top,other,423.94,161.712,304,31,0,
18,16,top,host,304.35,156.12,56,34,0,
18,16,top,other,415.65,156.12,304,31,0,
18,17,top,host,312.64,150.528,56,34,0,
18,17,top,other,407.36,150.528,304,31,0,
18,18,top,host,320.93,144.936,56,34,0,
18,18,top,other,399.07,144.936,304,31,0,
18,19,top,host,329.22,139.344,56,34,0,
18,19,top,other,390.78,139.344,304,31,0,
18,20,top,host,337.51,133.752,56,34,0,
18,20,top,other,382.49,133.752,304,31,0,
18,21,top,host,345.8,128.16,56,34,0,
18,21,top,other,374.2,128.16,304,31,0,
18,22,top,host,345.8,128.16,56,34,0,
18,22,top,other,374.2,128.16,304,31,0,
18,23,top,host,345.8,128.16,56,34,0,
18,23,top,other,374.2,128.16,304,31,0,
19,1,bottom,host,180,240,124,34,0,
19,1,bottom,other,540,240,304,31,0,
19,2,bottom,host,188.29,245.592,124,34,0,
19,2,bottom,other,531.71,234.408,304,31,0,
19,3,bottom,host,196.58,251.184,124,34,0,
19,3,bottom,other,523.42,228.816,304,31,0,
19,4,bottom,host,204.87,256.776,124,34,0,
19,4,bottom,other,515.13,223.224,304,31,0,
19,5,bottom,host,213.16,262.368,124,34,0,
19,5,bottom,other,506.84,217.632,304,31,0,
19,6,bottom,host,221.45,267.96,124,34,0,
19,6,bottom,other,498.55,212.04,304,31,0,
19,7,bottom,host,229.74,273.552,124,34,0,
19,7,bottom,other,490.26,206.448,304,31,0,
19,8,bottom,host,238.03,279.144,124,34,0,
19,8,bottom,other,481.97,200.856,304,31,0,
19,9,bottom,host,246.32,284.736,124,34,0,
19,9,bottom,other,473.68,195.264,304,31,0,
19,10,bottom,host,254.61,290.328,124,34,0,
19,10,bottom,other,465.39,189.672,304,31,0,
19,11,bottom,host,262.9,295.92,124,34,0,
19,11,bottom,other,457.1,184.08,304,31,0,
19,12,bottom,host,271.19,301.512,124,34,0,
19,12,bottom,other,448.81,178.488,304,31,0,
19,13,bottom,host,279.48,307.104,124,34,0,
19,13,bottom,other,440.52,172.896,304,31,0,
19,14,bottom,host,287.77,312.696,124,34,0,
19,14,bottom,other,432.23,167.304,304,31,0,
19,15,bottom,host,296.06,318.288,124,34,0,
19,15,bottom,other,423.94,161.712,304,31,0,
19,16,bottom,host,304.35,323.88,124,34,0,
19,16,bottom,other,415.65,156.12,304,31,0,
19,17,bottom,host,312.64,329.472,124,34,0,
19,17,bottom,other,407.36,150.528,304,31,0,
19,18,bottom,host,320.93,335.064,124,34,0,
19,18,bottom,other,399.07,144.936,304,31,0,
19,19,bottom,host,329.22,340.656,124,34,0,
19,19,bottom,other,390.78,139.344,304,31,0,
19,20,bottom,host,337.51,346.248,124,34,0,
19,20,bottom,other,382.49,133.752,304,31,0,
19,21,bottom,host,345.8,351.84,124,38,0,
19,21,bottom,other,374.2,128.16,304,32,0,
19,22,bottom,host,345.8,351.84,124,38,0,
19,22,bottom,other,374.2,128.16,304,32,0,
19,23,bottom,host,345.8,351.84,124,38,0,
19,23,bottom,other,374.2,128.16,304,32,0,
20,1,top,host,180,240,56,38,0,
20,1,top,other,540,240,304,32,0,
20,2,top,host,188.29,234.408,56,38,0,
20,2,top,other,531.71,234.408,304,32,0,
20,3,top,host,196.58,228.816,56,38,0,
20,3,top,other,523.42,228.816,304,32,0,
20,4,top,host,204.87,223.224,56,38,0,
20,4,top,other,515.13,223.224,304,32,0,
20,5,top,host,213.16,217.632,56,38,0,
20,5,top,other,506.84,217.632,304,32,0,
20,6,top,host,221.45,212.04,56,38,0,
20,6,top,other,498.55,212.04,304,32,0,
20,7,top,host,229.74,206.448,56,38,0,
20,7,top,other,490.26,206.448,304,32,0,
20,8,top,host,238.03,200.856,56,38,0,
20,8,top,other,481.97,200.856,304,32,0,
20,9,top,host,246.32,195.264,56,38,0,
20,9,top,other,473.68,195.264,304,32,0,
20,10,top,host,254.61,189.672,56,38,0,
20,10,top,other,465.39,189.672,304,32,0,
20,11,top,host,262.9,184.08,56,38,0,
20,11,top,other,457.1,184.08,304,32,0,
20,12,top,host,271.19,178.488,56,38,0,
20,12,top,other,448.81,178.488,304,32,0,
20,13,top,host,279.48,172.896,56,38,0,
20,13,top,other,440.52,172.896,304,32,0,
20,14,top,host,287.77,167.304,56,38,0,
20,14,top,other,432.23,167.304,304,32,0,
20,15,top,host,296.06,161.712,56,38,0,
20,15,top,other,423.94,161.712,304,32,0,
20,16,top,host,304.35,156.12,56,38,0,
20,16,top,other,415.65,156.12,304,32,0,
20,17,top,host,312.64,150.528,56,38,0,
20,17,top,other,407.36,150.528,304,32,0,
20,18,top,host,320.93,144.936,56,38,0,
20,18,top,other,399.07,144.936,304,32,0,
20,19,top,host,329.22,139.344,56,38,0,
20,19,top,other,390.78,139.344,304,32,0,
20,20,top,host,337.51,133.752,56,38,0,
20,20,top,other,382.49,133.752,304,32,0,
20,21,top,host,345.8,128.16,56,38,0,
20,21,top,other,374.2,128.16,304,32,0,
20,22,top,host,345.8,128.16,56,38,0,
20,22,top,other,374.2,128.16,304,32,0,
20,23,top,host,345.8,128.16,56,38,0,
20,23,top,other,374.2,128.16,304,32,0,
21,1,bottom,host,180,240,124,38,0,
21,1,bottom,other,540,240,236,32,0,
21,2,bottom,host,188.29,245.592,124,38,0,
21,2,bottom,other,531.71,245.592,236,32,0,
21,3,bottom,host,196.58,251.184,124,38,0,
21,3,bottom,other,523.42,251.184,236,32,0,
21,4,bottom,host,204.87,256.776,124,38,0,
21,4,bottom,other,515.13,256.776,236,32,0,
21,5,bottom,host,213.16,262.368,124,38,0,
21,5,bottom,other,506.84,262.368,236,32,0,
21,6,bottom,host,221.45,267.96,124,38,0,
21,6,bottom,other,498.55,267.96,236,32,0,
21,7,bottom,host,229.74,273.552,124,38,0,
21,7,bottom,other,490.26,273.552,236,32,0,
21,8,bottom,host,238.03,279.144,124,38,0,
21,8,bottom,other,481.97,279.144,236,32,0,
21,9,bottom,host,246.32,284.736,124,38,0,
21,9,bottom,other,473.68,284.736,236,32,0,
21,10,bottom,host,254.61,290.328,124,38,0,
21,10,bottom,other,465.39,290.328,236,32,0,
21,11,bottom,host,262.9,295.92,124,38,0,
21,11,bottom,other,457.1,295.92,236,32,0,
21,12,bottom,host,271.19,301.512,124,38,0,
21,12,bottom,other,448.81,301.512,236,32,0,
21,13,bottom,host,279.48,307.104,124,38,0,
21,13,bottom,other,440.52,307.104,236,32,0,
21,14,bottom,host,287.77,312.696,124,38,0,
21,14,bottom,other,432.23,312.696,236,32,0,
21,15,bottom,host,296.06,318.288,124,38,0,
21,15,bottom,other,423.94,318.288,236,32,0,
21,16,bottom,host,304.35,323.88,124,38,0,
21,16,bottom,other,415.65,323.88,236,32,0,
21,17,bottom,host,312.64,329.472,124,38,0,
21,17,bottom,other,407.36,329.472,236,32,0,
21,18,bottom,host,320.93,335.064,124,38,0,
21,18,bottom,other,399.07,335.064,236,32,0,
21,19,bottom,host,329.22,340.656,124,38,0,
21,19,bottom,other,390.78,340.656,236,32,0,
21,20,bottom,host,337.51,346.248,124,38,0,
21,20,bottom,other,382.49,346.248,236,32,0,
21,21,bottom,host,345.8,351.84,124,38,0,
21,21,bottom,other,374.2,351.84,236,32,0,
21,22,bottom,host,345.8,351.84,124,38,0,
21,22,bottom,other,374.2,351.84,236,32,0,
21,23,bottom,host,345.8,351.84,124,38,0,
21,23,bottom,other,374.2,351.84,236,32,0,
22,1,top,host,180,240,56,38,0,
22,1,top,other,540,240,236,32,0,
22,2,top,host,188.29,234.408,56,38,0,
22,2,top,other,531.71,245.592,236,32,0,
22,3,top,host,196.58,228.816,56,38,0,
22,3,top,other,523.42,251.184,236,32,0,
22,4,top,host,204.87,223.224,56,38,0,
22,4,top,other,515.13,256.776,236,32,0,
22,5,top,host,213.16,217.632,56,38,0,
22,5,top,other,506.84,262.368,236,32,0,
22,6,top,host,221.45,212.04,56,38,0,
22,6,top,other,498.55,267.96,236,32,0,
22,7,top,host,229.74,206.448,56,38,0,
22,7,top,other,490.26,273.552,236,32,0,
22,8,top,host,238.03,200.856,56,38,0,
22,8,top,other,481.97,279.144,236,32,0,
22,9,top,host,246.32,195.264,56,38,0,
22,9,top,other,473.68,284.736,236,32,0,
22,10,top,host,254.61,189.672,56,38,0,
22,10,top,other,465.39,290.328,236,32,0,
22,11,top,host,262.9,184.08,56,38,0,
22,11,top,other,457.1,295.92,236,32,0,
22,12,top,host,271.19,178.488,56,38,0,
22,12,top,other,448.81,301.512,236,32,0,
22,13,top,host,279.48,172.896,56,38,0,
22,13,top,other,440.52,307.104,236,32,0,
22,14,top,host,287.77,167.304,56,38,0,
22,14,top,other,432.23,312.696,236,32,0,
22,15,top,host,296.06,161.712,56,38,0,
22,15,top,other,423.94,318.288,236,32,0,
22,16,top,host,304.35,156.12,56,38,0,
22,16,top,other,415.65,323.88,236,32,0,
22,17,top,host,312.64,150.528,56,38,0,
22,17,top,other,407.36,329.472,236,32,0,
22,18,top,host,320.93,144.936,56,38,0,
22,18,top,other,399.07,335.064,236,32,0,
22,19,top,host,329.22,139.344,56,38,0,
22,19,top,other,390.78,340.656,236,32,0,
22,20,top,host,337.51,133.752,56,38,0,
22,20,top,other,382.49,346.248,236,32,0,
22,21,top,host,345.8,128.16,56,42,0,
22,21,top,other,374.2,351.84,236,33,0,
22,22,top,host,345.8,128.16,56,42,0,
22,22,top,other,374.2,351.84,236,33,0,
22,23,top,host,345.8,128.16,56,42,0,
22,23,top,other,374.2,351.84,236,33,0,
23,1,top,host,180,240,124,42,0,
23,1,top,other,540,240,304,33,0,
23,2,top,host,188.29,245.592,124,42,0,
23,2,top,other,531.71,234.408,304,33,0,
23,3,top,host,196.58,251.184,124,42,0,
23,3,top,other,523.42,228.816,304,33,0,
23,4,top,host,204.87,256.776,124,42,0,
23,4,top,other,515.13,223.224,304,33,0,
23,5,top,host,213.16,262.368,124,42,0,
23,5,top,other,506.84,217.632,304,33,0,
23,6,top,host,221.45,267.96,124,42,0,
23,6,top,other,498.55,212.04,304,33,0,
23,7,top,host,229.74,273.552,124,42,0,
23,7,top,other,490.26,206.448,304,33,0,
23,8,top,host,238.03,279.144,124,42,0,
23,8,top,other,481.97,200.856,304,33,0,
23,9,top,host,246.32,284.736,124,42,0,
23,9,top,other,473.68,195.264,304,33,0,
23,10,top,host,254.61,290.328,124,42,0,
23,10,top,other,465.39,189.672,304,33,0,
23,11,top,host,262.9,295.92,124,42,0,
23,11,top,other,457.1,184.08,304,33,0,
23,12,top,host,271.19,301.512,124,42,0,
23,12,top,other,448.81,178.488,304,33,0,
23,13,top,host,279.48,307.104,124,42,0,
23,13,top,other,440.52,172.896,304,33,0,
23,14,top,host,287.77,312.696,124,42,0,
23,14,top,other,432.23,167.304,304,33,0,
23,15,top,host,296.06,318.288,124,42,0,
23,15,top,other,423.94,161.712,304,33,0,
23,16,top,host,304.35,323.88,124,42,0,
23,16,top,other,415.65,156.12,304,33,0,
23,17,top,host,312.64,329.472,124,42,0,
23,17,top,other,407.36,150.528,304,33,0,
23,18,top,host,320.93,335.064,124,42,0,
23,18,top,other,399.07,144.936,304,33,0,
23,19,top,host,329.22,340.656,124,42,0,
23,19,top,other,390.78,139.344,304,33,0,
23,20,top,host,337.51,346.248,124,42,0,
23,20,top,other,382.49,133.752,304,33,0,
23,21,top,host,345.8,351.84,124,43,0,
23,21,top,other,374.2,128.16,304,37,0,
23,22,top,host,345.8,351.84,124,43,0,
23,22,top,other,374.2,128.16,304,37,0,
23,23,top,host,345.8,351.84,124,43,0,
23,23,top,other,374.2,128.16,304,37,0,
24,1,bottom,host,180,240,56,43,0,
24,1,bottom,other,540,240,304,37,0,
24,2,bottom,host,188.29,234.408,56,43,0,
24,2,bottom,other,531.71,234.408,304,37,0,
24,3,bottom,host,196.58,228.816,56,43,0,
24,3,bottom,other,523.42,228.816,304,37,0,
24,4,bottom,host,204.87,223.224,56,43,0,
24,4,bottom,other,515.13,223.224,304,37,0,
24,5,bottom,host,213.16,217.632,56,43,0,
24,5,bottom,other,506.84,217.632,304,37,0,
24,6,bottom,host,221.45,212.04,56,43,0,
24,6,bottom,other,498.55,212.04,304,37,0,
24,7,bottom,host,229.74,206.448,56,43,0,
24,7,bottom,other,490.26,206.448,304,37,0,
24,8,bottom,host,238.03,200.856,56,43,0,
24,8,bottom,other,481.97,200.856,304,37,0,
24,9,bottom,host,246.32,195.264,56,43,0,
24,9,bottom,other,473.68,195.264,304,37,0,
24,10,bottom,host,254.61,189.672,56,43,0,
24,10,bottom,other,465.39,189.672,304,37,0,
24,11,bottom,host,262.9,184.08,56,43,0,
24,11,bottom,other,457.1,184.08,304,37,0,
24,12,bottom,host,271.19,178.488,56,43,0,
24,12,bottom,other,448.81,178.488,304,37,0,
24,13,bottom,host,279.48,172.896,56,43,0,
24,13,bottom,other,440.52,172.896,304,37,0,
24,14,bottom,host,287.77,167.304,56,43,0,
24,14,bottom,other,432.23,167.304,304,37,0,
24,15,bottom,host,296.06,161.712,56,43,0,
24,15,bottom,other,423.94,161.712,304,37,0,
24,16,bottom,host,304.35,156.12,56,43,0,
24,16,bottom,other,415.65,156.12,304,37,0,
24,17,bottom,host,312.64,150.528,56,43,0,
24,17,bottom,other,407.36,150.528,304,37,0,
24,18,bottom,host,320.93,144.936,56,43,0,
24,18,bottom,other,399.07,144.936,304,37,0,
24,19,bottom,host,329.22,139.344,56,43,0,
24,19,bottom,other,390.78,139.344,304,37,0,
24,20,bottom,host,337.51,133.752,56,43,0,
24,20,bottom,other,382.49,133.752,304,37,0,
24,21,bottom,host,345.8,128.16,56,43,0,
24,21,bottom,other,374.2,128.16,304,37,0,
24,22,bottom,host,345.8,128.16,56,43,0,
24,22,bottom,other,374.2,128.16,304,37,0,
24,23,bottom,host,345.8,128.16,56,43,0,
24,23,bottom,other,374.2,128.16,304,37,0,
25,1,bottom,host,180,240,124,43,0,
25,1,bottom,other,540,240,236,37,0,
25,2,bottom,host,188.29,245.592,124,43,0,
25,2,bottom,other,531.71,245.592,236,37,0,
25,3,bottom,host,196.58,251.184,124,43,0,
25,3,bottom,other,523.42,251.184,236,37,0,
25,4,bottom,host,204.87,256.776,124,43,0,
25,4,bottom,other,515.13,256.776,236,37,0,
25,5,bottom,host,213.16,262.368,124,43,0,
25,5,bottom,other,506.84,262.368,236,37,0,
25,6,bottom,host,221.45,267.96,124,43,0,
25,6,bottom,other,498.55,267.96,236,37,0,
25,7,bottom,host,229.74,273.552,124,43,0,
25,7,bottom,other,490.26,273.552,236,37,0,
25,8,bottom,host,238.03,279.144,124,43,0,
25,8,bottom,other,481.97,279.144,236,37,0,
25,9,bottom,host,246.32,284.736,124,43,0,
25,9,bottom,other,473.68,284.736,236,37,0,
25,10,bottom,host,254.61,290.328,124,43,0,
25,10,bottom,other,465.39,290.328,236,37,0,
25,11,bottom,host,262.9,295.92,124,43,0,
25,11,bottom,other,457.1,295.92,236,37,0,
25,12,bottom,host,271.19,301.512,124,43,0,
25,12,bottom,other,448.81,301.512,236,37,0,
25,13,bottom,host,279.48,307.104,124,43,0,
25,13,bottom,other,440.52,307.104,236,37,0,
25,14,bottom,host,287.77,312.696,124,43,0,
25,14,bottom,other,432.23,312.696,236,37,0,
25,15,bottom,host,296.06,318.288,124,43,0,
25,15,bottom,other,423.94,318.288,236,37,0,
25,16,bottom,host,304.35,323.88,124,43,0,
25,16,bottom,other,415.65,323.88,236,37,0,
25,17,bottom,host,312.64,329.472,124,43,0,
25,17,bottom,other,407.36,329.472,236,37,0,
25,18,bottom,host,320.93,335.064,124,43,0,
25,18,bottom,other,399.07,335.064,236,37,0,
25,19,bottom,host,329.22,340.656,124,43,0,
25,19,bottom,other,390.78,340.656,236,37,0,
25,20,bottom,host,337.51,346.248,124,43,0,
25,20,bottom,other,382.49,346.248,236,37,0,
25,21,bottom,host,345.8,351.84,124,43,0,
25,21,bottom,other,374.2,351.84,236,37,0,
25,22,bottom,host,345.8,351.84,124,43,0,
25,22,bottom,other,374.2,351.84,236,37,0,
25,23,bottom,host,345.8,351.84,124,43,0,
25,23,bottom,other,374.2,351.84,236,37,0,
26,1,top,host,180,240,56,43,0,
26,1,top,other,540,240,236,37,0,
26,2,top,host,188.29,234.408,56,43,0,
26,2,top,other,531.71,245.592,236,37,0,
26,3,top,host,196.58,228.816,56,43,0,
26,3,top,other,523.42,251.184,236,37,0,
26,4,top,host,204.87,223.224,56,43,0,
26,4,top,other,515.13,256.776,236,37,0,
26,5,top,host,213.16,217.632,56,43,0,
26,5,top,other,506.84,262.368,236,37,0,
26,6,top,host,221.45,212.04,56,43,0,
26,6,top,other,498.55,267.96,236,37,0,
26,7,top,host,229.74,206.448,56,43,0,
26,7,top,other,490.26,273.552,236,37,0,
26,8,top,host,238.03,200.856,56,43,0,
26,8,top,other,481.97,279.144,236,37,0,
26,9,top,host,246.32,195.264,56,43,0,
26,9,top,other,473.68,284.736,236,37,0,
26,10,top,host,254.61,189.672,56,43,0,
26,10,top,other,465.39,290.328,236,37,0,
26,11,top,host,262.9,184.08,56,43,0,
26,11,top,other,457.1,295.92,236,37,0,
26,12,top,host,271.19,178.488,56,43,0,
26,12,top,other,448.81,301.512,236,37,0,
26,13,top,host,279.48,172.896,56,43,0,
26,13,top,other,440.52,307.104,236,37,0,
26,14,top,host,287.77,167.304,56,43,0,
26,14,top,other,432.23,312.696,236,37,0,
26,15,top,host,296.06,161.712,56,43,0,
26,15,top,other,423.94,318.288,236,37,0,
26,16,top,host,304.35,156.12,56,43,0,
26,16,top,other,415.65,323.88,236,37,0,
26,17,top,host,312.64,150.528,56,43,0,
26,17,top,other,407.36,329.472,236,37,0,
26,18,top,host,320.93,144.936,56,43,0,
26,18,top,other,399.07,335.064,236,37,0,
26,19,top,host,329.22,139.344,56,43,0,
26,19,top,other,390.78,340.656,236,37,0,
26,20,top,host,337.51,133.752,56,43,0,
26,20,top,other,382.49,346.248,236,37,0,
26,21,top,host,345.8,128.16,56,47,0,
26,21,top,other,374.2,351.84,236,38,0,
26,22,top,host,345.8,128.16,56,47,0,
26,22,top,other,374.2,351.84,236,38,0,
26,23,top,host,345.8,128.16,56,47,0,
26,23,top,other,374.2,351.84,236,38,0,
27,1,top,host,180,240,124,47,0,
27,1,top,other,540,240,304,38,0,
27,2,top,host,188.29,245.592,124,47,0,
27,2,top,other,531.71,234.408,304,38,0,
27,3,top,host,196.58,251.184,124,47,0,
27,3,top,other,523.42,228.816,304,38,0,
27,4,top,host,204.87,256.776,124,47,0,
27,4,top,other,515.13,223.224,304,38,0,
27,5,top,host,213.16,262.368,124,47,0,
27,5,top,other,506.84,217.632,304,38,0,
27,6,top,host,221.45,267.96,124,47,0,
27,6,top,other,498.55,212.04,304,38,0,
27,7,top,host,229.74,273.552,124,47,0,
27,7,top,other,490.26,206.448,304,38,0,
27,8,top,host,238.03,279.144,124,47,0,
27,8,top,other,481.97,200.856,304,38,0,
27,9,top,host,246.32,284.736,124,47,0,
27,9,top,other,473.68,195.264,304,38,0,
27,10,top,host,254.61,290.328,124,47,0,
27,10,top,other,465.39,189.672,304,38,0,
27,11,top,host,262.9,295.92,124,47,0,
27,11,top,other,457.1,184.08,304,38,0,
27,12,top,host,271.19,301.512,124,47,0,
27,12,top,other,448.81,178.488,304,38,0,
27,13,top,host,279.48,307.104,124,47,0,
27,13,top,other,440.52,172.896,304,38,0,
27,14,top,host,287.77,312.696,124,47,0,
27,14,top,other,432.23,167.304,304,38,0,
27,15,top,host,296.06,318.288,124,47,0,
27,15,top,other,423.94,161.712,304,38,0,
27,16,top,host,304.35,323.88,124,47,0,
27,16,top,other,415.65,156.12,304,38,0,
27,17,top,host,312.64,329.472,124,47,0,
27,17,top,other,407.36,150.528,304,38,0,
27,18,top,host,320.93,335.064,124,47,0,
27,18,top,other,399.07,144.936,304,38,0,
27,19,top,host,329.22,340.656,124,47,0,
27,19,top,other,390.78,139.344,304,38,0,
27,20,top,host,337.51,346.248,124,47,0,
27,20,top,other,382.49,133.752,304,38,0,
27,21,top,host,345.8,351.84,124,48,0,
27,21,top,other,374.2,128.16,304,42,0,
27,22,top,host,345.8,351.84,124,48,0,
27,22,top,other,374.2,128.16,304,42,0,
27,23,top,host,345.8,351.84,124,48,0,
27,23,top,other,374.2,128.16,304,42,0,
28,1,bottom,host,180,240,56,48,0,
28,1,bottom,other,540,240,304,42,0,
28,2,bottom,host,188.29,234.408,56,48,0,
28,2,bottom,other,531.71,234.408,304,42,0,
28,3,bottom,host,196.58,228.816,56,48,0,
28,3,bottom,other,523.42,228.816,304,42,0,
28,4,bottom,host,204.87,223.224,56,48,0,
28,4,bottom,other,515.13,223.224,304,42,0,
28,5,bottom,host,213.16,217.632,56,48,0,
28,5,bottom,other,506.84,217.632,304,42,0,
28,6,bottom,host,221.45,212.04,56,48,0,
28,6,bottom,other,498.55,212.04,304,42,0,
28,7,bottom,host,229.74,206.448,56,48,0,
28,7,bottom,other,490.26,206.448,304,42,0,
28,8,bottom,host,238.03,200.856,56,48,0,
28,8,bottom,other,481.97,200.856,304,42,0,
28,9,bottom,host,246.32,195.264,56,48,0,
28,9,bottom,other,473.68,195.264,304,42,0,
28,10,bottom,host,254.61,189.672,56,48,0,
28,10,bottom,other,465.39,189.672,304,42,0,
28,11,bottom,host,262.9,184.08,56,48,0,
28,11,bottom,other,457.1,184.08,304,42,0,
28,12,bottom,host,271.19,178.488,56,48,0,
28,12,bottom,other,448.81,178.488,304,42,0,
28,13,bottom,host,279.48,172.896,56,48,0,
28,13,bottom,other,440.52,172.896,304,42,0,
28,14,bottom,host,287.77,167.304,56,48,0,
28,14,bottom,other,432.23,167.304,304,42,0,
28,15,bottom,host,296.06,161.712,56,48,0,
28,15,bottom,other,423.94,161.712,304,42,0,
28,16,bottom,host,304.35,156.12,56,48,0,
28,16,bottom,other,415.65,156.12,304,42,0,
28,17,bottom,host,312.64,150.528,56,48,0,
28,17,bottom,other,407.36,150.528,304,42,0,
28,18,bottom,host,320.93,144.936,56,48,0,
28,18,bottom,other,399.07,144.936,304,42,0,
28,19,bottom,host,329.22,139.344,56,48,0,
28,19,bottom,other,390.78,139.344,304,42,0,
28,20,bottom,host,337.51,133.752,56,48,0,
28,20,bottom,other,382.49,133.752,304,42,0,
28,21,bottom,host,345.8,128.16,56,48,0,
28,21,bottom,other,374.2,128.16,304,42,0,
28,22,bottom,host,345.8,128.16,56,48,0,
28,22,bottom,other,374.2,128.16,304,42,0,
28,23,bottom,host,345.8,128.16,56,48,0,
28,23,bottom,other,374.2,128.16,304,42,0,
29,1,top,host,180,240,124,48,0,
29,1,top,other,540,240,304,42,0,
29,2,top,host,188.29,245.592,124,48,0,
29,2,top,other,531.71,234.408,304,42,0,
29,3,top,host,196.58,251.184,124,48,0,
29,3,top,other,523.42,228.816,304,42,0,
29,4,top,host,204.87,256.776,124,48,0,
29,4,top,other,515.13,223.224,304,42,0,
29,5,top,host,213.16,262.368,124,48,0,
29,5,top,other,506.84,217.632,304,42,0,
29,6,top,host,221.45,267.96,124,48,0,
29,6,top,other,498.55,212.04,304,42,0,
29,7,top,host,229.74,273.552,124,48,0,
29,7,top,other,490.26,206.448,304,42,0,
29,8,top,host,238.03,279.144,124,48,0,
29,8,top,other,481.97,200.856,304,42,0,
29,9,top,host,246.32,284.736,124,48,0,
29,9,top,other,473.68,195.264,304,42,0,
29,10,top,host,254.61,290.328,124,48,0,
29,10,top,other,465.39,189.672,304,42,0,
29,11,top,host,262.9,295.92,124,48,0,
29,11,top,other,457.1,184.08,304,42,0,
29,12,top,host,271.19,301.512,124,48,0,
29,12,top,other,448.81,178.488,304,42,0,
29,13,top,host,279.48,307.104,124,48,0,
29,13,top,other,440.52,172.896,304,42,0,
29,14,top,host,287.77,312.696,124,48,0,
29,14,top,other,432.23,167.304,304,42,0,
29,15,top,host,296.06,318.288,124,48,0,
29,15,top,other,423.94,161.712,304,42,0,
29,16,top,host,304.35,323.88,124,48,0,
29,16,top,other,415.65,156.12,304,42,0,
29,17,top,host,312.64,329.472,124,48,0,
29,17,top,other,407.36,150.528,304,42,0,
29,18,top,host,320.93,335.064,124,48,0,
29,18,top,other,399.07,144.936,304,42,0,
29,19,top,host,329.22,340.656,124,48,0,
29,19,top,other,390.78,139.344,304,42,0,
29,20,top,host,337.51,346.248,124,48,0,
29,20,top,other,382.49,133.752,304,42,0,
29,21,top,host,345.8,351.84,124,49,0,
29,21,top,other,374.2,128.16,304,46,0,
29,22,top,host,345.8,351.84,124,49,0,
29,22,top,other,374.2,128.16,304,46,0,
29,23,top,host,345.8,351.84,124,49,0,
29,23,top,other,374.2,128.16,304,46,0,
30,1,top,host,180,240,56,49,0,
30,1,top,other,540,240,236,46,0,
30,2,top,host,188.29,234.408,56,49,0,
30,2,top,other,531.71,245.592,236,46,0,
30,3,top,host,196.58,228.816,56,49,0,
30,3,top,other,523.42,251.184,236,46,0,
30,4,top,host,204.87,223.224,56,49,0,
30,4,top,other,515.13,256.776,236,46,0,
30,5,top,host,213.16,217.632,56,49,0,
30,5,top,other,506.84,262.368,236,46,0,
30,6,top,host,221.45,212.04,56,49,0,
30,6,top,other,498.55,267.96,236,46,0,
30,7,top,host,229.74,206.448,56,49,0,
30,7,top,other,490.26,273.552,236,46,0,
30,8,top,host,238.03,200.856,56,49,0,
30,8,top,other,481.97,279.144,236,46,0,
30,9,top,host,246.32,195.264,56,49,0,
30,9,top,other,473.68,284.736,236,46,0,
30,10,top,host,254.61,189.672,56,49,0,
30,10,top,other,465.39,290.328,236,46,0,
30,11,top,host,262.9,184.08,56,49,0,
30,11,top,other,457.1,295.92,236,46,0,
30,12,top,host,271.19,178.488,56,49,0,
30,12,top,other,448.81,301.512,236,46,0,
30,13,top,host,279.48,172.896,56,49,0,
30,13,top,other,440.52,307.104,236,46,0,
30,14,top,host,287.77,167.304,56,49,0,
30,14,top,other,432.23,312.696,236,46,0,
30,15,top,host,296.06,161.712,56,49,0,
30,15,top,other,423.94,318.288,236,46,0,
30,16,top,host,304.35,156.12,56,49,0,
30,16,top,other,415.65,323.88,236,46,0,
30,17,top,host,312.64,150.528,56,49,0,
30,17,top,other,407.36,329.472,236,46,0,
30,18,top,host,320.93,144.936,56,49,0,
30,18,top,other,399.07,335.064,236,46,0,
30,19,top,host,329.22,139.344,56,49,0,
30,19,top,other,390.78,340.656,236,46,0,
30,20,top,host,337.51,133.752,56,49,0,
30,20,top,other,382.49,346.248,236,46,0,
30,21,top,host,345.8,128.16,56,53,0,
30,21,top,other,374.2,351.84,236,47,0,
30,22,top,host,345.8,128.16,56,53,0,
30,22,top,other,374.2,351.84,236,47,0,
30,23,top,host,345.8,128.16,56,53,0,
30,23,top,other,374.2,351.84,236,47,0,
31,1,bottom,host,180,240,124,53,0,
31,1,bottom,other,540,240,236,47,0,
31,2,bottom,host,188.29,245.592,124,53,0,
31,2,bottom,other,531.71,245.592,236,47,0,
31,3,bottom,host,196.58,251.184,124,53,0,
31,3,bottom,other,523.42,251.184,236,47,0,
31,4,bottom,host,204.87,256.776,124,53,0,
31,4,bottom,other,515.13,256.776,236,47,0,
31,5,bottom,host,213.16,262.368,124,53,0,
31,5,bottom,other,506.84,262.368,236,47,0,
31,6,bottom,host,221.45,267.96,124,53,0,
31,6,bottom,other,498.55,267.96,236,47,0,
31,7,bottom,host,229.74,273.552,124,53,0,
31,7,bottom,other,490.26,273.552,236,47,0,
31,8,bottom,host,238.03,279.144,124,53,0,
31,8,bottom,other,481.97,279.144,236,47,0,
31,9,bottom,host,246.32,284.736,124,53,0,
31,9,bottom,other,473.68,284.736,236,47,0,
31,10,bottom,host,254.61,290.328,124,53,0,
31,10,bottom,other,465.39,290.328,236,47,0,
31,11,bottom,host,262.9,295.92,124,53,0,
31,11,bottom,other,457.1,295.92,236,47,0,
31,12,bottom,host,271.19,301.512,124,53,0,
31,12,bottom,other,448.81,301.512,236,47,0,
31,13,bottom,host,279.48,307.104,124,53,0,
31,13,bottom,other,440.52,307.104,236,47,0,
31,14,bottom,host,287.77,312.696,124,53,0,
31,14,bottom,other,432.23,312.696,236,47,0,
31,15,bottom,host,296.06,318.288,124,53,0,
31,15,bottom,other,423.94,318.288,236,47,0,
31,16,bottom,host,304.35,323.88,124,53,0,
31,16,bottom,other,415.65,323.88,236,47,0,
31,17,bottom,host,312.64,329.472,124,53,0,
31,17,bottom,other,407.36,329.472,236,47,0,
31,18,bottom,host,320.93,335.064,124,53,0,
31,18,bottom,other,399.07,335.064,236,47,0,
31,19,bottom,host,329.22,340.656,124,53,0,
31,19,bottom,other,390.78,340.656,236,47,0,
31,20,bottom,host,337.51,346.248,124,53,0,
31,20,bottom,other,382.49,346.248,236,47,0,
31,21,bottom,host,345.8,351.84,124,53,0,
31,21,bottom,other,374.2,351.84,236,47,0,
31,22,bottom,host,345.8,351.84,124,53,0,
31,22,bottom,other,374.2,351.84,236,47,0,
31,23,bottom,host,345.8,351.84,124,53,0,
31,23,bottom,other,374.2,351.84,236,47,0,
32,1,top,host,180,240,56,53,0,
32,1,top,other,540,240,304,47,0,
32,2,top,host,188.29,234.408,56,53,0,
32,2,top,other,531.71,234.408,304,47,0,
32,3,top,host,196.58,228.816,56,53,0,
32,3,top,other,523.42,228.816,304,47,0,
32,4,top,host,204.87,223.224,56,53,0,
32,4,top,other,515.13,223.224,304,47,0,
32,5,top,host,213.16,217.632,56,53,0,
32,5,top,other,506.84,217.632,304,47,0,
32,6,top,host,221.45,212.04,56,53,0,
32,6,top,other,498.55,212.04,304,47,0,
32,7,top,host,229.74,206.448,56,53,0,
32,7,top,other,490.26,206.448,304,47,0,
32,8,top,host,238.03,200.856,56,53,0,
32,8,top,other,481.97,200.856,304,47,0,
32,9,top,host,246.32,195.264,56,53,0,
32,9,top,other,473.68,195.264,304,47,0,
32,10,top,host,254.61,189.672,56,53,0,
32,10,top,other,465.39,189.672,304,47,0,
32,11,top,host,262.9,184.08,56,53,0,
32,11,top,other,457.1,184.08,304,47,0,
32,12,top,host,271.19,178.488,56,53,0,
32,12,top,other,448.81,178.488,304,47,0,
32,13,top,host,279.48,172.896,56,53,0,
32,13,top,other,440.52,172.896,304,47,0,
32,14,top,host,287.77,167.304,56,53,0,
32,14,top,other,432.23,167.304,304,47,0,
32,15,top,host,296.06,161.712,56,53,0,
32,15,top,other,423.94,161.712,304,47,0,
32,16,top,host,304.35,156.12,56,53,0,
32,16,top,other,415.65,156.12,304,47,0,
32,17,top,host,312.64,150.528,56,53,0,
32,17,top,other,407.36,150.528,304,47,0,
32,18,top,host,320.93,144.936,56,53,0,
32,18,top,other,399.07,144.936,304,47,0,
32,19,top,host,329.22,139.344,56,53,0,
32,19,top,other,390.78,139.344,304,47,0,
32,20,top,host,337.51,133.752,56,53,0,
32,20,top,other,382.49,133.752,304,47,0,
32,21,top,host,345.8,128.16,56,53,0,
32,21,top,other,374.2,128.16,304,47,0,
32,22,top,host,345.8,128.16,56,53,0,
32,22,top,other,374.2,128.16,304,47,0,
32,23,top,host,345.8,128.16,56,53,0,
32,23,top,other,374.2,128.16,304,47,0,
33,1,bottom,host,180,240,124,53,0,
33,1,bottom,other,540,240,304,47,0,
33,2,bottom,host,188.29,245.592,124,53,0,
33,2,bottom,other,531.71,234.408,304,47,0,
33,3,bottom,host,196.58,251.184,124,53,0,
33,3,bottom,other,523.42,228.816,304,47,0,
33,4,bottom,host,204.87,256.776,124,53,0,
33,4,bottom,other,515.13,223.224,304,47,0,
33,5,bottom,host,213.16,262.368,124,53,0,
33,5,bottom,other,506.84,217.632,304,47,0,
33,6,bottom,host,221.45,267.96,124,53,0,
33,6,bottom,other,498.55,212.04,304,47,0,
33,7,bottom,host,229.74,273.552,124,53,0,
33,7,bottom,other,490.26,206.448,304,47,0,
33,8,bottom,host,238.03,279.144,124,53,0,
33,8,bottom,other,481.97,200.856,304,47,0,
33,9,bottom,host,246.32,284.736,124,53,0,
33,9,bottom,other,473.68,195.264,304,47,0,
33,10,bottom,host,254.61,290.328,124,53,0,
33,10,bottom,other,465.39,189.672,304,47,0,
33,11,bottom,host,262.9,295.92,124,53,0,
33,11,bottom,other,457.1,184.08,304,47,0,
33,12,bottom,host,271.19,301.512,124,53,0,
33,12,bottom,other,448.81,178.488,304,47,0,
33,13,bottom,host,279.48,307.104,124,53,0,
33,13,bottom,other,440.52,172.896,304,47,0,
33,14,bottom,host,287.77,312.696,124,53,0,
33,14,bottom,other,432.23,167.304,304,47,0,
33,15,bottom,host,296.06,318.288,124,53,0,
33,15,bottom,other,423.94,161.712,304,47,0,
33,16,bottom,host,304.35,323.88,124,53,0,
33,16,bottom,other,415.65,156.12,304,47,0,
33,17,bottom,host,312.64,329.472,124,53,0,
33,17,bottom,other,407.36,150.528,304,47,0,
33,18,bottom,host,320.93,335.064,124,53,0,
33,18,bottom,other,399.07,144.936,304,47,0,
33,19,bottom,host,329.22,340.656,124,53,0,
33,19,bottom,other,390.78,139.344,304,47,0,
33,20,bottom,host,337.51,346.248,124,53,0,
33,20,bottom,other,382.49,133.752,304,47,0,
33,21,bottom,host,345.8,351.84,124,57,0,
33,21,bottom,other,374.2,128.16,304,48,0,
33,22,bottom,host,345.8,351.84,124,57,0,
33,22,bottom,other,374.2,128.16,304,48,0,
33,23,bottom,host,345.8,351.84,124,57,0,
33,23,bottom,other,374.2,128.16,304,48,0,
34,1,bottom,host,180,240,56,57,0,
34,1,bottom,other,540,240,236,48,0,
34,2,bottom,host,188.29,234.408,56,57,0,
34,2,bottom,other,531.71,245.592,236,48,0,
34,3,bottom,host,196.58,228.816,56,57,0,
34,3,bottom,other,523.42,251.184,236,48,0,
34,4,bottom,host,204.87,223.224,56,57,0,
34,4,bottom,other,515.13,256.776,236,48,0,
34,5,bottom,host,213.16,217.632,56,57,0,
34,5,bottom,other,506.84,262.368,236,48,0,
34,6,bottom,host,221.45,212.04,56,57,0,
34,6,bottom,other,498.55,267.96,236,48,0,
34,7,bottom,host,229.74,206.448,56,57,0,
34,7,bottom,other,490.26,273.552,236,48,0,
34,8,bottom,host,238.03,200.856,56,57,0,
34,8,bottom,other,481.97,279.144,236,48,0,
34,9,bottom,host,246.32,195.264,56,57,0,
34,9,bottom,other,473.68,284.736,236,48,0,
34,10,bottom,host,254.61,189.672,56,57,0,
34,10,bottom,other,465.39,290.328,236,48,0,
34,11,bottom,host,262.9,184.08,56,57,0,
34,11,bottom,other,457.1,295.92,236,48,0,
34,12,bottom,host,271.19,178.488,56,57,0,
34,12,bottom,other,448.81,301.512,236,48,0,
34,13,bottom,host,279.48,172.896,56,57,0,
34,13,bottom,other,440.52,307.104,236,48,0,
34,14,bottom,host,287.77,167.304,56,57,0,
34,14,bottom,other,432.23,312.696,236,48,0,
34,15,bottom,host,296.06,161.712,56,57,0,
34,15,bottom,other,423.94,318.288,236,48,0,
34,16,bottom,host,304.35,156.12,56,57,0,
34,16,bottom,other,415.65,323.88,236,48,0,
34,17,bottom,host,312.64,150.528,56,57,0,
34,17,bottom,other,407.36,329.472,236,48,0,
34,18,bottom,host,320.93,144.936,56,57,0,
34,18,bottom,other,399.07,335.064,236,48,0,
34,19,bottom,host,329.22,139.344,56,57,0,
34,19,bottom,other,390.78,340.656,236,48,0,
34,20,bottom,host,337.51,133.752,56,57,0,
34,20,bottom,other,382.49,346.248,236,48,0,
34,21,bottom,host,345.8,128.16,56,58,0,
34,21,bottom,other,374.2,351.84,236,52,0,
34,22,bottom,host,345.8,128.16,56,58,0,
34,22,bottom,other,374.2,351.84,236,52,0,
34,23,bottom,host,345.8,128.16,56,58,0,
34,23,bottom,other,374.2,351.84,236,52,0,
35,1,top,host,180,240,124,58,0,
35,1,top,other,540,240,236,52,0,
35,2,top,host,188.29,245.592,124,58,0,
35,2,top,other,531.71,245.592,236,52,0,
35,3,top,host,196.58,251.184,124,58,0,
35,3,top,other,523.42,251.184,236,52,0,
35,4,top,host,204.87,256.776,124,58,0,
35,4,top,other,515.13,256.776,236,52,0,
35,5,top,host,213.16,262.368,124,58,0,
35,5,top,other,506.84,262.368,236,52,0,
35,6,top,host,221.45,267.96,124,58,0,
35,6,top,other,498.55,267.96,236,52,0,
35,7,top,host,229.74,273.552,124,58,0,
35,7,top,other,490.26,273.552,236,52,0,
35,8,top,host,238.03,279.144,124,58,0,
35,8,top,other,481.97,279.144,236,52,0,
35,9,top,host,246.32,284.736,124,58,0,
35,9,top,other,473.68,284.736,236,52,0,
35,10,top,host,254.61,290.328,124,58,0,
35,10,top,other,465.39,290.328,236,52,0,
35,11,top,host,262.9,295.92,124,58,0,
35,11,top,other,457.1,295.92,236,52,0,
35,12,top,host,271.19,301.512,124,58,0,
35,12,top,other,448.81,301.512,236,52,0,
35,13,top,host,279.48,307.104,124,58,0,
35,13,top,other,440.52,307.104,236,52,0,
35,14,top,host,287.77,312.696,124,58,0,
35,14,top,other,432.23,312.696,236,52,0,
35,15,top,host,296.06,318.288,124,58,0,
35,15,top,other,423.94,318.288,236,52,0,
35,16,top,host,304.35,323.88,124,58,0,
35,16,top,other,415.65,323.88,236,52,0,
35,17,top,host,312.64,329.472,124,58,0,
35,17,top,other,407.36,329.472,236,52,0,
35,18,top,host,320.93,335.064,124,58,0,
35,18,top,other,399.07,335.064,236,52,0,
35,19,top,host,329.22,340.656,124,58,0,
35,19,top,other,390.78,340.656,236,52,0,
35,20,top,host,337.51,346.248,124,58,0,
35,20,top,other,382.49,346.248,236,52,0,
35,21,top,host,345.8,351.84,124,58,0,
35,21,top,other,374.2,351.84,236,52,0,
35,22,top,host,345.8,351.84,124,58,0,
35,22,top,other,374.2,351.84,236,52,0,
35,23,top,host,345.8,351.84,124,58,0,
35,23,top,other,374.2,351.84,236,52,0,
36,1,top,host,180,240,56,58,0,
36,1,top,other,540,240,236,52,0,
36,2,top,host,188.29,234.408,56,58,0,
36,2,top,other,531.71,245.592,236,52,0,
36,3,top,host,196.58,228.816,56,58,0,
36,3,top,other,523.42,251.184,236,52,0,
36,4,top,host,204.87,223.224,56,58,0,
36,4,top,other,515.13,256.776,236,52,0,
36,5,top,host,213.16,217.632,56,58,0,
36,5,top,other,506.84,262.368,236,52,0,
36,6,top,host,221.45,212.04,56,58,0,
36,6,top,other,498.55,267.96,236,52,0,
36,7,top,host,229.74,206.448,56,58,0,
36,7,top,other,490.26,273.552,236,52,0,
36,8,top,host,238.03,200.856,56,58,0,
36,8,top,other,481.97,279.144,236,52,0,
36,9,top,host,246.32,195.264,56,58,0,
36,9,top,other,473.68,284.736,236,52,0,
36,10,top,host,254.61,189.672,56,58,0,
36,10,top,other,465.39,290.328,236,52,0,
36,11,top,host,262.9,184.08,56,58,0,
36,11,top,other,457.1,295.92,236,52,0,
36,12,top,host,271.19,178.488,56,58,0,
36,12,top,other,448.81,301.512,236,52,0,
36,13,top,host,279.48,172.896,56,58,0,
36,13,top,other,440.52,307.104,236,52,0,
36,14,top,host,287.77,167.304,56,58,0,
36,14,top,other,432.23,312.696,236,52,0,
36,15,top,host,296.06,161.712,56,58,0,
36,15,top,other,423.94,318.288,236,52,0,
36,16,top,host,304.35,156.12,56,58,0,
36,16,top,other,415.65,323.88,236,52,0,
36,17,top,host,312.64,150.528,56,58,0,
36,17,top,other,407.36,329.472,236,52,0,
36,18,top,host,320.93,144.936,56,58,0,
36,18,top,other,399.07,335.064,236,52,0,
36,19,top,host,329.22,139.344,56,58,0,
36,19,top,other,390.78,340.656,236,52,0,
36,20,top,host,337.51,133.752,56,58,0,
36,20,top,other,382.49,346.248,236,52,0,
36,21,top,host,345.8,128.16,56,62,0,
36,21,top,other,374.2,351.84,236,53,0,
36,22,top,host,345.8,128.16,56,62,0,
36,22,top,other,374.2,351.84,236,53,0,
36,23,top,host,345.8,128.16,56,62,0,
36,23,top,other,374.2,351.84,236,53,0,
37,1,top,host,180,240,56,62,0,
37,1,top,other,540,240,304,53,0,
37,2,top,host,188.29,234.408,56,62,0,
37,2,top,other,531.71,234.408,304,53,0,
37,3,top,host,196.58,228.816,56,62,0,
37,3,top,other,523.42,228.816,304,53,0,
37,4,top,host,204.87,223.224,56,62,0,
37,4,top,other,515.13,223.224,304,53,0,
37,5,top,host,213.16,217.632,56,62,0,
37,5,top,other,506.84,217.632,304,53,0,
37,6,top,host,221.45,212.04,56,62,0,
37,6,top,other,498.55,212.04,304,53,0,
37,7,top,host,229.74,206.448,56,62,0,
37,7,top,other,490.26,206.448,304,53,0,
37,8,top,host,238.03,200.856,56,62,0,
37,8,top,other,481.97,200.856,304,53,0,
37,9,top,host,246.32,195.264,56,62,0,
37,9,top,other,473.68,195.264,304,53,0,
37,10,top,host,254.61,189.672,56,62,0,
37,10,top,other,465.39,189.672,304,53,0,
37,11,top,host,262.9,184.08,56,62,0,
37,11,top,other,457.1,184.08,304,53,0,
37,12,top,host,271.19,178.488,56,62,0,
37,12,top,other,448.81,178.488,304,53,0,
37,13,top,host,279.48,172.896,56,62,0,
37,13,top,other,440.52,172.896,304,53,0,
37,14,top,host,287.77,167.304,56,62,0,
37,14,top,other,432.23,167.304,304,53,0,
37,15,top,host,296.06,161.712,56,62,0,
37,15,top,other,423.94,161.712,304,53,0,
37,16,top,host,304.35,156.12,56,62,0,
37,16,top,other,415.65,156.12,304,53,0,
37,17,top,host,312.64,150.528,56,62,0,
37,17,top,other,407.36,150.528,304,53,0,
37,18,top,host,320.93,144.936,56,62,0,
37,18,top,other,399.07,144.936,304,53,0,
37,19,top,host,329.22,139.344,56,62,0,
37,19,top,other,390.78,139.344,304,53,0,
37,20,top,host,337.51,133.752,56,62,0,
37,20,top,other,382.49,133.752,304,53,0,
37,21,top,host,345.8,128.16,56,62,0,
37,21,top,other,374.2,128.16,304,53,0,
37,22,top,host,345.8,128.16,56,62,0,
37,22,top,other,374.2,128.16,304,53,0,
37,23,top,host,345.8,128.16,56,62,0,
37,23,top,other,374.2,128.16,304,53,0,
38,1,top,host,180,240,56,62,0,
38,1,top,other,540,240,304,53,0,
38,2,top,host,188.29,234.408,56,62,0,
38,2,top,other,531.71,234.408,304,53,0,
38,3,top,host,196.58,228.816,56,62,0,
38,3,top,other,523.42,228.816,304,53,0,
38,4,top,host,204.87,223.224,56,62,0,
38,4,top,other,515.13,223.224,304,53,0,
38,5,top,host,213.16,217.632,56,62,0,
38,5,top,other,506.84,217.632,304,53,0,
38,6,top,host,221.45,212.04,56,62,0,
38,6,top,other,498.55,212.04,304,53,0,
38,7,top,host,229.74,206.448,56,62,0,
38,7,top,other,490.26,206.448,304,53,0,
38,8,top,host,238.03,200.856,56,62,0,
38,8,top,other,481.97,200.856,304,53,0,
38,9,top,host,246.32,195.264,56,62,0,
38,9,top,other,473.68,195.264,304,53,0,
38,10,top,host,254.61,189.672,56,62,0,
38,10,top,other,465.39,189.672,304,53,0,
38,11,top,host,262.9,184.08,56,62,0,
38,11,top,other,457.1,184.08,304,53,0,
38,12,top,host,271.19,178.488,56,62,0,
38,12,top,other,448.81,178.488,304,53,0,
38,13,top,host,279.48,172.896,56,62,0,
38,13,top,other,440.52,172.896,304,53,0,
38,14,top,host,287.77,167.304,56,62,0,
38,14,top,other,432.23,167.304,304,53,0,
38,15,top,host,296.06,161.712,56,62,0,
38,15,top,other,423.94,161.712,304,53,0,
38,16,top,host,304.35,156.12,56,62,0,
38,16,top,other,415.65,156.12,304,53,0,
38,17,top,host,312.64,150.528,56,62,0,
38,17,top,other,407.36,150.528,304,53,0,
38,18,top,host,320.93,144.936,56,62,0,
38,18,top,other,399.07,144.936,304,53,0,
38,19,top,host,329.22,139.344,56,62,0,
38,19,top,other,390.78,139.344,304,53,0,
38,20,top,host,337.51,133.752,56,62,0,
38,20,top,other,382.49,133.752,304,53,0,
38,21,top,host,345.8,128.16,56,62,0,
38,21,top,other,374.2,128.16,304,53,0,
38,22,top,host,345.8,128.16,56,62,0,
38,22,top,other,374.2,128.16,304,53,0,
38,23,top,host,345.8,128.16,56,62,0,
38,23,top,other,374.2,128.16,304,53,0,
39,1,bottom,host,180,240,124,62,0,
39,1,bottom,other,540,240,236,53,0,
39,2,bottom,host,188.29,245.592,124,62,0,
39,2,bottom,other,531.71,245.592,236,53,0,
39,3,bottom,host,196.58,251.184,124,62,0,
39,3,bottom,other,523.42,251.184,236,53,0,
39,4,bottom,host,204.87,256.776,124,62,0,
39,4,bottom,other,515.13,256.776,236,53,0,
39,5,bottom,host,213.16,262.368,124,62,0,
39,5,bottom,other,506.84,262.368,236,53,0,
39,6,bottom,host,221.45,267.96,124,62,0,
39,6,bottom,other,498.55,267.96,236,53,0,
39,7,bottom,host,229.74,273.552,124,62,0,
39,7,bottom,other,490.26,273.552,236,53,0,
39,8,bottom,host,238.03,279.144,124,62,0,
39,8,bottom,other,481.97,279.144,236,53,0,
39,9,bottom,host,246.32,284.736,124,62,0,
39,9,bottom,other,473.68,284.736,236,53,0,
39,10,bottom,host,254.61,290.328,124,62,0,
39,10,bottom,other,465.39,290.328,236,53,0,
39,11,bottom,host,262.9,295.92,124,62,0,
39,11,bottom,other,457.1,295.92,236,53,0,
39,12,bottom,host,271.19,301.512,124,62,0,
39,12,bottom,other,448.81,301.512,236,53,0,
39,13,bottom,host,279.48,307.104,124,62,0,
39,13,bottom,other,440.52,307.104,236,53,0,
39,14,bottom,host,287.77,312.696,124,62,0,
39,14,bottom,other,432.23,312.696,236,53,0,
39,15,bottom,host,296.06,318.288,124,62,0,
39,15,bottom,other,423.94,318.288,236,53,0,
39,16,bottom,host,304.35,323.88,124,62,0,
39,16,bottom,other,415.65,323.88,236,53,0,
39,17,bottom,host,312.64,329.472,124,62,0,
39,17,bottom,other,407.36,329.472,236,53,0,
39,18,bottom,host,320.93,335.064,124,62,0,
39,18,bottom,other,399.07,335.064,236,53,0,
39,19,bottom,host,329.22,340.656,124,62,0,
39,19,bottom,other,390.78,340.656,236,53,0,
39,20,bottom,host,337.51,346.248,124,62,0,
39,20,bottom,other,382.49,346.248,236,53,0,
39,21,bottom,host,345.8,351.84,124,62,0,
39,21,bottom,other,374.2,351.84,236,53,0,
39,22,bottom,host,345.8,351.84,124,62,0,
39,22,bottom,other,374.2,351.84,236,53,0,
39,23,bottom,host,345.8,351.84,124,62,0,
39,23,bottom,other,374.2,351.84,236,53,0,
40,1,bottom,host,180,240,124,62,0,
40,1,bottom,other,540,240,304,53,0,
40,2,bottom,host,188.29,245.592,124,62,0,
40,2,bottom,other,531.71,234.408,304,53,0,
40,3,bottom,host,196.58,251.184,124,62,0,
40,3,bottom,other,523.42,228.816,304,53,0,
40,4,bottom,host,204.87,256.776,124,62,0,
40,4,bottom,other,515.13,223.224,304,53,0,
40,5,bottom,host,213.16,262.368,124,62,0,
40,5,bottom,other,506.84,217.632,304,53,0,
40,6,bottom,host,221.45,267.96,124,62,0,
40,6,bottom,other,498.55,212.04,304,53,0,
40,7,bottom,host,229.74,273.552,124,62,0,
40,7,bottom,other,490.26,206.448,304,53,0,
40,8,bottom,host,238.03,279.144,124,62,0,
40,8,bottom,other,481.97,200.856,304,53,0,
40,9,bottom,host,246.32,284.736,124,62,0,
40,9,bottom,other,473.68,195.264,304,53,0,
40,10,bottom,host,254.61,290.328,124,62,0,
40,10,bottom,other,465.39,189.672,304,53,0,
40,11,bottom,host,262.9,295.92,124,62,0,
40,11,bottom,other,457.1,184.08,304,53,0,
40,12,bottom,host,271.19,301.512,124,62,0,
40,12,bottom,other,448.81,178.488,304,53,0,
40,13,bottom,host,279.48,307.104,124,62,0,
40,13,bottom,other,440.52,172.896,304,53,0,
40,14,bottom,host,287.77,312.696,124,62,0,
40,14,bottom,other,432.23,167.304,304,53,0,
40,15,bottom,host,296.06,318.288,124,62,0,
40,15,bottom,other,423.94,161.712,304,53,0,
40,16,bottom,host,304.35,323.88,124,62,0,
40,16,bottom,other,415.65,156.12,304,53,0,
40,17,bottom,host,312.64,329.472,124,62,0,
40,17,bottom,other,407.36,150.528,304,53,0,
40,18,bottom,host,320.93,335.064,124,62,0,
40,18,bottom,other,399.07,144.936,304,53,0,
40,19,bottom,host,329.22,340.656,124,62,0,
40,19,bottom,other,390.78,139.344,304,53,0,
40,20,bottom,host,337.51,346.248,124,62,0,
40,20,bottom,other,382.49,133.752,304,53,0,
40,21,bottom,host,345.8,351.84,124,66,0,
40,21,bottom,other,374.2,128.16,304,54,0,
40,22,bottom,host,345.8,351.84,124,66,0,
40,22,bottom,other,374.2,128.16,304,54,0,
40,23,bottom,host,345.8,351.84,124,66,0,
40,23,bottom,other,374.2,128.16,304,54,0,
41,1,bottom,host,180,240,124,66,0,
41,1,bottom,other,540,240,236,54,0,
41,2,bottom,host,188.29,245.592,124,66,0,
41,2,bottom,other,531.71,245.592,236,54,0,
41,3,bottom,host,196.58,251.184,124,66,0,
41,3,bottom,other,523.42,251.184,236,54,0,
41,4,bottom,host,204.87,256.776,124,66,0,
41,4,bottom,other,515.13,256.776,236,54,0,
41,5,bottom,host,213.16,262.368,124,66,0,
41,5,bottom,other,506.84,262.368,236,54,0,
41,6,bottom,host,221.45,267.96,124,66,0,
41,6,bottom,other,498.55,267.96,236,54,0,
41,7,bottom,host,229.74,273.552,124,66,0,
41,7,bottom,other,490.26,273.552,236,54,0,
41,8,bottom,host,238.03,279.144,124,66,0,
41,8,bottom,other,481.97,279.144,236,54,0,
41,9,bottom,host,246.32,284.736,124,66,0,
41,9,bottom,other,473.68,284.736,236,54,0,
41,10,bottom,host,254.61,290.328,124,66,0,
41,10,bottom,other,465.39,290.328,236,54,0,
41,11,bottom,host,262.9,295.92,124,66,0,
41,11,bottom,other,457.1,295.92,236,54,0,
41,12,bottom,host,271.19,301.512,124,66,0,
41,12,bottom,other,448.81,301.512,236,54,0,
41,13,bottom,host,279.48,307.104,124,66,0,
41,13,bottom,other,440.52,307.104,236,54,0,
41,14,bottom,host,287.77,312.696,124,66,0,
41,14,bottom,other,432.23,312.696,236,54,0,
41,15,bottom,host,296.06,318.288,124,66,0,
41,15,bottom,other,423.94,318.288,236,54,0,
41,16,bottom,host,304.35,323.88,124,66,0,
41,16,bottom,other,415.65,323.88,236,54,0,
41,17,bottom,host,312.64,329.472,124,66,0,
41,17,bottom,other,407.36,329.472,236,54,0,
41,18,bottom,host,320.93,335.064,124,66,0,
41,18,bottom,other,399.07,335.064,236,54,0,
41,19,bottom,host,329.22,340.656,124,66,0,
41,19,bottom,other,390.78,340.656,236,54,0,
41,20,bottom,host,337.51,346.248,124,66,0,
41,20,bottom,other,382.49,346.248,236,54,0,
41,21,bottom,host,345.8,351.84,124,66,0,
41,21,bottom,other,374.2,351.84,236,54,0,
41,22,bottom,host,345.8,351.84,124,66,0,
41,22,bottom,other,374.2,351.84,236,54,0,
41,23,bottom,host,345.8,351.84,124,66,0,
41,23,bottom,other,374.2,351.84,236,54,0,
42,1,top,host,180,240,56,66,0,
42,1,top,other,540,240,304,54,0,
42,2,top,host,188.29,234.408,56,66,0,
42,2,top,other,531.71,234.408,304,54,0,
42,3,top,host,196.58,228.816,56,66,0,
42,3,top,other,523.42,228.816,304,54,0,
42,4,top,host,204.87,223.224,56,66,0,
42,4,top,other,515.13,223.224,304,54,0,
42,5,top,host,213.16,217.632,56,66,0,
42,5,top,other,506.84,217.632,304,54,0,
42,6,top,host,221.45,212.04,56,66,0,
42,6,top,other,498.55,212.04,304,54,0,
42,7,top,host,229.74,206.448,56,66,0,
42,7,top,other,490.26,206.448,304,54,0,
42,8,top,host,238.03,200.856,56,66,0,
42,8,top,other,481.97,200.856,304,54,0,
42,9,top,host,246.32,195.264,56,66,0,
42,9,top,other,473.68,195.264,304,54,0,
42,10,top,host,254.61,189.672,56,66,0,
42,10,top,other,465.39,189.672,304,54,0,
42,11,top,host,262.9,184.08,56,66,0,
42,11,top,other,457.1,184.08,304,54,0,
42,12,top,host,271.19,178.488,56,66,0,
42,12,top,other,448.81,178.488,304,54,0,
42,13,top,host,279.48,172.896,56,66,0,
42,13,top,other,440.52,172.896,304,54,0,
42,14,top,host,287.77,167.304,56,66,0,
42,14,top,other,432.23,167.304,304,54,0,
42,15,top,host,296.06,161.712,56,66,0,
42,15,top,other,423.94,161.712,304,54,0,
42,16,top,host,304.35,156.12,56,66,0,
42,16,top,other,415.65,156.12,304,54,0,
42,17,top,host,312.64,150.528,56,66,0,
42,17,top,other,407.36,150.528,304,54,0,
42,18,top,host,320.93,144.936,56,66,0,
42,18,top,other,399.07,144.936,304,54,0,
42,19,top,host,329.22,139.344,56,66,0,
42,19,top,other,390.78,139.344,304,54,0,
42,20,top,host,337.51,133.752,56,66,0,
42,20,top,other,382.49,133.752,304,54,0,
42,21,top,host,345.8,128.16,56,66,0,
42,21,top,other,374.2,128.16,304,54,0,
42,22,top,host,345.8,128.16,56,66,0,
42,22,top,other,374.2,128.16,304,54,0,
42,23,top,host,345.8,128.16,56,66,0,
42,23,top,other,374.2,128.16,304,54,0,
43,1,bottom,host,180,240,124,66,0,
43,1,bottom,other,540,240,236,54,0,
43,2,bottom,host,188.29,245.592,124,66,0,
43,2,bottom,other,531.71,245.592,236,54,0,
43,3,bottom,host,196.58,251.184,124,66,0,
43,3,bottom,other,523.42,251.184,236,54,0,
43,4,bottom,host,204.87,256.776,124,66,0,
43,4,bottom,other,515.13,256.776,236,54,0,
43,5,bottom,host,213.16,262.368,124,66,0,
43,5,bottom,other,506.84,262.368,236,54,0,
43,6,bottom,host,221.45,267.96,124,66,0,
43,6,bottom,other,498.55,267.96,236,54,0,
43,7,bottom,host,229.74,273.552,124,66,0,
43,7,bottom,other,490.26,273.552,236,54,0,
43,8,bottom,host,238.03,279.144,124,66,0,
43,8,bottom,other,481.97,279.144,236,54,0,
43,9,bottom,host,246.32,284.736,124,66,0,
43,9,bottom,other,473.68,284.736,236,54,0,
43,10,bottom,host,254.61,290.328,124,66,0,
43,10,bottom,other,465.39,290.328,236,54,0,
43,11,bottom,host,262.9,295.92,124,66,0,
43,11,bottom,other,457.1,295.92,236,54,0,
43,12,bottom,host,271.19,301.512,124,66,0,
43,12,bottom,other,448.81,301.512,236,54,0,
43,13,bottom,host,279.48,307.104,124,66,0,
43,13,bottom,other,440.52,307.104,236,54,0,
43,14,bottom,host,287.77,312.696,124,66,0,
43,14,bottom,other,432.23,312.696,236,54,0,
43,15,bottom,host,296.06,318.288,124,66,0,
43,15,bottom,other,423.94,318.288,236,54,0,
43,16,bottom,host,304.35,323.88,124,66,0,
43,16,bottom,other,415.65,323.88,236,54,0,
43,17,bottom,host,312.64,329.472,124,66,0,
43,17,bottom,other,407.36,329.472,236,54,0,
43,18,bottom,host,320.93,335.064,124,66,0,
43,18,bottom,other,399.07,335.064,236,54,0,
43,19,bottom,host,329.22,340.656,124,66,0,
43,19,bottom,other,390.78,340.656,236,54,0,
43,20,bottom,host,337.51,346.248,124,66,0,
43,20,bottom,other,382.49,346.248,236,54,0,
43,21,bottom,host,345.8,351.84,124,66,0,
43,21,bottom,other,374.2,351.84,236,54,0,
43,22,bottom,host,345.8,351.84,124,66,0,
43,22,bottom,other,374.2,351.84,236,54,0,
43,23,bottom,host,345.8,351.84,124,66,0,
43,23,bottom,other,374.2,351.84,236,54,0,
44,1,top,host,180,240,56,66,0,
44,1,top,other,540,240,236,54,0,
44,2,top,host,188.29,234.408,56,66,0,
44,2,top,other,531.71,245.592,236,54,0,
44,3,top,host,196.58,228.816,56,66,0,
44,3,top,other,523.42,251.184,236,54,0,
44,4,top,host,204.87,223.224,56,66,0,
44,4,top,other,515.13,256.776,236,54,0,
44,5,top,host,213.16,217.632,56,66,0,
44,5,top,other,506.84,262.368,236,54,0,
44,6,top,host,221.45,212.04,56,66,0,
44,6,top,other,498.55,267.96,236,54,0,
44,7,top,host,229.74,206.448,56,66,0,
44,7,top,other,490.26,273.552,236,54,0,
44,8,top,host,238.03,200.856,56,66,0,
44,8,top,other,481.97,279.144,236,54,0,
44,9,top,host,246.32,195.264,56,66,0,
44,9,top,other,473.68,284.736,236,54,0,
44,10,top,host,254.61,189.672,56,66,0,
44,10,top,other,465.39,290.328,236,54,0,
44,11,top,host,262.9,184.08,56,66,0,
44,11,top,other,457.1,295.92,236,54,0,
44,12,top,host,271.19,178.488,56,66,0,
44,12,top,other,448.81,301.512,236,54,0,
44,13,top,host,279.48,172.896,56,66,0,
44,13,top,other,440.52,307.104,236,54,0,
44,14,top,host,287.77,167.304,56,66,0,
44,14,top,other,432.23,312.696,236,54,0,
44,15,top,host,296.06,161.712,56,66,0,
44,15,top,other,423.94,318.288,236,54,0,
44,16,top,host,304.35,156.12,56,66,0,
44,16,top,other,415.65,323.88,236,54,0,
44,17,top,host,312.64,150.528,56,66,0,
44,17,top,other,407.36,329.472,236,54,0,
44,18,top,host,320.93,144.936,56,66,0,
44,18,top,other,399.07,335.064,236,54,0,
44,19,top,host,329.22,139.344,56,66,0,
44,19,top,other,390.78,340.656,236,54,0,
44,20,top,host,337.51,133.752,56,66,0,
44,20,top,other,382.49,346.248,236,54,0,
44,21,top,host,345.8,128.16,56,70,0,
44,21,top,other,374.2,351.84,236,55,0,
44,22,top,host,345.8,128.16,56,70,0,
44,22,top,other,374.2,351.84,236,55,0,
44,23,top,host,345.8,128.16,56,70,0,
44,23,top,other,374.2,351.84,236,55,0,
45,1,bottom,host,180,240,124,70,0,
45,1,bottom,other,540,240,236,55,0,
45,2,bottom,host,188.29,245.592,124,70,0,
45,2,bottom,other,531.71,245.592,236,55,0,
45,3,bottom,host,196.58,251.184,124,70,0,
45,3,bottom,other,523.42,251.184,236,55,0,
45,4,bottom,host,204.87,256.776,124,70,0,
45,4,bottom,other,515.13,256.776,236,55,0,
45,5,bottom,host,213.16,262.368,124,70,0,
45,5,bottom,other,506.84,262.368,236,55,0,
45,6,bottom,host,221.45,267.96,124,70,0,
45,6,bottom,other,498.55,267.96,236,55,0,
45,7,bottom,host,229.74,273.552,124,70,0,
45,7,bottom,other,490.26,273.552,236,55,0,
45,8,bottom,host,238.03,279.144,124,70,0,
45,8,bottom,other,481.97,279.144,236,55,0,
45,9,bottom,host,246.32,284.736,124,70,0,
45,9,bottom,other,473.68,284.736,236,55,0,
45,10,bottom,host,254.61,290.328,124,70,0,
45,10,bottom,other,465.39,290.328,236,55,0,
45,11,bottom,host,262.9,295.92,124,70,0,
45,11,bottom,other,457.1,295.92,236,55,0,
45,12,bottom,host,271.19,301.512,124,70,0,
45,12,bottom,other,448.81,301.512,236,55,0,
45,13,bottom,host,279.48,307.104,124,70,0,
45,13,bottom,other,440.52,307.104,236,55,0,
45,14,bottom,host,287.77,312.696,124,70,0,
45,14,bottom,other,432.23,312.696,236,55,0,
45,15,bottom,host,296.06,318.288,124,70,0,
45,15,bottom,other,423.94,318.288,236,55,0,
45,16,bottom,host,304.35,323.88,124,70,0,
45,16,bottom,other,415.65,323.88,236,55,0,
45,17,bottom,host,312.64,329.472,124,70,0,
45,17,bottom,other,407.36,329.472,236,55,0,
45,18,bottom,host,320.93,335.064,124,70,0,
45,18,bottom,other,399.07,335.064,236,55,0,
45,19,bottom,host,329.22,340.656,124,70,0,
45,19,bottom,other,390.78,340.656,236,55,0,
45,20,bottom,host,337.51,346.248,124,70,0,
45,20,bottom,other,382.49,346.248,236,55,0,
45,21,bottom,host,345.8,351.84,124,70,0,
45,21,bottom,other,374.2,351.84,236,55,0,
45,22,bottom,host,345.8,351.84,124,70,0,
45,22,bottom,other,374.2,351.84,236,55,0,
45,23,bottom,host,345.8,351.84,124,70,0,
45,23,bottom,other,374.2,351.84,236,55,0,
46,1,bottom,host,180,240,56,70,0,
46,1,bottom,other,540,240,236,55,0,
46,2,bottom,host,188.29,234.408,56,70,0,
46,2,bottom,other,531.71,245.592,236,55,0,
46,3,bottom,host,196.58,228.816,56,70,0,
46,3,bottom,other,523.42,251.184,236,55,0,
46,4,bottom,host,204.87,223.224,56,70,0,
46,4,bottom,other,515.13,256.776,236,55,0,
46,5,bottom,host,213.16,217.632,56,70,0,
46,5,bottom,other,506.84,262.368,236,55,0,
46,6,bottom,host,221.45,212.04,56,70,0,
46,6,bottom,other,498.55,267.96,236,55,0,
46,7,bottom,host,229.74,206.448,56,70,0,
46,7,bottom,other,490.26,273.552,236,55,0,
46,8,bottom,host,238.03,200.856,56,70,0,
46,8,bottom,other,481.97,279.144,236,55,0,
46,9,bottom,host,246.32,195.264,56,70,0,
46,9,bottom,other,473.68,284.736,236,55,0,
46,10,bottom,host,254.61,189.672,56,70,0,
46,10,bottom,other,465.39,290.328,236,55,0,
46,11,bottom,host,262.9,184.08,56,70,0,
46,11,bottom,other,457.1,295.92,236,55,0,
46,12,bottom,host,271.19,178.488,56,70,0,
46,12,bottom,other,448.81,301.512,236,55,0,
46,13,bottom,host,279.48,172.896,56,70,0,
46,13,bottom,other,440.52,307.104,236,55,0,
46,14,bottom,host,287.77,167.304,56,70,0,
46,14,bottom,other,432.23,312.696,236,55,0,
46,15,bottom,host,296.06,161.712,56,70,0,
46,15,bottom,other,423.94,318.288,236,55,0,
46,16,bottom,host,304.35,156.12,56,70,0,
46,16,bottom,other,415.65,323.88,236,55,0,
46,17,bottom,host,312.64,150.528,56,70,0,
46,17,bottom,other,407.36,329.472,236,55,0,
46,18,bottom,host,320.93,144.936,56,70,0,
46,18,bottom,other,399.07,335.064,236,55,0,
46,19,bottom,host,329.22,139.344,56,70,0,
46,19,bottom,other,390.78,340.656,236,55,0,
46,20,bottom,host,337.51,133.752,56,70,0,
46,20,bottom,other,382.49,346.248,236,55,0,
46,21,bottom,host,345.8,128.16,56,71,0,
46,21,bottom,other,374.2,351.84,236,59,0,
46,22,bottom,host,345.8,128.16,56,71,0,
46,22,bottom,other,374.2,351.84,236,59,0,
46,23,bottom,host,345.8,128.16,56,71,0,
46,23,bottom,other,374.2,351.84,236,59,0,
47,1,bottom,host,180,240,124,71,0,
47,1,bottom,other,540,240,304,59,0,
47,2,bottom,host,188.29,245.592,124,71,0,
47,2,bottom,other,531.71,234.408,304,59,0,
47,3,bottom,host,196.58,251.184,124,71,0,
47,3,bottom,other,523.42,228.816,304,59,0,
47,4,bottom,host,204.87,256.776,124,71,0,
47,4,bottom,other,515.13,223.224,304,59,0,
47,5,bottom,host,213.16,262.368,124,71,0,
47,5,bottom,other,506.84,217.632,304,59,0,
47,6,bottom,host,221.45,267.96,124,71,0,
47,6,bottom,other,498.55,212.04,304,59,0,
47,7,bottom,host,229.74,273.552,124,71,0,
47,7,bottom,other,490.26,206.448,304,59,0,
47,8,bottom,host,238.03,279.144,124,71,0,
47,8,bottom,other,481.97,200.856,304,59,0,
47,9,bottom,host,246.32,284.736,124,71,0,
47,9,bottom,other,473.68,195.264,304,59,0,
47,10,bottom,host,254.61,290.328,124,71,0,
47,10,bottom,other,465.39,189.672,304,59,0,
47,11,bottom,host,262.9,295.92,124,71,0,
47,11,bottom,other,457.1,184.08,304,59,0,
47,12,bottom,host,271.19,301.512,124,71,0,
47,12,bottom,other,448.81,178.488,304,59,0,
47,13,bottom,host,279.48,307.104,124,71,0,
47,13,bottom,other,440.52,172.896,304,59,0,
47,14,bottom,host,287.77,312.696,124,71,0,
47,14,bottom,other,432.23,167.304,304,59,0,
47,15,bottom,host,296.06,318.288,124,71,0,
47,15,bottom,other,423.94,161.712,304,59,0,
47,16,bottom,host,304.35,323.88,124,71,0,
47,16,bottom,other,415.65,156.12,304,59,0,
47,17,bottom,host,312.64,329.472,124,71,0,
47,17,bottom,other,407.36,150.528,304,59,0,
47,18,bottom,host,320.93,335.064,124,71,0,
47,18,bottom,other,399.07,144.936,304,59,0,
47,19,bottom,host,329.22,340.656,124,71,0,
47,19,bottom,other,390.78,139.344,304,59,0,
47,20,bottom,host,337.51,346.248,124,71,0,
47,20,bottom,other,382.49,133.752,304,59,0,
47,21,bottom,host,345.8,351.84,124,75,0,
47,21,bottom,other,374.2,128.16,304,60,0,
47,22,bottom,host,345.8,351.84,124,75,0,
47,22,bottom,other,374.2,128.16,304,60,0,
47,23,bottom,host,345.8,351.84,124,75,0,
47,23,bottom,other,374.2,128.16,304,60,0,
48,1,top,host,180,240,56,75,0,
48,1,top,other,540,240,304,60,0,
48,2,top,host,188.29,234.408,56,75,0,
48,2,top,other,531.71,234.408,304,60,0,
48,3,top,host,196.58,228.816,56,75,0,
48,3,top,other,523.42,228.816,304,60,0,
48,4,top,host,204.87,223.224,56,75,0,
48,4,top,other,515.13,223.224,304,60,0,
48,5,top,host,213.16,217.632,56,75,0,
48,5,top,other,506.84,217.632,304,60,0,
48,6,top,host,221.45,212.04,56,75,0,
48,6,top,other,498.55,212.04,304,60,0,
48,7,top,host,229.74,206.448,56,75,0,
48,7,top,other,490.26,206.448,304,60,0,
48,8,top,host,238.03,200.856,56,75,0,
48,8,top,other,481.97,200.856,304,60,0,
48,9,top,host,246.32,195.264,56,75,0,
48,9,top,other,473.68,195.264,304,60,0,
48,10,top,host,254.61,189.672,56,75,0,
48,10,top,other,465.39,189.672,304,60,0,
48,11,top,host,262.9,184.08,56,75,0,
48,11,top,other,457.1,184.08,304,60,0,
48,12,top,host,271.19,178.488,56,75,0,
48,12,top,other,448.81,178.488,304,60,0,
48,13,top,host,279.48,172.896,56,75,0,
48,13,top,other,440.52,172.896,304,60,0,
48,14,top,host,287.77,167.304,56,75,0,
48,14,top,other,432.23,167.304,304,60,0,
48,15,top,host,296.06,161.712,56,75,0,
48,15,top,other,423.94,161.712,304,60,0,
48,16,top,host,304.35,156.12,56,75,0,
48,16,top,other,415.65,156.12,304,60,0,
48,17,top,host,312.64,150.528,56,75,0,
48,17,top,other,407.36,150.528,304,60,0,
48,18,top,host,320.93,144.936,56,75,0,
48,18,top,other,399.07,144.936,304,60,0,
48,19,top,host,329.22,139.344,56,75,0,
48,19,top,other,390.78,139.344,304,60,0,
48,20,top,host,337.51,133.752,56,75,0,
48,20,top,other,382.49,133.752,304,60,0,
48,21,top,host,345.8,128.16,56,75,0,
48,21,top,other,374.2,128.16,304,60,0,
48,22,top,host,345.8,128.16,56,75,0,
48,22,top,other,374.2,128.16,304,60,0,
48,23,top,host,345.8,128.16,56,75,0,
48,23,top,other,374.2,128.16,304,60,0,
49,1,bottom,host,180,240,124,75,0,
49,1,bottom,other,540,240,236,60,0,
49,2,bottom,host,188.29,245.592,124,75,0,
49,2,bottom,other,531.71,245.592,236,60,0,
49,3,bottom,host,196.58,251.184,124,75,0,
49,3,bottom,other,523.42,251.184,236,60,0,
49,4,bottom,host,204.87,256.776,124,75,0,
49,4,bottom,other,515.13,256.776,236,60,0,
49,5,bottom,host,213.16,262.368,124,75,0,
49,5,bottom,other,506.84,262.368,236,60,0,
49,6,bottom,host,221.45,267.96,124,75,0,
49,6,bottom,other,498.55,267.96,236,60,0,
49,7,bottom,host,229.74,273.552,124,75,0,
49,7,bottom,other,490.26,273.552,236,60,0,
49,8,bottom,host,238.03,279.144,124,75,0,
49,8,bottom,other,481.97,279.144,236,60,0,
49,9,bottom,host,246.32,284.736,124,75,0,
49,9,bottom,other,473.68,284.736,236,60,0,
49,10,bottom,host,254.61,290.328,124,75,0,
49,10,bottom,other,465.39,290.328,236,60,0,
49,11,bottom,host,262.9,295.92,124,75,0,
49,11,bottom,other,457.1,295.92,236,60,0,
49,12,bottom,host,271.19,301.512,124,75,0,
49,12,bottom,other,448.81,301.512,236,60,0,
49,13,bottom,host,279.48,307.104,124,75,0,
49,13,bottom,other,440.52,307.104,236,60,0,
49,14,bottom,host,287.77,312.696,124,75,0,
49,14,bottom,other,432.23,312.696,236,60,0,
49,15,bottom,host,296.06,318.288,124,75,0,
49,15,bottom,other,423.94,318.288,236,60,0,
49,16,bottom,host,304.35,323.88,124,75,0,
49,16,bottom,other,415.65,323.88,236,60,0,
49,17,bottom,host,312.64,329.472,124,75,0,
49,17,bottom,other,407.36,329.472,236,60,0,
49,18,bottom,host,320.93,335.064,124,75,0,
49,18,bottom,other,399.07,335.064,236,60,0,
49,19,bottom,host,329.22,340.656,124,75,0,
49,19,bottom,other,390.78,340.656,236,60,0,
49,20,bottom,host,337.51,346.248,124,75,0,
49,20,bottom,other,382.49,346.248,236,60,0,
49,21,bottom,host,345.8,351.84,124,75,0,
49,21,bottom,other,374.2,351.84,236,60,0,
49,22,bottom,host,345.8,351.84,124,75,0,
49,22,bottom,other,374.2,351.84,236,60,0,
49,23,bottom,host,345.8,351.84,124,75,0,
49,23,bottom,other,374.2,351.84,236,60,0,
50,1,top,host,180,240,56,75,0,
50,1,top,other,540,240,304,60,0,
50,2,top,host,188.29,234.408,56,75,0,
50,2,top,other,531.71,234.408,304,60,0,
50,3,top,host,196.58,228.816,56,75,0,
50,3,top,other,523.42,228.816,304,60,0,
50,4,top,host,204.87,223.224,56,75,0,
50,4,top,other,515.13,223.224,304,60,0,
50,5,top,host,213.16,217.632,56,75,0,
50,5,top,other,506.84,217.632,304,60,0,
50,6,top,host,221.45,212.04,56,75,0,
50,6,top,other,498.55,212.04,304,60,0,
50,7,top,host,229.74,206.448,56,75,0,
50,7,top,other,490.26,206.448,304,60,0,
50,8,top,host,238.03,200.856,56,75,0,
50,8,top,other,481.97,200.856,304,60,0,
50,9,top,host,246.32,195.264,56,75,0,
50,9,top,other,473.68,195.264,304,60,0,
50,10,top,host,254.61,189.672,56,75,0,
50,10,top,other,465.39,189.672,304,60,0,
50,11,top,host,262.9,184.08,56,75,0,
50,11,top,other,457.1,184.08,304,60,0,
50,12,top,host,271.19,178.488,56,75,0,
50,12,top,other,448.81,178.488,304,60,0,
50,13,top,host,279.48,172.896,56,75,0,
50,13,top,other,440.52,172.896,304,60,0,
50,14,top,host,287.77,167.304,56,75,0,
50,14,top,other,432.23,167.304,304,60,0,
50,15,top,host,296.06,161.712,56,75,0,
50,15,top,other,423.94,161.712,304,60,0,
50,16,top,host,304.35,156.12,56,75,0,
50,16,top,other,415.65,156.12,304,60,0,
50,17,top,host,312.64,150.528,56,75,0,
50,17,top,other,407.36,150.528,304,60,0,
50,18,top,host,320.93,144.936,56,75,0,
50,18,top,other,399.07,144.936,304,60,0,
50,19,top,host,329.22,139.344,56,75,0,
50,19,top,other,390.78,139.344,304,60,0,
50,20,top,host,337.51,133.752,56,75,0,
50,20,top,other,382.49,133.752,304,60,0,
50,21,top,host,345.8,128.16,56,75,0,
50,21,top,other,374.2,128.16,304,60,0,
50,22,top,host,345.8,128.16,56,75,0,
50,22,top,other,374.2,128.16,304,60,0,
50,23,top,host,345.8,128.16,56,75,0,
50,23,top,other,374.2,128.16,304,60,0,
