1,1,top,other,540,240,304,0,0,
1,1,top,host,180,240,56,0,0,
1,2,top,host,188.29,234.408,56,0,0,
1,2,top,other,531.71,234.408,304,0,0,
1,3,top,host,196.58,228.816,56,0,0,
1,3,top,other,523.42,228.816,304,0,0,
1,4,top,host,204.87,223.224,56,0,0,
1,4,top,other,515.13,223.224,304,0,0,
1,5,top,host,213.16,217.632,56,0,0,
1,5,top,other,506.84,217.632,304,0,0,
1,6,top,host,221.45,212.04,56,0,0,
1,6,top,other,498.55,212.04,304,0,0,
1,7,top,host,229.74,206.448,56,0,0,
1,7,top,other,490.26,206.448,304,0,0,
1,8,top,host,238.03,200.856,56,0,0,
1,8,top,other,481.97,200.856,304,0,0,
1,9,top,host,246.32,195.264,56,0,0,
1,9,top,other,473.68,195.264,304,0,0,
1,10,top,host,254.61,189.672,56,0,0,
1,10,top,other,465.39,189.672,304,0,0,
1,11,top,host,262.9,184.08,56,0,0,
1,11,top,other,457.1,184.08,304,0,0,
1,12,top,host,271.19,178.488,56,0,0,
1,12,top,other,448.81,178.488,304,0,0,
1,13,top,host,279.48,172.896,56,0,0,
1,13,top,other,440.52,172.896,304,0,0,
1,14,top,host,287.77,167.304,56,0,0,
1,14,top,other,432.23,167.304,304,0,0,
1,15,top,host,296.06,161.712,56,0,0,
1,15,top,other,423.94,161.712,304,0,0,
1,16,top,host,304.35,156.12,56,0,0,
1,16,top,other,415.65,156.12,304,0,0,
1,17,top,host,312.64,150.528,56,0,0,
1,17,top,other,407.36,150.528,304,0,0,
1,18,top,host,320.93,144.936,56,0,0,
1,18,top,other,399.07,144.936,304,0,0,
1,19,top,host,329.22,139.344,56,0,0,
1,19,top,other,390.78,139.344,304,0,0,
1,20,top,host,337.51,133.752,56,0,0,
1,20,top,other,382.49,133.752,304,0,0,
1,21,top,host,345.8,128.16,56,0,0,
1,21,top,other,374.2,128.16,304,0,0,
1,22,top,host,345.8,128.16,56,0,0,
1,22,top,other,374.2,128.16,304,0,0,
1,23,top,host,345.8,128.16,56,0,0,
1,23,top,other,374.2,128.16,304,0,0,
2,1,top,host,180,240,124,0,0,
2,1,top,other,540,240,304,0,0,
2,2,top,host,188.29,245.592,124,0,0,
2,2,top,other,531.71,234.408,304,0,0,
2,3,top,host,196.58,251.184,124,0,0,
2,3,top,other,523.42,228.816,304,0,0,
2,4,top,host,204.87,256.776,124,0,0,
2,4,top,other,515.13,223.224,304,0,0,
2,5,top,host,213.16,262.368,124,0,0,
2,5,top,other,506.84,217.632,304,0,0,
2,6,top,host,221.45,267.96,124,0,0,
2,6,top,other,498.55,212.04,304,0,0,
2,7,top,host,229.74,273.552,124,0,0,
2,7,top,other,490.26,206.448,304,0,0,
2,8,top,host,238.03,279.144,124,0,0,
2,8,top,other,481.97,200.856,304,0,0,
2,9,top,host,246.32,284.736,124,0,0,
2,9,top,other,473.68,195.264,304,0,0,
2,10,top,host,254.61,290.328,124,0,0,
2,10,top,other,465.39,189.672,304,0,0,
2,11,top,host,262.9,295.92,124,0,0,
2,11,top,other,457.1,184.08,304,0,0,
2,12,top,host,271.19,301.512,124,0,0,
2,12,top,other,448.81,178.488,304,0,0,
2,13,top,host,279.48,307.104,124,0,0,
2,13,top,other,440.52,172.896,304,0,0,
2,14,top,host,287.77,312.696,124,0,0,
2,14,top,other,432.23,167.304,304,0,0,
2,15,top,host,296.06,318.288,124,0,0,
2,15,top,other,423.94,161.712,304,0,0,
2,16,top,host,304.35,323.88,124,0,0,
2,16,top,other,415.65,156.12,304,0,0,
2,17,top,host,312.64,329.472,124,0,0,
2,17,top,other,407.36,150.528,304,0,0,
2,18,top,host,320.93,335.064,124,0,0,
2,18,top,other,399.07,144.936,304,0,0,
2,19,top,host,329.22,340.656,124,0,0,
2,19,top,other,390.78,139.344,304,0,0,
2,20,top,host,337.51,346.248,124,0,0,
2,20,top,other,382.49,133.752,304,0,0,
2,21,top,host,345.8,351.84,124,1,0,
2,21,top,other,374.2,128.16,304,4,0,
2,22,top,host,345.8,351.84,124,1,0,
2,22,top,other,374.2,128.16,304,4,0,
2,23,top,host,345.8,351.84,124,1,0,
2,23,top,other,374.2,128.16,304,4,0,
3,1,top,host,180,240,56,1,0,
3,1,top,other,540,240,236,4,0,
3,2,top,host,188.29,234.408,56,1,0,
3,2,top,other,531.71,245.592,236,4,0,
3,3,top,host,196.58,228.816,56,1,0,
3,3,top,other,523.42,251.184,236,4,0,
3,4,top,host,204.87,223.224,56,1,0,
3,4,top,other,515.13,256.776,236,4,0,
3,5,top,host,213.16,217.632,56,1,0,
3,5,top,other,506.84,262.368,236,4,0,
3,6,top,host,221.45,212.04,56,1,0,
3,6,top,other,498.55,267.96,236,4,0,
3,7,top,host,229.74,206.448,56,1,0,
3,7,top,other,490.26,273.552,236,4,0,
3,8,top,host,238.03,200.856,56,1,0,
3,8,top,other,481.97,279.144,236,4,0,
3,9,top,host,246.32,195.264,56,1,0,
3,9,top,other,473.68,284.736,236,4,0,
3,10,top,host,254.61,189.672,56,1,0,
3,10,top,other,465.39,290.328,236,4,0,
3,11,top,host,262.9,184.08,56,1,0,
3,11,top,other,457.1,295.92,236,4,0,
3,12,top,host,271.19,178.488,56,1,0,
3,12,top,other,448.81,301.512,236,4,0,
3,13,top,host,279.48,172.896,56,1,0,
3,13,top,other,440.52,307.104,236,4,0,
3,14,top,host,287.77,167.304,56,1,0,
3,14,top,other,432.23,312.696,236,4,0,
3,15,top,host,296.06,161.712,56,1,0,
3,15,top,other,423.94,318.288,236,4,0,
3,16,top,host,304.35,156.12,56,1,0,
3,16,top,other,415.65,323.88,236,4,0,
3,17,top,host,312.64,150.528,56,1,0,
3,17,top,other,407.36,329.472,236,4,0,
3,18,top,host,320.93,144.936,56,1,0,
3,18,top,other,399.07,335.064,236,4,0,
3,19,top,host,329.22,139.344,56,1,0,
3,19,top,other,390.78,340.656,236,4,0,
3,20,top,host,337.51,133.752,56,1,0,
3,20,top,other,382.49,346.248,236,4,0,
3,21,top,host,345.8,128.16,56,5,0,
3,21,top,other,374.2,351.84,236,5,0,
3,22,top,host,345.8,128.16,56,5,0,
3,22,top,other,374.2,351.84,236,5,0,
3,23,top,host,345.8,128.16,56,5,0,
3,23,top,other,374.2,351.84,236,5,0,
4,1,bottom,host,180,240,124,5,0,
4,1,bottom,other,540,240,304,5,0,
4,2,bottom,host,188.29,245.592,124,5,0,
4,2,bottom,other,531.71,234.408,304,5,0,
4,3,bottom,host,196.58,251.184,124,5,0,
4,3,bottom,other,523.42,228.816,304,5,0,
4,4,bottom,host,204.87,256.776,124,5,0,
4,4,bottom,other,515.13,223.224,304,5,0,
4,5,bottom,host,213.16,262.368,124,5,0,
4,5,bottom,other,506.84,217.632,304,5,0,
4,6,bottom,host,221.45,267.96,124,5,0,
4,6,bottom,other,498.55,212.04,304,5,0,
4,7,bottom,host,229.74,273.552,124,5,0,
4,7,bottom,other,490.26,206.448,304,5,0,
4,8,bottom,host,238.03,279.144,124,5,0,
4,8,bottom,other,481.97,200.856,304,5,0,
4,9,bottom,host,246.32,284.736,124,5,0,
4,9,bottom,other,473.68,195.264,304,5,0,
4,10,bottom,host,254.61,290.328,124,5,0,
4,10,bottom,other,465.39,189.672,304,5,0,
4,11,bottom,host,262.9,295.92,124,5,0,
4,11,bottom,other,457.1,184.08,304,5,0,
4,12,bottom,host,271.19,301.512,124,5,0,
4,12,bottom,other,448.81,178.488,304,5,0,
4,13,bottom,host,279.48,307.104,124,5,0,
4,13,bottom,other,440.52,172.896,304,5,0,
4,14,bottom,host,287.77,312.696,124,5,0,
4,14,bottom,other,432.23,167.304,304,5,0,
4,15,bottom,host,296.06,318.288,124,5,0,
4,15,bottom,other,423.94,161.712,304,5,0,
4,16,bottom,host,304.35,323.88,124,5,0,
4,16,bottom,other,415.65,156.12,304,5,0,
4,17,bottom,host,312.64,329.472,124,5,0,
4,17,bottom,other,407.36,150.528,304,5,0,
4,18,bottom,host,320.93,335.064,124,5,0,
4,18,bottom,other,399.07,144.936,304,5,0,
4,19,bottom,host,329.22,340.656,124,5,0,
4,19,bottom,other,390.78,139.344,304,5,0,
4,20,bottom,host,337.51,346.248,124,5,0,
4,20,bottom,other,382.49,133.752,304,5,0,
4,21,bottom,host,345.8,351.84,124,9,0,
4,21,bottom,other,374.2,128.16,304,6,0,
4,22,bottom,host,345.8,351.84,124,9,0,
4,22,bottom,other,374.2,128.16,304,6,0,
4,23,bottom,host,345.8,351.84,124,9,0,
4,23,bottom,other,374.2,128.16,304,6,0,
5,1,bottom,host,180,240,56,9,0,
5,1,bottom,other,540,240,236,6,0,
5,2,bottom,host,188.29,234.408,56,9,0,
5,2,bottom,other,531.71,245.592,236,6,0,
5,3,bottom,host,196.58,228.816,56,9,0,
5,3,bottom,other,523.42,251.184,236,6,0,
5,4,bottom,host,204.87,223.224,56,9,0,
5,4,bottom,other,515.13,256.776,236,6,0,
5,5,bottom,host,213.16,217.632,56,9,0,
5,5,bottom,other,506.84,262.368,236,6,0,
5,6,bottom,host,221.45,212.04,56,9,0,
5,6,bottom,other,498.55,267.96,236,6,0,
5,7,bottom,host,229.74,206.448,56,9,0,
5,7,bottom,other,490.26,273.552,236,6,0,
5,8,bottom,host,238.03,200.856,56,9,0,
5,8,bottom,other,481.97,279.144,236,6,0,
5,9,bottom,host,246.32,195.264,56,9,0,
5,9,bottom,other,473.68,284.736,236,6,0,
5,10,bottom,host,254.61,189.672,56,9,0,
5,10,bottom,other,465.39,290.328,236,6,0,
5,11,bottom,host,262.9,184.08,56,9,0,
5,11,bottom,other,457.1,295.92,236,6,0,
5,12,bottom,host,271.19,178.488,56,9,0,
5,12,bottom,other,448.81,301.512,236,6,0,
5,13,bottom,host,279.48,172.896,56,9,0,
5,13,bottom,other,440.52,307.104,236,6,0,
5,14,bottom,host,287.77,167.304,56,9,0,
5,14,bottom,other,432.23,312.696,236,6,0,
5,15,bottom,host,296.06,161.712,56,9,0,
5,15,bottom,other,423.94,318.288,236,6,0,
5,16,bottom,host,304.35,156.12,56,9,0,
5,16,bottom,other,415.65,323.88,236,6,0,
5,17,bottom,host,312.64,150.528,56,9,0,
5,17,bottom,other,407.36,329.472,236,6,0,
5,18,bottom,host,320.93,144.936,56,9,0,
5,18,bottom,other,399.07,335.064,236,6,0,
5,19,bottom,host,329.22,139.344,56,9,0,
5,19,bottom,other,390.78,340.656,236,6,0,
5,20,bottom,host,337.51,133.752,56,9,0,
5,20,bottom,other,382.49,346.248,236,6,0,
5,21,bottom,host,345.8,128.16,56,10,0,
5,21,bottom,other,374.2,351.84,236,10,0,
5,22,bottom,host,345.8,128.16,56,10,0,
5,22,bottom,other,374.2,351.84,236,10,0,
5,23,bottom,host,345.8,128.16,56,10,0,
5,23,bottom,other,374.2,351.84,236,10,0,
6,1,top,host,180,240,124,10,0,
6,1,top,other,540,240,236,10,0,
6,2,top,host,188.29,245.592,124,10,0,
6,2,top,other,531.71,245.592,236,10,0,
6,3,top,host,196.58,251.184,124,10,0,
6,3,top,other,523.42,251.184,236,10,0,
6,4,top,host,204.87,256.776,124,10,0,
6,4,top,other,515.13,256.776,236,10,0,
6,5,top,host,213.16,262.368,124,10,0,
6,5,top,other,506.84,262.368,236,10,0,
6,6,top,host,221.45,267.96,124,10,0,
6,6,top,other,498.55,267.96,236,10,0,
6,7,top,host,229.74,273.552,124,10,0,
6,7,top,other,490.26,273.552,236,10,0,
6,8,top,host,238.03,279.144,124,10,0,
6,8,top,other,481.97,279.144,236,10,0,
6,9,top,host,246.32,284.736,124,10,0,
6,9,top,other,473.68,284.736,236,10,0,
6,10,top,host,254.61,290.328,124,10,0,
6,10,top,other,465.39,290.328,236,10,0,
6,11,top,host,262.9,295.92,124,10,0,
6,11,top,other,457.1,295.92,236,10,0,
6,12,top,host,271.19,301.512,124,10,0,
6,12,top,other,448.81,301.512,236,10,0,
6,13,top,host,279.48,307.104,124,10,0,
6,13,top,other,440.52,307.104,236,10,0,
6,14,top,host,287.77,312.696,124,10,0,
6,14,top,other,432.23,312.696,236,10,0,
6,15,top,host,296.06,318.288,124,10,0,
6,15,top,other,423.94,318.288,236,10,0,
6,16,top,host,304.35,323.88,124,10,0,
6,16,top,other,415.65,323.88,236,10,0,
6,17,top,host,312.64,329.472,124,10,0,
6,17,top,other,407.36,329.472,236,10,0,
6,18,top,host,320.93,335.064,124,10,0,
6,18,top,other,399.07,335.064,236,10,0,
6,19,top,host,329.22,340.656,124,10,0,
6,19,top,other,390.78,340.656,236,10,0,
6,20,top,host,337.51,346.248,124,10,0,
6,20,top,other,382.49,346.248,236,10,0,
6,21,top,host,345.8,351.84,124,10,0,
6,21,top,other,374.2,351.84,236,10,0,
6,22,top,host,345.8,351.84,124,10,0,
6,22,top,other,374.2,351.84,236,10,0,
6,23,top,host,345.8,351.84,124,10,0,
6,23,top,other,374.2,351.84,236,10,0,
7,1,bottom,host,180,240,124,10,0,
7,1,bottom,other,540,240,236,10,0,
7,2,bottom,host,188.29,245.592,124,10,0,
7,2,bottom,other,531.71,245.592,236,10,0,
7,3,bottom,host,196.58,251.184,124,10,0,
7,3,bottom,other,523.42,251.184,236,10,0,
7,4,bottom,host,204.87,256.776,124,10,0,
7,4,bottom,other,515.13,256.776,236,10,0,
7,5,bottom,host,213.16,262.368,124,10,0,
7,5,bottom,other,506.84,262.368,236,10,0,
7,6,bottom,host,221.45,267.96,124,10,0,
7,6,bottom,other,498.55,267.96,236,10,0,
7,7,bottom,host,229.74,273.552,124,10,0,
7,7,bottom,other,490.26,273.552,236,10,0,
7,8,bottom,host,238.03,279.144,124,10,0,
7,8,bottom,other,481.97,279.144,236,10,0,
7,9,bottom,host,246.32,284.736,124,10,0,
7,9,bottom,other,473.68,284.736,236,10,0,
7,10,bottom,host,254.61,290.328,124,10,0,
7,10,bottom,other,465.39,290.328,236,10,0,
7,11,bottom,host,262.9,295.92,124,10,0,
7,11,bottom,other,457.1,295.92,236,10,0,
7,12,bottom,host,271.19,301.512,124,10,0,
7,12,bottom,other,448.81,301.512,236,10,0,
7,13,bottom,host,279.48,307.104,124,10,0,
7,13,bottom,other,440.52,307.104,236,10,0,
7,14,bottom,host,287.77,312.696,124,10,0,
7,14,bottom,other,432.23,312.696,236,10,0,
7,15,bottom,host,296.06,318.288,124,10,0,
7,15,bottom,other,423.94,318.288,236,10,0,
7,16,bottom,host,304.35,323.88,124,10,0,
7,16,bottom,other,415.65,323.88,236,10,0,
7,17,bottom,host,312.64,329.472,124,10,0,
7,17,bottom,other,407.36,329.472,236,10,0,
7,18,bottom,host,320.93,335.064,124,10,0,
7,18,bottom,other,399.07,335.064,236,10,0,
7,19,bottom,host,329.22,340.656,124,10,0,
7,19,bottom,other,390.78,340.656,236,10,0,
7,20,bottom,host,337.51,346.248,124,10,0,
7,20,bottom,other,382.49,346.248,236,10,0,
7,21,bottom,other,374.2,351.84,236,10,0,
7,21,bottom,host,345.8,351.84,124,10,0,
7,22,bottom,host,345.8,351.84,124,10,0,
7,22,bottom,other,374.2,351.84,236,10,0,
7,23,bottom,host,345.8,351.84,124,10,0,
7,23,bottom,other,374.2,351.84,236,10,0,
8,1,bottom,host,180,240,124,10,0,
8,1,bottom,other,540,240,236,10,0,
8,2,bottom,host,188.29,245.592,124,10,0,
8,2,bottom,other,531.71,245.592,236,10,0,
8,3,bottom,host,196.58,251.184,124,10,0,
8,3,bottom,other,523.42,251.184,236,10,0,
8,4,bottom,host,204.87,256.776,124,10,0,
8,4,bottom,other,515.13,256.776,236,10,0,
8,5,bottom,host,213.16,262.368,124,10,0,
8,5,bottom,other,506.84,262.368,236,10,0,
8,6,bottom,host,221.45,267.96,124,10,0,
8,6,bottom,other,498.55,267.96,236,10,0,
8,7,bottom,host,229.74,273.552,124,10,0,
8,7,bottom,other,490.26,273.552,236,10,0,
8,8,bottom,host,238.03,279.144,124,10,0,
8,8,bottom,other,481.97,279.144,236,10,0,
8,9,bottom,host,246.32,284.736,124,10,0,
8,9,bottom,other,473.68,284.736,236,10,0,
8,10,bottom,host,254.61,290.328,124,10,0,
8,10,bottom,other,465.39,290.328,236,10,0,
8,11,bottom,host,262.9,295.92,124,10,0,
8,11,bottom,other,457.1,295.92,236,10,0,
8,12,bottom,host,271.19,301.512,124,10,0,
8,12,bottom,other,448.81,301.512,236,10,0,
8,13,bottom,host,279.48,307.104,124,10,0,
8,13,bottom,other,440.52,307.104,236,10,0,
8,14,bottom,host,287.77,312.696,124,10,0,
8,14,bottom,other,432.23,312.696,236,10,0,
8,15,bottom,host,296.06,318.288,124,10,0,
8,15,bottom,other,423.94,318.288,236,10,0,
8,16,bottom,host,304.35,323.88,124,10,0,
8,16,bottom,other,415.65,323.88,236,10,0,
8,17,bottom,host,312.64,329.472,124,10,0,
8,17,bottom,other,407.36,329.472,236,10,0,
8,18,bottom,host,320.93,335.064,124,10,0,
8,18,bottom,other,399.07,335.064,236,10,0,
8,19,bottom,host,329.22,340.656,124,10,0,
8,19,bottom,other,390.78,340.656,236,10,0,
8,20,bottom,host,337.51,346.248,124,10,0,
8,20,bottom,other,382.49,346.248,236,10,0,
8,21,bottom,host,345.8,351.84,124,10,0,
8,21,bottom,other,374.2,351.84,236,10,0,
8,22,bottom,host,345.8,351.84,124,10,0,
8,22,bottom,other,374.2,351.84,236,10,0,
8,23,bottom,host,345.8,351.84,124,10,0,
8,23,bottom,other,374.2,351.84,236,10,0,
9,1,top,host,180,240,56,10,0,
9,1,top,other,540,240,236,10,0,
9,2,top,host,188.29,234.408,56,10,0,
9,2,top,other,531.71,245.592,236,10,0,
9,3,top,host,196.58,228.816,56,10,0,
9,3,top,other,523.42,251.184,236,10,0,
9,4,top,host,204.87,223.224,56,10,0,
9,4,top,other,515.13,256.776,236,10,0,
9,5,top,host,213.16,217.632,56,10,0,
9,5,top,other,506.84,262.368,236,10,0,
9,6,top,host,221.45,212.04,56,10,0,
9,6,top,other,498.55,267.96,236,10,0,
9,7,top,host,229.74,206.448,56,10,0,
9,7,top,other,490.26,273.552,236,10,0,
9,8,top,host,238.03,200.856,56,10,0,
9,8,top,other,481.97,279.144,236,10,0,
9,9,top,host,246.32,195.264,56,10,0,
9,9,top,other,473.68,284.736,236,10,0,
9,10,top,host,254.61,189.672,56,10,0,
9,10,top,other,465.39,290.328,236,10,0,
9,11,top,host,262.9,184.08,56,10,0,
9,11,top,other,457.1,295.92,236,10,0,
9,12,top,host,271.19,178.488,56,10,0,
9,12,top,other,448.81,301.512,236,10,0,
9,13,top,host,279.48,172.896,56,10,0,
9,13,top,other,440.52,307.104,236,10,0,
9,14,top,host,287.77,167.304,56,10,0,
9,14,top,other,432.23,312.696,236,10,0,
9,15,top,host,296.06,161.712,56,10,0,
9,15,top,other,423.94,318.288,236,10,0,
9,16,top,host,304.35,156.12,56,10,0,
9,16,top,other,415.65,323.88,236,10,0,
9,17,top,host,312.64,150.528,56,10,0,
9,17,top,other,407.36,329.472,236,10,0,
9,18,top,host,320.93,144.936,56,10,0,
9,18,top,other,399.07,335.064,236,10,0,
9,19,top,host,329.22,139.344,56,10,0,
9,19,top,other,390.78,340.656,236,10,0,
9,20,top,host,337.51,133.752,56,10,0,
9,20,top,other,382.49,346.248,236,10,0,
9,21,top,host,345.8,128.16,56,14,0,
9,21,top,other,374.2,351.84,236,11,0,
9,22,top,host,345.8,128.16,56,14,0,
9,22,top,other,374.2,351.84,236,11,0,
9,23,top,host,345.8,128.16,56,14,0,
9,23,top,other,374.2,351.84,236,11,0,
10,1,bottom,host,180,240,56,14,0,
10,1,bottom,other,540,240,236,11,0,
10,2,bottom,host,188.29,234.408,56,14,0,
10,2,bottom,other,531.71,245.592,236,11,0,
10,3,bottom,host,196.58,228.816,56,14,0,
10,3,bottom,other,523.42,251.184,236,11,0,
10,4,bottom,host,204.87,223.224,56,14,0,
10,4,bottom,other,515.13,256.776,236,11,0,
10,5,bottom,host,213.16,217.632,56,14,0,
10,5,bottom,other,506.84,262.368,236,11,0,
10,6,bottom,host,221.45,212.04,56,14,0,
10,6,bottom,other,498.55,267.96,236,11,0,
10,7,bottom,host,229.74,206.448,56,14,0,
10,7,bottom,other,490.26,273.552,236,11,0,
10,8,bottom,host,238.03,200.856,56,14,0,
10,8,bottom,other,481.97,279.144,236,11,0,
10,9,bottom,host,246.32,195.264,56,14,0,
10,9,bottom,other,473.68,284.736,236,11,0,
10,10,bottom,host,254.61,189.672,56,14,0,
10,10,bottom,other,465.39,290.328,236,11,0,
10,11,bottom,host,262.9,184.08,56,14,0,
10,11,bottom,other,457.1,295.92,236,11,0,
10,12,bottom,host,271.19,178.488,56,14,0,
10,12,bottom,other,448.81,301.512,236,11,0,
10,13,bottom,host,279.48,172.896,56,14,0,
10,13,bottom,other,440.52,307.104,236,11,0,
10,14,bottom,host,287.77,167.304,56,14,0,
10,14,bottom,other,432.23,312.696,236,11,0,
10,15,bottom,host,296.06,161.712,56,14,0,
10,15,bottom,other,423.94,318.288,236,11,0,
10,16,bottom,host,304.35,156.12,56,14,0,
10,16,bottom,other,415.65,323.88,236,11,0,
10,17,bottom,host,312.64,150.528,56,14,0,
10,17,bottom,other,407.36,329.472,236,11,0,
10,18,bottom,host,320.93,144.936,56,14,0,
10,18,bottom,other,399.07,335.064,236,11,0,
10,19,bottom,host,329.22,139.344,56,14,0,
10,19,bottom,other,390.78,340.656,236,11,0,
10,20,bottom,host,337.51,133.752,56,14,0,
10,20,bottom,other,382.49,346.248,236,11,0,
10,21,bottom,host,345.8,128.16,56,15,0,
10,21,bottom,other,374.2,351.84,236,15,0,
10,22,bottom,host,345.8,128.16,56,15,0,
10,22,bottom,other,374.2,351.84,236,15,0,
10,23,bottom,host,345.8,128.16,56,15,0,
10,23,bottom,other,374.2,351.84,236,15,0,
11,1,bottom,host,180,240,56,15,0,
11,1,bottom,other,540,240,304,15,0,
11,2,bottom,host,188.29,234.408,56,15,0,
11,2,bottom,other,531.71,234.408,304,15,0,
11,3,bottom,host,196.58,228.816,56,15,0,
11,3,bottom,other,523.42,228.816,304,15,0,
11,4,bottom,host,204.87,223.224,56,15,0,
11,4,bottom,other,515.13,223.224,304,15,0,
11,5,bottom,host,213.16,217.632,56,15,0,
11,5,bottom,other,506.84,217.632,304,15,0,
11,6,bottom,host,221.45,212.04,56,15,0,
11,6,bottom,other,498.55,212.04,304,15,0,
11,7,bottom,host,229.74,206.448,56,15,0,
11,7,bottom,other,490.26,206.448,304,15,0,
11,8,bottom,host,238.03,200.856,56,15,0,
11,8,bottom,other,481.97,200.856,304,15,0,
11,9,bottom,host,246.32,195.264,56,15,0,
11,9,bottom,other,473.68,195.264,304,15,0,
11,10,bottom,host,254.61,189.672,56,15,0,
11,10,bottom,other,465.39,189.672,304,15,0,
11,11,bottom,host,262.9,184.08,56,15,0,
11,11,bottom,other,457.1,184.08,304,15,0,
11,12,bottom,host,271.19,178.488,56,15,0,
11,12,bottom,other,448.81,178.488,304,15,0,
11,13,bottom,host,279.48,172.896,56,15,0,
11,13,bottom,other,440.52,172.896,304,15,0,
11,14,bottom,host,287.77,167.304,56,15,0,
11,14,bottom,other,432.23,167.304,304,15,0,
11,15,bottom,host,296.06,161.712,56,15,0,
11,15,bottom,other,423.94,161.712,304,15,0,
11,16,bottom,host,304.35,156.12,56,15,0,
11,16,bottom,other,415.65,156.12,304,15,0,
11,17,bottom,host,312.64,150.528,56,15,0,
11,17,bottom,other,407.36,150.528,304,15,0,
11,18,bottom,host,320.93,144.936,56,15,0,
11,18,bottom,other,399.07,144.936,304,15,0,
11,19,bottom,host,329.22,139.344,56,15,0,
11,19,bottom,other,390.78,139.344,304,15,0,
11,20,bottom,host,337.51,133.752,56,15,0,
11,20,bottom,other,382.49,133.752,304,15,0,
11,21,bottom,host,345.8,128.16,56,15,0,
11,21,bottom,other,374.2,128.16,304,15,0,
11,22,bottom,host,345.8,128.16,56,15,0,
11,22,bottom,other,374.2,128.16,304,15,0,
11,23,bottom,host,345.8,128.16,56,15,0,
11,23,bottom,other,374.2,128.16,304,15,0,
12,1,top,host,180,240,56,15,0,
12,1,top,other,540,240,304,15,0,
12,2,top,host,188.29,234.408,56,15,0,
12,2,top,other,531.71,234.408,304,15,0,
12,3,top,host,196.58,228.816,56,15,0,
12,3,top,other,523.42,228.816,304,15,0,
12,4,top,host,204.87,223.224,56,15,0,
12,4,top,other,515.13,223.224,304,15,0,
12,5,top,host,213.16,217.632,56,15,0,
12,5,top,other,506.84,217.632,304,15,0,
12,6,top,host,221.45,212.04,56,15,0,
12,6,top,other,498.55,212.04,304,15,0,
12,7,top,host,229.74,206.448,56,15,0,
12,7,top,other,490.26,206.448,304,15,0,
12,8,top,host,238.03,200.856,56,15,0,
12,8,top,other,481.97,200.856,304,15,0,
12,9,top,host,246.32,195.264,56,15,0,
12,9,top,other,473.68,195.264,304,15,0,
12,10,top,host,254.61,189.672,56,15,0,
12,10,top,other,465.39,189.672,304,15,0,
12,11,top,host,262.9,184.08,56,15,0,
12,11,top,other,457.1,184.08,304,15,0,
12,12,top,host,271.19,178.488,56,15,0,
12,12,top,other,448.81,178.488,304,15,0,
12,13,top,host,279.48,172.896,56,15,0,
12,13,top,other,440.52,172.896,304,15,0,
12,14,top,host,287.77,167.304,56,15,0,
12,14,top,other,432.23,167.304,304,15,0,
12,15,top,host,296.06,161.712,56,15,0,
12,15,top,other,423.94,161.712,304,15,0,
12,16,top,host,304.35,156.12,56,15,0,
12,16,top,other,415.65,156.12,304,15,0,
12,17,top,host,312.64,150.528,56,15,0,
12,17,top,other,407.36,150.528,304,15,0,
12,18,top,host,320.93,144.936,56,15,0,
12,18,top,other,399.07,144.936,304,15,0,
12,19,top,host,329.22,139.344,56,15,0,
12,19,top,other,390.78,139.344,304,15,0,
12,20,top,host,337.51,133.752,56,15,0,
12,20,top,other,382.49,133.752,304,15,0,
12,21,top,host,345.8,128.16,56,15,0,
12,21,top,other,374.2,128.16,304,15,0,
12,22,top,host,345.8,128.16,56,15,0,
12,22,top,other,374.2,128.16,304,15,0,
12,23,top,host,345.8,128.16,56,15,0,
12,23,top,other,374.2,128.16,304,15,0,
13,1,top,host,180,240,56,15,0,
13,1,top,other,540,240,304,15,0,
13,2,top,host,188.29,234.408,56,15,0,
13,2,top,other,531.71,234.408,304,15,0,
13,3,top,host,196.58,228.816,56,15,0,
13,3,top,other,523.42,228.816,304,15,0,
13,4,top,host,204.87,223.224,56,15,0,
13,4,top,other,515.13,223.224,304,15,0,
13,5,top,host,213.16,217.632,56,15,0,
13,5,top,other,506.84,217.632,304,15,0,
13,6,top,host,221.45,212.04,56,15,0,
13,6,top,other,498.55,212.04,304,15,0,
13,7,top,host,229.74,206.448,56,15,0,
13,7,top,other,490.26,206.448,304,15,0,
13,8,top,host,238.03,200.856,56,15,0,
13,8,top,other,481.97,200.856,304,15,0,
13,9,top,host,246.32,195.264,56,15,0,
13,9,top,other,473.68,195.264,304,15,0,
13,10,top,host,254.61,189.672,56,15,0,
13,10,top,other,465.39,189.672,304,15,0,
13,11,top,host,262.9,184.08,56,15,0,
13,11,top,other,457.1,184.08,304,15,0,
13,12,top,host,271.19,178.488,56,15,0,
13,12,top,other,448.81,178.488,304,15,0,
13,13,top,host,279.48,172.896,56,15,0,
13,13,top,other,440.52,172.896,304,15,0,
13,14,top,host,287.77,167.304,56,15,0,
13,14,top,other,432.23,167.304,304,15,0,
13,15,top,host,296.06,161.712,56,15,0,
13,15,top,other,423.94,161.712,304,15,0,
13,16,top,host,304.35,156.12,56,15,0,
13,16,top,other,415.65,156.12,304,15,0,
13,17,top,host,312.64,150.528,56,15,0,
13,17,top,other,407.36,150.528,304,15,0,
13,18,top,host,320.93,144.936,56,15,0,
13,18,top,other,399.07,144.936,304,15,0,
13,19,top,host,329.22,139.344,56,15,0,
13,19,top,other,390.78,139.344,304,15,0,
13,20,top,host,337.51,133.752,56,15,0,
13,20,top,other,382.49,133.752,304,15,0,
13,21,top,host,345.8,128.16,56,15,0,
13,21,top,other,374.2,128.16,304,15,0,
13,22,top,host,345.8,128.16,56,15,0,
13,22,top,other,374.2,128.16,304,15,0,
13,23,top,host,345.8,128.16,56,15,0,
13,23,top,other,374.2,128.16,304,15,0,
14,1,top,host,180,240,124,15,0,
14,1,top,other,540,240,304,15,0,
14,2,top,host,188.29,245.592,124,15,0,
14,2,top,other,531.71,234.408,304,15,0,
14,3,top,host,196.58,251.184,124,15,0,
14,3,top,other,523.42,228.816,304,15,0,
14,4,top,host,204.87,256.776,124,15,0,
14,4,top,other,515.13,223.224,304,15,0,
14,5,top,host,213.16,262.368,124,15,0,
14,5,top,other,506.84,217.632,304,15,0,
14,6,top,host,221.45,267.96,124,15,0,
14,6,top,other,498.55,212.04,304,15,0,
14,7,top,host,229.74,273.552,124,15,0,
14,7,top,other,490.26,206.448,304,15,0,
14,8,top,host,238.03,279.144,124,15,0,
14,8,top,other,481.97,200.856,304,15,0,
14,9,top,host,246.32,284.736,124,15,0,
14,9,top,other,473.68,195.264,304,15,0,
14,10,top,host,254.61,290.328,124,15,0,
14,10,top,other,465.39,189.672,304,15,0,
14,11,top,host,262.9,295.92,124,15,0,
14,11,top,other,457.1,184.08,304,15,0,
14,12,top,host,271.19,301.512,124,15,0,
14,12,top,other,448.81,178.488,304,15,0,
14,13,top,host,279.48,307.104,124,15,0,
14,13,top,other,440.52,172.896,304,15,0,
14,14,top,host,287.77,312.696,124,15,0,
14,14,top,other,432.23,167.304,304,15,0,
14,15,top,host,296.06,318.288,124,15,0,
14,15,top,other,423.94,161.712,304,15,0,
14,16,top,host,304.35,323.88,124,15,0,
14,16,top,other,415.65,156.12,304,15,0,
14,17,top,host,312.64,329.472,124,15,0,
14,17,top,other,407.36,150.528,304,15,0,
14,18,top,host,320.93,335.064,124,15,0,
14,18,top,other,399.07,144.936,304,15,0,
14,19,top,host,329.22,340.656,124,15,0,
14,19,top,other,390.78,139.344,304,15,0,
14,20,top,host,337.51,346.248,124,15,0,
14,20,top,other,382.49,133.752,304,15,0,
14,21,top,host,345.8,351.84,124,16,0,
14,21,top,other,374.2,128.16,304,19,0,
14,22,top,host,345.8,351.84,124,16,0,
14,22,top,other,374.2,128.16,304,19,0,
14,23,top,host,345.8,351.84,124,16,0,
14,23,top,other,374.2,128.16,304,19,0,
15,1,bottom,host,180,240,124,16,0,
15,1,bottom,other,540,240,304,19,0,
15,2,bottom,host,188.29,245.592,124,16,0,
15,2,bottom,other,531.71,234.408,304,19,0,
15,3,bottom,host,196.58,251.184,124,16,0,
15,3,bottom,other,523.42,228.816,304,19,0,
15,4,bottom,host,204.87,256.776,124,16,0,
15,4,bottom,other,515.13,223.224,304,19,0,
15,5,bottom,host,213.16,262.368,124,16,0,
15,5,bottom,other,506.84,217.632,304,19,0,
15,6,bottom,host,221.45,267.96,124,16,0,
15,6,bottom,other,498.55,212.04,304,19,0,
15,7,bottom,host,229.74,273.552,124,16,0,
15,7,bottom,other,490.26,206.448,304,19,0,
15,8,bottom,host,238.03,279.144,124,16,0,
15,8,bottom,other,481.97,200.856,304,19,0,
15,9,bottom,host,246.32,284.736,124,16,0,
15,9,bottom,other,473.68,195.264,304,19,0,
15,10,bottom,host,254.61,290.328,124,16,0,
15,10,bottom,other,465.39,189.672,304,19,0,
15,11,bottom,host,262.9,295.92,124,16,0,
15,11,bottom,other,457.1,184.08,304,19,0,
15,12,bottom,host,271.19,301.512,124,16,0,
15,12,bottom,other,448.81,178.488,304,19,0,
15,13,bottom,host,279.48,307.104,124,16,0,
15,13,bottom,other,440.52,172.896,304,19,0,
15,14,bottom,host,287.77,312.696,124,16,0,
15,14,bottom,other,432.23,167.304,304,19,0,
15,15,bottom,host,296.06,318.288,124,16,0,
15,15,bottom,other,423.94,161.712,304,19,0,
15,16,bottom,host,304.35,323.88,124,16,0,
15,16,bottom,other,415.65,156.12,304,19,0,
15,17,bottom,host,312.64,329.472,124,16,0,
15,17,bottom,other,407.36,150.528,304,19,0,
15,18,bottom,host,320.93,335.064,124,16,0,
15,18,bottom,other,399.07,144.936,304,19,0,
15,19,bottom,host,329.22,340.656,124,16,0,
15,19,bottom,other,390.78,139.344,304,19,0,
15,20,bottom,host,337.51,346.248,124,16,0,
15,20,bottom,other,382.49,133.752,304,19,0,
15,21,bottom,host,345.8,351.84,124,20,0,
15,21,bottom,other,374.2,128.16,304,20,0,
15,22,bottom,host,345.8,351.84,124,20,0,
15,22,bottom,other,374.2,128.16,304,20,0,
15,23,bottom,host,345.8,351.84,124,20,0,
15,23,bottom,other,374.2,128.16,304,20,0,
16,1,top,host,180,240,124,20,0,
16,1,top,other,540,240,304,20,0,
16,2,top,host,188.29,245.592,124,20,0,
16,2,top,other,531.71,234.408,304,20,0,
16,3,top,host,196.58,251.184,124,20,0,
16,3,top,other,523.42,228.816,304,20,0,
16,4,top,host,204.87,256.776,124,20,0,
16,4,top,other,515.13,223.224,304,20,0,
16,5,top,host,213.16,262.368,124,20,0,
16,5,top,other,506.84,217.632,304,20,0,
16,6,top,host,221.45,267.96,124,20,0,
16,6,top,other,498.55,212.04,304,20,0,
16,7,top,host,229.74,273.552,124,20,0,
16,7,top,other,490.26,206.448,304,20,0,
16,8,top,host,238.03,279.144,124,20,0,
16,8,top,other,481.97,200.856,304,20,0,
16,9,top,host,246.32,284.736,124,20,0,
16,9,top,other,473.68,195.264,304,20,0,
16,10,top,host,254.61,290.328,124,20,0,
16,10,top,other,465.39,189.672,304,20,0,
16,11,top,host,262.9,295.92,124,20,0,
16,11,top,other,457.1,184.08,304,20,0,
16,12,top,host,271.19,301.512,124,20,0,
16,12,top,other,448.81,178.488,304,20,0,
16,13,top,host,279.48,307.104,124,20,0,
16,13,top,other,440.52,172.896,304,20,0,
16,14,top,host,287.77,312.696,124,20,0,
16,14,top,other,432.23,167.304,304,20,0,
16,15,top,host,296.06,318.288,124,20,0,
16,15,top,other,423.94,161.712,304,20,0,
16,16,top,host,304.35,323.88,124,20,0,
16,16,top,other,415.65,156.12,304,20,0,
16,17,top,host,312.64,329.472,124,20,0,
16,17,top,other,407.36,150.528,304,20,0,
16,18,top,host,320.93,335.064,124,20,0,
16,18,top,other,399.07,144.936,304,20,0,
16,19,top,host,329.22,340.656,124,20,0,
16,19,top,other,390.78,139.344,304,20,0,
16,20,top,host,337.51,346.248,124,20,0,
16,20,top,other,382.49,133.752,304,20,0,
16,21,top,host,345.8,351.84,124,21,0,
16,21,top,other,374.2,128.16,304,24,0,
16,22,top,host,345.8,351.84,124,21,0,
16,22,top,other,374.2,128.16,304,24,0,
16,23,top,host,345.8,351.84,124,21,0,
16,23,top,other,374.2,128.16,304,24,0,
17,1,bottom,host,180,240,124,21,0,
17,1,bottom,other,540,240,304,24,0,
17,2,bottom,host,188.29,245.592,124,21,0,
17,2,bottom,other,531.71,234.408,304,24,0,
17,3,bottom,host,196.58,251.184,124,21,0,
17,3,bottom,other,523.42,228.816,304,24,0,
17,4,bottom,host,204.87,256.776,124,21,0,
17,4,bottom,other,515.13,223.224,304,24,0,
17,5,bottom,host,213.16,262.368,124,21,0,
17,5,bottom,other,506.84,217.632,304,24,0,
17,6,bottom,host,221.45,267.96,124,21,0,
17,6,bottom,other,498.55,212.04,304,24,0,
17,7,bottom,host,229.74,273.552,124,21,0,
17,7,bottom,other,490.26,206.448,304,24,0,
17,8,bottom,host,238.03,279.144,124,21,0,
17,8,bottom,other,481.97,200.856,304,24,0,
17,9,bottom,host,246.32,284.736,124,21,0,
17,9,bottom,other,473.68,195.264,304,24,0,
17,10,bottom,host,254.61,290.328,124,21,0,
17,10,bottom,other,465.39,189.672,304,24,0,
17,11,bottom,host,262.9,295.92,124,21,0,
17,11,bottom,other,457.1,184.08,304,24,0,
17,12,bottom,host,271.19,301.512,124,21,0,
17,12,bottom,other,448.81,178.488,304,24,0,
17,13,bottom,host,279.48,307.104,124,21,0,
17,13,bottom,other,440.52,172.896,304,24,0,
17,14,bottom,host,287.77,312.696,124,21,0,
17,14,bottom,other,432.23,167.304,304,24,0,
17,15,bottom,host,296.06,318.288,124,21,0,
17,15,bottom,other,423.94,161.712,304,24,0,
17,16,bottom,host,304.35,323.88,124,21,0,
17,16,bottom,other,415.65,156.12,304,24,0,
17,17,bottom,host,312.64,329.472,124,21,0,
17,17,bottom,other,407.36,150.528,304,24,0,
17,18,bottom,host,320.93,335.064,124,21,0,
17,18,bottom,other,399.07,144.936,304,24,0,
17,19,bottom,host,329.22,340.656,124,21,0,
17,19,bottom,other,390.78,139.344,304,24,0,
17,20,bottom,host,337.51,346.248,124,21,0,
17,20,bottom,other,382.49,133.752,304,24,0,
17,21,bottom,host,345.8,351.84,124,25,0,
17,21,bottom,other,374.2,128.16,304,25,0,
17,22,bottom,host,345.8,351.84,124,25,0,
17,22,bottom,other,374.2,128.16,304,25,0,
17,23,bottom,host,345.8,351.84,124,25,0,
17,23,bottom,other,374.2,128.16,304,25,0,
18,1,bottom,host,180,240,124,25,0,
18,1,bottom,other,540,240,304,25,0,
18,2,bottom,host,188.29,245.592,124,25,0,
18,2,bottom,other,531.71,234.408,304,25,0,
18,3,bottom,host,196.58,251.184,124,25,0,
18,3,bottom,other,523.42,228.816,304,25,0,
18,4,bottom,host,204.87,256.776,124,25,0,
18,4,bottom,other,515.13,223.224,304,25,0,
18,5,bottom,host,213.16,262.368,124,25,0,
18,5,bottom,other,506.84,217.632,304,25,0,
18,6,bottom,host,221.45,267.96,124,25,0,
18,6,bottom,other,498.55,212.04,304,25,0,
18,7,bottom,host,229.74,273.552,124,25,0,
18,7,bottom,other,490.26,206.448,304,25,0,
18,8,bottom,host,238.03,279.144,124,25,0,
18,8,bottom,other,481.97,200.856,304,25,0,
18,9,bottom,host,246.32,284.736,124,25,0,
18,9,bottom,other,473.68,195.264,304,25,0,
18,10,bottom,host,254.61,290.328,124,25,0,
18,10,bottom,other,465.39,189.672,304,25,0,
18,11,bottom,host,262.9,295.92,124,25,0,
18,11,bottom,other,457.1,184.08,304,25,0,
18,12,bottom,host,271.19,301.512,124,25,0,
18,12,bottom,other,448.81,178.488,304,25,0,
18,13,bottom,host,279.48,307.104,124,25,0,
18,13,bottom,other,440.52,172.896,304,25,0,
18,14,bottom,host,287.77,312.696,124,25,0,
18,14,bottom,other,432.23,167.304,304,25,0,
18,15,bottom,host,296.06,318.288,124,25,0,
18,15,bottom,other,423.94,161.712,304,25,0,
18,16,bottom,host,304.35,323.88,124,25,0,
18,16,bottom,other,415.65,156.12,304,25,0,
18,17,bottom,host,312.64,329.472,124,25,0,
18,17,bottom,other,407.36,150.528,304,25,0,
18,18,bottom,host,320.93,335.064,124,25,0,
18,18,bottom,other,399.07,144.936,304,25,0,
18,19,bottom,host,329.22,340.656,124,25,0,
18,19,bottom,other,390.78,139.344,304,25,0,
18,20,bottom,host,337.51,346.248,124,25,0,
18,20,bottom,other,382.49,133.752,304,25,0,
18,21,bottom,host,345.8,351.84,124,29,0,
18,21,bottom,other,374.2,128.16,304,26,0,
18,22,bottom,host,345.8,351.84,124,29,0,
18,22,bottom,other,374.2,128.16,304,26,0,
18,23,bottom,host,345.8,351.84,124,29,0,
18,23,bottom,other,374.2,128.16,304,26,0,
19,1,bottom,host,180,240,124,29,0,
19,1,bottom,other,540,240,304,26,0,
19,2,bottom,host,188.29,245.592,124,29,0,
19,2,bottom,other,531.71,234.408,304,26,0,
19,3,bottom,host,196.58,251.184,124,29,0,
19,3,bottom,other,523.42,228.816,304,26,0,
19,4,bottom,host,204.87,256.776,124,29,0,
19,4,bottom,other,515.13,223.224,304,26,0,
19,5,bottom,host,213.16,262.368,124,29,0,
19,5,bottom,other,506.84,217.632,304,26,0,
19,6,bottom,host,221.45,267.96,124,29,0,
19,6,bottom,other,498.55,212.04,304,26,0,
19,7,bottom,host,229.74,273.552,124,29,0,
19,7,bottom,other,490.26,206.448,304,26,0,
19,8,bottom,host,238.03,279.144,124,29,0,
19,8,bottom,other,481.97,200.856,304,26,0,
19,9,bottom,host,246.32,284.736,124,29,0,
19,9,bottom,other,473.68,195.264,304,26,0,
19,10,bottom,host,254.61,290.328,124,29,0,
19,10,bottom,other,465.39,189.672,304,26,0,
19,11,bottom,host,262.9,295.92,124,29,0,
19,11,bottom,other,457.1,184.08,304,26,0,
19,12,bottom,host,271.19,301.512,124,29,0,
19,12,bottom,other,448.81,178.488,304,26,0,
19,13,bottom,host,279.48,307.104,124,29,0,
19,13,bottom,other,440.52,172.896,304,26,0,
19,14,bottom,host,287.77,312.696,124,29,0,
19,14,bottom,other,432.23,167.304,304,26,0,
19,15,bottom,host,296.06,318.288,124,29,0,
19,15,bottom,other,423.94,161.712,304,26,0,
19,16,bottom,host,304.35,323.88,124,29,0,
19,16,bottom,other,415.65,156.12,304,26,0,
19,17,bottom,host,312.64,329.472,124,29,0,
19,17,bottom,other,407.36,150.528,304,26,0,
19,18,bottom,host,320.93,335.064,124,29,0,
19,18,bottom,other,399.07,144.936,304,26,0,
19,19,bottom,host,329.22,340.656,124,29,0,
19,19,bottom,other,390.78,139.344,304,26,0,
19,20,bottom,host,337.51,346.248,124,29,0,
19,20,bottom,other,382.49,133.752,304,26,0,
19,21,bottom,host,345.8,351.84,124,33,0,
19,21,bottom,other,374.2,128.16,304,27,0,
19,22,bottom,host,345.8,351.84,124,33,0,
19,22,bottom,other,374.2,128.16,304,27,0,
19,23,bottom,host,345.8,351.84,124,33,0,
19,23,bottom,other,374.2,128.16,304,27,0,
20,1,top,host,180,240,124,33,0,
20,1,top,other,540,240,304,27,0,
20,2,top,host,188.29,245.592,124,33,0,
20,2,top,other,531.71,234.408,304,27,0,
20,3,top,host,196.58,251.184,124,33,0,
20,3,top,other,523.42,228.816,304,27,0,
20,4,top,host,204.87,256.776,124,33,0,
20,4,top,other,515.13,223.224,304,27,0,
20,5,top,host,213.16,262.368,124,33,0,
20,5,top,other,506.84,217.632,304,27,0,
20,6,top,host,221.45,267.96,124,33,0,
20,6,top,other,498.55,212.04,304,27,0,
20,7,top,host,229.74,273.552,124,33,0,
20,7,top,other,490.26,206.448,304,27,0,
20,8,top,host,238.03,279.144,124,33,0,
20,8,top,other,481.97,200.856,304,27,0,
20,9,top,host,246.32,284.736,124,33,0,
20,9,top,other,473.68,195.264,304,27,0,
20,10,top,host,254.61,290.328,124,33,0,
20,10,top,other,465.39,189.672,304,27,0,
20,11,top,host,262.9,295.92,124,33,0,
20,11,top,other,457.1,184.08,304,27,0,
20,12,top,host,271.19,301.512,124,33,0,
20,12,top,other,448.81,178.488,304,27,0,
20,13,top,host,279.48,307.104,124,33,0,
20,13,top,other,440.52,172.896,304,27,0,
20,14,top,host,287.77,312.696,124,33,0,
20,14,top,other,432.23,167.304,304,27,0,
20,15,top,host,296.06,318.288,124,33,0,
20,15,top,other,423.94,161.712,304,27,0,
20,16,top,host,304.35,323.88,124,33,0,
20,16,top,other,415.65,156.12,304,27,0,
20,17,top,host,312.64,329.472,124,33,0,
20,17,top,other,407.36,150.528,304,27,0,
20,18,top,host,320.93,335.064,124,33,0,
20,18,top,other,399.07,144.936,304,27,0,
20,19,top,host,329.22,340.656,124,33,0,
20,19,top,other,390.78,139.344,304,27,0,
20,20,top,host,337.51,346.248,124,33,0,
20,20,top,other,382.49,133.752,304,27,0,
20,21,top,host,345.8,351.84,124,34,0,
20,21,top,other,374.2,128.16,304,31,0,
20,22,top,host,345.8,351.84,124,34,0,
20,22,top,other,374.2,128.16,304,31,0,
20,23,top,host,345.8,351.84,124,34,0,
20,23,top,other,374.2,128.16,304,31,0,
21,1,bottom,host,180,240,124,34,0,
21,1,bottom,other,540,240,304,31,0,
21,2,bottom,host,188.29,245.592,124,34,0,
21,2,bottom,other,531.71,234.408,304,31,0,
21,3,bottom,host,196.58,251.184,124,34,0,
21,3,bottom,other,523.42,228.816,304,31,0,
21,4,bottom,host,204.87,256.776,124,34,0,
21,4,bottom,other,515.13,223.224,304,31,0,
21,5,bottom,host,213.16,262.368,124,34,0,
21,5,bottom,other,506.84,217.632,304,31,0,
21,6,bottom,host,221.45,267.96,124,34,0,
21,6,bottom,other,498.55,212.04,304,31,0,
21,7,bottom,host,229.74,273.552,124,34,0,
21,7,bottom,other,490.26,206.448,304,31,0,
21,8,bottom,host,238.03,279.144,124,34,0,
21,8,bottom,other,481.97,200.856,304,31,0,
21,9,bottom,host,246.32,284.736,124,34,0,
21,9,bottom,other,473.68,195.264,304,31,0,
21,10,bottom,host,254.61,290.328,124,34,0,
21,10,bottom,other,465.39,189.672,304,31,0,
21,11,bottom,host,262.9,295.92,124,34,0,
21,11,bottom,other,457.1,184.08,304,31,0,
21,12,bottom,host,271.19,301.512,124,34,0,
21,12,bottom,other,448.81,178.488,304,31,0,
21,13,bottom,host,279.48,307.104,124,34,0,
21,13,bottom,other,440.52,172.896,304,31,0,
21,14,bottom,host,287.77,312.696,124,34,0,
21,14,bottom,other,432.23,167.304,304,31,0,
21,15,bottom,host,296.06,318.288,124,34,0,
21,15,bottom,other,423.94,161.712,304,31,0,
21,16,bottom,host,304.35,323.88,124,34,0,
21,16,bottom,other,415.65,156.12,304,31,0,
21,17,bottom,host,312.64,329.472,124,34,0,
21,17,bottom,other,407.36,150.528,304,31,0,
21,18,bottom,host,320.93,335.064,124,34,0,
21,18,bottom,other,399.07,144.936,304,31,0,
21,19,bottom,host,329.22,340.656,124,34,0,
21,19,bottom,other,390.78,139.344,304,31,0,
21,20,bottom,host,337.51,346.248,124,34,0,
21,20,bottom,other,382.49,133.752,304,31,0,
21,21,bottom,host,345.8,351.84,124,38,0,
21,21,bottom,other,374.2,128.16,304,32,0,
21,22,bottom,host,345.8,351.84,124,38,0,
21,22,bottom,other,374.2,128.16,304,32,0,
21,23,bottom,host,345.8,351.84,124,38,0,
21,23,bottom,other,374.2,128.16,304,32,0,
22,1,bottom,host,180,240,124,38,0,
22,1,bottom,other,540,240,304,32,0,
22,2,bottom,host,188.29,245.592,124,38,0,
22,2,bottom,other,531.71,234.408,304,32,0,
22,3,bottom,host,196.58,251.184,124,38,0,
22,3,bottom,other,523.42,228.816,304,32,0,
22,4,bottom,host,204.87,256.776,124,38,0,
22,4,bottom,other,515.13,223.224,304,32,0,
22,5,bottom,host,213.16,262.368,124,38,0,
22,5,bottom,other,506.84,217.632,304,32,0,
22,6,bottom,host,221.45,267.96,124,38,0,
22,6,bottom,other,498.55,212.04,304,32,0,
22,7,bottom,host,229.74,273.552,124,38,0,
22,7,bottom,other,490.26,206.448,304,32,0,
22,8,bottom,host,238.03,279.144,124,38,0,
22,8,bottom,other,481.97,200.856,304,32,0,
22,9,bottom,host,246.32,284.736,124,38,0,
22,9,bottom,other,473.68,195.264,304,32,0,
22,10,bottom,host,254.61,290.328,124,38,0,
22,10,bottom,other,465.39,189.672,304,32,0,
22,11,bottom,host,262.9,295.92,124,38,0,
22,11,bottom,other,457.1,184.08,304,32,0,
22,12,bottom,host,271.19,301.512,124,38,0,
22,12,bottom,other,448.81,178.488,304,32,0,
22,13,bottom,host,279.48,307.104,124,38,0,
22,13,bottom,other,440.52,172.896,304,32,0,
22,14,bottom,host,287.77,312.696,124,38,0,
22,14,bottom,other,432.23,167.304,304,32,0,
22,15,bottom,host,296.06,318.288,124,38,0,
22,15,bottom,other,423.94,161.712,304,32,0,
22,16,bottom,host,304.35,323.88,124,38,0,
22,16,bottom,other,415.65,156.12,304,32,0,
22,17,bottom,host,312.64,329.472,124,38,0,
22,17,bottom,other,407.36,150.528,304,32,0,
22,18,bottom,host,320.93,335.064,124,38,0,
22,18,bottom,other,399.07,144.936,304,32,0,
22,19,bottom,host,329.22,340.656,124,38,0,
22,19,bottom,other,390.78,139.344,304,32,0,
22,20,bottom,host,337.51,346.248,124,38,0,
22,20,bottom,other,382.49,133.752,304,32,0,
22,21,bottom,host,345.8,351.84,124,42,0,
22,21,bottom,other,374.2,128.16,304,33,0,
22,22,bottom,host,345.8,351.84,124,42,0,
22,22,bottom,other,374.2,128.16,304,33,0,
22,23,bottom,host,345.8,351.84,124,42,0,
22,23,bottom,other,374.2,128.16,304,33,0,
23,1,bottom,host,180,240,124,42,0,
23,1,bottom,other,540,240,304,33,0,
23,2,bottom,host,188.29,245.592,124,42,0,
23,2,bottom,other,531.71,234.408,304,33,0,
23,3,bottom,host,196.58,251.184,124,42,0,
23,3,bottom,other,523.42,228.816,304,33,0,
23,4,bottom,host,204.87,256.776,124,42,0,
23,4,bottom,other,515.13,223.224,304,33,0,
23,5,bottom,host,213.16,262.368,124,42,0,
23,5,bottom,other,506.84,217.632,304,33,0,
23,6,bottom,host,221.45,267.96,124,42,0,
23,6,bottom,other,498.55,212.04,304,33,0,
23,7,bottom,host,229.74,273.552,124,42,0,
23,7,bottom,other,490.26,206.448,304,33,0,
23,8,bottom,host,238.03,279.144,124,42,0,
23,8,bottom,other,481.97,200.856,304,33,0,
23,9,bottom,host,246.32,284.736,124,42,0,
23,9,bottom,other,473.68,195.264,304,33,0,
23,10,bottom,host,254.61,290.328,124,42,0,
23,10,bottom,other,465.39,189.672,304,33,0,
23,11,bottom,host,262.9,295.92,124,42,0,
23,11,bottom,other,457.1,184.08,304,33,0,
23,12,bottom,host,271.19,301.512,124,42,0,
23,12,bottom,other,448.81,178.488,304,33,0,
23,13,bottom,host,279.48,307.104,124,42,0,
23,13,bottom,other,440.52,172.896,304,33,0,
23,14,bottom,host,287.77,312.696,124,42,0,
23,14,bottom,other,432.23,167.304,304,33,0,
23,15,bottom,host,296.06,318.288,124,42,0,
23,15,bottom,other,423.94,161.712,304,33,0,
23,16,bottom,host,304.35,323.88,124,42,0,
23,16,bottom,other,415.65,156.12,304,33,0,
23,17,bottom,host,312.64,329.472,124,42,0,
23,17,bottom,other,407.36,150.528,304,33,0,
23,18,bottom,host,320.93,335.064,124,42,0,
23,18,bottom,other,399.07,144.936,304,33,0,
23,19,bottom,host,329.22,340.656,124,42,0,
23,19,bottom,other,390.78,139.344,304,33,0,
23,20,bottom,host,337.51,346.248,124,42,0,
23,20,bottom,other,382.49,133.752,304,33,0,
23,21,bottom,host,345.8,351.84,124,46,0,
23,21,bottom,other,374.2,128.16,304,34,0,
23,22,bottom,host,345.8,351.84,124,46,0,
23,22,bottom,other,374.2,128.16,304,34,0,
23,23,bottom,host,345.8,351.84,124,46,0,
23,23,bottom,other,374.2,128.16,304,34,0,
24,1,top,host,180,240,124,46,0,
24,1,top,other,540,240,304,34,0,
24,2,top,host,188.29,245.592,124,46,0,
24,2,top,other,531.71,234.408,304,34,0,
24,3,top,host,196.58,251.184,124,46,0,
24,3,top,other,523.42,228.816,304,34,0,
24,4,top,host,204.87,256.776,124,46,0,
24,4,top,other,515.13,223.224,304,34,0,
24,5,top,host,213.16,262.368,124,46,0,
24,5,top,other,506.84,217.632,304,34,0,
24,6,top,host,221.45,267.96,124,46,0,
24,6,top,other,498.55,212.04,304,34,0,
24,7,top,host,229.74,273.552,124,46,0,
24,7,top,other,490.26,206.448,304,34,0,
24,8,top,host,238.03,279.144,124,46,0,
24,8,top,other,481.97,200.856,304,34,0,
24,9,top,host,246.32,284.736,124,46,0,
24,9,top,other,473.68,195.264,304,34,0,
24,10,top,host,254.61,290.328,124,46,0,
24,10,top,other,465.39,189.672,304,34,0,
24,11,top,host,262.9,295.92,124,46,0,
24,11,top,other,457.1,184.08,304,34,0,
24,12,top,host,271.19,301.512,124,46,0,
24,12,top,other,448.81,178.488,304,34,0,
24,13,top,host,279.48,307.104,124,46,0,
24,13,top,other,440.52,172.896,304,34,0,
24,14,top,host,287.77,312.696,124,46,0,
24,14,top,other,432.23,167.304,304,34,0,
24,15,top,host,296.06,318.288,124,46,0,
24,15,top,other,423.94,161.712,304,34,0,
24,16,top,host,304.35,323.88,124,46,0,
24,16,top,other,415.65,156.12,304,34,0,
24,17,top,host,312.64,329.472,124,46,0,
24,17,top,other,407.36,150.528,304,34,0,
24,18,top,host,320.93,335.064,124,46,0,
24,18,top,other,399.07,144.936,304,34,0,
24,19,top,host,329.22,340.656,124,46,0,
24,19,top,other,390.78,139.344,304,34,0,
24,20,top,host,337.51,346.248,124,46,0,
24,20,top,other,382.49,133.752,304,34,0,
24,21,top,host,345.8,351.84,124,47,0,
24,21,top,other,374.2,128.16,304,38,0,
24,22,top,host,345.8,351.84,124,47,0,
24,22,top,other,374.2,128.16,304,38,0,
24,23,top,host,345.8,351.84,124,47,0,
24,23,top,other,374.2,128.16,304,38,0,
25,1,top,host,180,240,124,47,0,
25,1,top,other,540,240,304,38,0,
25,2,top,host,188.29,245.592,124,47,0,
25,2,top,other,531.71,234.408,304,38,0,
25,3,top,host,196.58,251.184,124,47,0,
25,3,top,other,523.42,228.816,304,38,0,
25,4,top,host,204.87,256.776,124,47,0,
25,4,top,other,515.13,223.224,304,38,0,
25,5,top,host,213.16,262.368,124,47,0,
25,5,top,other,506.84,217.632,304,38,0,
25,6,top,host,221.45,267.96,124,47,0,
25,6,top,other,498.55,212.04,304,38,0,
25,7,top,host,229.74,273.552,124,47,0,
25,7,top,other,490.26,206.448,304,38,0,
25,8,top,host,238.03,279.144,124,47,0,
25,8,top,other,481.97,200.856,304,38,0,
25,9,top,host,246.32,284.736,124,47,0,
25,9,top,other,473.68,195.264,304,38,0,
25,10,top,host,254.61,290.328,124,47,0,
25,10,top,other,465.39,189.672,304,38,0,
25,11,top,host,262.9,295.92,124,47,0,
25,11,top,other,457.1,184.08,304,38,0,
25,12,top,host,271.19,301.512,124,47,0,
25,12,top,other,448.81,178.488,304,38,0,
25,13,top,host,279.48,307.104,124,47,0,
25,13,top,other,440.52,172.896,304,38,0,
25,14,top,host,287.77,312.696,124,47,0,
25,14,top,other,432.23,167.304,304,38,0,
25,15,top,host,296.06,318.288,124,47,0,
25,15,top,other,423.94,161.712,304,38,0,
25,16,top,host,304.35,323.88,124,47,0,
25,16,top,other,415.65,156.12,304,38,0,
25,17,top,host,312.64,329.472,124,47,0,
25,17,top,other,407.36,150.528,304,38,0,
25,18,top,host,320.93,335.064,124,47,0,
25,18,top,other,399.07,144.936,304,38,0,
25,19,top,host,329.22,340.656,124,47,0,
25,19,top,other,390.78,139.344,304,38,0,
25,20,top,host,337.51,346.248,124,47,0,
25,20,top,other,382.49,133.752,304,38,0,
25,21,top,host,345.8,351.84,124,48,0,
25,21,top,other,374.2,128.16,304,42,0,
25,22,top,host,345.8,351.84,124,48,0,
25,22,top,other,374.2,128.16,304,42,0,
25,23,top,host,345.8,351.84,124,48,0,
25,23,top,other,374.2,128.16,304,42,0,
26,1,bottom,host,180,240,124,48,0,
26,1,bottom,other,540,240,304,42,0,
26,2,bottom,host,188.29,245.592,124,48,0,
26,2,bottom,other,531.71,234.408,304,42,0,
26,3,bottom,host,196.58,251.184,124,48,0,
26,3,bottom,other,523.42,228.816,304,42,0,
26,4,bottom,host,204.87,256.776,124,48,0,
26,4,bottom,other,515.13,223.224,304,42,0,
26,5,bottom,host,213.16,262.368,124,48,0,
26,5,bottom,other,506.84,217.632,304,42,0,
26,6,bottom,host,221.45,267.96,124,48,0,
26,6,bottom,other,498.55,212.04,304,42,0,
26,7,bottom,host,229.74,273.552,124,48,0,
26,7,bottom,other,490.26,206.448,304,42,0,
26,8,bottom,host,238.03,279.144,124,48,0,
26,8,bottom,other,481.97,200.856,304,42,0,
26,9,bottom,host,246.32,284.736,124,48,0,
26,9,bottom,other,473.68,195.264,304,42,0,
26,10,bottom,host,254.61,290.328,124,48,0,
26,10,bottom,other,465.39,189.672,304,42,0,
26,11,bottom,host,262.9,295.92,124,48,0,
26,11,bottom,other,457.1,184.08,304,42,0,
26,12,bottom,host,271.19,301.512,124,48,0,
26,12,bottom,other,448.81,178.488,304,42,0,
26,13,bottom,host,279.48,307.104,124,48,0,
26,13,bottom,other,440.52,172.896,304,42,0,
26,14,bottom,host,287.77,312.696,124,48,0,
26,14,bottom,other,432.23,167.304,304,42,0,
26,15,bottom,host,296.06,318.288,124,48,0,
26,15,bottom,other,423.94,161.712,304,42,0,
26,16,bottom,host,304.35,323.88,124,48,0,
26,16,bottom,other,415.65,156.12,304,42,0,
26,17,bottom,host,312.64,329.472,124,48,0,
26,17,bottom,other,407.36,150.528,304,42,0,
26,18,bottom,host,320.93,335.064,124,48,0,
26,18,bottom,other,399.07,144.936,304,42,0,
26,19,bottom,host,329.22,340.656,124,48,0,
26,19,bottom,other,390.78,139.344,304,42,0,
26,20,bottom,host,337.51,346.248,124,48,0,
26,20,bottom,other,382.49,133.752,304,42,0,
26,21,bottom,host,345.8,351.84,124,52,0,
26,21,bottom,other,374.2,128.16,304,43,0,
26,22,bottom,host,345.8,351.84,124,52,0,
26,22,bottom,other,374.2,128.16,304,43,0,
26,23,bottom,host,345.8,351.84,124,52,0,
26,23,bottom,other,374.2,128.16,304,43,0,
27,1,bottom,host,180,240,124,52,0,
27,1,bottom,other,540,240,304,43,0,
27,2,bottom,host,188.29,245.592,124,52,0,
27,2,bottom,other,531.71,234.408,304,43,0,
27,3,bottom,host,196.58,251.184,124,52,0,
27,3,bottom,other,523.42,228.816,304,43,0,
27,4,bottom,host,204.87,256.776,124,52,0,
27,4,bottom,other,515.13,223.224,304,43,0,
27,5,bottom,host,213.16,262.368,124,52,0,
27,5,bottom,other,506.84,217.632,304,43,0,
27,6,bottom,host,221.45,267.96,124,52,0,
27,6,bottom,other,498.55,212.04,304,43,0,
27,7,bottom,host,229.74,273.552,124,52,0,
27,7,bottom,other,490.26,206.448,304,43,0,
27,8,bottom,host,238.03,279.144,124,52,0,
27,8,bottom,other,481.97,200.856,304,43,0,
27,9,bottom,host,246.32,284.736,124,52,0,
27,9,bottom,other,473.68,195.264,304,43,0,
27,10,bottom,host,254.61,290.328,124,52,0,
27,10,bottom,other,465.39,189.672,304,43,0,
27,11,bottom,host,262.9,295.92,124,52,0,
27,11,bottom,other,457.1,184.08,304,43,0,
27,12,bottom,host,271.19,301.512,124,52,0,
27,12,bottom,other,448.81,178.488,304,43,0,
27,13,bottom,host,279.48,307.104,124,52,0,
27,13,bottom,other,440.52,172.896,304,43,0,
27,14,bottom,host,287.77,312.696,124,52,0,
27,14,bottom,other,432.23,167.304,304,43,0,
27,15,bottom,host,296.06,318.288,124,52,0,
27,15,bottom,other,423.94,161.712,304,43,0,
27,16,bottom,host,304.35,323.88,124,52,0,
27,16,bottom,other,415.65,156.12,304,43,0,
27,17,bottom,host,312.64,329.472,124,52,0,
27,17,bottom,other,407.36,150.528,304,43,0,
27,18,bottom,host,320.93,335.064,124,52,0,
27,18,bottom,other,399.07,144.936,304,43,0,
27,19,bottom,host,329.22,340.656,124,52,0,
27,19,bottom,other,390.78,139.344,304,43,0,
27,20,bottom,host,337.51,346.248,124,52,0,
27,20,bottom,other,382.49,133.752,304,43,0,
27,21,bottom,host,345.8,351.84,124,56,0,
27,21,bottom,other,374.2,128.16,304,44,0,
27,22,bottom,host,345.8,351.84,124,56,0,
27,22,bottom,other,374.2,128.16,304,44,0,
27,23,bottom,host,345.8,351.84,124,56,0,
27,23,bottom,other,374.2,128.16,304,44,0,
28,1,bottom,host,180,240,124,56,0,
28,1,bottom,other,540,240,304,44,0,
28,2,bottom,host,188.29,245.592,124,56,0,
28,2,bottom,other,531.71,234.408,304,44,0,
28,3,bottom,host,196.58,251.184,124,56,0,
28,3,bottom,other,523.42,228.816,304,44,0,
28,4,bottom,host,204.87,256.776,124,56,0,
28,4,bottom,other,515.13,223.224,304,44,0,
28,5,bottom,host,213.16,262.368,124,56,0,
28,5,bottom,other,506.84,217.632,304,44,0,
28,6,bottom,host,221.45,267.96,124,56,0,
28,6,bottom,other,498.55,212.04,304,44,0,
28,7,bottom,host,229.74,273.552,124,56,0,
28,7,bottom,other,490.26,206.448,304,44,0,
28,8,bottom,host,238.03,279.144,124,56,0,
28,8,bottom,other,481.97,200.856,304,44,0,
28,9,bottom,host,246.32,284.736,124,56,0,
28,9,bottom,other,473.68,195.264,304,44,0,
28,10,bottom,host,254.61,290.328,124,56,0,
28,10,bottom,other,465.39,189.672,304,44,0,
28,11,bottom,host,262.9,295.92,124,56,0,
28,11,bottom,other,457.1,184.08,304,44,0,
28,12,bottom,host,271.19,301.512,124,56,0,
28,12,bottom,other,448.81,178.488,304,44,0,
28,13,bottom,host,279.48,307.104,124,56,0,
28,13,bottom,other,440.52,172.896,304,44,0,
28,14,bottom,host,287.77,312.696,124,56,0,
28,14,bottom,other,432.23,167.304,304,44,0,
28,15,bottom,host,296.06,318.288,124,56,0,
28,15,bottom,other,423.94,161.712,304,44,0,
28,16,bottom,host,304.35,323.88,124,56,0,
28,16,bottom,other,415.65,156.12,304,44,0,
28,17,bottom,host,312.64,329.472,124,56,0,
28,17,bottom,other,407.36,150.528,304,44,0,
28,18,bottom,host,320.93,335.064,124,56,0,
28,18,bottom,other,399.07,144.936,304,44,0,
28,19,bottom,host,329.22,340.656,124,56,0,
28,19,bottom,other,390.78,139.344,304,44,0,
28,20,bottom,host,337.51,346.248,124,56,0,
28,20,bottom,other,382.49,133.752,304,44,0,
28,21,bottom,host,345.8,351.84,124,60,0,
28,21,bottom,other,374.2,128.16,304,45,0,
28,22,bottom,host,345.8,351.84,124,60,0,
28,22,bottom,other,374.2,128.16,304,45,0,
28,23,bottom,host,345.8,351.84,124,60,0,
28,23,bottom,other,374.2,128.16,304,45,0,
29,1,top,host,180,240,124,60,0,
29,1,top,other,540,240,304,45,0,
29,2,top,host,188.29,245.592,124,60,0,
29,2,top,other,531.71,234.408,304,45,0,
29,3,top,host,196.58,251.184,124,60,0,
29,3,top,other,523.42,228.816,304,45,0,
29,4,top,host,204.87,256.776,124,60,0,
29,4,top,other,515.13,223.224,304,45,0,
29,5,top,host,213.16,262.368,124,60,0,
29,5,top,other,506.84,217.632,304,45,0,
29,6,top,host,221.45,267.96,124,60,0,
29,6,top,other,498.55,212.04,304,45,0,
29,7,top,host,229.74,273.552,124,60,0,
29,7,top,other,490.26,206.448,304,45,0,
29,8,top,host,238.03,279.144,124,60,0,
29,8,top,other,481.97,200.856,304,45,0,
29,9,top,host,246.32,284.736,124,60,0,
29,9,top,other,473.68,195.264,304,45,0,
29,10,top,host,254.61,290.328,124,60,0,
29,10,top,other,465.39,189.672,304,45,0,
29,11,top,host,262.9,295.92,124,60,0,
29,11,top,other,457.1,184.08,304,45,0,
29,12,top,host,271.19,301.512,124,60,0,
29,12,top,other,448.81,178.488,304,45,0,
29,13,top,host,279.48,307.104,124,60,0,
29,13,top,other,440.52,172.896,304,45,0,
29,14,top,host,287.77,312.696,124,60,0,
29,14,top,other,432.23,167.304,304,45,0,
29,15,top,host,296.06,318.288,124,60,0,
29,15,top,other,423.94,161.712,304,45,0,
29,16,top,host,304.35,323.88,124,60,0,
29,16,top,other,415.65,156.12,304,45,0,
29,17,top,host,312.64,329.472,124,60,0,
29,17,top,other,407.36,150.528,304,45,0,
29,18,top,host,320.93,335.064,124,60,0,
29,18,top,other,399.07,144.936,304,45,0,
29,19,top,host,329.22,340.656,124,60,0,
29,19,top,other,390.78,139.344,304,45,0,
29,20,top,host,337.51,346.248,124,60,0,
29,20,top,other,382.49,133.752,304,45,0,
29,21,top,host,345.8,351.84,124,61,0,
29,21,top,other,374.2,128.16,304,49,0,
29,22,top,host,345.8,351.84,124,61,0,
29,22,top,other,374.2,128.16,304,49,0,
29,23,top,host,345.8,351.84,124,61,0,
29,23,top,other,374.2,128.16,304,49,0,
30,1,bottom,host,180,240,124,61,0,
30,1,bottom,other,540,240,304,49,0,
30,2,bottom,host,188.29,245.592,124,61,0,
30,2,bottom,other,531.71,234.408,304,49,0,
30,3,bottom,host,196.58,251.184,124,61,0,
30,3,bottom,other,523.42,228.816,304,49,0,
30,4,bottom,host,204.87,256.776,124,61,0,
30,4,bottom,other,515.13,223.224,304,49,0,
30,5,bottom,host,213.16,262.368,124,61,0,
30,5,bottom,other,506.84,217.632,304,49,0,
30,6,bottom,host,221.45,267.96,124,61,0,
30,6,bottom,other,498.55,212.04,304,49,0,
30,7,bottom,host,229.74,273.552,124,61,0,
30,7,bottom,other,490.26,206.448,304,49,0,
30,8,bottom,host,238.03,279.144,124,61,0,
30,8,bottom,other,481.97,200.856,304,49,0,
30,9,bottom,host,246.32,284.736,124,61,0,
30,9,bottom,other,473.68,195.264,304,49,0,
30,10,bottom,host,254.61,290.328,124,61,0,
30,10,bottom,other,465.39,189.672,304,49,0,
30,11,bottom,host,262.9,295.92,124,61,0,
30,11,bottom,other,457.1,184.08,304,49,0,
30,12,bottom,host,271.19,301.512,124,61,0,
30,12,bottom,other,448.81,178.488,304,49,0,
30,13,bottom,host,279.48,307.104,124,61,0,
30,13,bottom,other,440.52,172.896,304,49,0,
30,14,bottom,host,287.77,312.696,124,61,0,
30,14,bottom,other,432.23,167.304,304,49,0,
30,15,bottom,host,296.06,318.288,124,61,0,
30,15,bottom,other,423.94,161.712,304,49,0,
30,16,bottom,host,304.35,323.88,124,61,0,
30,16,bottom,other,415.65,156.12,304,49,0,
30,17,bottom,host,312.64,329.472,124,61,0,
30,17,bottom,other,407.36,150.528,304,49,0,
30,18,bottom,host,320.93,335.064,124,61,0,
30,18,bottom,other,399.07,144.936,304,49,0,
30,19,bottom,host,329.22,340.656,124,61,0,
30,19,bottom,other,390.78,139.344,304,49,0,
30,20,bottom,host,337.51,346.248,124,61,0,
30,20,bottom,other,382.49,133.752,304,49,0,
30,21,bottom,host,345.8,351.84,124,65,0,
30,21,bottom,other,374.2,128.16,304,50,0,
30,22,bottom,host,345.8,351.84,124,65,0,
30,22,bottom,other,374.2,128.16,304,50,0,
30,23,bottom,host,345.8,351.84,124,65,0,
30,23,bottom,other,374.2,128.16,304,50,0,
31,1,bottom,host,180,240,124,65,0,
31,1,bottom,other,540,240,304,50,0,
31,2,bottom,host,188.29,245.592,124,65,0,
31,2,bottom,other,531.71,234.408,304,50,0,
31,3,bottom,host,196.58,251.184,124,65,0,
31,3,bottom,other,523.42,228.816,304,50,0,
31,4,bottom,host,204.87,256.776,124,65,0,
31,4,bottom,other,515.13,223.224,304,50,0,
31,5,bottom,host,213.16,262.368,124,65,0,
31,5,bottom,other,506.84,217.632,304,50,0,
31,6,bottom,host,221.45,267.96,124,65,0,
31,6,bottom,other,498.55,212.04,304,50,0,
31,7,bottom,host,229.74,273.552,124,65,0,
31,7,bottom,other,490.26,206.448,304,50,0,
31,8,bottom,host,238.03,279.144,124,65,0,
31,8,bottom,other,481.97,200.856,304,50,0,
31,9,bottom,host,246.32,284.736,124,65,0,
31,9,bottom,other,473.68,195.264,304,50,0,
31,10,bottom,host,254.61,290.328,124,65,0,
31,10,bottom,other,465.39,189.672,304,50,0,
31,11,bottom,host,262.9,295.92,124,65,0,
31,11,bottom,other,457.1,184.08,304,50,0,
31,12,bottom,host,271.19,301.512,124,65,0,
31,12,bottom,other,448.81,178.488,304,50,0,
31,13,bottom,host,279.48,307.104,124,65,0,
31,13,bottom,other,440.52,172.896,304,50,0,
31,14,bottom,host,287.77,312.696,124,65,0,
31,14,bottom,other,432.23,167.304,304,50,0,
31,15,bottom,host,296.06,318.288,124,65,0,
31,15,bottom,other,423.94,161.712,304,50,0,
31,16,bottom,host,304.35,323.88,124,65,0,
31,16,bottom,other,415.65,156.12,304,50,0,
31,17,bottom,host,312.64,329.472,124,65,0,
31,17,bottom,other,407.36,150.528,304,50,0,
31,18,bottom,host,320.93,335.064,124,65,0,
31,18,bottom,other,399.07,144.936,304,50,0,
31,19,bottom,host,329.22,340.656,124,65,0,
31,19,bottom,other,390.78,139.344,304,50,0,
31,20,bottom,host,337.51,346.248,124,65,0,
31,20,bottom,other,382.49,133.752,304,50,0,
31,21,bottom,host,345.8,351.84,124,69,0,
31,21,bottom,other,374.2,128.16,304,51,0,
31,22,bottom,host,345.8,351.84,124,69,0,
31,22,bottom,other,374.2,128.16,304,51,0,
31,23,bottom,host,345.8,351.84,124,69,0,
31,23,bottom,other,374.2,128.16,304,51,0,
32,1,bottom,host,180,240,124,69,0,
32,1,bottom,other,540,240,304,51,0,
32,2,bottom,host,188.29,245.592,124,69,0,
32,2,bottom,other,531.71,234.408,304,51,0,
32,3,bottom,host,196.58,251.184,124,69,0,
32,3,bottom,other,523.42,228.816,304,51,0,
32,4,bottom,host,204.87,256.776,124,69,0,
32,4,bottom,other,515.13,223.224,304,51,0,
32,5,bottom,host,213.16,262.368,124,69,0,
32,5,bottom,other,506.84,217.632,304,51,0,
32,6,bottom,host,221.45,267.96,124,69,0,
32,6,bottom,other,498.55,212.04,304,51,0,
32,7,bottom,host,229.74,273.552,124,69,0,
32,7,bottom,other,490.26,206.448,304,51,0,
32,8,bottom,host,238.03,279.144,124,69,0,
32,8,bottom,other,481.97,200.856,304,51,0,
32,9,bottom,host,246.32,284.736,124,69,0,
32,9,bottom,other,473.68,195.264,304,51,0,
32,10,bottom,host,254.61,290.328,124,69,0,
32,10,bottom,other,465.39,189.672,304,51,0,
32,11,bottom,host,262.9,295.92,124,69,0,
32,11,bottom,other,457.1,184.08,304,51,0,
32,12,bottom,host,271.19,301.512,124,69,0,
32,12,bottom,other,448.81,178.488,304,51,0,
32,13,bottom,host,279.48,307.104,124,69,0,
32,13,bottom,other,440.52,172.896,304,51,0,
32,14,bottom,host,287.77,312.696,124,69,0,
32,14,bottom,other,432.23,167.304,304,51,0,
32,15,bottom,host,296.06,318.288,124,69,0,
32,15,bottom,other,423.94,161.712,304,51,0,
32,16,bottom,host,304.35,323.88,124,69,0,
32,16,bottom,other,415.65,156.12,304,51,0,
32,17,bottom,host,312.64,329.472,124,69,0,
32,17,bottom,other,407.36,150.528,304,51,0,
32,18,bottom,host,320.93,335.064,124,69,0,
32,18,bottom,other,399.07,144.936,304,51,0,
32,19,bottom,host,329.22,340.656,124,69,0,
32,19,bottom,other,390.78,139.344,304,51,0,
32,20,bottom,host,337.51,346.248,124,69,0,
32,20,bottom,other,382.49,133.752,304,51,0,
32,21,bottom,host,345.8,351.84,124,73,0,
32,21,bottom,other,374.2,128.16,304,52,0,
32,22,bottom,host,345.8,351.84,124,73,0,
32,22,bottom,other,374.2,128.16,304,52,0,
32,23,bottom,host,345.8,351.84,124,73,0,
32,23,bottom,other,374.2,128.16,304,52,0,
33,1,top,host,180,240,124,73,0,
33,1,top,other,540,240,304,52,0,
33,2,top,host,188.29,245.592,124,73,0,
33,2,top,other,531.71,234.408,304,52,0,
33,3,top,host,196.58,251.184,124,73,0,
33,3,top,other,523.42,228.816,304,52,0,
33,4,top,host,204.87,256.776,124,73,0,
33,4,top,other,515.13,223.224,304,52,0,
33,5,top,host,213.16,262.368,124,73,0,
33,5,top,other,506.84,217.632,304,52,0,
33,6,top,host,221.45,267.96,124,73,0,
33,6,top,other,498.55,212.04,304,52,0,
33,7,top,host,229.74,273.552,124,73,0,
33,7,top,other,490.26,206.448,304,52,0,
33,8,top,host,238.03,279.144,124,73,0,
33,8,top,other,481.97,200.856,304,52,0,
33,9,top,host,246.32,284.736,124,73,0,
33,9,top,other,473.68,195.264,304,52,0,
33,10,top,host,254.61,290.328,124,73,0,
33,10,top,other,465.39,189.672,304,52,0,
33,11,top,host,262.9,295.92,124,73,0,
33,11,top,other,457.1,184.08,304,52,0,
33,12,top,host,271.19,301.512,124,73,0,
33,12,top,other,448.81,178.488,304,52,0,
33,13,top,host,279.48,307.104,124,73,0,
33,13,top,other,440.52,172.896,304,52,0,
33,14,top,host,287.77,312.696,124,73,0,
33,14,top,other,432.23,167.304,304,52,0,
33,15,top,host,296.06,318.288,124,73,0,
33,15,top,other,423.94,161.712,304,52,0,
33,16,top,host,304.35,323.88,124,73,0,
33,16,top,other,415.65,156.12,304,52,0,
33,17,top,host,312.64,329.472,124,73,0,
33,17,top,other,407.36,150.528,304,52,0,
33,18,top,host,320.93,335.064,124,73,0,
33,18,top,other,399.07,144.936,304,52,0,
33,19,top,host,329.22,340.656,124,73,0,
33,19,top,other,390.78,139.344,304,52,0,
33,20,top,host,337.51,346.248,124,73,0,
33,20,top,other,382.49,133.752,304,52,0,
33,21,top,host,345.8,351.84,124,74,0,
33,21,top,other,374.2,128.16,304,56,0,
33,22,top,host,345.8,351.84,124,74,0,
33,22,top,other,374.2,128.16,304,56,0,
33,23,top,host,345.8,351.84,124,74,0,
33,23,top,other,374.2,128.16,304,56,0,
34,1,top,host,180,240,124,74,0,
34,1,top,other,540,240,304,56,0,
34,2,top,host,188.29,245.592,124,74,0,
34,2,top,other,531.71,234.408,304,56,0,
34,3,top,host,196.58,251.184,124,74,0,
34,3,top,other,523.42,228.816,304,56,0,
34,4,top,host,204.87,256.776,124,74,0,
34,4,top,other,515.13,223.224,304,56,0,
34,5,top,host,213.16,262.368,124,74,0,
34,5,top,other,506.84,217.632,304,56,0,
34,6,top,host,221.45,267.96,124,74,0,
34,6,top,other,498.55,212.04,304,56,0,
34,7,top,host,229.74,273.552,124,74,0,
34,7,top,other,490.26,206.448,304,56,0,
34,8,top,host,238.03,279.144,124,74,0,
34,8,top,other,481.97,200.856,304,56,0,
34,9,top,host,246.32,284.736,124,74,0,
34,9,top,other,473.68,195.264,304,56,0,
34,10,top,host,254.61,290.328,124,74,0,
34,10,top,other,465.39,189.672,304,56,0,
34,11,top,host,262.9,295.92,124,74,0,
34,11,top,other,457.1,184.08,304,56,0,
34,12,top,host,271.19,301.512,124,74,0,
34,12,top,other,448.81,178.488,304,56,0,
34,13,top,host,279.48,307.104,124,74,0,
34,13,top,other,440.52,172.896,304,56,0,
34,14,top,host,287.77,312.696,124,74,0,
34,14,top,other,432.23,167.304,304,56,0,
34,15,top,host,296.06,318.288,124,74,0,
34,15,top,other,423.94,161.712,304,56,0,
34,16,top,host,304.35,323.88,124,74,0,
34,16,top,other,415.65,156.12,304,56,0,
34,17,top,host,312.64,329.472,124,74,0,
34,17,top,other,407.36,150.528,304,56,0,
34,18,top,host,320.93,335.064,124,74,0,
34,18,top,other,399.07,144.936,304,56,0,
34,19,top,host,329.22,340.656,124,74,0,
34,19,top,other,390.78,139.344,304,56,0,
34,20,top,host,337.51,346.248,124,74,0,
34,20,top,other,382.49,133.752,304,56,0,
34,21,top,host,345.8,351.84,124,75,0,
34,21,top,other,374.2,128.16,304,60,0,
34,22,top,host,345.8,351.84,124,75,0,
34,22,top,other,374.2,128.16,304,60,0,
34,23,top,host,345.8,351.84,124,75,0,
34,23,top,other,374.2,128.16,304,60,0,
35,1,top,host,180,240,124,75,0,
35,1,top,other,540,240,304,60,0,
35,2,top,host,188.29,245.592,124,75,0,
35,2,top,other,531.71,234.408,304,60,0,
35,3,top,host,196.58,251.184,124,75,0,
35,3,top,other,523.42,228.816,304,60,0,
35,4,top,host,204.87,256.776,124,75,0,
35,4,top,other,515.13,223.224,304,60,0,
35,5,top,host,213.16,262.368,124,75,0,
35,5,top,other,506.84,217.632,304,60,0,
35,6,top,host,221.45,267.96,124,75,0,
35,6,top,other,498.55,212.04,304,60,0,
35,7,top,host,229.74,273.552,124,75,0,
35,7,top,other,490.26,206.448,304,60,0,
35,8,top,host,238.03,279.144,124,75,0,
35,8,top,other,481.97,200.856,304,60,0,
35,9,top,host,246.32,284.736,124,75,0,
35,9,top,other,473.68,195.264,304,60,0,
35,10,top,host,254.61,290.328,124,75,0,
35,10,top,other,465.39,189.672,304,60,0,
35,11,top,host,262.9,295.92,124,75,0,
35,11,top,other,457.1,184.08,304,60,0,
35,12,top,host,271.19,301.512,124,75,0,
35,12,top,other,448.81,178.488,304,60,0,
35,13,top,host,279.48,307.104,124,75,0,
35,13,top,other,440.52,172.896,304,60,0,
35,14,top,host,287.77,312.696,124,75,0,
35,14,top,other,432.23,167.304,304,60,0,
35,15,top,host,296.06,318.288,124,75,0,
35,15,top,other,423.94,161.712,304,60,0,
35,16,top,host,304.35,323.88,124,75,0,
35,16,top,other,415.65,156.12,304,60,0,
35,17,top,host,312.64,329.472,124,75,0,
35,17,top,other,407.36,150.528,304,60,0,
35,18,top,host,320.93,335.064,124,75,0,
35,18,top,other,399.07,144.936,304,60,0,
35,19,top,host,329.22,340.656,124,75,0,
35,19,top,other,390.78,139.344,304,60,0,
35,20,top,host,337.51,346.248,124,75,0,
35,20,top,other,382.49,133.752,304,60,0,
35,21,top,host,345.8,351.84,124,76,0,
35,21,top,other,374.2,128.16,304,64,0,
35,22,top,host,345.8,351.84,124,76,0,
35,22,top,other,374.2,128.16,304,64,0,
35,23,top,host,345.8,351.84,124,76,0,
35,23,top,other,374.2,128.16,304,64,0,
36,1,top,host,180,240,124,76,0,
36,1,top,other,540,240,304,64,0,
36,2,top,host,188.29,245.592,124,76,0,
36,2,top,other,531.71,234.408,304,64,0,
36,3,top,host,196.58,251.184,124,76,0,
36,3,top,other,523.42,228.816,304,64,0,
36,4,top,host,204.87,256.776,124,76,0,
36,4,top,other,515.13,223.224,304,64,0,
36,5,top,host,213.16,262.368,124,76,0,
36,5,top,other,506.84,217.632,304,64,0,
36,6,top,host,221.45,267.96,124,76,0,
36,6,top,other,498.55,212.04,304,64,0,
36,7,top,host,229.74,273.552,124,76,0,
36,7,top,other,490.26,206.448,304,64,0,
36,8,top,host,238.03,279.144,124,76,0,
36,8,top,other,481.97,200.856,304,64,0,
36,9,top,host,246.32,284.736,124,76,0,
36,9,top,other,473.68,195.264,304,64,0,
36,10,top,host,254.61,290.328,124,76,0,
36,10,top,other,465.39,189.672,304,64,0,
36,11,top,host,262.9,295.92,124,76,0,
36,11,top,other,457.1,184.08,304,64,0,
36,12,top,host,271.19,301.512,124,76,0,
36,12,top,other,448.81,178.488,304,64,0,
36,13,top,host,279.48,307.104,124,76,0,
36,13,top,other,440.52,172.896,304,64,0,
36,14,top,host,287.77,312.696,124,76,0,
36,14,top,other,432.23,167.304,304,64,0,
36,15,top,host,296.06,318.288,124,76,0,
36,15,top,other,423.94,161.712,304,64,0,
36,16,top,host,304.35,323.88,124,76,0,
36,16,top,other,415.65,156.12,304,64,0,
36,17,top,host,312.64,329.472,124,76,0,
36,17,top,other,407.36,150.528,304,64,0,
36,18,top,host,320.93,335.064,124,76,0,
36,18,top,other,399.07,144.936,304,64,0,
36,19,top,host,329.22,340.656,124,76,0,
36,19,top,other,390.78,139.344,304,64,0,
36,20,top,host,337.51,346.248,124,76,0,
36,20,top,other,382.49,133.752,304,64,0,
36,21,top,host,345.8,351.84,124,77,0,
36,21,top,other,374.2,128.16,304,68,0,
36,22,top,host,345.8,351.84,124,77,0,
36,22,top,other,374.2,128.16,304,68,0,
36,23,top,host,345.8,351.84,124,77,0,
36,23,top,other,374.2,128.16,304,68,0,
37,1,bottom,host,180,240,124,77,0,
37,1,bottom,other,540,240,304,68,0,
37,2,bottom,host,188.29,245.592,124,77,0,
37,2,bottom,other,531.71,234.408,304,68,0,
37,3,bottom,host,196.58,251.184,124,77,0,
37,3,bottom,other,523.42,228.816,304,68,0,
37,4,bottom,host,204.87,256.776,124,77,0,
37,4,bottom,other,515.13,223.224,304,68,0,
37,5,bottom,host,213.16,262.368,124,77,0,
37,5,bottom,other,506.84,217.632,304,68,0,
37,6,bottom,host,221.45,267.96,124,77,0,
37,6,bottom,other,498.55,212.04,304,68,0,
37,7,bottom,host,229.74,273.552,124,77,0,
37,7,bottom,other,490.26,206.448,304,68,0,
37,8,bottom,host,238.03,279.144,124,77,0,
37,8,bottom,other,481.97,200.856,304,68,0,
37,9,bottom,host,246.32,284.736,124,77,0,
37,9,bottom,other,473.68,195.264,304,68,0,
37,10,bottom,host,254.61,290.328,124,77,0,
37,10,bottom,other,465.39,189.672,304,68,0,
37,11,bottom,host,262.9,295.92,124,77,0,
37,11,bottom,other,457.1,184.08,304,68,0,
37,12,bottom,host,271.19,301.512,124,77,0,
37,12,bottom,other,448.81,178.488,304,68,0,
37,13,bottom,host,279.48,307.104,124,77,0,
37,13,bottom,other,440.52,172.896,304,68,0,
37,14,bottom,host,287.77,312.696,124,77,0,
37,14,bottom,other,432.23,167.304,304,68,0,
37,15,bottom,host,296.06,318.288,124,77,0,
37,15,bottom,other,423.94,161.712,304,68,0,
37,16,bottom,host,304.35,323.88,124,77,0,
37,16,bottom,other,415.65,156.12,304,68,0,
37,17,bottom,host,312.64,329.472,124,77,0,
37,17,bottom,other,407.36,150.528,304,68,0,
37,18,bottom,host,320.93,335.064,124,77,0,
37,18,bottom,other,399.07,144.936,304,68,0,
37,19,bottom,host,329.22,340.656,124,77,0,
37,19,bottom,other,390.78,139.344,304,68,0,
37,20,bottom,host,337.51,346.248,124,77,0,
37,20,bottom,other,382.49,133.752,304,68,0,
37,21,bottom,host,345.8,351.84,124,81,0,
37,21,bottom,other,374.2,128.16,304,69,0,
37,22,bottom,host,345.8,351.84,124,81,0,
37,22,bottom,other,374.2,128.16,304,69,0,
37,23,bottom,host,345.8,351.84,124,81,0,
37,23,bottom,other,374.2,128.16,304,69,0,
38,1,top,host,180,240,124,81,0,
38,1,top,other,540,240,304,69,0,
38,2,top,host,188.29,245.592,124,81,0,
38,2,top,other,531.71,234.408,304,69,0,
38,3,top,host,196.58,251.184,124,81,0,
38,3,top,other,523.42,228.816,304,69,0,
38,4,top,host,204.87,256.776,124,81,0,
38,4,top,other,515.13,223.224,304,69,0,
38,5,top,host,213.16,262.368,124,81,0,
38,5,top,other,506.84,217.632,304,69,0,
38,6,top,host,221.45,267.96,124,81,0,
38,6,top,other,498.55,212.04,304,69,0,
38,7,top,host,229.74,273.552,124,81,0,
38,7,top,other,490.26,206.448,304,69,0,
38,8,top,host,238.03,279.144,124,81,0,
38,8,top,other,481.97,200.856,304,69,0,
38,9,top,host,246.32,284.736,124,81,0,
38,9,top,other,473.68,195.264,304,69,0,
38,10,top,host,254.61,290.328,124,81,0,
38,10,top,other,465.39,189.672,304,69,0,
38,11,top,host,262.9,295.92,124,81,0,
38,11,top,other,457.1,184.08,304,69,0,
38,12,top,host,271.19,301.512,124,81,0,
38,12,top,other,448.81,178.488,304,69,0,
38,13,top,host,279.48,307.104,124,81,0,
38,13,top,other,440.52,172.896,304,69,0,
38,14,top,host,287.77,312.696,124,81,0,
38,14,top,other,432.23,167.304,304,69,0,
38,15,top,host,296.06,318.288,124,81,0,
38,15,top,other,423.94,161.712,304,69,0,
38,16,top,host,304.35,323.88,124,81,0,
38,16,top,other,415.65,156.12,304,69,0,
38,17,top,host,312.64,329.472,124,81,0,
38,17,top,other,407.36,150.528,304,69,0,
38,18,top,host,320.93,335.064,124,81,0,
38,18,top,other,399.07,144.936,304,69,0,
38,19,top,host,329.22,340.656,124,81,0,
38,19,top,other,390.78,139.344,304,69,0,
38,20,top,host,337.51,346.248,124,81,0,
38,20,top,other,382.49,133.752,304,69,0,
38,21,top,host,345.8,351.84,124,82,0,
38,21,top,other,374.2,128.16,304,73,0,
38,22,top,host,345.8,351.84,124,82,0,
38,22,top,other,374.2,128.16,304,73,0,
38,23,top,host,345.8,351.84,124,82,0,
38,23,top,other,374.2,128.16,304,73,0,
39,1,bottom,host,180,240,124,82,0,
39,1,bottom,other,540,240,304,73,0,
39,2,bottom,host,188.29,245.592,124,82,0,
39,2,bottom,other,531.71,234.408,304,73,0,
39,3,bottom,host,196.58,251.184,124,82,0,
39,3,bottom,other,523.42,228.816,304,73,0,
39,4,bottom,host,204.87,256.776,124,82,0,
39,4,bottom,other,515.13,223.224,304,73,0,
39,5,bottom,host,213.16,262.368,124,82,0,
39,5,bottom,other,506.84,217.632,304,73,0,
39,6,bottom,host,221.45,267.96,124,82,0,
39,6,bottom,other,498.55,212.04,304,73,0,
39,7,bottom,host,229.74,273.552,124,82,0,
39,7,bottom,other,490.26,206.448,304,73,0,
39,8,bottom,host,238.03,279.144,124,82,0,
39,8,bottom,other,481.97,200.856,304,73,0,
39,9,bottom,host,246.32,284.736,124,82,0,
39,9,bottom,other,473.68,195.264,304,73,0,
39,10,bottom,host,254.61,290.328,124,82,0,
39,10,bottom,other,465.39,189.672,304,73,0,
39,11,bottom,host,262.9,295.92,124,82,0,
39,11,bottom,other,457.1,184.08,304,73,0,
39,12,bottom,host,271.19,301.512,124,82,0,
39,12,bottom,other,448.81,178.488,304,73,0,
39,13,bottom,host,279.48,307.104,124,82,0,
39,13,bottom,other,440.52,172.896,304,73,0,
39,14,bottom,host,287.77,312.696,124,82,0,
39,14,bottom,other,432.23,167.304,304,73,0,
39,15,bottom,host,296.06,318.288,124,82,0,
39,15,bottom,other,423.94,161.712,304,73,0,
39,16,bottom,host,304.35,323.88,124,82,0,
39,16,bottom,other,415.65,156.12,304,73,0,
39,17,bottom,host,312.64,329.472,124,82,0,
39,17,bottom,other,407.36,150.528,304,73,0,
39,18,bottom,host,320.93,335.064,124,82,0,
39,18,bottom,other,399.07,144.936,304,73,0,
39,19,bottom,host,329.22,340.656,124,82,0,
39,19,bottom,other,390.78,139.344,304,73,0,
39,20,bottom,host,337.51,346.248,124,82,0,
39,20,bottom,other,382.49,133.752,304,73,0,
39,21,bottom,host,345.8,351.84,124,86,0,
39,21,bottom,other,374.2,128.16,304,74,0,
39,22,bottom,host,345.8,351.84,124,86,0,
39,22,bottom,other,374.2,128.16,304,74,0,
39,23,bottom,host,345.8,351.84,124,86,0,
39,23,bottom,other,374.2,128.16,304,74,0,
40,1,bottom,host,180,240,124,86,0,
40,1,bottom,other,540,240,304,74,0,
40,2,bottom,host,188.29,245.592,124,86,0,
40,2,bottom,other,531.71,234.408,304,74,0,
40,3,bottom,host,196.58,251.184,124,86,0,
40,3,bottom,other,523.42,228.816,304,74,0,
40,4,bottom,host,204.87,256.776,124,86,0,
40,4,bottom,other,515.13,223.224,304,74,0,
40,5,bottom,host,213.16,262.368,124,86,0,
40,5,bottom,other,506.84,217.632,304,74,0,
40,6,bottom,host,221.45,267.96,124,86,0,
40,6,bottom,other,498.55,212.04,304,74,0,
40,7,bottom,host,229.74,273.552,124,86,0,
40,7,bottom,other,490.26,206.448,304,74,0,
40,8,bottom,host,238.03,279.144,124,86,0,
40,8,bottom,other,481.97,200.856,304,74,0,
40,9,bottom,host,246.32,284.736,124,86,0,
40,9,bottom,other,473.68,195.264,304,74,0,
40,10,bottom,host,254.61,290.328,124,86,0,
40,10,bottom,other,465.39,189.672,304,74,0,
40,11,bottom,host,262.9,295.92,124,86,0,
40,11,bottom,other,457.1,184.08,304,74,0,
40,12,bottom,host,271.19,301.512,124,86,0,
40,12,bottom,other,448.81,178.488,304,74,0,
40,13,bottom,host,279.48,307.104,124,86,0,
40,13,bottom,other,440.52,172.896,304,74,0,
40,14,bottom,host,287.77,312.696,124,86,0,
40,14,bottom,other,432.23,167.304,304,74,0,
40,15,bottom,host,296.06,318.288,124,86,0,
40,15,bottom,other,423.94,161.712,304,74,0,
40,16,bottom,host,304.35,323.88,124,86,0,
40,16,bottom,other,415.65,156.12,304,74,0,
40,17,bottom,host,312.64,329.472,124,86,0,
40,17,bottom,other,407.36,150.528,304,74,0,
40,18,bottom,host,320.93,335.064,124,86,0,
40,18,bottom,other,399.07,144.936,304,74,0,
40,19,bottom,host,329.22,340.656,124,86,0,
40,19,bottom,other,390.78,139.344,304,74,0,
40,20,bottom,host,337.51,346.248,124,86,0,
40,20,bottom,other,382.49,133.752,304,74,0,
40,21,bottom,host,345.8,351.84,124,90,0,
40,21,bottom,other,374.2,128.16,304,75,0,
40,22,bottom,host,345.8,351.84,124,90,0,
40,22,bottom,other,374.2,128.16,304,75,0,
40,23,bottom,host,345.8,351.84,124,90,0,
40,23,bottom,other,374.2,128.16,304,75,0,
41,1,top,host,180,240,124,90,0,
41,1,top,other,540,240,304,75,0,
41,2,top,host,188.29,245.592,124,90,0,
41,2,top,other,531.71,234.408,304,75,0,
41,3,top,host,196.58,251.184,124,90,0,
41,3,top,other,523.42,228.816,304,75,0,
41,4,top,host,204.87,256.776,124,90,0,
41,4,top,other,515.13,223.224,304,75,0,
41,5,top,host,213.16,262.368,124,90,0,
41,5,top,other,506.84,217.632,304,75,0,
41,6,top,host,221.45,267.96,124,90,0,
41,6,top,other,498.55,212.04,304,75,0,
41,7,top,host,229.74,273.552,124,90,0,
41,7,top,other,490.26,206.448,304,75,0,
41,8,top,host,238.03,279.144,124,90,0,
41,8,top,other,481.97,200.856,304,75,0,
41,9,top,host,246.32,284.736,124,90,0,
41,9,top,other,473.68,195.264,304,75,0,
41,10,top,host,254.61,290.328,124,90,0,
41,10,top,other,465.39,189.672,304,75,0,
41,11,top,host,262.9,295.92,124,90,0,
41,11,top,other,457.1,184.08,304,75,0,
41,12,top,host,271.19,301.512,124,90,0,
41,12,top,other,448.81,178.488,304,75,0,
41,13,top,host,279.48,307.104,124,90,0,
41,13,top,other,440.52,172.896,304,75,0,
41,14,top,host,287.77,312.696,124,90,0,
41,14,top,other,432.23,167.304,304,75,0,
41,15,top,host,296.06,318.288,124,90,0,
41,15,top,other,423.94,161.712,304,75,0,
41,16,top,host,304.35,323.88,124,90,0,
41,16,top,other,415.65,156.12,304,75,0,
41,17,top,host,312.64,329.472,124,90,0,
41,17,top,other,407.36,150.528,304,75,0,
41,18,top,host,320.93,335.064,124,90,0,
41,18,top,other,399.07,144.936,304,75,0,
41,19,top,host,329.22,340.656,124,90,0,
41,19,top,other,390.78,139.344,304,75,0,
41,20,top,host,337.51,346.248,124,90,0,
41,20,top,other,382.49,133.752,304,75,0,
41,21,top,host,345.8,351.84,124,91,0,
41,21,top,other,374.2,128.16,304,79,0,
41,22,top,host,345.8,351.84,124,91,0,
41,22,top,other,374.2,128.16,304,79,0,
41,23,top,host,345.8,351.84,124,91,0,
41,23,top,other,374.2,128.16,304,79,0,
42,1,bottom,host,180,240,124,91,0,
42,1,bottom,other,540,240,304,79,0,
42,2,bottom,host,188.29,245.592,124,91,0,
42,2,bottom,other,531.71,234.408,304,79,0,
42,3,bottom,host,196.58,251.184,124,91,0,
42,3,bottom,other,523.42,228.816,304,79,0,
42,4,bottom,host,204.87,256.776,124,91,0,
42,4,bottom,other,515.13,223.224,304,79,0,
42,5,bottom,host,213.16,262.368,124,91,0,
42,5,bottom,other,506.84,217.632,304,79,0,
42,6,bottom,host,221.45,267.96,124,91,0,
42,6,bottom,other,498.55,212.04,304,79,0,
42,7,bottom,host,229.74,273.552,124,91,0,
42,7,bottom,other,490.26,206.448,304,79,0,
42,8,bottom,host,238.03,279.144,124,91,0,
42,8,bottom,other,481.97,200.856,304,79,0,
42,9,bottom,host,246.32,284.736,124,91,0,
42,9,bottom,other,473.68,195.264,304,79,0,
42,10,bottom,host,254.61,290.328,124,91,0,
42,10,bottom,other,465.39,189.672,304,79,0,
42,11,bottom,host,262.9,295.92,124,91,0,
42,11,bottom,other,457.1,184.08,304,79,0,
42,12,bottom,host,271.19,301.512,124,91,0,
42,12,bottom,other,448.81,178.488,304,79,0,
42,13,bottom,host,279.48,307.104,124,91,0,
42,13,bottom,other,440.52,172.896,304,79,0,
42,14,bottom,host,287.77,312.696,124,91,0,
42,14,bottom,other,432.23,167.304,304,79,0,
42,15,bottom,host,296.06,318.288,124,91,0,
42,15,bottom,other,423.94,161.712,304,79,0,
42,16,bottom,host,304.35,323.88,124,91,0,
42,16,bottom,other,415.65,156.12,304,79,0,
42,17,bottom,host,312.64,329.472,124,91,0,
42,17,bottom,other,407.36,150.528,304,79,0,
42,18,bottom,host,320.93,335.064,124,91,0,
42,18,bottom,other,399.07,144.936,304,79,0,
42,19,bottom,host,329.22,340.656,124,91,0,
42,19,bottom,other,390.78,139.344,304,79,0,
42,20,bottom,host,337.51,346.248,124,91,0,
42,20,bottom,other,382.49,133.752,304,79,0,
42,21,bottom,host,345.8,351.84,124,95,0,
42,21,bottom,other,374.2,128.16,304,80,0,
42,22,bottom,host,345.8,351.84,124,95,0,
42,22,bottom,other,374.2,128.16,304,80,0,
42,23,bottom,host,345.8,351.84,124,95,0,
42,23,bottom,other,374.2,128.16,304,80,0,
43,1,bottom,host,180,240,124,95,0,
43,1,bottom,other,540,240,304,80,0,
43,2,bottom,host,188.29,245.592,124,95,0,
43,2,bottom,other,531.71,234.408,304,80,0,
43,3,bottom,host,196.58,251.184,124,95,0,
43,3,bottom,other,523.42,228.816,304,80,0,
43,4,bottom,host,204.87,256.776,124,95,0,
43,4,bottom,other,515.13,223.224,304,80,0,
43,5,bottom,host,213.16,262.368,124,95,0,
43,5,bottom,other,506.84,217.632,304,80,0,
43,6,bottom,host,221.45,267.96,124,95,0,
43,6,bottom,other,498.55,212.04,304,80,0,
43,7,bottom,host,229.74,273.552,124,95,0,
43,7,bottom,other,490.26,206.448,304,80,0,
43,8,bottom,host,238.03,279.144,124,95,0,
43,8,bottom,other,481.97,200.856,304,80,0,
43,9,bottom,host,246.32,284.736,124,95,0,
43,9,bottom,other,473.68,195.264,304,80,0,
43,10,bottom,host,254.61,290.328,124,95,0,
43,10,bottom,other,465.39,189.672,304,80,0,
43,11,bottom,host,262.9,295.92,124,95,0,
43,11,bottom,other,457.1,184.08,304,80,0,
43,12,bottom,host,271.19,301.512,124,95,0,
43,12,bottom,other,448.81,178.488,304,80,0,
43,13,bottom,host,279.48,307.104,124,95,0,
43,13,bottom,other,440.52,172.896,304,80,0,
43,14,bottom,host,287.77,312.696,124,95,0,
43,14,bottom,other,432.23,167.304,304,80,0,
43,15,bottom,host,296.06,318.288,124,95,0,
43,15,bottom,other,423.94,161.712,304,80,0,
43,16,bottom,host,304.35,323.88,124,95,0,
43,16,bottom,other,415.65,156.12,304,80,0,
43,17,bottom,host,312.64,329.472,124,95,0,
43,17,bottom,other,407.36,150.528,304,80,0,
43,18,bottom,host,320.93,335.064,124,95,0,
43,18,bottom,other,399.07,144.936,304,80,0,
43,19,bottom,host,329.22,340.656,124,95,0,
43,19,bottom,other,390.78,139.344,304,80,0,
43,20,bottom,host,337.51,346.248,124,95,0,
43,20,bottom,other,382.49,133.752,304,80,0,
43,21,bottom,host,345.8,351.84,124,99,0,
43,21,bottom,other,374.2,128.16,304,81,0,
43,22,bottom,host,345.8,351.84,124,99,0,
43,22,bottom,other,374.2,128.16,304,81,0,
43,23,bottom,host,345.8,351.84,124,99,0,
43,23,bottom,other,374.2,128.16,304,81,0,
44,1,bottom,host,180,240,124,99,0,
44,1,bottom,other,540,240,304,81,0,
44,2,bottom,host,188.29,245.592,124,99,0,
44,2,bottom,other,531.71,234.408,304,81,0,
44,3,bottom,host,196.58,251.184,124,99,0,
44,3,bottom,other,523.42,228.816,304,81,0,
44,4,bottom,host,204.87,256.776,124,99,0,
44,4,bottom,other,515.13,223.224,304,81,0,
44,5,bottom,host,213.16,262.368,124,99,0,
44,5,bottom,other,506.84,217.632,304,81,0,
44,6,bottom,host,221.45,267.96,124,99,0,
44,6,bottom,other,498.55,212.04,304,81,0,
44,7,bottom,host,229.74,273.552,124,99,0,
44,7,bottom,other,490.26,206.448,304,81,0,
44,8,bottom,host,238.03,279.144,124,99,0,
44,8,bottom,other,481.97,200.856,304,81,0,
44,9,bottom,host,246.32,284.736,124,99,0,
44,9,bottom,other,473.68,195.264,304,81,0,
44,10,bottom,host,254.61,290.328,124,99,0,
44,10,bottom,other,465.39,189.672,304,81,0,
44,11,bottom,host,262.9,295.92,124,99,0,
44,11,bottom,other,457.1,184.08,304,81,0,
44,12,bottom,host,271.19,301.512,124,99,0,
44,12,bottom,other,448.81,178.488,304,81,0,
44,13,bottom,host,279.48,307.104,124,99,0,
44,13,bottom,other,440.52,172.896,304,81,0,
44,14,bottom,host,287.77,312.696,124,99,0,
44,14,bottom,other,432.23,167.304,304,81,0,
44,15,bottom,host,296.06,318.288,124,99,0,
44,15,bottom,other,423.94,161.712,304,81,0,
44,16,bottom,host,304.35,323.88,124,99,0,
44,16,bottom,other,415.65,156.12,304,81,0,
44,17,bottom,host,312.64,329.472,124,99,0,
44,17,bottom,other,407.36,150.528,304,81,0,
44,18,bottom,host,320.93,335.064,124,99,0,
44,18,bottom,other,399.07,144.936,304,81,0,
44,19,bottom,host,329.22,340.656,124,99,0,
44,19,bottom,other,390.78,139.344,304,81,0,
44,20,bottom,host,337.51,346.248,124,99,0,
44,20,bottom,other,382.49,133.752,304,81,0,
44,21,bottom,host,345.8,351.84,124,103,0,
44,21,bottom,other,374.2,128.16,304,82,0,
44,22,bottom,host,345.8,351.84,124,103,0,
44,22,bottom,other,374.2,128.16,304,82,0,
44,23,bottom,host,345.8,351.84,124,103,0,
44,23,bottom,other,374.2,128.16,304,82,0,
45,1,top,host,180,240,124,103,0,
45,1,top,other,540,240,304,82,0,
45,2,top,host,188.29,245.592,124,103,0,
45,2,top,other,531.71,234.408,304,82,0,
45,3,top,host,196.58,251.184,124,103,0,
45,3,top,other,523.42,228.816,304,82,0,
45,4,top,host,204.87,256.776,124,103,0,
45,4,top,other,515.13,223.224,304,82,0,
45,5,top,host,213.16,262.368,124,103,0,
45,5,top,other,506.84,217.632,304,82,0,
45,6,top,host,221.45,267.96,124,103,0,
45,6,top,other,498.55,212.04,304,82,0,
45,7,top,host,229.74,273.552,124,103,0,
45,7,top,other,490.26,206.448,304,82,0,
45,8,top,host,238.03,279.144,124,103,0,
45,8,top,other,481.97,200.856,304,82,0,
45,9,top,host,246.32,284.736,124,103,0,
45,9,top,other,473.68,195.264,304,82,0,
45,10,top,host,254.61,290.328,124,103,0,
45,10,top,other,465.39,189.672,304,82,0,
45,11,top,host,262.9,295.92,124,103,0,
45,11,top,other,457.1,184.08,304,82,0,
45,12,top,host,271.19,301.512,124,103,0,
45,12,top,other,448.81,178.488,304,82,0,
45,13,top,host,279.48,307.104,124,103,0,
45,13,top,other,440.52,172.896,304,82,0,
45,14,top,host,287.77,312.696,124,103,0,
45,14,top,other,432.23,167.304,304,82,0,
45,15,top,host,296.06,318.288,124,103,0,
45,15,top,other,423.94,161.712,304,82,0,
45,16,top,host,304.35,323.88,124,103,0,
45,16,top,other,415.65,156.12,304,82,0,
45,17,top,host,312.64,329.472,124,103,0,
45,17,top,other,407.36,150.528,304,82,0,
45,18,top,host,320.93,335.064,124,103,0,
45,18,top,other,399.07,144.936,304,82,0,
45,19,top,host,329.22,340.656,124,103,0,
45,19,top,other,390.78,139.344,304,82,0,
45,20,top,host,337.51,346.248,124,103,0,
45,20,top,other,382.49,133.752,304,82,0,
45,21,top,host,345.8,351.84,124,104,0,
45,21,top,other,374.2,128.16,304,86,0,
45,22,top,host,345.8,351.84,124,104,0,
45,22,top,other,374.2,128.16,304,86,0,
45,23,top,host,345.8,351.84,124,104,0,
45,23,top,other,374.2,128.16,304,86,0,
46,1,bottom,host,180,240,124,104,0,
46,1,bottom,other,540,240,304,86,0,
46,2,bottom,host,188.29,245.592,124,104,0,
46,2,bottom,other,531.71,234.408,304,86,0,
46,3,bottom,host,196.58,251.184,124,104,0,
46,3,bottom,other,523.42,228.816,304,86,0,
46,4,bottom,host,204.87,256.776,124,104,0,
46,4,bottom,other,515.13,223.224,304,86,0,
46,5,bottom,host,213.16,262.368,124,104,0,
46,5,bottom,other,506.84,217.632,304,86,0,
46,6,bottom,host,221.45,267.96,124,104,0,
46,6,bottom,other,498.55,212.04,304,86,0,
46,7,bottom,host,229.74,273.552,124,104,0,
46,7,bottom,other,490.26,206.448,304,86,0,
46,8,bottom,host,238.03,279.144,124,104,0,
46,8,bottom,other,481.97,200.856,304,86,0,
46,9,bottom,host,246.32,284.736,124,104,0,
46,9,bottom,other,473.68,195.264,304,86,0,
46,10,bottom,host,254.61,290.328,124,104,0,
46,10,bottom,other,465.39,189.672,304,86,0,
46,11,bottom,host,262.9,295.92,124,104,0,
46,11,bottom,other,457.1,184.08,304,86,0,
46,12,bottom,host,271.19,301.512,124,104,0,
46,12,bottom,other,448.81,178.488,304,86,0,
46,13,bottom,host,279.48,307.104,124,104,0,
46,13,bottom,other,440.52,172.896,304,86,0,
46,14,bottom,host,287.77,312.696,124,104,0,
46,14,bottom,other,432.23,167.304,304,86,0,
46,15,bottom,host,296.06,318.288,124,104,0,
46,15,bottom,other,423.94,161.712,304,86,0,
46,16,bottom,host,304.35,323.88,124,104,0,
46,16,bottom,other,415.65,156.12,304,86,0,
46,17,bottom,host,312.64,329.472,124,104,0,
46,17,bottom,other,407.36,150.528,304,86,0,
46,18,bottom,host,320.93,335.064,124,104,0,
46,18,bottom,other,399.07,144.936,304,86,0,
46,19,bottom,host,329.22,340.656,124,104,0,
46,19,bottom,other,390.78,139.344,304,86,0,
46,20,bottom,host,337.51,346.248,124,104,0,
46,20,bottom,other,382.49,133.752,304,86,0,
46,21,bottom,host,345.8,351.84,124,108,0,
46,21,bottom,other,374.2,128.16,304,87,0,
46,22,bottom,host,345.8,351.84,124,108,0,
46,22,bottom,other,374.2,128.16,304,87,0,
46,23,bottom,host,345.8,351.84,124,108,0,
46,23,bottom,other,374.2,128.16,304,87,0,
47,1,bottom,host,180,240,124,108,0,
47,1,bottom,other,540,240,304,87,0,
47,2,bottom,host,188.29,245.592,124,108,0,
47,2,bottom,other,531.71,234.408,304,87,0,
47,3,bottom,host,196.58,251.184,124,108,0,
47,3,bottom,other,523.42,228.816,304,87,0,
47,4,bottom,host,204.87,256.776,124,108,0,
47,4,bottom,other,515.13,223.224,304,87,0,
47,5,bottom,host,213.16,262.368,124,108,0,
47,5,bottom,other,506.84,217.632,304,87,0,
47,6,bottom,host,221.45,267.96,124,108,0,
47,6,bottom,other,498.55,212.04,304,87,0,
47,7,bottom,host,229.74,273.552,124,108,0,
47,7,bottom,other,490.26,206.448,304,87,0,
47,8,bottom,host,238.03,279.144,124,108,0,
47,8,bottom,other,481.97,200.856,304,87,0,
47,9,bottom,host,246.32,284.736,124,108,0,
47,9,bottom,other,473.68,195.264,304,87,0,
47,10,bottom,host,254.61,290.328,124,108,0,
47,10,bottom,other,465.39,189.672,304,87,0,
47,11,bottom,host,262.9,295.92,124,108,0,
47,11,bottom,other,457.1,184.08,304,87,0,
47,12,bottom,host,271.19,301.512,124,108,0,
47,12,bottom,other,448.81,178.488,304,87,0,
47,13,bottom,host,279.48,307.104,124,108,0,
47,13,bottom,other,440.52,172.896,304,87,0,
47,14,bottom,host,287.77,312.696,124,108,0,
47,14,bottom,other,432.23,167.304,304,87,0,
47,15,bottom,host,296.06,318.288,124,108,0,
47,15,bottom,other,423.94,161.712,304,87,0,
47,16,bottom,host,304.35,323.88,124,108,0,
47,16,bottom,other,415.65,156.12,304,87,0,
47,17,bottom,host,312.64,329.472,124,108,0,
47,17,bottom,other,407.36,150.528,304,87,0,
47,18,bottom,host,320.93,335.064,124,108,0,
47,18,bottom,other,399.07,144.936,304,87,0,
47,19,bottom,host,329.22,340.656,124,108,0,
47,19,bottom,other,390.78,139.344,304,87,0,
47,20,bottom,host,337.51,346.248,124,108,0,
47,20,bottom,other,382.49,133.752,304,87,0,
47,21,bottom,host,345.8,351.84,124,112,0,
47,21,bottom,other,374.2,128.16,304,88,0,
47,22,bottom,host,345.8,351.84,124,112,0,
47,22,bottom,other,374.2,128.16,304,88,0,
47,23,bottom,host,345.8,351.84,124,112,0,
47,23,bottom,other,374.2,128.16,304,88,0,
48,1,bottom,host,180,240,124,112,0,
48,1,bottom,other,540,240,304,88,0,
48,2,bottom,host,188.29,245.592,124,112,0,
48,2,bottom,other,531.71,234.408,304,88,0,
48,3,bottom,host,196.58,251.184,124,112,0,
48,3,bottom,other,523.42,228.816,304,88,0,
48,4,bottom,host,204.87,256.776,124,112,0,
48,4,bottom,other,515.13,223.224,304,88,0,
48,5,bottom,host,213.16,262.368,124,112,0,
48,5,bottom,other,506.84,217.632,304,88,0,
48,6,bottom,host,221.45,267.96,124,112,0,
48,6,bottom,other,498.55,212.04,304,88,0,
48,7,bottom,host,229.74,273.552,124,112,0,
48,7,bottom,other,490.26,206.448,304,88,0,
48,8,bottom,host,238.03,279.144,124,112,0,
48,8,bottom,other,481.97,200.856,304,88,0,
48,9,bottom,host,246.32,284.736,124,112,0,
48,9,bottom,other,473.68,195.264,304,88,0,
48,10,bottom,host,254.61,290.328,124,112,0,
48,10,bottom,other,465.39,189.672,304,88,0,
48,11,bottom,host,262.9,295.92,124,112,0,
48,11,bottom,other,457.1,184.08,304,88,0,
48,12,bottom,host,271.19,301.512,124,112,0,
48,12,bottom,other,448.81,178.488,304,88,0,
48,13,bottom,host,279.48,307.104,124,112,0,
48,13,bottom,other,440.52,172.896,304,88,0,
48,14,bottom,host,287.77,312.696,124,112,0,
48,14,bottom,other,432.23,167.304,304,88,0,
48,15,bottom,host,296.06,318.288,124,112,0,
48,15,bottom,other,423.94,161.712,304,88,0,
48,16,bottom,host,304.35,323.88,124,112,0,
48,16,bottom,other,415.65,156.12,304,88,0,
48,17,bottom,host,312.64,329.472,124,112,0,
48,17,bottom,other,407.36,150.528,304,88,0,
48,18,bottom,host,320.93,335.064,124,112,0,
48,18,bottom,other,399.07,144.936,304,88,0,
48,19,bottom,host,329.22,340.656,124,112,0,
48,19,bottom,other,390.78,139.344,304,88,0,
48,20,bottom,host,337.51,346.248,124,112,0,
48,20,bottom,other,382.49,133.752,304,88,0,
48,21,bottom,host,345.8,351.84,124,116,0,
48,21,bottom,other,374.2,128.16,304,89,0,
48,22,bottom,host,345.8,351.84,124,116,0,
48,22,bottom,other,374.2,128.16,304,89,0,
48,23,bottom,host,345.8,351.84,124,116,0,
48,23,bottom,other,374.2,128.16,304,89,0,
49,1,bottom,host,180,240,124,116,0,
49,1,bottom,other,540,240,304,89,0,
49,2,bottom,host,188.29,245.592,124,116,0,
49,2,bottom,other,531.71,234.408,304,89,0,
49,3,bottom,host,196.58,251.184,124,116,0,
49,3,bottom,other,523.42,228.816,304,89,0,
49,4,bottom,host,204.87,256.776,124,116,0,
49,4,bottom,other,515.13,223.224,304,89,0,
49,5,bottom,host,213.16,262.368,124,116,0,
49,5,bottom,other,506.84,217.632,304,89,0,
49,6,bottom,host,221.45,267.96,124,116,0,
49,6,bottom,other,498.55,212.04,304,89,0,
49,7,bottom,host,229.74,273.552,124,116,0,
49,7,bottom,other,490.26,206.448,304,89,0,
49,8,bottom,host,238.03,279.144,124,116,0,
49,8,bottom,other,481.97,200.856,304,89,0,
49,9,bottom,host,246.32,284.736,124,116,0,
49,9,bottom,other,473.68,195.264,304,89,0,
49,10,bottom,host,254.61,290.328,124,116,0,
49,10,bottom,other,465.39,189.672,304,89,0,
49,11,bottom,host,262.9,295.92,124,116,0,
49,11,bottom,other,457.1,184.08,304,89,0,
49,12,bottom,host,271.19,301.512,124,116,0,
49,12,bottom,other,448.81,178.488,304,89,0,
49,13,bottom,host,279.48,307.104,124,116,0,
49,13,bottom,other,440.52,172.896,304,89,0,
49,14,bottom,host,287.77,312.696,124,116,0,
49,14,bottom,other,432.23,167.304,304,89,0,
49,15,bottom,host,296.06,318.288,124,116,0,
49,15,bottom,other,423.94,161.712,304,89,0,
49,16,bottom,host,304.35,323.88,124,116,0,
49,16,bottom,other,415.65,156.12,304,89,0,
49,17,bottom,host,312.64,329.472,124,116,0,
49,17,bottom,other,407.36,150.528,304,89,0,
49,18,bottom,host,320.93,335.064,124,116,0,
49,18,bottom,other,399.07,144.936,304,89,0,
49,19,bottom,host,329.22,340.656,124,116,0,
49,19,bottom,other,390.78,139.344,304,89,0,
49,20,bottom,host,337.51,346.248,124,116,0,
49,20,bottom,other,382.49,133.752,304,89,0,
49,21,bottom,host,345.8,351.84,124,120,0,
49,21,bottom,other,374.2,128.16,304,90,0,
49,22,bottom,host,345.8,351.84,124,120,0,
49,22,bottom,other,374.2,128.16,304,90,0,
49,23,bottom,host,345.8,351.84,124,120,0,
49,23,bottom,other,374.2,128.16,304,90,0,
50,1,top,host,180,240,124,120,0,
50,1,top,other,540,240,304,90,0,
50,2,top,host,188.29,245.592,124,120,0,
50,2,top,other,531.71,234.408,304,90,0,
50,3,top,host,196.58,251.184,124,120,0,
50,3,top,other,523.42,228.816,304,90,0,
50,4,top,host,204.87,256.776,124,120,0,
50,4,top,other,515.13,223.224,304,90,0,
50,5,top,host,213.16,262.368,124,120,0,
50,5,top,other,506.84,217.632,304,90,0,
50,6,top,host,221.45,267.96,124,120,0,
50,6,top,other,498.55,212.04,304,90,0,
50,7,top,host,229.74,273.552,124,120,0,
50,7,top,other,490.26,206.448,304,90,0,
50,8,top,host,238.03,279.144,124,120,0,
50,8,top,other,481.97,200.856,304,90,0,
50,9,top,host,246.32,284.736,124,120,0,
50,9,top,other,473.68,195.264,304,90,0,
50,10,top,host,254.61,290.328,124,120,0,
50,10,top,other,465.39,189.672,304,90,0,
50,11,top,host,262.9,295.92,124,120,0,
50,11,top,other,457.1,184.08,304,90,0,
50,12,top,host,271.19,301.512,124,120,0,
50,12,top,other,448.81,178.488,304,90,0,
50,13,top,host,279.48,307.104,124,120,0,
50,13,top,other,440.52,172.896,304,90,0,
50,14,top,host,287.77,312.696,124,120,0,
50,14,top,other,432.23,167.304,304,90,0,
50,15,top,host,296.06,318.288,124,120,0,
50,15,top,other,423.94,161.712,304,90,0,
50,16,top,host,304.35,323.88,124,120,0,
50,16,top,other,415.65,156.12,304,90,0,
50,17,top,host,312.64,329.472,124,120,0,
50,17,top,other,407.36,150.528,304,90,0,
50,18,top,host,320.93,335.064,124,120,0,
50,18,top,other,399.07,144.936,304,90,0,
50,19,top,host,329.22,340.656,124,120,0,
50,19,top,other,390.78,139.344,304,90,0,
50,20,top,host,337.51,346.248,124,120,0,
50,20,top,other,382.49,133.752,304,90,0,
50,21,top,host,345.8,351.84,124,121,0,
50,21,top,other,374.2,128.16,304,94,0,
50,22,top,host,345.8,351.84,124,121,0,
50,22,top,other,374.2,128.16,304,94,0,
50,23,top,host,345.8,351.84,124,121,0,
50,23,top,other,374.2,128.16,304,94,0,
