1,1,bottom,other,540,240,236,0,0,
1,1,bottom,host,180,240,124,0,0,
1,2,bottom,host,188.29,245.592,124,0,0,
1,2,bottom,other,531.71,245.592,236,0,0,
1,3,bottom,host,196.58,251.184,124,0,0,
1,3,bottom,other,523.42,251.184,236,0,0,
1,4,bottom,host,204.87,256.776,124,0,0,
1,4,bottom,other,515.13,256.776,236,0,0,
1,5,bottom,host,213.16,262.368,124,0,0,
1,5,bottom,other,506.84,262.368,236,0,0,
1,6,bottom,host,221.45,267.96,124,0,0,
1,6,bottom,other,498.55,267.96,236,0,0,
1,7,bottom,host,229.74,273.552,124,0,0,
1,7,bottom,other,490.26,273.552,236,0,0,
1,8,bottom,host,238.03,279.144,124,0,0,
1,8,bottom,other,481.97,279.144,236,0,0,
1,9,bottom,host,246.32,284.736,124,0,0,
1,9,bottom,other,473.68,284.736,236,0,0,
1,10,bottom,host,254.61,290.328,124,0,0,
1,10,bottom,other,465.39,290.328,236,0,0,
1,11,bottom,host,262.9,295.92,124,0,0,
1,11,bottom,other,457.1,295.92,236,0,0,
1,12,bottom,host,271.19,301.512,124,0,0,
1,12,bottom,other,448.81,301.512,236,0,0,
1,13,bottom,host,279.48,307.104,124,0,0,
1,13,bottom,other,440.52,307.104,236,0,0,
1,14,bottom,host,287.77,312.696,124,0,0,
1,14,bottom,other,432.23,312.696,236,0,0,
1,15,bottom,host,296.06,318.288,124,0,0,
1,15,bottom,other,423.94,318.288,236,0,0,
1,16,bottom,host,304.35,323.88,124,0,0,
1,16,bottom,other,415.65,323.88,236,0,0,
1,17,bottom,host,312.64,329.472,124,0,0,
1,17,bottom,other,407.36,329.472,236,0,0,
1,18,bottom,host,320.93,335.064,124,0,0,
1,18,bottom,other,399.07,335.064,236,0,0,
1,19,bottom,host,329.22,340.656,124,0,0,
1,19,bottom,other,390.78,340.656,236,0,0,
1,20,bottom,host,337.51,346.248,124,0,0,
1,20,bottom,other,382.49,346.248,236,0,0,
1,21,bottom,host,345.8,351.84,124,0,0,
1,21,bottom,other,374.2,351.84,236,0,0,
1,22,bottom,host,345.8,351.84,124,0,0,
1,22,bottom,other,374.2,351.84,236,0,0,
1,23,bottom,host,345.8,351.84,124,0,0,
1,23,bottom,other,374.2,351.84,236,0,0,
2,1,bottom,host,180,240,124,0,0,
2,1,bottom,other,540,240,236,0,0,
2,2,bottom,host,188.29,245.592,124,0,0,
2,2,bottom,other,531.71,245.592,236,0,0,
2,3,bottom,host,196.58,251.184,124,0,0,
2,3,bottom,other,523.42,251.184,236,0,0,
2,4,bottom,host,204.87,256.776,124,0,0,
2,4,bottom,other,515.13,256.776,236,0,0,
2,5,bottom,host,213.16,262.368,124,0,0,
2,5,bottom,other,506.84,262.368,236,0,0,
2,6,bottom,host,221.45,267.96,124,0,0,
2,6,bottom,other,498.55,267.96,236,0,0,
2,7,bottom,host,229.74,273.552,124,0,0,
2,7,bottom,other,490.26,273.552,236,0,0,
2,8,bottom,host,238.03,279.144,124,0,0,
2,8,bottom,other,481.97,279.144,236,0,0,
2,9,bottom,host,246.32,284.736,124,0,0,
2,9,bottom,other,473.68,284.736,236,0,0,
2,10,bottom,host,254.61,290.328,124,0,0,
2,10,bottom,other,465.39,290.328,236,0,0,
2,11,bottom,host,262.9,295.92,124,0,0,
2,11,bottom,other,457.1,295.92,236,0,0,
2,12,bottom,host,271.19,301.512,124,0,0,
2,12,bottom,other,448.81,301.512,236,0,0,
2,13,bottom,host,279.48,307.104,124,0,0,
2,13,bottom,other,440.52,307.104,236,0,0,
2,14,bottom,host,287.77,312.696,124,0,0,
2,14,bottom,other,432.23,312.696,236,0,0,
2,15,bottom,host,296.06,318.288,124,0,0,
2,15,bottom,other,423.94,318.288,236,0,0,
2,16,bottom,host,304.35,323.88,124,0,0,
2,16,bottom,other,415.65,323.88,236,0,0,
2,17,bottom,host,312.64,329.472,124,0,0,
2,17,bottom,other,407.36,329.472,236,0,0,
2,18,bottom,host,320.93,335.064,124,0,0,
2,18,bottom,other,399.07,335.064,236,0,0,
2,19,bottom,host,329.22,340.656,124,0,0,
2,19,bottom,other,390.78,340.656,236,0,0,
2,20,bottom,host,337.51,346.248,124,0,0,
2,20,bottom,other,382.49,346.248,236,0,0,
2,21,bottom,host,345.8,351.84,124,0,0,
2,21,bottom,other,374.2,351.84,236,0,0,
2,22,bottom,host,345.8,351.84,124,0,0,
2,22,bottom,other,374.2,351.84,236,0,0,
2,23,bottom,host,345.8,351.84,124,0,0,
2,23,bottom,other,374.2,351.84,236,0,0,
3,1,top,host,180,240,124,0,0,
3,1,top,other,540,240,304,0,0,
3,2,top,host,188.29,245.592,124,0,0,
3,2,top,other,531.71,234.408,304,0,0,
3,3,top,host,196.58,251.184,124,0,0,
3,3,top,other,523.42,228.816,304,0,0,
3,4,top,host,204.87,256.776,124,0,0,
3,4,top,other,515.13,223.224,304,0,0,
3,5,top,host,213.16,262.368,124,0,0,
3,5,top,other,506.84,217.632,304,0,0,
3,6,top,host,221.45,267.96,124,0,0,
3,6,top,other,498.55,212.04,304,0,0,
3,7,top,host,229.74,273.552,124,0,0,
3,7,top,other,490.26,206.448,304,0,0,
3,8,top,host,238.03,279.144,124,0,0,
3,8,top,other,481.97,200.856,304,0,0,
3,9,top,host,246.32,284.736,124,0,0,
3,9,top,other,473.68,195.264,304,0,0,
3,10,top,host,254.61,290.328,124,0,0,
3,10,top,other,465.39,189.672,304,0,0,
3,11,top,host,262.9,295.92,124,0,0,
3,11,top,other,457.1,184.08,304,0,0,
3,12,top,host,271.19,301.512,124,0,0,
3,12,top,other,448.81,178.488,304,0,0,
3,13,top,host,279.48,307.104,124,0,0,
3,13,top,other,440.52,172.896,304,0,0,
3,14,top,host,287.77,312.696,124,0,0,
3,14,top,other,432.23,167.304,304,0,0,
3,15,top,host,296.06,318.288,124,0,0,
3,15,top,other,423.94,161.712,304,0,0,
3,16,top,host,304.35,323.88,124,0,0,
3,16,top,other,415.65,156.12,304,0,0,
3,17,top,host,312.64,329.472,124,0,0,
3,17,top,other,407.36,150.528,304,0,0,
3,18,top,host,320.93,335.064,124,0,0,
3,18,top,other,399.07,144.936,304,0,0,
3,19,top,host,329.22,340.656,124,0,0,
3,19,top,other,390.78,139.344,304,0,0,
3,20,top,host,337.51,346.248,124,0,0,
3,20,top,other,382.49,133.752,304,0,0,
3,21,top,host,345.8,351.84,124,1,0,
3,21,top,other,374.2,128.16,304,4,0,
3,22,top,host,345.8,351.84,124,1,0,
3,22,top,other,374.2,128.16,304,4,0,
3,23,top,host,345.8,351.84,124,1,0,
3,23,top,other,374.2,128.16,304,4,0,
4,1,bottom,host,180,240,124,1,0,
4,1,bottom,other,540,240,236,4,0,
4,2,bottom,host,188.29,245.592,124,1,0,
4,2,bottom,other,531.71,245.592,236,4,0,
4,3,bottom,host,196.58,251.184,124,1,0,
4,3,bottom,other,523.42,251.184,236,4,0,
4,4,bottom,host,204.87,256.776,124,1,0,
4,4,bottom,other,515.13,256.776,236,4,0,
4,5,bottom,host,213.16,262.368,124,1,0,
4,5,bottom,other,506.84,262.368,236,4,0,
4,6,bottom,host,221.45,267.96,124,1,0,
4,6,bottom,other,498.55,267.96,236,4,0,
4,7,bottom,host,229.74,273.552,124,1,0,
4,7,bottom,other,490.26,273.552,236,4,0,
4,8,bottom,host,238.03,279.144,124,1,0,
4,8,bottom,other,481.97,279.144,236,4,0,
4,9,bottom,host,246.32,284.736,124,1,0,
4,9,bottom,other,473.68,284.736,236,4,0,
4,10,bottom,host,254.61,290.328,124,1,0,
4,10,bottom,other,465.39,290.328,236,4,0,
4,11,bottom,host,262.9,295.92,124,1,0,
4,11,bottom,other,457.1,295.92,236,4,0,
4,12,bottom,host,271.19,301.512,124,1,0,
4,12,bottom,other,448.81,301.512,236,4,0,
4,13,bottom,host,279.48,307.104,124,1,0,
4,13,bottom,other,440.52,307.104,236,4,0,
4,14,bottom,host,287.77,312.696,124,1,0,
4,14,bottom,other,432.23,312.696,236,4,0,
4,15,bottom,host,296.06,318.288,124,1,0,
4,15,bottom,other,423.94,318.288,236,4,0,
4,16,bottom,host,304.35,323.88,124,1,0,
4,16,bottom,other,415.65,323.88,236,4,0,
4,17,bottom,host,312.64,329.472,124,1,0,
4,17,bottom,other,407.36,329.472,236,4,0,
4,18,bottom,host,320.93,335.064,124,1,0,
4,18,bottom,other,399.07,335.064,236,4,0,
4,19,bottom,host,329.22,340.656,124,1,0,
4,19,bottom,other,390.78,340.656,236,4,0,
4,20,bottom,host,337.51,346.248,124,1,0,
4,20,bottom,other,382.49,346.248,236,4,0,
4,21,bottom,host,345.8,351.84,124,1,0,
4,21,bottom,other,374.2,351.84,236,4,0,
4,22,bottom,host,345.8,351.84,124,1,0,
4,22,bottom,other,374.2,351.84,236,4,0,
4,23,bottom,host,345.8,351.84,124,1,0,
4,23,bottom,other,374.2,351.84,236,4,0,
5,1,top,host,180,240,56,1,0,
5,1,top,other,540,240,304,4,0,
5,2,top,host,188.29,234.408,56,1,0,
5,2,top,other,531.71,234.408,304,4,0,
5,3,top,host,196.58,228.816,56,1,0,
5,3,top,other,523.42,228.816,304,4,0,
5,4,top,host,204.87,223.224,56,1,0,
5,4,top,other,515.13,223.224,304,4,0,
5,5,top,host,213.16,217.632,56,1,0,
5,5,top,other,506.84,217.632,304,4,0,
5,6,top,host,221.45,212.04,56,1,0,
5,6,top,other,498.55,212.04,304,4,0,
5,7,top,host,229.74,206.448,56,1,0,
5,7,top,other,490.26,206.448,304,4,0,
5,8,top,host,238.03,200.856,56,1,0,
5,8,top,other,481.97,200.856,304,4,0,
5,9,top,host,246.32,195.264,56,1,0,
5,9,top,other,473.68,195.264,304,4,0,
5,10,top,host,254.61,189.672,56,1,0,
5,10,top,other,465.39,189.672,304,4,0,
5,11,top,host,262.9,184.08,56,1,0,
5,11,top,other,457.1,184.08,304,4,0,
5,12,top,host,271.19,178.488,56,1,0,
5,12,top,other,448.81,178.488,304,4,0,
5,13,top,host,279.48,172.896,56,1,0,
5,13,top,other,440.52,172.896,304,4,0,
5,14,top,host,287.77,167.304,56,1,0,
5,14,top,other,432.23,167.304,304,4,0,
5,15,top,host,296.06,161.712,56,1,0,
5,15,top,other,423.94,161.712,304,4,0,
5,16,top,host,304.35,156.12,56,1,0,
5,16,top,other,415.65,156.12,304,4,0,
5,17,top,host,312.64,150.528,56,1,0,
5,17,top,other,407.36,150.528,304,4,0,
5,18,top,host,320.93,144.936,56,1,0,
5,18,top,other,399.07,144.936,304,4,0,
5,19,top,host,329.22,139.344,56,1,0,
5,19,top,other,390.78,139.344,304,4,0,
5,20,top,host,337.51,133.752,56,1,0,
5,20,top,other,382.49,133.752,304,4,0,
5,21,top,host,345.8,128.16,56,1,0,
5,21,top,other,374.2,128.16,304,4,0,
5,22,top,host,345.8,128.16,56,1,0,
5,22,top,other,374.2,128.16,304,4,0,
5,23,top,host,345.8,128.16,56,1,0,
5,23,top,other,374.2,128.16,304,4,0,
6,1,bottom,host,180,240,124,1,0,
6,1,bottom,other,540,240,304,4,0,
6,2,bottom,host,188.29,245.592,124,1,0,
6,2,bottom,other,531.71,234.408,304,4,0,
6,3,bottom,host,196.58,251.184,124,1,0,
6,3,bottom,other,523.42,228.816,304,4,0,
6,4,bottom,host,204.87,256.776,124,1,0,
6,4,bottom,other,515.13,223.224,304,4,0,
6,5,bottom,host,213.16,262.368,124,1,0,
6,5,bottom,other,506.84,217.632,304,4,0,
6,6,bottom,host,221.45,267.96,124,1,0,
6,6,bottom,other,498.55,212.04,304,4,0,
6,7,bottom,host,229.74,273.552,124,1,0,
6,7,bottom,other,490.26,206.448,304,4,0,
6,8,bottom,host,238.03,279.144,124,1,0,
6,8,bottom,other,481.97,200.856,304,4,0,
6,9,bottom,host,246.32,284.736,124,1,0,
6,9,bottom,other,473.68,195.264,304,4,0,
6,10,bottom,host,254.61,290.328,124,1,0,
6,10,bottom,other,465.39,189.672,304,4,0,
6,11,bottom,host,262.9,295.92,124,1,0,
6,11,bottom,other,457.1,184.08,304,4,0,
6,12,bottom,host,271.19,301.512,124,1,0,
6,12,bottom,other,448.81,178.488,304,4,0,
6,13,bottom,host,279.48,307.104,124,1,0,
6,13,bottom,other,440.52,172.896,304,4,0,
6,14,bottom,host,287.77,312.696,124,1,0,
6,14,bottom,other,432.23,167.304,304,4,0,
6,15,bottom,host,296.06,318.288,124,1,0,
6,15,bottom,other,423.94,161.712,304,4,0,
6,16,bottom,host,304.35,323.88,124,1,0,
6,16,bottom,other,415.65,156.12,304,4,0,
6,17,bottom,host,312.64,329.472,124,1,0,
6,17,bottom,other,407.36,150.528,304,4,0,
6,18,bottom,host,320.93,335.064,124,1,0,
6,18,bottom,other,399.07,144.936,304,4,0,
6,19,bottom,host,329.22,340.656,124,1,0,
6,19,bottom,other,390.78,139.344,304,4,0,
6,20,bottom,host,337.51,346.248,124,1,0,
6,20,bottom,other,382.49,133.752,304,4,0,
6,21,bottom,host,345.8,351.84,124,5,0,
6,21,bottom,other,374.2,128.16,304,5,0,
6,22,bottom,host,345.8,351.84,124,5,0,
6,22,bottom,other,374.2,128.16,304,5,0,
6,23,bottom,host,345.8,351.84,124,5,0,
6,23,bottom,other,374.2,128.16,304,5,0,
7,1,top,host,180,240,124,5,0,
7,1,top,other,540,240,304,5,0,
7,2,top,host,188.29,245.592,124,5,0,
7,2,top,other,531.71,234.408,304,5,0,
7,3,top,host,196.58,251.184,124,5,0,
7,3,top,other,523.42,228.816,304,5,0,
7,4,top,host,204.87,256.776,124,5,0,
7,4,top,other,515.13,223.224,304,5,0,
7,5,top,host,213.16,262.368,124,5,0,
7,5,top,other,506.84,217.632,304,5,0,
7,6,top,host,221.45,267.96,124,5,0,
7,6,top,other,498.55,212.04,304,5,0,
7,7,top,host,229.74,273.552,124,5,0,
7,7,top,other,490.26,206.448,304,5,0,
7,8,top,host,238.03,279.144,124,5,0,
7,8,top,other,481.97,200.856,304,5,0,
7,9,top,host,246.32,284.736,124,5,0,
7,9,top,other,473.68,195.264,304,5,0,
7,10,top,host,254.61,290.328,124,5,0,
7,10,top,other,465.39,189.672,304,5,0,
7,11,top,host,262.9,295.92,124,5,0,
7,11,top,other,457.1,184.08,304,5,0,
7,12,top,host,271.19,301.512,124,5,0,
7,12,top,other,448.81,178.488,304,5,0,
7,13,top,host,279.48,307.104,124,5,0,
7,13,top,other,440.52,172.896,304,5,0,
7,14,top,host,287.77,312.696,124,5,0,
7,14,top,other,432.23,167.304,304,5,0,
7,15,top,host,296.06,318.288,124,5,0,
7,15,top,other,423.94,161.712,304,5,0,
7,16,top,host,304.35,323.88,124,5,0,
7,16,top,other,415.65,156.12,304,5,0,
7,17,top,host,312.64,329.472,124,5,0,
7,17,top,other,407.36,150.528,304,5,0,
7,18,top,host,320.93,335.064,124,5,0,
7,18,top,other,399.07,144.936,304,5,0,
7,19,top,host,329.22,340.656,124,5,0,
7,19,top,other,390.78,139.344,304,5,0,
7,20,top,host,337.51,346.248,124,5,0,
7,20,top,other,382.49,133.752,304,5,0,
7,21,top,host,345.8,351.84,124,6,0,
7,21,top,other,374.2,128.16,304,9,0,
7,22,top,host,345.8,351.84,124,6,0,
7,22,top,other,374.2,128.16,304,9,0,
7,23,top,host,345.8,351.84,124,6,0,
7,23,top,other,374.2,128.16,304,9,0,
8,1,bottom,host,180,240,124,6,0,
8,1,bottom,other,540,240,236,9,0,
8,2,bottom,host,188.29,245.592,124,6,0,
8,2,bottom,other,531.71,245.592,236,9,0,
8,3,bottom,host,196.58,251.184,124,6,0,
8,3,bottom,other,523.42,251.184,236,9,0,
8,4,bottom,host,204.87,256.776,124,6,0,
8,4,bottom,other,515.13,256.776,236,9,0,
8,5,bottom,host,213.16,262.368,124,6,0,
8,5,bottom,other,506.84,262.368,236,9,0,
8,6,bottom,host,221.45,267.96,124,6,0,
8,6,bottom,other,498.55,267.96,236,9,0,
8,7,bottom,host,229.74,273.552,124,6,0,
8,7,bottom,other,490.26,273.552,236,9,0,
8,8,bottom,host,238.03,279.144,124,6,0,
8,8,bottom,other,481.97,279.144,236,9,0,
8,9,bottom,host,246.32,284.736,124,6,0,
8,9,bottom,other,473.68,284.736,236,9,0,
8,10,bottom,host,254.61,290.328,124,6,0,
8,10,bottom,other,465.39,290.328,236,9,0,
8,11,bottom,host,262.9,295.92,124,6,0,
8,11,bottom,other,457.1,295.92,236,9,0,
8,12,bottom,host,271.19,301.512,124,6,0,
8,12,bottom,other,448.81,301.512,236,9,0,
8,13,bottom,host,279.48,307.104,124,6,0,
8,13,bottom,other,440.52,307.104,236,9,0,
8,14,bottom,host,287.77,312.696,124,6,0,
8,14,bottom,other,432.23,312.696,236,9,0,
8,15,bottom,host,296.06,318.288,124,6,0,
8,15,bottom,other,423.94,318.288,236,9,0,
8,16,bottom,host,304.35,323.88,124,6,0,
8,16,bottom,other,415.65,323.88,236,9,0,
8,17,bottom,host,312.64,329.472,124,6,0,
8,17,bottom,other,407.36,329.472,236,9,0,
8,18,bottom,host,320.93,335.064,124,6,0,
8,18,bottom,other,399.07,335.064,236,9,0,
8,19,bottom,host,329.22,340.656,124,6,0,
8,19,bottom,other,390.78,340.656,236,9,0,
8,20,bottom,host,337.51,346.248,124,6,0,
8,20,bottom,other,382.49,346.248,236,9,0,
8,21,bottom,host,345.8,351.84,124,6,0,
8,21,bottom,other,374.2,351.84,236,9,0,
8,22,bottom,host,345.8,351.84,124,6,0,
8,22,bottom,other,374.2,351.84,236,9,0,
8,23,bottom,host,345.8,351.84,124,6,0,
8,23,bottom,other,374.2,351.84,236,9,0,
9,1,bottom,host,180,240,124,6,0,
9,1,bottom,other,540,240,304,9,0,
9,2,bottom,host,188.29,245.592,124,6,0,
9,2,bottom,other,531.71,234.408,304,9,0,
9,3,bottom,host,196.58,251.184,124,6,0,
9,3,bottom,other,523.42,228.816,304,9,0,
9,4,bottom,host,204.87,256.776,124,6,0,
9,4,bottom,other,515.13,223.224,304,9,0,
9,5,bottom,host,213.16,262.368,124,6,0,
9,5,bottom,other,506.84,217.632,304,9,0,
9,6,bottom,host,221.45,267.96,124,6,0,
9,6,bottom,other,498.55,212.04,304,9,0,
9,7,bottom,host,229.74,273.552,124,6,0,
9,7,bottom,other,490.26,206.448,304,9,0,
9,8,bottom,host,238.03,279.144,124,6,0,
9,8,bottom,other,481.97,200.856,304,9,0,
9,9,bottom,host,246.32,284.736,124,6,0,
9,9,bottom,other,473.68,195.264,304,9,0,
9,10,bottom,host,254.61,290.328,124,6,0,
9,10,bottom,other,465.39,189.672,304,9,0,
9,11,bottom,host,262.9,295.92,124,6,0,
9,11,bottom,other,457.1,184.08,304,9,0,
9,12,bottom,host,271.19,301.512,124,6,0,
9,12,bottom,other,448.81,178.488,304,9,0,
9,13,bottom,host,279.48,307.104,124,6,0,
9,13,bottom,other,440.52,172.896,304,9,0,
9,14,bottom,host,287.77,312.696,124,6,0,
9,14,bottom,other,432.23,167.304,304,9,0,
9,15,bottom,host,296.06,318.288,124,6,0,
9,15,bottom,other,423.94,161.712,304,9,0,
9,16,bottom,host,304.35,323.88,124,6,0,
9,16,bottom,other,415.65,156.12,304,9,0,
9,17,bottom,host,312.64,329.472,124,6,0,
9,17,bottom,other,407.36,150.528,304,9,0,
9,18,bottom,host,320.93,335.064,124,6,0,
9,18,bottom,other,399.07,144.936,304,9,0,
9,19,bottom,host,329.22,340.656,124,6,0,
9,19,bottom,other,390.78,139.344,304,9,0,
9,20,bottom,host,337.51,346.248,124,6,0,
9,20,bottom,other,382.49,133.752,304,9,0,
9,21,bottom,host,345.8,351.84,124,10,0,
9,21,bottom,other,374.2,128.16,304,10,0,
9,22,bottom,host,345.8,351.84,124,10,0,
9,22,bottom,other,374.2,128.16,304,10,0,
9,23,bottom,host,345.8,351.84,124,10,0,
9,23,bottom,other,374.2,128.16,304,10,0,
10,1,bottom,host,180,240,56,10,0,
10,1,bottom,other,540,240,304,10,0,
10,2,bottom,host,188.29,234.408,56,10,0,
10,2,bottom,other,531.71,234.408,304,10,0,
10,3,bottom,host,196.58,228.816,56,10,0,
10,3,bottom,other,523.42,228.816,304,10,0,
10,4,bottom,host,204.87,223.224,56,10,0,
10,4,bottom,other,515.13,223.224,304,10,0,
10,5,bottom,host,213.16,217.632,56,10,0,
10,5,bottom,other,506.84,217.632,304,10,0,
10,6,bottom,host,221.45,212.04,56,10,0,
10,6,bottom,other,498.55,212.04,304,10,0,
10,7,bottom,host,229.74,206.448,56,10,0,
10,7,bottom,other,490.26,206.448,304,10,0,
10,8,bottom,host,238.03,200.856,56,10,0,
10,8,bottom,other,481.97,200.856,304,10,0,
10,9,bottom,host,246.32,195.264,56,10,0,
10,9,bottom,other,473.68,195.264,304,10,0,
10,10,bottom,host,254.61,189.672,56,10,0,
10,10,bottom,other,465.39,189.672,304,10,0,
10,11,bottom,host,262.9,184.08,56,10,0,
10,11,bottom,other,457.1,184.08,304,10,0,
10,12,bottom,host,271.19,178.488,56,10,0,
10,12,bottom,other,448.81,178.488,304,10,0,
10,13,bottom,host,279.48,172.896,56,10,0,
10,13,bottom,other,440.52,172.896,304,10,0,
10,14,bottom,host,287.77,167.304,56,10,0,
10,14,bottom,other,432.23,167.304,304,10,0,
10,15,bottom,host,296.06,161.712,56,10,0,
10,15,bottom,other,423.94,161.712,304,10,0,
10,16,bottom,host,304.35,156.12,56,10,0,
10,16,bottom,other,415.65,156.12,304,10,0,
10,17,bottom,host,312.64,150.528,56,10,0,
10,17,bottom,other,407.36,150.528,304,10,0,
10,18,bottom,host,320.93,144.936,56,10,0,
10,18,bottom,other,399.07,144.936,304,10,0,
10,19,bottom,host,329.22,139.344,56,10,0,
10,19,bottom,other,390.78,139.344,304,10,0,
10,20,bottom,host,337.51,133.752,56,10,0,
10,20,bottom,other,382.49,133.752,304,10,0,
10,21,bottom,host,345.8,128.16,56,10,0,
10,21,bottom,other,374.2,128.16,304,10,0,
10,22,bottom,host,345.8,128.16,56,10,0,
10,22,bottom,other,374.2,128.16,304,10,0,
10,23,bottom,host,345.8,128.16,56,10,0,
10,23,bottom,other,374.2,128.16,304,10,0,
11,1,top,host,180,240,124,10,0,
11,1,top,other,540,240,304,10,0,
11,2,top,host,188.29,245.592,124,10,0,
11,2,top,other,531.71,234.408,304,10,0,
11,3,top,host,196.58,251.184,124,10,0,
11,3,top,other,523.42,228.816,304,10,0,
11,4,top,host,204.87,256.776,124,10,0,
11,4,top,other,515.13,223.224,304,10,0,
11,5,top,host,213.16,262.368,124,10,0,
11,5,top,other,506.84,217.632,304,10,0,
11,6,top,host,221.45,267.96,124,10,0,
11,6,top,other,498.55,212.04,304,10,0,
11,7,top,host,229.74,273.552,124,10,0,
11,7,top,other,490.26,206.448,304,10,0,
11,8,top,host,238.03,279.144,124,10,0,
11,8,top,other,481.97,200.856,304,10,0,
11,9,top,host,246.32,284.736,124,10,0,
11,9,top,other,473.68,195.264,304,10,0,
11,10,top,host,254.61,290.328,124,10,0,
11,10,top,other,465.39,189.672,304,10,0,
11,11,top,host,262.9,295.92,124,10,0,
11,11,top,other,457.1,184.08,304,10,0,
11,12,top,host,271.19,301.512,124,10,0,
11,12,top,other,448.81,178.488,304,10,0,
11,13,top,host,279.48,307.104,124,10,0,
11,13,top,other,440.52,172.896,304,10,0,
11,14,top,host,287.77,312.696,124,10,0,
11,14,top,other,432.23,167.304,304,10,0,
11,15,top,host,296.06,318.288,124,10,0,
11,15,top,other,423.94,161.712,304,10,0,
11,16,top,host,304.35,323.88,124,10,0,
11,16,top,other,415.65,156.12,304,10,0,
11,17,top,host,312.64,329.472,124,10,0,
11,17,top,other,407.36,150.528,304,10,0,
11,18,top,host,320.93,335.064,124,10,0,
11,18,top,other,399.07,144.936,304,10,0,
11,19,top,host,329.22,340.656,124,10,0,
11,19,top,other,390.78,139.344,304,10,0,
11,20,top,host,337.51,346.248,124,10,0,
11,20,top,other,382.49,133.752,304,10,0,
11,21,top,host,345.8,351.84,124,11,0,
11,21,top,other,374.2,128.16,304,14,0,
11,22,top,host,345.8,351.84,124,11,0,
11,22,top,other,374.2,128.16,304,14,0,
11,23,top,host,345.8,351.84,124,11,0,
11,23,top,other,374.2,128.16,304,14,0,
12,1,top,host,180,240,56,11,0,
12,1,top,other,540,240,304,14,0,
12,2,top,host,188.29,234.408,56,11,0,
12,2,top,other,531.71,234.408,304,14,0,
12,3,top,host,196.58,228.816,56,11,0,
12,3,top,other,523.42,228.816,304,14,0,
12,4,top,host,204.87,223.224,56,11,0,
12,4,top,other,515.13,223.224,304,14,0,
12,5,top,host,213.16,217.632,56,11,0,
12,5,top,other,506.84,217.632,304,14,0,
12,6,top,host,221.45,212.04,56,11,0,
12,6,top,other,498.55,212.04,304,14,0,
12,7,top,host,229.74,206.448,56,11,0,
12,7,top,other,490.26,206.448,304,14,0,
12,8,top,host,238.03,200.856,56,11,0,
12,8,top,other,481.97,200.856,304,14,0,
12,9,top,host,246.32,195.264,56,11,0,
12,9,top,other,473.68,195.264,304,14,0,
12,10,top,host,254.61,189.672,56,11,0,
12,10,top,other,465.39,189.672,304,14,0,
12,11,top,host,262.9,184.08,56,11,0,
12,11,top,other,457.1,184.08,304,14,0,
12,12,top,host,271.19,178.488,56,11,0,
12,12,top,other,448.81,178.488,304,14,0,
12,13,top,host,279.48,172.896,56,11,0,
12,13,top,other,440.52,172.896,304,14,0,
12,14,top,host,287.77,167.304,56,11,0,
12,14,top,other,432.23,167.304,304,14,0,
12,15,top,host,296.06,161.712,56,11,0,
12,15,top,other,423.94,161.712,304,14,0,
12,16,top,host,304.35,156.12,56,11,0,
12,16,top,other,415.65,156.12,304,14,0,
12,17,top,host,312.64,150.528,56,11,0,
12,17,top,other,407.36,150.528,304,14,0,
12,18,top,host,320.93,144.936,56,11,0,
12,18,top,other,399.07,144.936,304,14,0,
12,19,top,host,329.22,139.344,56,11,0,
12,19,top,other,390.78,139.344,304,14,0,
12,20,top,host,337.51,133.752,56,11,0,
12,20,top,other,382.49,133.752,304,14,0,
12,21,top,host,345.8,128.16,56,11,0,
12,21,top,other,374.2,128.16,304,14,0,
12,22,top,host,345.8,128.16,56,11,0,
12,22,top,other,374.2,128.16,304,14,0,
12,23,top,host,345.8,128.16,56,11,0,
12,23,top,other,374.2,128.16,304,14,0,
13,1,top,host,180,240,56,11,0,
13,1,top,other,540,240,304,14,0,
13,2,top,host,188.29,234.408,56,11,0,
13,2,top,other,531.71,234.408,304,14,0,
13,3,top,host,196.58,228.816,56,11,0,
13,3,top,other,523.42,228.816,304,14,0,
13,4,top,host,204.87,223.224,56,11,0,
13,4,top,other,515.13,223.224,304,14,0,
13,5,top,host,213.16,217.632,56,11,0,
13,5,top,other,506.84,217.632,304,14,0,
13,6,top,host,221.45,212.04,56,11,0,
13,6,top,other,498.55,212.04,304,14,0,
13,7,top,host,229.74,206.448,56,11,0,
13,7,top,other,490.26,206.448,304,14,0,
13,8,top,host,238.03,200.856,56,11,0,
13,8,top,other,481.97,200.856,304,14,0,
13,9,top,host,246.32,195.264,56,11,0,
13,9,top,other,473.68,195.264,304,14,0,
13,10,top,host,254.61,189.672,56,11,0,
13,10,top,other,465.39,189.672,304,14,0,
13,11,top,host,262.9,184.08,56,11,0,
13,11,top,other,457.1,184.08,304,14,0,
13,12,top,host,271.19,178.488,56,11,0,
13,12,top,other,448.81,178.488,304,14,0,
13,13,top,host,279.48,172.896,56,11,0,
13,13,top,other,440.52,172.896,304,14,0,
13,14,top,host,287.77,167.304,56,11,0,
13,14,top,other,432.23,167.304,304,14,0,
13,15,top,host,296.06,161.712,56,11,0,
13,15,top,other,423.94,161.712,304,14,0,
13,16,top,host,304.35,156.12,56,11,0,
13,16,top,other,415.65,156.12,304,14,0,
13,17,top,host,312.64,150.528,56,11,0,
13,17,top,other,407.36,150.528,304,14,0,
13,18,top,host,320.93,144.936,56,11,0,
13,18,top,other,399.07,144.936,304,14,0,
13,19,top,host,329.22,139.344,56,11,0,
13,19,top,other,390.78,139.344,304,14,0,
13,20,top,host,337.51,133.752,56,11,0,
13,20,top,other,382.49,133.752,304,14,0,
13,21,top,host,345.8,128.16,56,11,0,
13,21,top,other,374.2,128.16,304,14,0,
13,22,top,host,345.8,128.16,56,11,0,
13,22,top,other,374.2,128.16,304,14,0,
13,23,top,host,345.8,128.16,56,11,0,
13,23,top,other,374.2,128.16,304,14,0,
14,1,bottom,host,180,240,124,11,0,
14,1,bottom,other,540,240,236,14,0,
14,2,bottom,host,188.29,245.592,124,11,0,
14,2,bottom,other,531.71,245.592,236,14,0,
14,3,bottom,host,196.58,251.184,124,11,0,
14,3,bottom,other,523.42,251.184,236,14,0,
14,4,bottom,host,204.87,256.776,124,11,0,
14,4,bottom,other,515.13,256.776,236,14,0,
14,5,bottom,host,213.16,262.368,124,11,0,
14,5,bottom,other,506.84,262.368,236,14,0,
14,6,bottom,host,221.45,267.96,124,11,0,
14,6,bottom,other,498.55,267.96,236,14,0,
14,7,bottom,host,229.74,273.552,124,11,0,
14,7,bottom,other,490.26,273.552,236,14,0,
14,8,bottom,host,238.03,279.144,124,11,0,
14,8,bottom,other,481.97,279.144,236,14,0,
14,9,bottom,host,246.32,284.736,124,11,0,
14,9,bottom,other,473.68,284.736,236,14,0,
14,10,bottom,host,254.61,290.328,124,11,0,
14,10,bottom,other,465.39,290.328,236,14,0,
14,11,bottom,host,262.9,295.92,124,11,0,
14,11,bottom,other,457.1,295.92,236,14,0,
14,12,bottom,host,271.19,301.512,124,11,0,
14,12,bottom,other,448.81,301.512,236,14,0,
14,13,bottom,host,279.48,307.104,124,11,0,
14,13,bottom,other,440.52,307.104,236,14,0,
14,14,bottom,host,287.77,312.696,124,11,0,
14,14,bottom,other,432.23,312.696,236,14,0,
14,15,bottom,host,296.06,318.288,124,11,0,
14,15,bottom,other,423.94,318.288,236,14,0,
14,16,bottom,host,304.35,323.88,124,11,0,
14,16,bottom,other,415.65,323.88,236,14,0,
14,17,bottom,host,312.64,329.472,124,11,0,
14,17,bottom,other,407.36,329.472,236,14,0,
14,18,bottom,host,320.93,335.064,124,11,0,
14,18,bottom,other,399.07,335.064,236,14,0,
14,19,bottom,host,329.22,340.656,124,11,0,
14,19,bottom,other,390.78,340.656,236,14,0,
14,20,bottom,host,337.51,346.248,124,11,0,
14,20,bottom,other,382.49,346.248,236,14,0,
14,21,bottom,host,345.8,351.84,124,11,0,
14,21,bottom,other,374.2,351.84,236,14,0,
14,22,bottom,host,345.8,351.84,124,11,0,
14,22,bottom,other,374.2,351.84,236,14,0,
14,23,bottom,host,345.8,351.84,124,11,0,
14,23,bottom,other,374.2,351.84,236,14,0,
15,1,top,host,180,240,56,11,0,
15,1,top,other,540,240,304,14,0,
15,2,top,host,188.29,234.408,56,11,0,
15,2,top,other,531.71,234.408,304,14,0,
15,3,top,host,196.58,228.816,56,11,0,
15,3,top,other,523.42,228.816,304,14,0,
15,4,top,host,204.87,223.224,56,11,0,
15,4,top,other,515.13,223.224,304,14,0,
15,5,top,host,213.16,217.632,56,11,0,
15,5,top,other,506.84,217.632,304,14,0,
15,6,top,host,221.45,212.04,56,11,0,
15,6,top,other,498.55,212.04,304,14,0,
15,7,top,host,229.74,206.448,56,11,0,
15,7,top,other,490.26,206.448,304,14,0,
15,8,top,host,238.03,200.856,56,11,0,
15,8,top,other,481.97,200.856,304,14,0,
15,9,top,host,246.32,195.264,56,11,0,
15,9,top,other,473.68,195.264,304,14,0,
15,10,top,host,254.61,189.672,56,11,0,
15,10,top,other,465.39,189.672,304,14,0,
15,11,top,host,262.9,184.08,56,11,0,
15,11,top,other,457.1,184.08,304,14,0,
15,12,top,host,271.19,178.488,56,11,0,
15,12,top,other,448.81,178.488,304,14,0,
15,13,top,host,279.48,172.896,56,11,0,
15,13,top,other,440.52,172.896,304,14,0,
15,14,top,host,287.77,167.304,56,11,0,
15,14,top,other,432.23,167.304,304,14,0,
15,15,top,host,296.06,161.712,56,11,0,
15,15,top,other,423.94,161.712,304,14,0,
15,16,top,host,304.35,156.12,56,11,0,
15,16,top,other,415.65,156.12,304,14,0,
15,17,top,host,312.64,150.528,56,11,0,
15,17,top,other,407.36,150.528,304,14,0,
15,18,top,host,320.93,144.936,56,11,0,
15,18,top,other,399.07,144.936,304,14,0,
15,19,top,host,329.22,139.344,56,11,0,
15,19,top,other,390.78,139.344,304,14,0,
15,20,top,host,337.51,133.752,56,11,0,
15,20,top,other,382.49,133.752,304,14,0,
15,21,top,host,345.8,128.16,56,11,0,
15,21,top,other,374.2,128.16,304,14,0,
15,22,top,host,345.8,128.16,56,11,0,
15,22,top,other,374.2,128.16,304,14,0,
15,23,top,host,345.8,128.16,56,11,0,
15,23,top,other,374.2,128.16,304,14,0,
16,1,bottom,host,180,240,124,11,0,
16,1,bottom,other,540,240,236,14,0,
16,2,bottom,host,188.29,245.592,124,11,0,
16,2,bottom,other,531.71,245.592,236,14,0,
16,3,bottom,host,196.58,251.184,124,11,0,
16,3,bottom,other,523.42,251.184,236,14,0,
16,4,bottom,host,204.87,256.776,124,11,0,
16,4,bottom,other,515.13,256.776,236,14,0,
16,5,bottom,host,213.16,262.368,124,11,0,
16,5,bottom,other,506.84,262.368,236,14,0,
16,6,bottom,host,221.45,267.96,124,11,0,
16,6,bottom,other,498.55,267.96,236,14,0,
16,7,bottom,host,229.74,273.552,124,11,0,
16,7,bottom,other,490.26,273.552,236,14,0,
16,8,bottom,host,238.03,279.144,124,11,0,
16,8,bottom,other,481.97,279.144,236,14,0,
16,9,bottom,host,246.32,284.736,124,11,0,
16,9,bottom,other,473.68,284.736,236,14,0,
16,10,bottom,host,254.61,290.328,124,11,0,
16,10,bottom,other,465.39,290.328,236,14,0,
16,11,bottom,host,262.9,295.92,124,11,0,
16,11,bottom,other,457.1,295.92,236,14,0,
16,12,bottom,host,271.19,301.512,124,11,0,
16,12,bottom,other,448.81,301.512,236,14,0,
16,13,bottom,host,279.48,307.104,124,11,0,
16,13,bottom,other,440.52,307.104,236,14,0,
16,14,bottom,host,287.77,312.696,124,11,0,
16,14,bottom,other,432.23,312.696,236,14,0,
16,15,bottom,host,296.06,318.288,124,11,0,
16,15,bottom,other,423.94,318.288,236,14,0,
16,16,bottom,host,304.35,323.88,124,11,0,
16,16,bottom,other,415.65,323.88,236,14,0,
16,17,bottom,host,312.64,329.472,124,11,0,
16,17,bottom,other,407.36,329.472,236,14,0,
16,18,bottom,host,320.93,335.064,124,11,0,
16,18,bottom,other,399.07,335.064,236,14,0,
16,19,bottom,host,329.22,340.656,124,11,0,
16,19,bottom,other,390.78,340.656,236,14,0,
16,20,bottom,host,337.51,346.248,124,11,0,
16,20,bottom,other,382.49,346.248,236,14,0,
16,21,bottom,host,345.8,351.84,124,11,0,
16,21,bottom,other,374.2,351.84,236,14,0,
16,22,bottom,host,345.8,351.84,124,11,0,
16,22,bottom,other,374.2,351.84,236,14,0,
16,23,bottom,host,345.8,351.84,124,11,0,
16,23,bottom,other,374.2,351.84,236,14,0,
17,1,bottom,host,180,240,56,11,0,
17,1,bottom,other,540,240,304,14,0,
17,2,bottom,host,188.29,234.408,56,11,0,
17,2,bottom,other,531.71,234.408,304,14,0,
17,3,bottom,host,196.58,228.816,56,11,0,
17,3,bottom,other,523.42,228.816,304,14,0,
17,4,bottom,host,204.87,223.224,56,11,0,
17,4,bottom,other,515.13,223.224,304,14,0,
17,5,bottom,host,213.16,217.632,56,11,0,
17,5,bottom,other,506.84,217.632,304,14,0,
17,6,bottom,host,221.45,212.04,56,11,0,
17,6,bottom,other,498.55,212.04,304,14,0,
17,7,bottom,host,229.74,206.448,56,11,0,
17,7,bottom,other,490.26,206.448,304,14,0,
17,8,bottom,host,238.03,200.856,56,11,0,
17,8,bottom,other,481.97,200.856,304,14,0,
17,9,bottom,host,246.32,195.264,56,11,0,
17,9,bottom,other,473.68,195.264,304,14,0,
17,10,bottom,host,254.61,189.672,56,11,0,
17,10,bottom,other,465.39,189.672,304,14,0,
17,11,bottom,host,262.9,184.08,56,11,0,
17,11,bottom,other,457.1,184.08,304,14,0,
17,12,bottom,host,271.19,178.488,56,11,0,
17,12,bottom,other,448.81,178.488,304,14,0,
17,13,bottom,host,279.48,172.896,56,11,0,
17,13,bottom,other,440.52,172.896,304,14,0,
17,14,bottom,host,287.77,167.304,56,11,0,
17,14,bottom,other,432.23,167.304,304,14,0,
17,15,bottom,host,296.06,161.712,56,11,0,
17,15,bottom,other,423.94,161.712,304,14,0,
17,16,bottom,host,304.35,156.12,56,11,0,
17,16,bottom,other,415.65,156.12,304,14,0,
17,17,bottom,host,312.64,150.528,56,11,0,
17,17,bottom,other,407.36,150.528,304,14,0,
17,18,bottom,host,320.93,144.936,56,11,0,
17,18,bottom,other,399.07,144.936,304,14,0,
17,19,bottom,host,329.22,139.344,56,11,0,
17,19,bottom,other,390.78,139.344,304,14,0,
17,20,bottom,host,337.51,133.752,56,11,0,
17,20,bottom,other,382.49,133.752,304,14,0,
17,21,bottom,host,345.8,128.16,56,11,0,
17,21,bottom,other,374.2,128.16,304,14,0,
17,22,bottom,host,345.8,128.16,56,11,0,
17,22,bottom,other,374.2,128.16,304,14,0,
17,23,bottom,host,345.8,128.16,56,11,0,
17,23,bottom,other,374.2,128.16,304,14,0,
18,1,top,host,180,240,124,11,0,
18,1,top,other,540,240,304,14,0,
18,2,top,host,188.29,245.592,124,11,0,
18,2,top,other,531.71,234.408,304,14,0,
18,3,top,host,196.58,251.184,124,11,0,
18,3,top,other,523.42,228.816,304,14,0,
18,4,top,host,204.87,256.776,124,11,0,
18,4,top,other,515.13,223.224,304,14,0,
18,5,top,host,213.16,262.368,124,11,0,
18,5,top,other,506.84,217.632,304,14,0,
18,6,top,host,221.45,267.96,124,11,0,
18,6,top,other,498.55,212.04,304,14,0,
18,7,top,host,229.74,273.552,124,11,0,
18,7,top,other,490.26,206.448,304,14,0,
18,8,top,host,238.03,279.144,124,11,0,
18,8,top,other,481.97,200.856,304,14,0,
18,9,top,host,246.32,284.736,124,11,0,
18,9,top,other,473.68,195.264,304,14,0,
18,10,top,host,254.61,290.328,124,11,0,
18,10,top,other,465.39,189.672,304,14,0,
18,11,top,host,262.9,295.92,124,11,0,
18,11,top,other,457.1,184.08,304,14,0,
18,12,top,host,271.19,301.512,124,11,0,
18,12,top,other,448.81,178.488,304,14,0,
18,13,top,host,279.48,307.104,124,11,0,
18,13,top,other,440.52,172.896,304,14,0,
18,14,top,host,287.77,312.696,124,11,0,
18,14,top,other,432.23,167.304,304,14,0,
18,15,top,host,296.06,318.288,124,11,0,
18,15,top,other,423.94,161.712,304,14,0,
18,16,top,host,304.35,323.88,124,11,0,
18,16,top,other,415.65,156.12,304,14,0,
18,17,top,host,312.64,329.472,124,11,0,
18,17,top,other,407.36,150.528,304,14,0,
18,18,top,host,320.93,335.064,124,11,0,
18,18,top,other,399.07,144.936,304,14,0,
18,19,top,host,329.22,340.656,124,11,0,
18,19,top,other,390.78,139.344,304,14,0,
18,20,top,host,337.51,346.248,124,11,0,
18,20,top,other,382.49,133.752,304,14,0,
18,21,top,host,345.8,351.84,124,12,0,
18,21,top,other,374.2,128.16,304,18,0,
18,22,top,host,345.8,351.84,124,12,0,
18,22,top,other,374.2,128.16,304,18,0,
18,23,top,host,345.8,351.84,124,12,0,
18,23,top,other,374.2,128.16,304,18,0,
19,1,bottom,host,180,240,124,12,0,
19,1,bottom,other,540,240,236,18,0,
19,2,bottom,host,188.29,245.592,124,12,0,
19,2,bottom,other,531.71,245.592,236,18,0,
19,3,bottom,host,196.58,251.184,124,12,0,
19,3,bottom,other,523.42,251.184,236,18,0,
19,4,bottom,host,204.87,256.776,124,12,0,
19,4,bottom,other,515.13,256.776,236,18,0,
19,5,bottom,host,213.16,262.368,124,12,0,
19,5,bottom,other,506.84,262.368,236,18,0,
19,6,bottom,host,221.45,267.96,124,12,0,
19,6,bottom,other,498.55,267.96,236,18,0,
19,7,bottom,host,229.74,273.552,124,12,0,
19,7,bottom,other,490.26,273.552,236,18,0,
19,8,bottom,host,238.03,279.144,124,12,0,
19,8,bottom,other,481.97,279.144,236,18,0,
19,9,bottom,host,246.32,284.736,124,12,0,
19,9,bottom,other,473.68,284.736,236,18,0,
19,10,bottom,host,254.61,290.328,124,12,0,
19,10,bottom,other,465.39,290.328,236,18,0,
19,11,bottom,host,262.9,295.92,124,12,0,
19,11,bottom,other,457.1,295.92,236,18,0,
19,12,bottom,host,271.19,301.512,124,12,0,
19,12,bottom,other,448.81,301.512,236,18,0,
19,13,bottom,host,279.48,307.104,124,12,0,
19,13,bottom,other,440.52,307.104,236,18,0,
19,14,bottom,host,287.77,312.696,124,12,0,
19,14,bottom,other,432.23,312.696,236,18,0,
19,15,bottom,host,296.06,318.288,124,12,0,
19,15,bottom,other,423.94,318.288,236,18,0,
19,16,bottom,host,304.35,323.88,124,12,0,
19,16,bottom,other,415.65,323.88,236,18,0,
19,17,bottom,host,312.64,329.472,124,12,0,
19,17,bottom,other,407.36,329.472,236,18,0,
19,18,bottom,host,320.93,335.064,124,12,0,
19,18,bottom,other,399.07,335.064,236,18,0,
19,19,bottom,host,329.22,340.656,124,12,0,
19,19,bottom,other,390.78,340.656,236,18,0,
19,20,bottom,host,337.51,346.248,124,12,0,
19,20,bottom,other,382.49,346.248,236,18,0,
19,21,bottom,host,345.8,351.84,124,12,0,
19,21,bottom,other,374.2,351.84,236,18,0,
19,22,bottom,host,345.8,351.84,124,12,0,
19,22,bottom,other,374.2,351.84,236,18,0,
19,23,bottom,host,345.8,351.84,124,12,0,
19,23,bottom,other,374.2,351.84,236,18,0,
20,1,bottom,host,180,240,124,12,0,
20,1,bottom,other,540,240,236,18,0,
20,2,bottom,host,188.29,245.592,124,12,0,
20,2,bottom,other,531.71,245.592,236,18,0,
20,3,bottom,host,196.58,251.184,124,12,0,
20,3,bottom,other,523.42,251.184,236,18,0,
20,4,bottom,host,204.87,256.776,124,12,0,
20,4,bottom,other,515.13,256.776,236,18,0,
20,5,bottom,host,213.16,262.368,124,12,0,
20,5,bottom,other,506.84,262.368,236,18,0,
20,6,bottom,host,221.45,267.96,124,12,0,
20,6,bottom,other,498.55,267.96,236,18,0,
20,7,bottom,host,229.74,273.552,124,12,0,
20,7,bottom,other,490.26,273.552,236,18,0,
20,8,bottom,host,238.03,279.144,124,12,0,
20,8,bottom,other,481.97,279.144,236,18,0,
20,9,bottom,host,246.32,284.736,124,12,0,
20,9,bottom,other,473.68,284.736,236,18,0,
20,10,bottom,host,254.61,290.328,124,12,0,
20,10,bottom,other,465.39,290.328,236,18,0,
20,11,bottom,host,262.9,295.92,124,12,0,
20,11,bottom,other,457.1,295.92,236,18,0,
20,12,bottom,host,271.19,301.512,124,12,0,
20,12,bottom,other,448.81,301.512,236,18,0,
20,13,bottom,host,279.48,307.104,124,12,0,
20,13,bottom,other,440.52,307.104,236,18,0,
20,14,bottom,host,287.77,312.696,124,12,0,
20,14,bottom,other,432.23,312.696,236,18,0,
20,15,bottom,host,296.06,318.288,124,12,0,
20,15,bottom,other,423.94,318.288,236,18,0,
20,16,bottom,host,304.35,323.88,124,12,0,
20,16,bottom,other,415.65,323.88,236,18,0,
20,17,bottom,host,312.64,329.472,124,12,0,
20,17,bottom,other,407.36,329.472,236,18,0,
20,18,bottom,host,320.93,335.064,124,12,0,
20,18,bottom,other,399.07,335.064,236,18,0,
20,19,bottom,host,329.22,340.656,124,12,0,
20,19,bottom,other,390.78,340.656,236,18,0,
20,20,bottom,host,337.51,346.248,124,12,0,
20,20,bottom,other,382.49,346.248,236,18,0,
20,21,bottom,host,345.8,351.84,124,12,0,
20,21,bottom,other,374.2,351.84,236,18,0,
20,22,bottom,host,345.8,351.84,124,12,0,
20,22,bottom,other,374.2,351.84,236,18,0,
20,23,bottom,host,345.8,351.84,124,12,0,
20,23,bottom,other,374.2,351.84,236,18,0,
21,1,top,host,180,240,56,12,0,
21,1,top,other,540,240,304,18,0,
21,2,top,host,188.29,234.408,56,12,0,
21,2,top,other,531.71,234.408,304,18,0,
21,3,top,host,196.58,228.816,56,12,0,
21,3,top,other,523.42,228.816,304,18,0,
21,4,top,host,204.87,223.224,56,12,0,
21,4,top,other,515.13,223.224,304,18,0,
21,5,top,host,213.16,217.632,56,12,0,
21,5,top,other,506.84,217.632,304,18,0,
21,6,top,host,221.45,212.04,56,12,0,
21,6,top,other,498.55,212.04,304,18,0,
21,7,top,host,229.74,206.448,56,12,0,
21,7,top,other,490.26,206.448,304,18,0,
21,8,top,host,238.03,200.856,56,12,0,
21,8,top,other,481.97,200.856,304,18,0,
21,9,top,host,246.32,195.264,56,12,0,
21,9,top,other,473.68,195.264,304,18,0,
21,10,top,host,254.61,189.672,56,12,0,
21,10,top,other,465.39,189.672,304,18,0,
21,11,top,host,262.9,184.08,56,12,0,
21,11,top,other,457.1,184.08,304,18,0,
21,12,top,host,271.19,178.488,56,12,0,
21,12,top,other,448.81,178.488,304,18,0,
21,13,top,host,279.48,172.896,56,12,0,
21,13,top,other,440.52,172.896,304,18,0,
21,14,top,host,287.77,167.304,56,12,0,
21,14,top,other,432.23,167.304,304,18,0,
21,15,top,host,296.06,161.712,56,12,0,
21,15,top,other,423.94,161.712,304,18,0,
21,16,top,host,304.35,156.12,56,12,0,
21,16,top,other,415.65,156.12,304,18,0,
21,17,top,host,312.64,150.528,56,12,0,
21,17,top,other,407.36,150.528,304,18,0,
21,18,top,host,320.93,144.936,56,12,0,
21,18,top,other,399.07,144.936,304,18,0,
21,19,top,host,329.22,139.344,56,12,0,
21,19,top,other,390.78,139.344,304,18,0,
21,20,top,host,337.51,133.752,56,12,0,
21,20,top,other,382.49,133.752,304,18,0,
21,21,top,host,345.8,128.16,56,12,0,
21,21,top,other,374.2,128.16,304,18,0,
21,22,top,host,345.8,128.16,56,12,0,
21,22,top,other,374.2,128.16,304,18,0,
21,23,top,host,345.8,128.16,56,12,0,
21,23,top,other,374.2,128.16,304,18,0,
22,1,bottom,host,180,240,124,12,0,
22,1,bottom,other,540,240,236,18,0,
22,2,bottom,host,188.29,245.592,124,12,0,
22,2,bottom,other,531.71,245.592,236,18,0,
22,3,bottom,host,196.58,251.184,124,12,0,
22,3,bottom,other,523.42,251.184,236,18,0,
22,4,bottom,host,204.87,256.776,124,12,0,
22,4,bottom,other,515.13,256.776,236,18,0,
22,5,bottom,host,213.16,262.368,124,12,0,
22,5,bottom,other,506.84,262.368,236,18,0,
22,6,bottom,host,221.45,267.96,124,12,0,
22,6,bottom,other,498.55,267.96,236,18,0,
22,7,bottom,host,229.74,273.552,124,12,0,
22,7,bottom,other,490.26,273.552,236,18,0,
22,8,bottom,host,238.03,279.144,124,12,0,
22,8,bottom,other,481.97,279.144,236,18,0,
22,9,bottom,host,246.32,284.736,124,12,0,
22,9,bottom,other,473.68,284.736,236,18,0,
22,10,bottom,host,254.61,290.328,124,12,0,
22,10,bottom,other,465.39,290.328,236,18,0,
22,11,bottom,host,262.9,295.92,124,12,0,
22,11,bottom,other,457.1,295.92,236,18,0,
22,12,bottom,host,271.19,301.512,124,12,0,
22,12,bottom,other,448.81,301.512,236,18,0,
22,13,bottom,host,279.48,307.104,124,12,0,
22,13,bottom,other,440.52,307.104,236,18,0,
22,14,bottom,host,287.77,312.696,124,12,0,
22,14,bottom,other,432.23,312.696,236,18,0,
22,15,bottom,host,296.06,318.288,124,12,0,
22,15,bottom,other,423.94,318.288,236,18,0,
22,16,bottom,host,304.35,323.88,124,12,0,
22,16,bottom,other,415.65,323.88,236,18,0,
22,17,bottom,host,312.64,329.472,124,12,0,
22,17,bottom,other,407.36,329.472,236,18,0,
22,18,bottom,host,320.93,335.064,124,12,0,
22,18,bottom,other,399.07,335.064,236,18,0,
22,19,bottom,host,329.22,340.656,124,12,0,
22,19,bottom,other,390.78,340.656,236,18,0,
22,20,bottom,host,337.51,346.248,124,12,0,
22,20,bottom,other,382.49,346.248,236,18,0,
22,21,bottom,host,345.8,351.84,124,12,0,
22,21,bottom,other,374.2,351.84,236,18,0,
22,22,bottom,host,345.8,351.84,124,12,0,
22,22,bottom,other,374.2,351.84,236,18,0,
22,23,bottom,host,345.8,351.84,124,12,0,
22,23,bottom,other,374.2,351.84,236,18,0,
23,1,bottom,host,180,240,124,12,0,
23,1,bottom,other,540,240,304,18,0,
23,2,bottom,host,188.29,245.592,124,12,0,
23,2,bottom,other,531.71,234.408,304,18,0,
23,3,bottom,host,196.58,251.184,124,12,0,
23,3,bottom,other,523.42,228.816,304,18,0,
23,4,bottom,host,204.87,256.776,124,12,0,
23,4,bottom,other,515.13,223.224,304,18,0,
23,5,bottom,host,213.16,262.368,124,12,0,
23,5,bottom,other,506.84,217.632,304,18,0,
23,6,bottom,host,221.45,267.96,124,12,0,
23,6,bottom,other,498.55,212.04,304,18,0,
23,7,bottom,host,229.74,273.552,124,12,0,
23,7,bottom,other,490.26,206.448,304,18,0,
23,8,bottom,host,238.03,279.144,124,12,0,
23,8,bottom,other,481.97,200.856,304,18,0,
23,9,bottom,host,246.32,284.736,124,12,0,
23,9,bottom,other,473.68,195.264,304,18,0,
23,10,bottom,host,254.61,290.328,124,12,0,
23,10,bottom,other,465.39,189.672,304,18,0,
23,11,bottom,host,262.9,295.92,124,12,0,
23,11,bottom,other,457.1,184.08,304,18,0,
23,12,bottom,host,271.19,301.512,124,12,0,
23,12,bottom,other,448.81,178.488,304,18,0,
23,13,bottom,host,279.48,307.104,124,12,0,
23,13,bottom,other,440.52,172.896,304,18,0,
23,14,bottom,host,287.77,312.696,124,12,0,
23,14,bottom,other,432.23,167.304,304,18,0,
23,15,bottom,host,296.06,318.288,124,12,0,
23,15,bottom,other,423.94,161.712,304,18,0,
23,16,bottom,host,304.35,323.88,124,12,0,
23,16,bottom,other,415.65,156.12,304,18,0,
23,17,bottom,host,312.64,329.472,124,12,0,
23,17,bottom,other,407.36,150.528,304,18,0,
23,18,bottom,host,320.93,335.064,124,12,0,
23,18,bottom,other,399.07,144.936,304,18,0,
23,19,bottom,host,329.22,340.656,124,12,0,
23,19,bottom,other,390.78,139.344,304,18,0,
23,20,bottom,host,337.51,346.248,124,12,0,
23,20,bottom,other,382.49,133.752,304,18,0,
23,21,bottom,host,345.8,351.84,124,16,0,
23,21,bottom,other,374.2,128.16,304,19,0,
23,22,bottom,host,345.8,351.84,124,16,0,
23,22,bottom,other,374.2,128.16,304,19,0,
23,23,bottom,host,345.8,351.84,124,16,0,
23,23,bottom,other,374.2,128.16,304,19,0,
24,1,bottom,host,180,240,56,16,0,
24,1,bottom,other,540,240,304,19,0,
24,2,bottom,host,188.29,234.408,56,16,0,
24,2,bottom,other,531.71,234.408,304,19,0,
24,3,bottom,host,196.58,228.816,56,16,0,
24,3,bottom,other,523.42,228.816,304,19,0,
24,4,bottom,host,204.87,223.224,56,16,0,
24,4,bottom,other,515.13,223.224,304,19,0,
24,5,bottom,host,213.16,217.632,56,16,0,
24,5,bottom,other,506.84,217.632,304,19,0,
24,6,bottom,host,221.45,212.04,56,16,0,
24,6,bottom,other,498.55,212.04,304,19,0,
24,7,bottom,host,229.74,206.448,56,16,0,
24,7,bottom,other,490.26,206.448,304,19,0,
24,8,bottom,host,238.03,200.856,56,16,0,
24,8,bottom,other,481.97,200.856,304,19,0,
24,9,bottom,host,246.32,195.264,56,16,0,
24,9,bottom,other,473.68,195.264,304,19,0,
24,10,bottom,host,254.61,189.672,56,16,0,
24,10,bottom,other,465.39,189.672,304,19,0,
24,11,bottom,host,262.9,184.08,56,16,0,
24,11,bottom,other,457.1,184.08,304,19,0,
24,12,bottom,host,271.19,178.488,56,16,0,
24,12,bottom,other,448.81,178.488,304,19,0,
24,13,bottom,host,279.48,172.896,56,16,0,
24,13,bottom,other,440.52,172.896,304,19,0,
24,14,bottom,host,287.77,167.304,56,16,0,
24,14,bottom,other,432.23,167.304,304,19,0,
24,15,bottom,host,296.06,161.712,56,16,0,
24,15,bottom,other,423.94,161.712,304,19,0,
24,16,bottom,host,304.35,156.12,56,16,0,
24,16,bottom,other,415.65,156.12,304,19,0,
24,17,bottom,host,312.64,150.528,56,16,0,
24,17,bottom,other,407.36,150.528,304,19,0,
24,18,bottom,host,320.93,144.936,56,16,0,
24,18,bottom,other,399.07,144.936,304,19,0,
24,19,bottom,host,329.22,139.344,56,16,0,
24,19,bottom,other,390.78,139.344,304,19,0,
24,20,bottom,host,337.51,133.752,56,16,0,
24,20,bottom,other,382.49,133.752,304,19,0,
24,21,bottom,host,345.8,128.16,56,16,0,
24,21,bottom,other,374.2,128.16,304,19,0,
24,22,bottom,host,345.8,128.16,56,16,0,
24,22,bottom,other,374.2,128.16,304,19,0,
24,23,bottom,host,345.8,128.16,56,16,0,
24,23,bottom,other,374.2,128.16,304,19,0,
25,1,bottom,host,180,240,124,16,0,
25,1,bottom,other,540,240,236,19,0,
25,2,bottom,host,188.29,245.592,124,16,0,
25,2,bottom,other,531.71,245.592,236,19,0,
25,3,bottom,host,196.58,251.184,124,16,0,
25,3,bottom,other,523.42,251.184,236,19,0,
25,4,bottom,host,204.87,256.776,124,16,0,
25,4,bottom,other,515.13,256.776,236,19,0,
25,5,bottom,host,213.16,262.368,124,16,0,
25,5,bottom,other,506.84,262.368,236,19,0,
25,6,bottom,host,221.45,267.96,124,16,0,
25,6,bottom,other,498.55,267.96,236,19,0,
25,7,bottom,host,229.74,273.552,124,16,0,
25,7,bottom,other,490.26,273.552,236,19,0,
25,8,bottom,host,238.03,279.144,124,16,0,
25,8,bottom,other,481.97,279.144,236,19,0,
25,9,bottom,host,246.32,284.736,124,16,0,
25,9,bottom,other,473.68,284.736,236,19,0,
25,10,bottom,host,254.61,290.328,124,16,0,
25,10,bottom,other,465.39,290.328,236,19,0,
25,11,bottom,host,262.9,295.92,124,16,0,
25,11,bottom,other,457.1,295.92,236,19,0,
25,12,bottom,host,271.19,301.512,124,16,0,
25,12,bottom,other,448.81,301.512,236,19,0,
25,13,bottom,host,279.48,307.104,124,16,0,
25,13,bottom,other,440.52,307.104,236,19,0,
25,14,bottom,host,287.77,312.696,124,16,0,
25,14,bottom,other,432.23,312.696,236,19,0,
25,15,bottom,host,296.06,318.288,124,16,0,
25,15,bottom,other,423.94,318.288,236,19,0,
25,16,bottom,host,304.35,323.88,124,16,0,
25,16,bottom,other,415.65,323.88,236,19,0,
25,17,bottom,host,312.64,329.472,124,16,0,
25,17,bottom,other,407.36,329.472,236,19,0,
25,18,bottom,host,320.93,335.064,124,16,0,
25,18,bottom,other,399.07,335.064,236,19,0,
25,19,bottom,host,329.22,340.656,124,16,0,
25,19,bottom,other,390.78,340.656,236,19,0,
25,20,bottom,host,337.51,346.248,124,16,0,
25,20,bottom,other,382.49,346.248,236,19,0,
25,21,bottom,host,345.8,351.84,124,16,0,
25,21,bottom,other,374.2,351.84,236,19,0,
25,22,bottom,host,345.8,351.84,124,16,0,
25,22,bottom,other,374.2,351.84,236,19,0,
25,23,bottom,host,345.8,351.84,124,16,0,
25,23,bottom,other,374.2,351.84,236,19,0,
26,1,top,host,180,240,56,16,0,
26,1,top,other,540,240,304,19,0,
26,2,top,host,188.29,234.408,56,16,0,
26,2,top,other,531.71,234.408,304,19,0,
26,3,top,host,196.58,228.816,56,16,0,
26,3,top,other,523.42,228.816,304,19,0,
26,4,top,host,204.87,223.224,56,16,0,
26,4,top,other,515.13,223.224,304,19,0,
26,5,top,host,213.16,217.632,56,16,0,
26,5,top,other,506.84,217.632,304,19,0,
26,6,top,host,221.45,212.04,56,16,0,
26,6,top,other,498.55,212.04,304,19,0,
26,7,top,host,229.74,206.448,56,16,0,
26,7,top,other,490.26,206.448,304,19,0,
26,8,top,host,238.03,200.856,56,16,0,
26,8,top,other,481.97,200.856,304,19,0,
26,9,top,host,246.32,195.264,56,16,0,
26,9,top,other,473.68,195.264,304,19,0,
26,10,top,host,254.61,189.672,56,16,0,
26,10,top,other,465.39,189.672,304,19,0,
26,11,top,host,262.9,184.08,56,16,0,
26,11,top,other,457.1,184.08,304,19,0,
26,12,top,host,271.19,178.488,56,16,0,
26,12,top,other,448.81,178.488,304,19,0,
26,13,top,host,279.48,172.896,56,16,0,
26,13,top,other,440.52,172.896,304,19,0,
26,14,top,host,287.77,167.304,56,16,0,
26,14,top,other,432.23,167.304,304,19,0,
26,15,top,host,296.06,161.712,56,16,0,
26,15,top,other,423.94,161.712,304,19,0,
26,16,top,host,304.35,156.12,56,16,0,
26,16,top,other,415.65,156.12,304,19,0,
26,17,top,host,312.64,150.528,56,16,0,
26,17,top,other,407.36,150.528,304,19,0,
26,18,top,host,320.93,144.936,56,16,0,
26,18,top,other,399.07,144.936,304,19,0,
26,19,top,host,329.22,139.344,56,16,0,
26,19,top,other,390.78,139.344,304,19,0,
26,20,top,host,337.51,133.752,56,16,0,
26,20,top,other,382.49,133.752,304,19,0,
26,21,top,host,345.8,128.16,56,16,0,
26,21,top,other,374.2,128.16,304,19,0,
26,22,top,host,345.8,128.16,56,16,0,
26,22,top,other,374.2,128.16,304,19,0,
26,23,top,host,345.8,128.16,56,16,0,
26,23,top,other,374.2,128.16,304,19,0,
27,1,top,host,180,240,124,16,0,
27,1,top,other,540,240,236,19,0,
27,2,top,host,188.29,245.592,124,16,0,
27,2,top,other,531.71,245.592,236,19,0,
27,3,top,host,196.58,251.184,124,16,0,
27,3,top,other,523.42,251.184,236,19,0,
27,4,top,host,204.87,256.776,124,16,0,
27,4,top,other,515.13,256.776,236,19,0,
27,5,top,host,213.16,262.368,124,16,0,
27,5,top,other,506.84,262.368,236,19,0,
27,6,top,host,221.45,267.96,124,16,0,
27,6,top,other,498.55,267.96,236,19,0,
27,7,top,host,229.74,273.552,124,16,0,
27,7,top,other,490.26,273.552,236,19,0,
27,8,top,host,238.03,279.144,124,16,0,
27,8,top,other,481.97,279.144,236,19,0,
27,9,top,host,246.32,284.736,124,16,0,
27,9,top,other,473.68,284.736,236,19,0,
27,10,top,host,254.61,290.328,124,16,0,
27,10,top,other,465.39,290.328,236,19,0,
27,11,top,host,262.9,295.92,124,16,0,
27,11,top,other,457.1,295.92,236,19,0,
27,12,top,host,271.19,301.512,124,16,0,
27,12,top,other,448.81,301.512,236,19,0,
27,13,top,host,279.48,307.104,124,16,0,
27,13,top,other,440.52,307.104,236,19,0,
27,14,top,host,287.77,312.696,124,16,0,
27,14,top,other,432.23,312.696,236,19,0,
27,15,top,host,296.06,318.288,124,16,0,
27,15,top,other,423.94,318.288,236,19,0,
27,16,top,host,304.35,323.88,124,16,0,
27,16,top,other,415.65,323.88,236,19,0,
27,17,top,host,312.64,329.472,124,16,0,
27,17,top,other,407.36,329.472,236,19,0,
27,18,top,host,320.93,335.064,124,16,0,
27,18,top,other,399.07,335.064,236,19,0,
27,19,top,host,329.22,340.656,124,16,0,
27,19,top,other,390.78,340.656,236,19,0,
27,20,top,host,337.51,346.248,124,16,0,
27,20,top,other,382.49,346.248,236,19,0,
27,21,top,host,345.8,351.84,124,16,0,
27,21,top,other,374.2,351.84,236,19,0,
27,22,top,host,345.8,351.84,124,16,0,
27,22,top,other,374.2,351.84,236,19,0,
27,23,top,host,345.8,351.84,124,16,0,
27,23,top,other,374.2,351.84,236,19,0,
28,1,top,host,180,240,124,16,0,
28,1,top,other,540,240,304,19,0,
28,2,top,host,188.29,245.592,124,16,0,
28,2,top,other,531.71,234.408,304,19,0,
28,3,top,host,196.58,251.184,124,16,0,
28,3,top,other,523.42,228.816,304,19,0,
28,4,top,host,204.87,256.776,124,16,0,
28,4,top,other,515.13,223.224,304,19,0,
28,5,top,host,213.16,262.368,124,16,0,
28,5,top,other,506.84,217.632,304,19,0,
28,6,top,host,221.45,267.96,124,16,0,
28,6,top,other,498.55,212.04,304,19,0,
28,7,top,host,229.74,273.552,124,16,0,
28,7,top,other,490.26,206.448,304,19,0,
28,8,top,host,238.03,279.144,124,16,0,
28,8,top,other,481.97,200.856,304,19,0,
28,9,top,host,246.32,284.736,124,16,0,
28,9,top,other,473.68,195.264,304,19,0,
28,10,top,host,254.61,290.328,124,16,0,
28,10,top,other,465.39,189.672,304,19,0,
28,11,top,host,262.9,295.92,124,16,0,
28,11,top,other,457.1,184.08,304,19,0,
28,12,top,host,271.19,301.512,124,16,0,
28,12,top,other,448.81,178.488,304,19,0,
28,13,top,host,279.48,307.104,124,16,0,
28,13,top,other,440.52,172.896,304,19,0,
28,14,top,host,287.77,312.696,124,16,0,
28,14,top,other,432.23,167.304,304,19,0,
28,15,top,host,296.06,318.288,124,16,0,
28,15,top,other,423.94,161.712,304,19,0,
28,16,top,host,304.35,323.88,124,16,0,
28,16,top,other,415.65,156.12,304,19,0,
28,17,top,host,312.64,329.472,124,16,0,
28,17,top,other,407.36,150.528,304,19,0,
28,18,top,host,320.93,335.064,124,16,0,
28,18,top,other,399.07,144.936,304,19,0,
28,19,top,host,329.22,340.656,124,16,0,
28,19,top,other,390.78,139.344,304,19,0,
28,20,top,host,337.51,346.248,124,16,0,
28,20,top,other,382.49,133.752,304,19,0,
28,21,top,host,345.8,351.84,124,17,0,
28,21,top,other,374.2,128.16,304,23,0,
28,22,top,host,345.8,351.84,124,17,0,
28,22,top,other,374.2,128.16,304,23,0,
28,23,top,host,345.8,351.84,124,17,0,
28,23,top,other,374.2,128.16,304,23,0,
29,1,top,host,180,240,56,17,0,
29,1,top,other,540,240,304,23,0,
29,2,top,host,188.29,234.408,56,17,0,
29,2,top,other,531.71,234.408,304,23,0,
29,3,top,host,196.58,228.816,56,17,0,
29,3,top,other,523.42,228.816,304,23,0,
29,4,top,host,204.87,223.224,56,17,0,
29,4,top,other,515.13,223.224,304,23,0,
29,5,top,host,213.16,217.632,56,17,0,
29,5,top,other,506.84,217.632,304,23,0,
29,6,top,host,221.45,212.04,56,17,0,
29,6,top,other,498.55,212.04,304,23,0,
29,7,top,host,229.74,206.448,56,17,0,
29,7,top,other,490.26,206.448,304,23,0,
29,8,top,host,238.03,200.856,56,17,0,
29,8,top,other,481.97,200.856,304,23,0,
29,9,top,host,246.32,195.264,56,17,0,
29,9,top,other,473.68,195.264,304,23,0,
29,10,top,host,254.61,189.672,56,17,0,
29,10,top,other,465.39,189.672,304,23,0,
29,11,top,host,262.9,184.08,56,17,0,
29,11,top,other,457.1,184.08,304,23,0,
29,12,top,host,271.19,178.488,56,17,0,
29,12,top,other,448.81,178.488,304,23,0,
29,13,top,host,279.48,172.896,56,17,0,
29,13,top,other,440.52,172.896,304,23,0,
29,14,top,host,287.77,167.304,56,17,0,
29,14,top,other,432.23,167.304,304,23,0,
29,15,top,host,296.06,161.712,56,17,0,
29,15,top,other,423.94,161.712,304,23,0,
29,16,top,host,304.35,156.12,56,17,0,
29,16,top,other,415.65,156.12,304,23,0,
29,17,top,host,312.64,150.528,56,17,0,
29,17,top,other,407.36,150.528,304,23,0,
29,18,top,host,320.93,144.936,56,17,0,
29,18,top,other,399.07,144.936,304,23,0,
29,19,top,host,329.22,139.344,56,17,0,
29,19,top,other,390.78,139.344,304,23,0,
29,20,top,host,337.51,133.752,56,17,0,
29,20,top,other,382.49,133.752,304,23,0,
29,21,top,host,345.8,128.16,56,17,0,
29,21,top,other,374.2,128.16,304,23,0,
29,22,top,host,345.8,128.16,56,17,0,
29,22,top,other,374.2,128.16,304,23,0,
29,23,top,host,345.8,128.16,56,17,0,
29,23,top,other,374.2,128.16,304,23,0,
30,1,bottom,host,180,240,124,17,0,
30,1,bottom,other,540,240,304,23,0,
30,2,bottom,host,188.29,245.592,124,17,0,
30,2,bottom,other,531.71,234.408,304,23,0,
30,3,bottom,host,196.58,251.184,124,17,0,
30,3,bottom,other,523.42,228.816,304,23,0,
30,4,bottom,host,204.87,256.776,124,17,0,
30,4,bottom,other,515.13,223.224,304,23,0,
30,5,bottom,host,213.16,262.368,124,17,0,
30,5,bottom,other,506.84,217.632,304,23,0,
30,6,bottom,host,221.45,267.96,124,17,0,
30,6,bottom,other,498.55,212.04,304,23,0,
30,7,bottom,host,229.74,273.552,124,17,0,
30,7,bottom,other,490.26,206.448,304,23,0,
30,8,bottom,host,238.03,279.144,124,17,0,
30,8,bottom,other,481.97,200.856,304,23,0,
30,9,bottom,host,246.32,284.736,124,17,0,
30,9,bottom,other,473.68,195.264,304,23,0,
30,10,bottom,host,254.61,290.328,124,17,0,
30,10,bottom,other,465.39,189.672,304,23,0,
30,11,bottom,host,262.9,295.92,124,17,0,
30,11,bottom,other,457.1,184.08,304,23,0,
30,12,bottom,host,271.19,301.512,124,17,0,
30,12,bottom,other,448.81,178.488,304,23,0,
30,13,bottom,host,279.48,307.104,124,17,0,
30,13,bottom,other,440.52,172.896,304,23,0,
30,14,bottom,host,287.77,312.696,124,17,0,
30,14,bottom,other,432.23,167.304,304,23,0,
30,15,bottom,host,296.06,318.288,124,17,0,
30,15,bottom,other,423.94,161.712,304,23,0,
30,16,bottom,host,304.35,323.88,124,17,0,
30,16,bottom,other,415.65,156.12,304,23,0,
30,17,bottom,host,312.64,329.472,124,17,0,
30,17,bottom,other,407.36,150.528,304,23,0,
30,18,bottom,host,320.93,335.064,124,17,0,
30,18,bottom,other,399.07,144.936,304,23,0,
30,19,bottom,host,329.22,340.656,124,17,0,
30,19,bottom,other,390.78,139.344,304,23,0,
30,20,bottom,host,337.51,346.248,124,17,0,
30,20,bottom,other,382.49,133.752,304,23,0,
30,21,bottom,host,345.8,351.84,124,21,0,
30,21,bottom,other,374.2,128.16,304,24,0,
30,22,bottom,host,345.8,351.84,124,21,0,
30,22,bottom,other,374.2,128.16,304,24,0,
30,23,bottom,host,345.8,351.84,124,21,0,
30,23,bottom,other,374.2,128.16,304,24,0,
31,1,bottom,host,180,240,56,21,0,
31,1,bottom,other,540,240,236,24,0,
31,2,bottom,host,188.29,234.408,56,21,0,
31,2,bottom,other,531.71,245.592,236,24,0,
31,3,bottom,host,196.58,228.816,56,21,0,
31,3,bottom,other,523.42,251.184,236,24,0,
31,4,bottom,host,204.87,223.224,56,21,0,
31,4,bottom,other,515.13,256.776,236,24,0,
31,5,bottom,host,213.16,217.632,56,21,0,
31,5,bottom,other,506.84,262.368,236,24,0,
31,6,bottom,host,221.45,212.04,56,21,0,
31,6,bottom,other,498.55,267.96,236,24,0,
31,7,bottom,host,229.74,206.448,56,21,0,
31,7,bottom,other,490.26,273.552,236,24,0,
31,8,bottom,host,238.03,200.856,56,21,0,
31,8,bottom,other,481.97,279.144,236,24,0,
31,9,bottom,host,246.32,195.264,56,21,0,
31,9,bottom,other,473.68,284.736,236,24,0,
31,10,bottom,host,254.61,189.672,56,21,0,
31,10,bottom,other,465.39,290.328,236,24,0,
31,11,bottom,host,262.9,184.08,56,21,0,
31,11,bottom,other,457.1,295.92,236,24,0,
31,12,bottom,host,271.19,178.488,56,21,0,
31,12,bottom,other,448.81,301.512,236,24,0,
31,13,bottom,host,279.48,172.896,56,21,0,
31,13,bottom,other,440.52,307.104,236,24,0,
31,14,bottom,host,287.77,167.304,56,21,0,
31,14,bottom,other,432.23,312.696,236,24,0,
31,15,bottom,host,296.06,161.712,56,21,0,
31,15,bottom,other,423.94,318.288,236,24,0,
31,16,bottom,host,304.35,156.12,56,21,0,
31,16,bottom,other,415.65,323.88,236,24,0,
31,17,bottom,host,312.64,150.528,56,21,0,
31,17,bottom,other,407.36,329.472,236,24,0,
31,18,bottom,host,320.93,144.936,56,21,0,
31,18,bottom,other,399.07,335.064,236,24,0,
31,19,bottom,host,329.22,139.344,56,21,0,
31,19,bottom,other,390.78,340.656,236,24,0,
31,20,bottom,host,337.51,133.752,56,21,0,
31,20,bottom,other,382.49,346.248,236,24,0,
31,21,bottom,host,345.8,128.16,56,22,0,
31,21,bottom,other,374.2,351.84,236,28,0,
31,22,bottom,host,345.8,128.16,56,22,0,
31,22,bottom,other,374.2,351.84,236,28,0,
31,23,bottom,host,345.8,128.16,56,22,0,
31,23,bottom,other,374.2,351.84,236,28,0,
32,1,top,host,180,240,56,22,0,
32,1,top,other,540,240,304,28,0,
32,2,top,host,188.29,234.408,56,22,0,
32,2,top,other,531.71,234.408,304,28,0,
32,3,top,host,196.58,228.816,56,22,0,
32,3,top,other,523.42,228.816,304,28,0,
32,4,top,host,204.87,223.224,56,22,0,
32,4,top,other,515.13,223.224,304,28,0,
32,5,top,host,213.16,217.632,56,22,0,
32,5,top,other,506.84,217.632,304,28,0,
32,6,top,host,221.45,212.04,56,22,0,
32,6,top,other,498.55,212.04,304,28,0,
32,7,top,host,229.74,206.448,56,22,0,
32,7,top,other,490.26,206.448,304,28,0,
32,8,top,host,238.03,200.856,56,22,0,
32,8,top,other,481.97,200.856,304,28,0,
32,9,top,host,246.32,195.264,56,22,0,
32,9,top,other,473.68,195.264,304,28,0,
32,10,top,host,254.61,189.672,56,22,0,
32,10,top,other,465.39,189.672,304,28,0,
32,11,top,host,262.9,184.08,56,22,0,
32,11,top,other,457.1,184.08,304,28,0,
32,12,top,host,271.19,178.488,56,22,0,
32,12,top,other,448.81,178.488,304,28,0,
32,13,top,host,279.48,172.896,56,22,0,
32,13,top,other,440.52,172.896,304,28,0,
32,14,top,host,287.77,167.304,56,22,0,
32,14,top,other,432.23,167.304,304,28,0,
32,15,top,host,296.06,161.712,56,22,0,
32,15,top,other,423.94,161.712,304,28,0,
32,16,top,host,304.35,156.12,56,22,0,
32,16,top,other,415.65,156.12,304,28,0,
32,17,top,host,312.64,150.528,56,22,0,
32,17,top,other,407.36,150.528,304,28,0,
32,18,top,host,320.93,144.936,56,22,0,
32,18,top,other,399.07,144.936,304,28,0,
32,19,top,host,329.22,139.344,56,22,0,
32,19,top,other,390.78,139.344,304,28,0,
32,20,top,host,337.51,133.752,56,22,0,
32,20,top,other,382.49,133.752,304,28,0,
32,21,top,host,345.8,128.16,56,22,0,
32,21,top,other,374.2,128.16,304,28,0,
32,22,top,host,345.8,128.16,56,22,0,
32,22,top,other,374.2,128.16,304,28,0,
32,23,top,host,345.8,128.16,56,22,0,
32,23,top,other,374.2,128.16,304,28,0,
33,1,bottom,host,180,240,124,22,0,
33,1,bottom,other,540,240,236,28,0,
33,2,bottom,host,188.29,245.592,124,22,0,
33,2,bottom,other,531.71,245.592,236,28,0,
33,3,bottom,host,196.58,251.184,124,22,0,
33,3,bottom,other,523.42,251.184,236,28,0,
33,4,bottom,host,204.87,256.776,124,22,0,
33,4,bottom,other,515.13,256.776,236,28,0,
33,5,bottom,host,213.16,262.368,124,22,0,
33,5,bottom,other,506.84,262.368,236,28,0,
33,6,bottom,host,221.45,267.96,124,22,0,
33,6,bottom,other,498.55,267.96,236,28,0,
33,7,bottom,host,229.74,273.552,124,22,0,
33,7,bottom,other,490.26,273.552,236,28,0,
33,8,bottom,host,238.03,279.144,124,22,0,
33,8,bottom,other,481.97,279.144,236,28,0,
33,9,bottom,host,246.32,284.736,124,22,0,
33,9,bottom,other,473.68,284.736,236,28,0,
33,10,bottom,host,254.61,290.328,124,22,0,
33,10,bottom,other,465.39,290.328,236,28,0,
33,11,bottom,host,262.9,295.92,124,22,0,
33,11,bottom,other,457.1,295.92,236,28,0,
33,12,bottom,host,271.19,301.512,124,22,0,
33,12,bottom,other,448.81,301.512,236,28,0,
33,13,bottom,host,279.48,307.104,124,22,0,
33,13,bottom,other,440.52,307.104,236,28,0,
33,14,bottom,host,287.77,312.696,124,22,0,
33,14,bottom,other,432.23,312.696,236,28,0,
33,15,bottom,host,296.06,318.288,124,22,0,
33,15,bottom,other,423.94,318.288,236,28,0,
33,16,bottom,host,304.35,323.88,124,22,0,
33,16,bottom,other,415.65,323.88,236,28,0,
33,17,bottom,host,312.64,329.472,124,22,0,
33,17,bottom,other,407.36,329.472,236,28,0,
33,18,bottom,host,320.93,335.064,124,22,0,
33,18,bottom,other,399.07,335.064,236,28,0,
33,19,bottom,host,329.22,340.656,124,22,0,
33,19,bottom,other,390.78,340.656,236,28,0,
33,20,bottom,host,337.51,346.248,124,22,0,
33,20,bottom,other,382.49,346.248,236,28,0,
33,21,bottom,host,345.8,351.84,124,22,0,
33,21,bottom,other,374.2,351.84,236,28,0,
33,22,bottom,host,345.8,351.84,124,22,0,
33,22,bottom,other,374.2,351.84,236,28,0,
33,23,bottom,host,345.8,351.84,124,22,0,
33,23,bottom,other,374.2,351.84,236,28,0,
34,1,bottom,host,180,240,124,22,0,
34,1,bottom,other,540,240,236,28,0,
34,2,bottom,host,188.29,245.592,124,22,0,
34,2,bottom,other,531.71,245.592,236,28,0,
34,3,bottom,host,196.58,251.184,124,22,0,
34,3,bottom,other,523.42,251.184,236,28,0,
34,4,bottom,host,204.87,256.776,124,22,0,
34,4,bottom,other,515.13,256.776,236,28,0,
34,5,bottom,host,213.16,262.368,124,22,0,
34,5,bottom,other,506.84,262.368,236,28,0,
34,6,bottom,host,221.45,267.96,124,22,0,
34,6,bottom,other,498.55,267.96,236,28,0,
34,7,bottom,host,229.74,273.552,124,22,0,
34,7,bottom,other,490.26,273.552,236,28,0,
34,8,bottom,host,238.03,279.144,124,22,0,
34,8,bottom,other,481.97,279.144,236,28,0,
34,9,bottom,host,246.32,284.736,124,22,0,
34,9,bottom,other,473.68,284.736,236,28,0,
34,10,bottom,host,254.61,290.328,124,22,0,
34,10,bottom,other,465.39,290.328,236,28,0,
34,11,bottom,host,262.9,295.92,124,22,0,
34,11,bottom,other,457.1,295.92,236,28,0,
34,12,bottom,host,271.19,301.512,124,22,0,
34,12,bottom,other,448.81,301.512,236,28,0,
34,13,bottom,host,279.48,307.104,124,22,0,
34,13,bottom,other,440.52,307.104,236,28,0,
34,14,bottom,host,287.77,312.696,124,22,0,
34,14,bottom,other,432.23,312.696,236,28,0,
34,15,bottom,host,296.06,318.288,124,22,0,
34,15,bottom,other,423.94,318.288,236,28,0,
34,16,bottom,host,304.35,323.88,124,22,0,
34,16,bottom,other,415.65,323.88,236,28,0,
34,17,bottom,host,312.64,329.472,124,22,0,
34,17,bottom,other,407.36,329.472,236,28,0,
34,18,bottom,host,320.93,335.064,124,22,0,
34,18,bottom,other,399.07,335.064,236,28,0,
34,19,bottom,host,329.22,340.656,124,22,0,
34,19,bottom,other,390.78,340.656,236,28,0,
34,20,bottom,host,337.51,346.248,124,22,0,
34,20,bottom,other,382.49,346.248,236,28,0,
34,21,bottom,host,345.8,351.84,124,22,0,
34,21,bottom,other,374.2,351.84,236,28,0,
34,22,bottom,host,345.8,351.84,124,22,0,
34,22,bottom,other,374.2,351.84,236,28,0,
34,23,bottom,host,345.8,351.84,124,22,0,
34,23,bottom,other,374.2,351.84,236,28,0,
35,1,bottom,host,180,240,124,22,0,
35,1,bottom,other,540,240,236,28,0,
35,2,bottom,host,188.29,245.592,124,22,0,
35,2,bottom,other,531.71,245.592,236,28,0,
35,3,bottom,host,196.58,251.184,124,22,0,
35,3,bottom,other,523.42,251.184,236,28,0,
35,4,bottom,host,204.87,256.776,124,22,0,
35,4,bottom,other,515.13,256.776,236,28,0,
35,5,bottom,host,213.16,262.368,124,22,0,
35,5,bottom,other,506.84,262.368,236,28,0,
35,6,bottom,host,221.45,267.96,124,22,0,
35,6,bottom,other,498.55,267.96,236,28,0,
35,7,bottom,host,229.74,273.552,124,22,0,
35,7,bottom,other,490.26,273.552,236,28,0,
35,8,bottom,host,238.03,279.144,124,22,0,
35,8,bottom,other,481.97,279.144,236,28,0,
35,9,bottom,host,246.32,284.736,124,22,0,
35,9,bottom,other,473.68,284.736,236,28,0,
35,10,bottom,host,254.61,290.328,124,22,0,
35,10,bottom,other,465.39,290.328,236,28,0,
35,11,bottom,host,262.9,295.92,124,22,0,
35,11,bottom,other,457.1,295.92,236,28,0,
35,12,bottom,host,271.19,301.512,124,22,0,
35,12,bottom,other,448.81,301.512,236,28,0,
35,13,bottom,host,279.48,307.104,124,22,0,
35,13,bottom,other,440.52,307.104,236,28,0,
35,14,bottom,host,287.77,312.696,124,22,0,
35,14,bottom,other,432.23,312.696,236,28,0,
35,15,bottom,host,296.06,318.288,124,22,0,
35,15,bottom,other,423.94,318.288,236,28,0,
35,16,bottom,host,304.35,323.88,124,22,0,
35,16,bottom,other,415.65,323.88,236,28,0,
35,17,bottom,host,312.64,329.472,124,22,0,
35,17,bottom,other,407.36,329.472,236,28,0,
35,18,bottom,host,320.93,335.064,124,22,0,
35,18,bottom,other,399.07,335.064,236,28,0,
35,19,bottom,host,329.22,340.656,124,22,0,
35,19,bottom,other,390.78,340.656,236,28,0,
35,20,bottom,host,337.51,346.248,124,22,0,
35,20,bottom,other,382.49,346.248,236,28,0,
35,21,bottom,host,345.8,351.84,124,22,0,
35,21,bottom,other,374.2,351.84,236,28,0,
35,22,bottom,host,345.8,351.84,124,22,0,
35,22,bottom,other,374.2,351.84,236,28,0,
35,23,bottom,host,345.8,351.84,124,22,0,
35,23,bottom,other,374.2,351.84,236,28,0,
36,1,top,host,180,240,56,22,0,
36,1,top,other,540,240,304,28,0,
36,2,top,host,188.29,234.408,56,22,0,
36,2,top,other,531.71,234.408,304,28,0,
36,3,top,host,196.58,228.816,56,22,0,
36,3,top,other,523.42,228.816,304,28,0,
36,4,top,host,204.87,223.224,56,22,0,
36,4,top,other,515.13,223.224,304,28,0,
36,5,top,host,213.16,217.632,56,22,0,
36,5,top,other,506.84,217.632,304,28,0,
36,6,top,host,221.45,212.04,56,22,0,
36,6,top,other,498.55,212.04,304,28,0,
36,7,top,host,229.74,206.448,56,22,0,
36,7,top,other,490.26,206.448,304,28,0,
36,8,top,host,238.03,200.856,56,22,0,
36,8,top,other,481.97,200.856,304,28,0,
36,9,top,host,246.32,195.264,56,22,0,
36,9,top,other,473.68,195.264,304,28,0,
36,10,top,host,254.61,189.672,56,22,0,
36,10,top,other,465.39,189.672,304,28,0,
36,11,top,host,262.9,184.08,56,22,0,
36,11,top,other,457.1,184.08,304,28,0,
36,12,top,host,271.19,178.488,56,22,0,
36,12,top,other,448.81,178.488,304,28,0,
36,13,top,host,279.48,172.896,56,22,0,
36,13,top,other,440.52,172.896,304,28,0,
36,14,top,host,287.77,167.304,56,22,0,
36,14,top,other,432.23,167.304,304,28,0,
36,15,top,host,296.06,161.712,56,22,0,
36,15,top,other,423.94,161.712,304,28,0,
36,16,top,host,304.35,156.12,56,22,0,
36,16,top,other,415.65,156.12,304,28,0,
36,17,top,host,312.64,150.528,56,22,0,
36,17,top,other,407.36,150.528,304,28,0,
36,18,top,host,320.93,144.936,56,22,0,
36,18,top,other,399.07,144.936,304,28,0,
36,19,top,host,329.22,139.344,56,22,0,
36,19,top,other,390.78,139.344,304,28,0,
36,20,top,host,337.51,133.752,56,22,0,
36,20,top,other,382.49,133.752,304,28,0,
36,21,top,host,345.8,128.16,56,22,0,
36,21,top,other,374.2,128.16,304,28,0,
36,22,top,host,345.8,128.16,56,22,0,
36,22,top,other,374.2,128.16,304,28,0,
36,23,top,host,345.8,128.16,56,22,0,
36,23,top,other,374.2,128.16,304,28,0,
37,1,top,host,180,240,56,22,0,
37,1,top,other,540,240,304,28,0,
37,2,top,host,188.29,234.408,56,22,0,
37,2,top,other,531.71,234.408,304,28,0,
37,3,top,host,196.58,228.816,56,22,0,
37,3,top,other,523.42,228.816,304,28,0,
37,4,top,host,204.87,223.224,56,22,0,
37,4,top,other,515.13,223.224,304,28,0,
37,5,top,host,213.16,217.632,56,22,0,
37,5,top,other,506.84,217.632,304,28,0,
37,6,top,host,221.45,212.04,56,22,0,
37,6,top,other,498.55,212.04,304,28,0,
37,7,top,host,229.74,206.448,56,22,0,
37,7,top,other,490.26,206.448,304,28,0,
37,8,top,host,238.03,200.856,56,22,0,
37,8,top,other,481.97,200.856,304,28,0,
37,9,top,host,246.32,195.264,56,22,0,
37,9,top,other,473.68,195.264,304,28,0,
37,10,top,host,254.61,189.672,56,22,0,
37,10,top,other,465.39,189.672,304,28,0,
37,11,top,host,262.9,184.08,56,22,0,
37,11,top,other,457.1,184.08,304,28,0,
37,12,top,host,271.19,178.488,56,22,0,
37,12,top,other,448.81,178.488,304,28,0,
37,13,top,host,279.48,172.896,56,22,0,
37,13,top,other,440.52,172.896,304,28,0,
37,14,top,host,287.77,167.304,56,22,0,
37,14,top,other,432.23,167.304,304,28,0,
37,15,top,host,296.06,161.712,56,22,0,
37,15,top,other,423.94,161.712,304,28,0,
37,16,top,host,304.35,156.12,56,22,0,
37,16,top,other,415.65,156.12,304,28,0,
37,17,top,host,312.64,150.528,56,22,0,
37,17,top,other,407.36,150.528,304,28,0,
37,18,top,host,320.93,144.936,56,22,0,
37,18,top,other,399.07,144.936,304,28,0,
37,19,top,host,329.22,139.344,56,22,0,
37,19,top,other,390.78,139.344,304,28,0,
37,20,top,host,337.51,133.752,56,22,0,
37,20,top,other,382.49,133.752,304,28,0,
37,21,top,host,345.8,128.16,56,22,0,
37,21,top,other,374.2,128.16,304,28,0,
37,22,top,host,345.8,128.16,56,22,0,
37,22,top,other,374.2,128.16,304,28,0,
37,23,top,host,345.8,128.16,56,22,0,
37,23,top,other,374.2,128.16,304,28,0,
38,1,bottom,host,180,240,124,22,0,
38,1,bottom,other,540,240,304,28,0,
38,2,bottom,host,188.29,245.592,124,22,0,
38,2,bottom,other,531.71,234.408,304,28,0,
38,3,bottom,host,196.58,251.184,124,22,0,
38,3,bottom,other,523.42,228.816,304,28,0,
38,4,bottom,host,204.87,256.776,124,22,0,
38,4,bottom,other,515.13,223.224,304,28,0,
38,5,bottom,host,213.16,262.368,124,22,0,
38,5,bottom,other,506.84,217.632,304,28,0,
38,6,bottom,host,221.45,267.96,124,22,0,
38,6,bottom,other,498.55,212.04,304,28,0,
38,7,bottom,host,229.74,273.552,124,22,0,
38,7,bottom,other,490.26,206.448,304,28,0,
38,8,bottom,host,238.03,279.144,124,22,0,
38,8,bottom,other,481.97,200.856,304,28,0,
38,9,bottom,host,246.32,284.736,124,22,0,
38,9,bottom,other,473.68,195.264,304,28,0,
38,10,bottom,host,254.61,290.328,124,22,0,
38,10,bottom,other,465.39,189.672,304,28,0,
38,11,bottom,host,262.9,295.92,124,22,0,
38,11,bottom,other,457.1,184.08,304,28,0,
38,12,bottom,host,271.19,301.512,124,22,0,
38,12,bottom,other,448.81,178.488,304,28,0,
38,13,bottom,host,279.48,307.104,124,22,0,
38,13,bottom,other,440.52,172.896,304,28,0,
38,14,bottom,host,287.77,312.696,124,22,0,
38,14,bottom,other,432.23,167.304,304,28,0,
38,15,bottom,host,296.06,318.288,124,22,0,
38,15,bottom,other,423.94,161.712,304,28,0,
38,16,bottom,host,304.35,323.88,124,22,0,
38,16,bottom,other,415.65,156.12,304,28,0,
38,17,bottom,host,312.64,329.472,124,22,0,
38,17,bottom,other,407.36,150.528,304,28,0,
38,18,bottom,host,320.93,335.064,124,22,0,
38,18,bottom,other,399.07,144.936,304,28,0,
38,19,bottom,host,329.22,340.656,124,22,0,
38,19,bottom,other,390.78,139.344,304,28,0,
38,20,bottom,host,337.51,346.248,124,22,0,
38,20,bottom,other,382.49,133.752,304,28,0,
38,21,bottom,host,345.8,351.84,124,26,0,
38,21,bottom,other,374.2,128.16,304,29,0,
38,22,bottom,host,345.8,351.84,124,26,0,
38,22,bottom,other,374.2,128.16,304,29,0,
38,23,bottom,host,345.8,351.84,124,26,0,
38,23,bottom,other,374.2,128.16,304,29,0,
39,1,top,host,180,240,124,26,0,
39,1,top,other,540,240,304,29,0,
39,2,top,host,188.29,245.592,124,26,0,
39,2,top,other,531.71,234.408,304,29,0,
39,3,top,host,196.58,251.184,124,26,0,
39,3,top,other,523.42,228.816,304,29,0,
39,4,top,host,204.87,256.776,124,26,0,
39,4,top,other,515.13,223.224,304,29,0,
39,5,top,host,213.16,262.368,124,26,0,
39,5,top,other,506.84,217.632,304,29,0,
39,6,top,host,221.45,267.96,124,26,0,
39,6,top,other,498.55,212.04,304,29,0,
39,7,top,host,229.74,273.552,124,26,0,
39,7,top,other,490.26,206.448,304,29,0,
39,8,top,host,238.03,279.144,124,26,0,
39,8,top,other,481.97,200.856,304,29,0,
39,9,top,host,246.32,284.736,124,26,0,
39,9,top,other,473.68,195.264,304,29,0,
39,10,top,host,254.61,290.328,124,26,0,
39,10,top,other,465.39,189.672,304,29,0,
39,11,top,host,262.9,295.92,124,26,0,
39,11,top,other,457.1,184.08,304,29,0,
39,12,top,host,271.19,301.512,124,26,0,
39,12,top,other,448.81,178.488,304,29,0,
39,13,top,host,279.48,307.104,124,26,0,
39,13,top,other,440.52,172.896,304,29,0,
39,14,top,host,287.77,312.696,124,26,0,
39,14,top,other,432.23,167.304,304,29,0,
39,15,top,host,296.06,318.288,124,26,0,
39,15,top,other,423.94,161.712,304,29,0,
39,16,top,host,304.35,323.88,124,26,0,
39,16,top,other,415.65,156.12,304,29,0,
39,17,top,host,312.64,329.472,124,26,0,
39,17,top,other,407.36,150.528,304,29,0,
39,18,top,host,320.93,335.064,124,26,0,
39,18,top,other,399.07,144.936,304,29,0,
39,19,top,host,329.22,340.656,124,26,0,
39,19,top,other,390.78,139.344,304,29,0,
39,20,top,host,337.51,346.248,124,26,0,
39,20,top,other,382.49,133.752,304,29,0,
39,21,top,host,345.8,351.84,124,27,0,
39,21,top,other,374.2,128.16,304,33,0,
39,22,top,host,345.8,351.84,124,27,0,
39,22,top,other,374.2,128.16,304,33,0,
39,23,top,host,345.8,351.84,124,27,0,
39,23,top,other,374.2,128.16,304,33,0,
40,1,bottom,host,180,240,124,27,0,
40,1,bottom,other,540,240,304,33,0,
40,2,bottom,host,188.29,245.592,124,27,0,
40,2,bottom,other,531.71,234.408,304,33,0,
40,3,bottom,host,196.58,251.184,124,27,0,
40,3,bottom,other,523.42,228.816,304,33,0,
40,4,bottom,host,204.87,256.776,124,27,0,
40,4,bottom,other,515.13,223.224,304,33,0,
40,5,bottom,host,213.16,262.368,124,27,0,
40,5,bottom,other,506.84,217.632,304,33,0,
40,6,bottom,host,221.45,267.96,124,27,0,
40,6,bottom,other,498.55,212.04,304,33,0,
40,7,bottom,host,229.74,273.552,124,27,0,
40,7,bottom,other,490.26,206.448,304,33,0,
40,8,bottom,host,238.03,279.144,124,27,0,
40,8,bottom,other,481.97,200.856,304,33,0,
40,9,bottom,host,246.32,284.736,124,27,0,
40,9,bottom,other,473.68,195.264,304,33,0,
40,10,bottom,host,254.61,290.328,124,27,0,
40,10,bottom,other,465.39,189.672,304,33,0,
40,11,bottom,host,262.9,295.92,124,27,0,
40,11,bottom,other,457.1,184.08,304,33,0,
40,12,bottom,host,271.19,301.512,124,27,0,
40,12,bottom,other,448.81,178.488,304,33,0,
40,13,bottom,host,279.48,307.104,124,27,0,
40,13,bottom,other,440.52,172.896,304,33,0,
40,14,bottom,host,287.77,312.696,124,27,0,
40,14,bottom,other,432.23,167.304,304,33,0,
40,15,bottom,host,296.06,318.288,124,27,0,
40,15,bottom,other,423.94,161.712,304,33,0,
40,16,bottom,host,304.35,323.88,124,27,0,
40,16,bottom,other,415.65,156.12,304,33,0,
40,17,bottom,host,312.64,329.472,124,27,0,
40,17,bottom,other,407.36,150.528,304,33,0,
40,18,bottom,host,320.93,335.064,124,27,0,
40,18,bottom,other,399.07,144.936,304,33,0,
40,19,bottom,host,329.22,340.656,124,27,0,
40,19,bottom,other,390.78,139.344,304,33,0,
40,20,bottom,host,337.51,346.248,124,27,0,
40,20,bottom,other,382.49,133.752,304,33,0,
40,21,bottom,host,345.8,351.84,124,31,0,
40,21,bottom,other,374.2,128.16,304,34,0,
40,22,bottom,host,345.8,351.84,124,31,0,
40,22,bottom,other,374.2,128.16,304,34,0,
40,23,bottom,host,345.8,351.84,124,31,0,
40,23,bottom,other,374.2,128.16,304,34,0,
41,1,top,host,180,240,124,31,0,
41,1,top,other,540,240,304,34,0,
41,2,top,host,188.29,245.592,124,31,0,
41,2,top,other,531.71,234.408,304,34,0,
41,3,top,host,196.58,251.184,124,31,0,
41,3,top,other,523.42,228.816,304,34,0,
41,4,top,host,204.87,256.776,124,31,0,
41,4,top,other,515.13,223.224,304,34,0,
41,5,top,host,213.16,262.368,124,31,0,
41,5,top,other,506.84,217.632,304,34,0,
41,6,top,host,221.45,267.96,124,31,0,
41,6,top,other,498.55,212.04,304,34,0,
41,7,top,host,229.74,273.552,124,31,0,
41,7,top,other,490.26,206.448,304,34,0,
41,8,top,host,238.03,279.144,124,31,0,
41,8,top,other,481.97,200.856,304,34,0,
41,9,top,host,246.32,284.736,124,31,0,
41,9,top,other,473.68,195.264,304,34,0,
41,10,top,host,254.61,290.328,124,31,0,
41,10,top,other,465.39,189.672,304,34,0,
41,11,top,host,262.9,295.92,124,31,0,
41,11,top,other,457.1,184.08,304,34,0,
41,12,top,host,271.19,301.512,124,31,0,
41,12,top,other,448.81,178.488,304,34,0,
41,13,top,host,279.48,307.104,124,31,0,
41,13,top,other,440.52,172.896,304,34,0,
41,14,top,host,287.77,312.696,124,31,0,
41,14,top,other,432.23,167.304,304,34,0,
41,15,top,host,296.06,318.288,124,31,0,
41,15,top,other,423.94,161.712,304,34,0,
41,16,top,host,304.35,323.88,124,31,0,
41,16,top,other,415.65,156.12,304,34,0,
41,17,top,host,312.64,329.472,124,31,0,
41,17,top,other,407.36,150.528,304,34,0,
41,18,top,host,320.93,335.064,124,31,0,
41,18,top,other,399.07,144.936,304,34,0,
41,19,top,host,329.22,340.656,124,31,0,
41,19,top,other,390.78,139.344,304,34,0,
41,20,top,host,337.51,346.248,124,31,0,
41,20,top,other,382.49,133.752,304,34,0,
41,21,top,host,345.8,351.84,124,32,0,
41,21,top,other,374.2,128.16,304,38,0,
41,22,top,host,345.8,351.84,124,32,0,
41,22,top,other,374.2,128.16,304,38,0,
41,23,top,host,345.8,351.84,124,32,0,
41,23,top,other,374.2,128.16,304,38,0,
42,1,bottom,host,180,240,124,32,0,
42,1,bottom,other,540,240,304,38,0,
42,2,bottom,host,188.29,245.592,124,32,0,
42,2,bottom,other,531.71,234.408,304,38,0,
42,3,bottom,host,196.58,251.184,124,32,0,
42,3,bottom,other,523.42,228.816,304,38,0,
42,4,bottom,host,204.87,256.776,124,32,0,
42,4,bottom,other,515.13,223.224,304,38,0,
42,5,bottom,host,213.16,262.368,124,32,0,
42,5,bottom,other,506.84,217.632,304,38,0,
42,6,bottom,host,221.45,267.96,124,32,0,
42,6,bottom,other,498.55,212.04,304,38,0,
42,7,bottom,host,229.74,273.552,124,32,0,
42,7,bottom,other,490.26,206.448,304,38,0,
42,8,bottom,host,238.03,279.144,124,32,0,
42,8,bottom,other,481.97,200.856,304,38,0,
42,9,bottom,host,246.32,284.736,124,32,0,
42,9,bottom,other,473.68,195.264,304,38,0,
42,10,bottom,host,254.61,290.328,124,32,0,
42,10,bottom,other,465.39,189.672,304,38,0,
42,11,bottom,host,262.9,295.92,124,32,0,
42,11,bottom,other,457.1,184.08,304,38,0,
42,12,bottom,host,271.19,301.512,124,32,0,
42,12,bottom,other,448.81,178.488,304,38,0,
42,13,bottom,host,279.48,307.104,124,32,0,
42,13,bottom,other,440.52,172.896,304,38,0,
42,14,bottom,host,287.77,312.696,124,32,0,
42,14,bottom,other,432.23,167.304,304,38,0,
42,15,bottom,host,296.06,318.288,124,32,0,
42,15,bottom,other,423.94,161.712,304,38,0,
42,16,bottom,host,304.35,323.88,124,32,0,
42,16,bottom,other,415.65,156.12,304,38,0,
42,17,bottom,host,312.64,329.472,124,32,0,
42,17,bottom,other,407.36,150.528,304,38,0,
42,18,bottom,host,320.93,335.064,124,32,0,
42,18,bottom,other,399.07,144.936,304,38,0,
42,19,bottom,host,329.22,340.656,124,32,0,
42,19,bottom,other,390.78,139.344,304,38,0,
42,20,bottom,host,337.51,346.248,124,32,0,
42,20,bottom,other,382.49,133.752,304,38,0,
42,21,bottom,host,345.8,351.84,124,36,0,
42,21,bottom,other,374.2,128.16,304,39,0,
42,22,bottom,host,345.8,351.84,124,36,0,
42,22,bottom,other,374.2,128.16,304,39,0,
42,23,bottom,host,345.8,351.84,124,36,0,
42,23,bottom,other,374.2,128.16,304,39,0,
43,1,top,host,180,240,124,36,0,
43,1,top,other,540,240,304,39,0,
43,2,top,host,188.29,245.592,124,36,0,
43,2,top,other,531.71,234.408,304,39,0,
43,3,top,host,196.58,251.184,124,36,0,
43,3,top,other,523.42,228.816,304,39,0,
43,4,top,host,204.87,256.776,124,36,0,
43,4,top,other,515.13,223.224,304,39,0,
43,5,top,host,213.16,262.368,124,36,0,
43,5,top,other,506.84,217.632,304,39,0,
43,6,top,host,221.45,267.96,124,36,0,
43,6,top,other,498.55,212.04,304,39,0,
43,7,top,host,229.74,273.552,124,36,0,
43,7,top,other,490.26,206.448,304,39,0,
43,8,top,host,238.03,279.144,124,36,0,
43,8,top,other,481.97,200.856,304,39,0,
43,9,top,host,246.32,284.736,124,36,0,
43,9,top,other,473.68,195.264,304,39,0,
43,10,top,host,254.61,290.328,124,36,0,
43,10,top,other,465.39,189.672,304,39,0,
43,11,top,host,262.9,295.92,124,36,0,
43,11,top,other,457.1,184.08,304,39,0,
43,12,top,host,271.19,301.512,124,36,0,
43,12,top,other,448.81,178.488,304,39,0,
43,13,top,host,279.48,307.104,124,36,0,
43,13,top,other,440.52,172.896,304,39,0,
43,14,top,host,287.77,312.696,124,36,0,
43,14,top,other,432.23,167.304,304,39,0,
43,15,top,host,296.06,318.288,124,36,0,
43,15,top,other,423.94,161.712,304,39,0,
43,16,top,host,304.35,323.88,124,36,0,
43,16,top,other,415.65,156.12,304,39,0,
43,17,top,host,312.64,329.472,124,36,0,
43,17,top,other,407.36,150.528,304,39,0,
43,18,top,host,320.93,335.064,124,36,0,
43,18,top,other,399.07,144.936,304,39,0,
43,19,top,host,329.22,340.656,124,36,0,
43,19,top,other,390.78,139.344,304,39,0,
43,20,top,host,337.51,346.248,124,36,0,
43,20,top,other,382.49,133.752,304,39,0,
43,21,top,host,345.8,351.84,124,37,0,
43,21,top,other,374.2,128.16,304,43,0,
43,22,top,host,345.8,351.84,124,37,0,
43,22,top,other,374.2,128.16,304,43,0,
43,23,top,host,345.8,351.84,124,37,0,
43,23,top,other,374.2,128.16,304,43,0,
44,1,top,host,180,240,56,37,0,
44,1,top,other,540,240,236,43,0,
44,2,top,host,188.29,234.408,56,37,0,
44,2,top,other,531.71,245.592,236,43,0,
44,3,top,host,196.58,228.816,56,37,0,
44,3,top,other,523.42,251.184,236,43,0,
44,4,top,host,204.87,223.224,56,37,0,
44,4,top,other,515.13,256.776,236,43,0,
44,5,top,host,213.16,217.632,56,37,0,
44,5,top,other,506.84,262.368,236,43,0,
44,6,top,host,221.45,212.04,56,37,0,
44,6,top,other,498.55,267.96,236,43,0,
44,7,top,host,229.74,206.448,56,37,0,
44,7,top,other,490.26,273.552,236,43,0,
44,8,top,host,238.03,200.856,56,37,0,
44,8,top,other,481.97,279.144,236,43,0,
44,9,top,host,246.32,195.264,56,37,0,
44,9,top,other,473.68,284.736,236,43,0,
44,10,top,host,254.61,189.672,56,37,0,
44,10,top,other,465.39,290.328,236,43,0,
44,11,top,host,262.9,184.08,56,37,0,
44,11,top,other,457.1,295.92,236,43,0,
44,12,top,host,271.19,178.488,56,37,0,
44,12,top,other,448.81,301.512,236,43,0,
44,13,top,host,279.48,172.896,56,37,0,
44,13,top,other,440.52,307.104,236,43,0,
44,14,top,host,287.77,167.304,56,37,0,
44,14,top,other,432.23,312.696,236,43,0,
44,15,top,host,296.06,161.712,56,37,0,
44,15,top,other,423.94,318.288,236,43,0,
44,16,top,host,304.35,156.12,56,37,0,
44,16,top,other,415.65,323.88,236,43,0,
44,17,top,host,312.64,150.528,56,37,0,
44,17,top,other,407.36,329.472,236,43,0,
44,18,top,host,320.93,144.936,56,37,0,
44,18,top,other,399.07,335.064,236,43,0,
44,19,top,host,329.22,139.344,56,37,0,
44,19,top,other,390.78,340.656,236,43,0,
44,20,top,host,337.51,133.752,56,37,0,
44,20,top,other,382.49,346.248,236,43,0,
44,21,top,host,345.8,128.16,56,41,0,
44,21,top,other,374.2,351.84,236,44,0,
44,22,top,host,345.8,128.16,56,41,0,
44,22,top,other,374.2,351.84,236,44,0,
44,23,top,host,345.8,128.16,56,41,0,
44,23,top,other,374.2,351.84,236,44,0,
45,1,bottom,host,180,240,56,41,0,
45,1,bottom,other,540,240,236,44,0,
45,2,bottom,host,188.29,234.408,56,41,0,
45,2,bottom,other,531.71,245.592,236,44,0,
45,3,bottom,host,196.58,228.816,56,41,0,
45,3,bottom,other,523.42,251.184,236,44,0,
45,4,bottom,host,204.87,223.224,56,41,0,
45,4,bottom,other,515.13,256.776,236,44,0,
45,5,bottom,host,213.16,217.632,56,41,0,
45,5,bottom,other,506.84,262.368,236,44,0,
45,6,bottom,host,221.45,212.04,56,41,0,
45,6,bottom,other,498.55,267.96,236,44,0,
45,7,bottom,host,229.74,206.448,56,41,0,
45,7,bottom,other,490.26,273.552,236,44,0,
45,8,bottom,host,238.03,200.856,56,41,0,
45,8,bottom,other,481.97,279.144,236,44,0,
45,9,bottom,host,246.32,195.264,56,41,0,
45,9,bottom,other,473.68,284.736,236,44,0,
45,10,bottom,host,254.61,189.672,56,41,0,
45,10,bottom,other,465.39,290.328,236,44,0,
45,11,bottom,host,262.9,184.08,56,41,0,
45,11,bottom,other,457.1,295.92,236,44,0,
45,12,bottom,host,271.19,178.488,56,41,0,
45,12,bottom,other,448.81,301.512,236,44,0,
45,13,bottom,host,279.48,172.896,56,41,0,
45,13,bottom,other,440.52,307.104,236,44,0,
45,14,bottom,host,287.77,167.304,56,41,0,
45,14,bottom,other,432.23,312.696,236,44,0,
45,15,bottom,host,296.06,161.712,56,41,0,
45,15,bottom,other,423.94,318.288,236,44,0,
45,16,bottom,host,304.35,156.12,56,41,0,
45,16,bottom,other,415.65,323.88,236,44,0,
45,17,bottom,host,312.64,150.528,56,41,0,
45,17,bottom,other,407.36,329.472,236,44,0,
45,18,bottom,host,320.93,144.936,56,41,0,
45,18,bottom,other,399.07,335.064,236,44,0,
45,19,bottom,host,329.22,139.344,56,41,0,
45,19,bottom,other,390.78,340.656,236,44,0,
45,20,bottom,host,337.51,133.752,56,41,0,
45,20,bottom,other,382.49,346.248,236,44,0,
45,21,bottom,host,345.8,128.16,56,42,0,
45,21,bottom,other,374.2,351.84,236,48,0,
45,22,bottom,host,345.8,128.16,56,42,0,
45,22,bottom,other,374.2,351.84,236,48,0,
45,23,bottom,host,345.8,128.16,56,42,0,
45,23,bottom,other,374.2,351.84,236,48,0,
46,1,bottom,host,180,240,124,42,0,
46,1,bottom,other,540,240,304,48,0,
46,2,bottom,host,188.29,245.592,124,42,0,
46,2,bottom,other,531.71,234.408,304,48,0,
46,3,bottom,host,196.58,251.184,124,42,0,
46,3,bottom,other,523.42,228.816,304,48,0,
46,4,bottom,host,204.87,256.776,124,42,0,
46,4,bottom,other,515.13,223.224,304,48,0,
46,5,bottom,host,213.16,262.368,124,42,0,
46,5,bottom,other,506.84,217.632,304,48,0,
46,6,bottom,host,221.45,267.96,124,42,0,
46,6,bottom,other,498.55,212.04,304,48,0,
46,7,bottom,host,229.74,273.552,124,42,0,
46,7,bottom,other,490.26,206.448,304,48,0,
46,8,bottom,host,238.03,279.144,124,42,0,
46,8,bottom,other,481.97,200.856,304,48,0,
46,9,bottom,host,246.32,284.736,124,42,0,
46,9,bottom,other,473.68,195.264,304,48,0,
46,10,bottom,host,254.61,290.328,124,42,0,
46,10,bottom,other,465.39,189.672,304,48,0,
46,11,bottom,host,262.9,295.92,124,42,0,
46,11,bottom,other,457.1,184.08,304,48,0,
46,12,bottom,host,271.19,301.512,124,42,0,
46,12,bottom,other,448.81,178.488,304,48,0,
46,13,bottom,host,279.48,307.104,124,42,0,
46,13,bottom,other,440.52,172.896,304,48,0,
46,14,bottom,host,287.77,312.696,124,42,0,
46,14,bottom,other,432.23,167.304,304,48,0,
46,15,bottom,host,296.06,318.288,124,42,0,
46,15,bottom,other,423.94,161.712,304,48,0,
46,16,bottom,host,304.35,323.88,124,42,0,
46,16,bottom,other,415.65,156.12,304,48,0,
46,17,bottom,host,312.64,329.472,124,42,0,
46,17,bottom,other,407.36,150.528,304,48,0,
46,18,bottom,host,320.93,335.064,124,42,0,
46,18,bottom,other,399.07,144.936,304,48,0,
46,19,bottom,host,329.22,340.656,124,42,0,
46,19,bottom,other,390.78,139.344,304,48,0,
46,20,bottom,host,337.51,346.248,124,42,0,
46,20,bottom,other,382.49,133.752,304,48,0,
46,21,bottom,host,345.8,351.84,124,46,0,
46,21,bottom,other,374.2,128.16,304,49,0,
46,22,bottom,host,345.8,351.84,124,46,0,
46,22,bottom,other,374.2,128.16,304,49,0,
46,23,bottom,host,345.8,351.84,124,46,0,
46,23,bottom,other,374.2,128.16,304,49,0,
47,1,top,host,180,240,124,46,0,
47,1,top,other,540,240,304,49,0,
47,2,top,host,188.29,245.592,124,46,0,
47,2,top,other,531.71,234.408,304,49,0,
47,3,top,host,196.58,251.184,124,46,0,
47,3,top,other,523.42,228.816,304,49,0,
47,4,top,host,204.87,256.776,124,46,0,
47,4,top,other,515.13,223.224,304,49,0,
47,5,top,host,213.16,262.368,124,46,0,
47,5,top,other,506.84,217.632,304,49,0,
47,6,top,host,221.45,267.96,124,46,0,
47,6,top,other,498.55,212.04,304,49,0,
47,7,top,host,229.74,273.552,124,46,0,
47,7,top,other,490.26,206.448,304,49,0,
47,8,top,host,238.03,279.144,124,46,0,
47,8,top,other,481.97,200.856,304,49,0,
47,9,top,host,246.32,284.736,124,46,0,
47,9,top,other,473.68,195.264,304,49,0,
47,10,top,host,254.61,290.328,124,46,0,
47,10,top,other,465.39,189.672,304,49,0,
47,11,top,host,262.9,295.92,124,46,0,
47,11,top,other,457.1,184.08,304,49,0,
47,12,top,host,271.19,301.512,124,46,0,
47,12,top,other,448.81,178.488,304,49,0,
47,13,top,host,279.48,307.104,124,46,0,
47,13,top,other,440.52,172.896,304,49,0,
47,14,top,host,287.77,312.696,124,46,0,
47,14,top,other,432.23,167.304,304,49,0,
47,15,top,host,296.06,318.288,124,46,0,
47,15,top,other,423.94,161.712,304,49,0,
47,16,top,host,304.35,323.88,124,46,0,
47,16,top,other,415.65,156.12,304,49,0,
47,17,top,host,312.64,329.472,124,46,0,
47,17,top,other,407.36,150.528,304,49,0,
47,18,top,host,320.93,335.064,124,46,0,
47,18,top,other,399.07,144.936,304,49,0,
47,19,top,host,329.22,340.656,124,46,0,
47,19,top,other,390.78,139.344,304,49,0,
47,20,top,host,337.51,346.248,124,46,0,
47,20,top,other,382.49,133.752,304,49,0,
47,21,top,host,345.8,351.84,124,47,0,
47,21,top,other,374.2,128.16,304,53,0,
47,22,top,host,345.8,351.84,124,47,0,
47,22,top,other,374.2,128.16,304,53,0,
47,23,top,host,345.8,351.84,124,47,0,
47,23,top,other,374.2,128.16,304,53,0,
48,1,top,host,180,240,56,47,0,
48,1,top,other,540,240,304,53,0,
48,2,top,host,188.29,234.408,56,47,0,
48,2,top,other,531.71,234.408,304,53,0,
48,3,top,host,196.58,228.816,56,47,0,
48,3,top,other,523.42,228.816,304,53,0,
48,4,top,host,204.87,223.224,56,47,0,
48,4,top,other,515.13,223.224,304,53,0,
48,5,top,host,213.16,217.632,56,47,0,
48,5,top,other,506.84,217.632,304,53,0,
48,6,top,host,221.45,212.04,56,47,0,
48,6,top,other,498.55,212.04,304,53,0,
48,7,top,host,229.74,206.448,56,47,0,
48,7,top,other,490.26,206.448,304,53,0,
48,8,top,host,238.03,200.856,56,47,0,
48,8,top,other,481.97,200.856,304,53,0,
48,9,top,host,246.32,195.264,56,47,0,
48,9,top,other,473.68,195.264,304,53,0,
48,10,top,host,254.61,189.672,56,47,0,
48,10,top,other,465.39,189.672,304,53,0,
48,11,top,host,262.9,184.08,56,47,0,
48,11,top,other,457.1,184.08,304,53,0,
48,12,top,host,271.19,178.488,56,47,0,
48,12,top,other,448.81,178.488,304,53,0,
48,13,top,host,279.48,172.896,56,47,0,
48,13,top,other,440.52,172.896,304,53,0,
48,14,top,host,287.77,167.304,56,47,0,
48,14,top,other,432.23,167.304,304,53,0,
48,15,top,host,296.06,161.712,56,47,0,
48,15,top,other,423.94,161.712,304,53,0,
48,16,top,host,304.35,156.12,56,47,0,
48,16,top,other,415.65,156.12,304,53,0,
48,17,top,host,312.64,150.528,56,47,0,
48,17,top,other,407.36,150.528,304,53,0,
48,18,top,host,320.93,144.936,56,47,0,
48,18,top,other,399.07,144.936,304,53,0,
48,19,top,host,329.22,139.344,56,47,0,
48,19,top,other,390.78,139.344,304,53,0,
48,20,top,host,337.51,133.752,56,47,0,
48,20,top,other,382.49,133.752,304,53,0,
48,21,top,host,345.8,128.16,56,47,0,
48,21,top,other,374.2,128.16,304,53,0,
48,22,top,host,345.8,128.16,56,47,0,
48,22,top,other,374.2,128.16,304,53,0,
48,23,top,host,345.8,128.16,56,47,0,
48,23,top,other,374.2,128.16,304,53,0,
49,1,bottom,host,180,240,124,47,0,
49,1,bottom,other,540,240,236,53,0,
49,2,bottom,host,188.29,245.592,124,47,0,
49,2,bottom,other,531.71,245.592,236,53,0,
49,3,bottom,host,196.58,251.184,124,47,0,
49,3,bottom,other,523.42,251.184,236,53,0,
49,4,bottom,host,204.87,256.776,124,47,0,
49,4,bottom,other,515.13,256.776,236,53,0,
49,5,bottom,host,213.16,262.368,124,47,0,
49,5,bottom,other,506.84,262.368,236,53,0,
49,6,bottom,host,221.45,267.96,124,47,0,
49,6,bottom,other,498.55,267.96,236,53,0,
49,7,bottom,host,229.74,273.552,124,47,0,
49,7,bottom,other,490.26,273.552,236,53,0,
49,8,bottom,host,238.03,279.144,124,47,0,
49,8,bottom,other,481.97,279.144,236,53,0,
49,9,bottom,host,246.32,284.736,124,47,0,
49,9,bottom,other,473.68,284.736,236,53,0,
49,10,bottom,host,254.61,290.328,124,47,0,
49,10,bottom,other,465.39,290.328,236,53,0,
49,11,bottom,host,262.9,295.92,124,47,0,
49,11,bottom,other,457.1,295.92,236,53,0,
49,12,bottom,host,271.19,301.512,124,47,0,
49,12,bottom,other,448.81,301.512,236,53,0,
49,13,bottom,host,279.48,307.104,124,47,0,
49,13,bottom,other,440.52,307.104,236,53,0,
49,14,bottom,host,287.77,312.696,124,47,0,
49,14,bottom,other,432.23,312.696,236,53,0,
49,15,bottom,host,296.06,318.288,124,47,0,
49,15,bottom,other,423.94,318.288,236,53,0,
49,16,bottom,host,304.35,323.88,124,47,0,
49,16,bottom,other,415.65,323.88,236,53,0,
49,17,bottom,host,312.64,329.472,124,47,0,
49,17,bottom,other,407.36,329.472,236,53,0,
49,18,bottom,host,320.93,335.064,124,47,0,
49,18,bottom,other,399.07,335.064,236,53,0,
49,19,bottom,host,329.22,340.656,124,47,0,
49,19,bottom,other,390.78,340.656,236,53,0,
49,20,bottom,host,337.51,346.248,124,47,0,
49,20,bottom,other,382.49,346.248,236,53,0,
49,21,bottom,host,345.8,351.84,124,47,0,
49,21,bottom,other,374.2,351.84,236,53,0,
49,22,bottom,host,345.8,351.84,124,47,0,
49,22,bottom,other,374.2,351.84,236,53,0,
49,23,bottom,host,345.8,351.84,124,47,0,
49,23,bottom,other,374.2,351.84,236,53,0,
50,1,top,host,180,240,56,47,0,
50,1,top,other,540,240,304,53,0,
50,2,top,host,188.29,234.408,56,47,0,
50,2,top,other,531.71,234.408,304,53,0,
50,3,top,host,196.58,228.816,56,47,0,
50,3,top,other,523.42,228.816,304,53,0,
50,4,top,host,204.87,223.224,56,47,0,
50,4,top,other,515.13,223.224,304,53,0,
50,5,top,host,213.16,217.632,56,47,0,
50,5,top,other,506.84,217.632,304,53,0,
50,6,top,host,221.45,212.04,56,47,0,
50,6,top,other,498.55,212.04,304,53,0,
50,7,top,host,229.74,206.448,56,47,0,
50,7,top,other,490.26,206.448,304,53,0,
50,8,top,host,238.03,200.856,56,47,0,
50,8,top,other,481.97,200.856,304,53,0,
50,9,top,host,246.32,195.264,56,47,0,
50,9,top,other,473.68,195.264,304,53,0,
50,10,top,host,254.61,189.672,56,47,0,
50,10,top,other,465.39,189.672,304,53,0,
50,11,top,host,262.9,184.08,56,47,0,
50,11,top,other,457.1,184.08,304,53,0,
50,12,top,host,271.19,178.488,56,47,0,
50,12,top,other,448.81,178.488,304,53,0,
50,13,top,host,279.48,172.896,56,47,0,
50,13,top,other,440.52,172.896,304,53,0,
50,14,top,host,287.77,167.304,56,47,0,
50,14,top,other,432.23,167.304,304,53,0,
50,15,top,host,296.06,161.712,56,47,0,
50,15,top,other,423.94,161.712,304,53,0,
50,16,top,host,304.35,156.12,56,47,0,
50,16,top,other,415.65,156.12,304,53,0,
50,17,top,host,312.64,150.528,56,47,0,
50,17,top,other,407.36,150.528,304,53,0,
50,18,top,host,320.93,144.936,56,47,0,
50,18,top,other,399.07,144.936,304,53,0,
50,19,top,host,329.22,139.344,56,47,0,
50,19,top,other,390.78,139.344,304,53,0,
50,20,top,host,337.51,133.752,56,47,0,
50,20,top,other,382.49,133.752,304,53,0,
50,21,top,host,345.8,128.16,56,47,0,
50,21,top,other,374.2,128.16,304,53,0,
50,22,top,host,345.8,128.16,56,47,0,
50,22,top,other,374.2,128.16,304,53,0,
50,23,top,host,345.8,128.16,56,47,0,
50,23,top,other,374.2,128.16,304,53,0,
