1,1,bottom,host,190,240,90,0,0.00,
1,1,bottom,other,530,240,270,0,0.00,
1,2,bottom,host,200,240,90,0,0.00,
1,2,bottom,other,520,240,270,0,0.00,
1,3,bottom,host,210,240,90,0,0.00,
1,3,bottom,other,510,240,270,0,0.00,
1,4,bottom,host,220,240,90,0,0.00,
1,4,bottom,other,500,240,270,0,0.00,
1,5,bottom,host,230,240,90,0,0.00,
1,5,bottom,other,490,240,270,0,0.00,
1,6,bottom,host,240,240,90,0,0.00,
1,6,bottom,other,480,240,270,0,0.00,
1,7,bottom,host,250,240,90,0,0.00,
1,7,bottom,other,470,240,270,0,0.00,
1,8,bottom,host,260,240,90,0,0.00,
1,8,bottom,other,460,240,270,0,0.00,
1,9,bottom,host,270,240,90,0,0.00,
1,9,bottom,other,450,240,270,0,0.00,
1,10,bottom,host,280,240,90,0,0.00,
1,10,bottom,other,440,240,270,0,0.00,
1,11,bottom,host,290,240,90,0,0.00,
1,11,bottom,other,430,240,270,0,0.00,
1,12,bottom,host,300,240,90,0,0.00,
1,12,bottom,other,420,240,270,0,0.00,
1,13,bottom,host,310,240,90,0,0.00,
1,13,bottom,other,410,240,270,0,0.00,
1,14,bottom,host,320,240,90,0,0.00,
1,14,bottom,other,400.014,240.523,267,0,0.00,
1,15,bottom,host,330,240,90,0,0.00,
1,15,bottom,other,390.028,241.046,267,0,0.00,
1,16,bottom,host,340,240,90,0,0.00,
1,16,bottom,other,380.369,243.634,255,0,0.00,
1,17,bottom,host,350,240,90,0,0.00,
1,17,bottom,other,371.306,247.86,245,0,0.00,
1,18,bottom,host,360,240,90,0,0.00,
1,18,bottom,other,362.243,252.086,245,0,0.00,
1,19,bottom,host,370,240,90,0,0.00,
1,19,bottom,other,362.243,252.086,261,0,0.00,
1,20,bottom,host,380,240,90,0,0.00,
1,20,bottom,other,362.243,252.086,261,0,0.00,
1,21,bottom,host,390,240,90,0,0.00,
1,21,bottom,other,362.243,252.086,261,0,0.00,
1,22,bottom,host,387.244,230.387,344,0,0.00,
1,22,bottom,other,362.243,252.086,261,0,0.00,
1,23,bottom,host,384.488,220.774,344,0,0.00,
1,23,bottom,other,362.243,252.086,261,0,0.00,
1,24,bottom,host,381.732,211.161,344,0,0.00,
1,24,bottom,other,362.243,252.086,261,0,0.00,
1,25,bottom,host,379.824,220.977,191,0,0.00,
1,25,bottom,other,362.243,252.086,261,0,0.00,
1,26,bottom,host,377.916,230.793,191,0,0.00,
1,26,bottom,other,362.243,252.086,261,0,0.00,
1,27,bottom,host,376.008,240.609,191,0,0.00,
1,27,bottom,other,367.243,243.426,30,0,0.00,
1,28,bottom,host,374.1,250.425,191,0,0.00,
1,28,bottom,other,370.989,234.154,22,0,0.00,
1,29,bottom,host,372.192,260.241,191,0,0.00,
1,29,bottom,other,374.735,224.882,22,0,0.00,
1,30,bottom,host,370.284,270.057,191,0,0.00,
1,30,bottom,other,378.481,215.61,22,0,0.00,
1,31,bottom,host,368.376,279.873,191,0,0.00,
1,31,bottom,other,382.227,206.338,22,0,0.00,
1,32,bottom,host,366.468,289.689,191,0,0.00,
1,32,bottom,other,385.973,197.066,22,0,0.00,
1,33,bottom,host,364.56,299.505,191,0,0.00,
1,33,bottom,other,378.426,190.505,311,0,0.00,
1,34,bottom,host,362.652,309.321,191,0,0.00,
1,34,bottom,other,370.879,183.944,311,0,0.00,
1,35,bottom,host,360.744,319.137,191,0,0.00,
1,35,bottom,other,368.8,174.163,348,0,0.00,
1,36,bottom,host,358.836,328.953,191,0,0.00,
1,36,bottom,other,366.721,164.382,348,0,0.00,
1,37,bottom,host,356.928,338.769,191,0,0.00,
1,37,bottom,other,365.329,154.479,352,0,0.00,
1,38,bottom,host,355.02,348.585,191,4,0.00,
1,38,bottom,other,364.631,144.503,356,1,0.00,
1,39,bottom,host,355.02,348.585,191,4,0.00,
1,39,bottom,other,364.631,144.503,356,1,0.00,
1,40,bottom,host,355.02,348.585,191,4,0.00,
1,40,bottom,other,364.631,144.503,356,1,0.00,
2,1,top,host,190,240,90,4,0.00,
2,1,top,other,532.229,233.707,309,1,0.00,
2,2,top,host,200,240,90,4,0.00,
2,2,top,other,524.458,227.414,309,1,0.00,
2,3,top,host,210,240,90,4,0.00,
2,3,top,other,515.886,222.264,301,1,0.00,
2,4,top,host,220,240,90,4,0.00,
2,4,top,other,507.596,216.672,304,1,0.00,
2,5,top,host,230,240,90,4,0.00,
2,5,top,other,499.306,211.08,304,1,0.00,
2,6,top,host,237.431,233.309,48,4,0.00,
2,6,top,other,491.016,205.488,304,1,0.00,
2,7,top,host,244.862,226.618,48,4,0.00,
2,7,top,other,482.726,199.896,304,1,0.00,
2,8,top,host,252.293,219.927,48,4,0.00,
2,8,top,other,474.339,194.45,303,1,0.00,
2,9,top,host,259.724,213.236,48,4,0.00,
2,9,top,other,465.952,189.004,303,1,0.00,
2,10,top,host,267.155,206.545,48,4,0.00,
2,10,top,other,457.565,183.558,303,1,0.00,
2,11,top,host,274.586,199.854,48,4,0.00,
2,11,top,other,449.178,178.112,303,1,0.00,
2,12,top,host,282.017,193.163,48,4,0.00,
2,12,top,other,440.791,172.666,303,1,0.00,
2,13,top,host,289.448,186.472,48,4,0.00,
2,13,top,other,432.404,167.22,303,1,0.00,
2,14,top,host,296.879,179.781,48,4,0.00,
2,14,top,other,424.017,161.774,303,1,0.00,
2,15,top,host,304.865,173.763,53,4,0.00,
2,15,top,other,415.63,156.328,303,1,0.00,
2,16,top,host,312.851,167.745,53,4,0.00,
2,16,top,other,407.34,150.736,304,1,0.00,
2,17,top,host,320.837,161.727,53,4,0.00,
2,17,top,other,399.05,145.144,304,1,0.00,
2,18,top,host,328.823,155.709,53,4,0.00,
2,18,top,other,390.76,139.552,304,1,0.00,
2,19,top,host,338.22,152.289,70,4,0.00,
2,19,top,other,382.47,133.96,304,1,0.00,
2,20,top,host,347.617,148.869,70,4,0.00,
2,20,top,other,374.18,128.368,304,1,0.00,
2,21,top,host,353.209,140.579,34,4,0.00,
2,21,top,other,374.18,128.368,304,1,0.00,
2,22,top,host,358.801,132.289,34,4,0.00,
2,22,top,other,374.18,128.368,304,1,0.00,
3,1,bottom,host,190,240,90,4,0.00,
3,1,bottom,other,530,240,270,1,0.00,
3,2,bottom,host,200,240,90,4,0.00,
3,2,bottom,other,520,240,270,1,0.00,
3,3,bottom,host,210,240,90,4,0.00,
3,3,bottom,other,510,240,270,1,0.00,
3,4,bottom,host,220,240,90,4,0.00,
3,4,bottom,other,500,240,270,1,0.00,
3,5,bottom,host,230,240,90,4,0.00,
3,5,bottom,other,490,240,270,1,0.00,
3,6,bottom,host,237.66,246.428,130,4,0.00,
3,6,bottom,other,480,240,270,1,0.00,
3,7,bottom,host,245.32,252.856,130,4,0.00,
3,7,bottom,other,470,240,270,1,0.00,
3,8,bottom,host,252.98,259.284,130,4,0.00,
3,8,bottom,other,460,240,270,1,0.00,
3,9,bottom,host,260.64,265.712,130,4,0.00,
3,9,bottom,other,453.439,247.547,221,1,0.00,
3,10,bottom,host,268.3,272.14,130,4,0.00,
3,10,bottom,other,447.282,255.427,218,1,0.00,
3,11,bottom,host,275.96,278.568,130,4,0.00,
3,11,bottom,other,441.125,263.307,218,1,0.00,
3,12,bottom,host,283.62,284.996,130,4,0.00,
3,12,bottom,other,434.178,270.5,224,1,0.00,
3,13,bottom,host,291.28,291.424,130,4,0.00,
3,13,bottom,other,426.747,277.191,228,1,0.00,
3,14,bottom,host,298.94,297.852,130,4,0.00,
3,14,bottom,other,419.316,283.882,228,1,0.00,
3,15,bottom,host,306.6,304.28,130,4,0.00,
3,15,bottom,other,411.885,290.573,228,1,0.00,
3,16,bottom,host,314.26,310.708,130,4,0.00,
3,16,bottom,other,404.454,297.264,228,1,0.00,
3,17,bottom,host,321.92,317.136,130,4,0.00,
3,17,bottom,other,397.023,303.955,228,1,0.00,
3,18,bottom,host,329.58,323.564,130,4,0.00,
3,18,bottom,other,389.592,310.646,228,1,0.00,
3,19,bottom,host,337.24,329.992,130,4,0.00,
3,19,bottom,other,382.161,317.337,228,1,0.00,
3,20,bottom,host,344.9,336.42,130,4,0.00,
3,20,bottom,other,374.73,324.028,228,1,0.00,
3,21,bottom,host,352.56,342.848,130,4,0.00,
3,21,bottom,other,372.651,333.809,192,1,0.00,
3,22,bottom,host,360.22,349.276,130,4,0.00,
3,22,bottom,other,370.572,343.59,192,1,0.00,
3,23,bottom,host,360.22,349.276,130,4,0.00,
3,23,bottom,other,370.572,343.59,192,1,0.00,
3,24,bottom,host,360.22,349.276,130,4,0.00,
3,24,bottom,other,370.572,343.59,192,1,0.00,
4,1,top,host,190,240,90,4,0.00,
4,1,top,other,530,240,270,1,0.00,
4,2,top,host,200,240,90,4,0.00,
4,2,top,other,521.71,234.408,304,1,0.00,
4,3,top,host,210,240,90,4,0.00,
4,3,top,other,513.42,228.816,304,1,0.00,
4,4,top,host,220,240,90,4,0.00,
4,4,top,other,505.13,223.224,304,1,0.00,
4,5,top,host,230,240,90,4,0.00,
4,5,top,other,497.04,217.346,306,1,0.00,
4,6,top,host,240,240,90,4,0.00,
4,6,top,other,488.95,211.468,306,1,0.00,
4,7,top,host,247.071,232.929,45,4,0.00,
4,7,top,other,480.86,205.59,306,1,0.00,
4,8,top,host,254.142,225.858,45,4,0.00,
4,8,top,other,472.77,199.712,306,1,0.00,
4,9,top,host,260.703,233.405,139,4,0.00,
4,9,top,other,464.68,193.834,306,1,0.00,
4,10,top,host,267.264,240.952,139,4,0.00,
4,10,top,other,456.59,187.956,306,1,0.00,
4,11,top,host,273.825,248.499,139,4,0.00,
4,11,top,other,448.5,182.078,306,1,0.00,
4,12,top,host,280.386,256.046,139,4,0.00,
4,12,top,other,440.41,176.2,306,1,0.00,
4,13,top,host,286.947,263.593,139,4,0.00,
4,13,top,other,432.32,170.322,306,1,0.00,
4,14,top,host,293.508,271.14,139,4,0.00,
4,14,top,other,424.23,164.444,306,1,0.00,
4,15,top,host,300.069,278.687,139,4,0.00,
4,15,top,other,416.14,158.566,306,1,0.00,
4,16,top,host,306.63,286.234,139,4,0.00,
4,16,top,other,408.05,152.688,306,1,0.00,
4,17,top,host,313.191,293.781,139,4,0.00,
4,17,top,other,399.96,146.81,306,1,0.00,
4,18,top,host,319.752,301.328,139,4,0.00,
4,18,top,other,391.87,140.932,306,1,0.00,
4,19,top,host,326.313,308.875,139,4,0.00,
4,19,top,other,383.78,135.054,306,1,0.00,
4,20,top,host,332.874,316.422,139,4,0.00,
4,20,top,other,375.69,129.176,306,1,0.00,
4,21,top,host,339.435,323.969,139,5,0.00,
4,21,top,other,367.6,123.298,306,5,0.00,
4,22,top,host,339.435,323.969,139,5,0.00,
4,22,top,other,367.6,123.298,306,5,0.00,
4,23,top,host,339.435,323.969,139,5,0.00,
4,23,top,other,367.6,123.298,306,5,0.00,
5,1,bottom,host,190,240,90,5,0.00,
5,1,bottom,other,530,240,270,5,0.00,
5,2,bottom,host,198.29,245.592,124,5,0.00,
5,2,bottom,other,520,240,270,5,0.00,
5,3,bottom,host,206.58,251.184,124,5,0.00,
5,3,bottom,other,511.808,245.736,235,5,0.00,
5,4,bottom,host,214.87,256.776,124,5,0.00,
5,4,bottom,other,503.616,251.472,235,5,0.00,
5,5,bottom,host,223.16,262.368,124,5,0.00,
5,5,bottom,other,495.424,257.208,235,5,0.00,
5,6,bottom,host,231.45,267.96,124,5,0.00,
5,6,bottom,other,487.232,262.944,235,5,0.00,
5,7,bottom,host,239.74,273.552,124,5,0.00,
5,7,bottom,other,479.04,268.68,235,5,0.00,
5,8,bottom,host,248.03,279.144,124,5,0.00,
5,8,bottom,other,470.848,274.416,235,5,0.00,
5,9,bottom,host,256.32,284.736,124,5,0.00,
5,9,bottom,other,462.656,280.152,235,5,0.00,
5,10,bottom,host,264.61,290.328,124,5,0.00,
5,10,bottom,other,454.464,285.888,235,5,0.00,
5,11,bottom,host,272.9,295.92,124,5,0.00,
5,11,bottom,other,446.272,291.624,235,5,0.00,
5,12,bottom,host,281.19,301.512,124,5,0.00,
5,12,bottom,other,438.392,297.781,232,5,0.00,
5,13,bottom,host,289.48,307.104,124,5,0.00,
5,13,bottom,other,430.512,303.938,232,5,0.00,
5,14,bottom,host,297.77,312.696,124,5,0.00,
5,14,bottom,other,422.632,310.095,232,5,0.00,
5,15,bottom,host,306.06,318.288,124,5,0.00,
5,15,bottom,other,414.752,316.252,232,5,0.00,
5,16,bottom,host,314.35,323.88,124,5,0.00,
5,16,bottom,other,406.872,322.409,232,5,0.00,
5,17,bottom,host,322.64,329.472,124,5,0.00,
5,17,bottom,other,398.992,328.566,232,5,0.00,
5,18,bottom,host,330.93,335.064,124,5,0.00,
5,18,bottom,other,391.112,334.723,232,5,0.00,
5,19,bottom,host,339.22,340.656,124,5,0.00,
5,19,bottom,other,383.232,340.88,232,5,0.00,
5,20,bottom,host,347.51,346.248,124,5,0.00,
5,20,bottom,other,375.352,347.037,232,5,0.00,
5,21,bottom,host,355.8,351.84,124,5,0.00,
5,21,bottom,other,367.472,353.194,232,5,0.00,
5,22,bottom,host,355.8,351.84,124,5,0.00,
5,22,bottom,other,367.472,353.194,232,5,0.00,
5,23,bottom,host,355.8,351.84,124,5,0.00,
5,23,bottom,other,367.472,353.194,232,5,0.00,
6,1,top,host,190,240,90,5,0.00,
6,1,top,other,530,240,270,5,0.00,
6,2,top,host,200,240,90,5,0.00,
6,2,top,other,520,240,270,5,0.00,
6,3,top,host,208.09,234.122,54,5,0.00,
6,3,top,other,511.808,234.264,305,5,0.00,
6,4,top,host,216.18,228.244,54,5,0.00,
6,4,top,other,503.616,228.528,305,5,0.00,
6,5,top,host,224.27,222.366,54,5,0.00,
6,5,top,other,495.424,222.792,305,5,0.00,
6,6,top,host,232.36,216.488,54,5,0.00,
6,6,top,other,487.232,217.056,305,5,0.00,
6,7,top,host,239.307,223.681,136,5,0.00,
6,7,top,other,479.04,211.32,305,5,0.00,
6,8,top,host,246.254,230.874,136,5,0.00,
6,8,top,other,470.848,205.584,305,5,0.00,
6,9,top,host,253.201,238.067,136,5,0.00,
6,9,top,other,462.656,199.848,305,5,0.00,
6,10,top,host,260.148,245.26,136,5,0.00,
6,10,top,other,454.464,194.112,305,5,0.00,
6,11,top,host,267.095,252.453,136,5,0.00,
6,11,top,other,446.272,188.376,305,5,0.00,
6,12,top,host,274.042,259.646,136,5,0.00,
6,12,top,other,438.08,182.64,305,5,0.00,
6,13,top,host,280.989,266.839,136,5,0.00,
6,13,top,other,429.888,176.904,305,5,0.00,
6,14,top,host,287.936,274.032,136,5,0.00,
6,14,top,other,421.696,171.168,305,5,0.00,
6,15,top,host,294.883,281.225,136,5,0.00,
6,15,top,other,413.504,165.432,305,5,0.00,
6,16,top,host,301.83,288.418,136,5,0.00,
6,16,top,other,405.312,159.696,305,5,0.00,
6,17,top,host,308.777,295.611,136,5,0.00,
6,17,top,other,397.12,153.96,305,5,0.00,
6,18,top,host,315.724,302.804,136,5,0.00,
6,18,top,other,388.928,148.224,305,5,0.00,
6,19,top,host,322.671,309.997,136,5,0.00,
6,19,top,other,380.736,142.488,305,5,0.00,
6,20,top,host,329.618,317.19,136,5,0.00,
6,20,top,other,372.544,136.752,305,5,0.00,
6,21,top,host,336.565,324.383,136,6,0.00,
6,21,top,other,364.352,131.016,305,9,0.00,
6,22,top,host,336.565,324.383,136,6,0.00,
6,22,top,other,364.352,131.016,305,9,0.00,
6,23,top,host,336.565,324.383,136,6,0.00,
6,23,top,other,364.352,131.016,305,9,0.00,
7,1,top,host,190,240,90,6,0.00,
7,1,top,other,530,240,270,9,0.00,
7,2,top,host,200,240,90,6,0.00,
7,2,top,other,521.808,234.264,305,9,0.00,
7,3,top,host,207.986,233.982,53,6,0.00,
7,3,top,other,513.616,228.528,305,9,0.00,
7,4,top,host,215.972,227.964,53,6,0.00,
7,4,top,other,505.424,222.792,305,9,0.00,
7,5,top,host,223.958,221.946,53,6,0.00,
7,5,top,other,497.232,217.056,305,9,0.00,
7,6,top,host,231.944,215.928,53,6,0.00,
7,6,top,other,489.04,211.32,305,9,0.00,
7,7,top,host,238.764,223.242,137,6,0.00,
7,7,top,other,482.093,218.513,224,9,0.00,
7,8,top,host,245.584,230.556,137,6,0.00,
7,8,top,other,475.146,225.706,224,9,0.00,
7,9,top,host,252.404,237.87,137,6,0.00,
7,9,top,other,468.199,232.899,224,9,0.00,
7,10,top,host,259.224,245.184,137,6,0.00,
7,10,top,other,461.252,240.092,224,9,0.00,
7,11,top,host,266.044,252.498,137,6,0.00,
7,11,top,other,454.824,232.432,320,9,0.00,
7,12,top,host,272.864,259.812,137,6,0.00,
7,12,top,other,448.396,224.772,320,9,0.00,
7,13,top,host,279.684,267.126,137,6,0.00,
7,13,top,other,441.968,217.112,320,9,0.00,
7,14,top,host,286.504,274.44,137,6,0.00,
7,14,top,other,435.54,209.452,320,9,0.00,
7,15,top,host,290.571,265.305,24,6,0.00,
7,15,top,other,429.112,201.792,320,9,0.00,
7,16,top,host,294.638,256.17,24,6,0.00,
7,16,top,other,422.684,194.132,320,9,0.00,
7,17,top,host,298.705,247.035,24,6,0.00,
7,17,top,other,416.256,186.472,320,9,0.00,
7,18,top,host,305.266,254.582,139,6,0.00,
7,18,top,other,409.828,178.812,320,9,0.00,
7,19,top,host,311.827,262.129,139,6,0.00,
7,19,top,other,403.4,171.152,320,9,0.00,
7,20,top,host,318.388,269.676,139,6,0.00,
7,20,top,other,396.972,163.492,320,9,0.00,
7,21,top,host,324.949,277.223,139,6,0.00,
7,21,top,other,390.544,155.832,320,9,0.00,
7,22,top,host,331.51,284.77,139,6,0.00,
7,22,top,other,384.116,148.172,320,9,0.00,
7,23,top,host,338.071,292.317,139,6,0.00,
7,23,top,other,377.688,140.512,320,9,0.00,
7,24,top,host,344.632,299.864,139,7,0.00,
7,24,top,other,371.26,132.852,320,13,0.00,
7,25,top,host,344.632,299.864,139,7,0.00,
7,25,top,other,371.26,132.852,320,13,0.00,
7,26,top,host,344.632,299.864,139,7,0.00,
7,26,top,other,371.26,132.852,320,13,0.00,
8,1,top,host,190,240,90,7,0.00,
8,1,top,other,530,240,270,13,0.00,
8,2,top,host,200,240,90,7,0.00,
8,2,top,other,520,240,270,13,0.00,
8,3,top,host,208.48,245.299,122,7,0.00,
8,3,top,other,510,240,270,13,0.00,
8,4,top,host,216.96,250.598,122,7,0.00,
8,4,top,other,502.014,233.982,307,13,0.00,
8,5,top,host,225.44,255.897,122,7,0.00,
8,5,top,other,494.028,227.964,307,13,0.00,
8,6,top,host,233.92,261.196,122,7,0.00,
8,6,top,other,486.042,221.946,307,13,0.00,
8,7,top,host,242.4,266.495,122,7,0.00,
8,7,top,other,478.056,215.928,307,13,0.00,
8,8,top,host,250.88,271.794,122,7,0.00,
8,8,top,other,470.07,209.91,307,13,0.00,
8,9,top,host,259.36,277.093,122,7,0.00,
8,9,top,other,462.084,203.892,307,13,0.00,
8,10,top,host,267.84,282.392,122,7,0.00,
8,10,top,other,454.098,197.874,307,13,0.00,
8,11,top,host,276.32,287.691,122,7,0.00,
8,11,top,other,446.112,191.856,307,13,0.00,
8,12,top,host,284.8,292.99,122,7,0.00,
8,12,top,other,438.126,185.838,307,13,0.00,
8,13,top,host,293.28,298.289,122,7,0.00,
8,13,top,other,430.14,179.82,307,13,0.00,
8,14,top,host,301.76,303.588,122,7,0.00,
8,14,top,other,422.154,173.802,307,13,0.00,
8,15,top,host,310.24,308.887,122,7,0.00,
8,15,top,other,414.168,167.784,307,13,0.00,
8,16,top,host,318.72,314.186,122,7,0.00,
8,16,top,other,406.182,161.766,307,13,0.00,
8,17,top,host,327.2,319.485,122,7,0.00,
8,17,top,other,398.196,155.748,307,13,0.00,
8,18,top,host,335.68,324.784,122,7,0.00,
8,18,top,other,390.21,149.73,307,13,0.00,
8,19,top,host,344.16,330.083,122,7,0.00,
8,19,top,other,382.224,143.712,307,13,0.00,
8,20,top,host,352.64,335.382,122,7,0.00,
8,20,top,other,374.238,137.694,307,13,0.00,
8,21,top,host,361.12,340.681,122,8,0.00,
8,21,top,other,366.252,131.676,307,17,0.00,
8,22,top,host,361.12,340.681,122,8,0.00,
8,22,top,other,366.252,131.676,307,17,0.00,
8,23,top,host,361.12,340.681,122,8,0.00,
8,23,top,other,366.252,131.676,307,17,0.00,
9,1,top,host,188.48,234.701,58,8,0.00,
9,1,top,other,530,240,270,17,0.00,
9,2,top,host,196.96,229.402,58,8,0.00,
9,2,top,other,521.808,234.264,305,17,0.00,
9,3,top,host,205.44,224.103,58,8,0.00,
9,3,top,other,513.616,228.528,305,17,0.00,
9,4,top,host,213.92,218.804,58,8,0.00,
9,4,top,other,505.424,222.792,305,17,0.00,
9,5,top,host,222.4,213.505,58,8,0.00,
9,5,top,other,497.232,217.056,305,17,0.00,
9,6,top,host,230.88,208.206,58,8,0.00,
9,6,top,other,489.04,211.32,305,17,0.00,
9,7,top,host,237.441,215.753,139,8,0.00,
9,7,top,other,480.848,205.584,305,17,0.00,
9,8,top,host,244.002,223.3,139,8,0.00,
9,8,top,other,472.656,199.848,305,17,0.00,
9,9,top,host,253.927,222.081,83,8,0.00,
9,9,top,other,464.464,194.112,305,17,0.00,
9,10,top,host,263.852,220.862,83,8,0.00,
9,10,top,other,456.272,188.376,305,17,0.00,
9,11,top,host,269.151,229.342,148,8,0.00,
9,11,top,other,448.08,182.64,305,17,0.00,
9,12,top,host,274.45,237.822,148,8,0.00,
9,12,top,other,439.888,176.904,305,17,0.00,
9,13,top,host,279.749,246.302,148,8,0.00,
9,13,top,other,431.696,171.168,305,17,0.00,
9,14,top,host,285.048,254.782,148,8,0.00,
9,14,top,other,423.504,165.432,305,17,0.00,
9,15,top,host,290.347,263.262,148,8,0.00,
9,15,top,other,415.312,159.696,305,17,0.00,
9,16,top,host,295.646,271.742,148,8,0.00,
9,16,top,other,407.12,153.96,305,17,0.00,
9,17,top,host,300.945,280.222,148,8,0.00,
9,17,top,other,398.928,148.224,305,17,0.00,
9,18,top,host,306.244,288.702,148,8,0.00,
9,18,top,other,390.736,142.488,305,17,0.00,
9,19,top,host,311.543,297.182,148,8,0.00,
9,19,top,other,382.544,136.752,305,17,0.00,
9,20,top,host,316.842,305.662,148,8,0.00,
9,20,top,other,374.352,131.016,305,17,0.00,
9,21,top,host,322.141,314.142,148,9,0.00,
9,21,top,other,366.16,125.28,305,21,0.00,
9,22,top,host,322.141,314.142,148,9,0.00,
9,22,top,other,366.16,125.28,305,21,0.00,
9,23,top,host,322.141,314.142,148,9,0.00,
9,23,top,other,366.16,125.28,305,21,0.00,
10,1,bottom,host,190,240,90,9,0.00,
10,1,bottom,other,530,240,270,21,0.00,
10,2,bottom,host,200,240,90,9,0.00,
10,2,bottom,other,520,240,270,21,0.00,
10,3,bottom,host,208.192,245.736,125,9,0.00,
10,3,bottom,other,511.91,245.878,234,21,0.00,
10,4,bottom,host,216.384,251.472,125,9,0.00,
10,4,bottom,other,503.82,251.756,234,21,0.00,
10,5,bottom,host,224.576,257.208,125,9,0.00,
10,5,bottom,other,495.73,257.634,234,21,0.00,
10,6,bottom,host,232.768,262.944,125,9,0.00,
10,6,bottom,other,487.64,263.512,234,21,0.00,
10,7,bottom,host,240.082,256.124,47,9,0.00,
10,7,bottom,other,479.55,269.39,234,21,0.00,
10,8,bottom,host,247.396,249.304,47,9,0.00,
10,8,bottom,other,471.46,275.268,234,21,0.00,
10,9,bottom,host,254.71,242.484,47,9,0.00,
10,9,bottom,other,463.37,281.146,234,21,0.00,
10,10,bottom,host,262.024,235.664,47,9,0.00,
10,10,bottom,other,455.28,287.024,234,21,0.00,
10,11,bottom,host,268.715,228.233,42,9,0.00,
10,11,bottom,other,447.19,292.902,234,21,0.00,
10,12,bottom,host,275.406,220.802,42,9,0.00,
10,12,bottom,other,439.1,298.78,234,21,0.00,
10,13,bottom,host,282.097,213.371,42,9,0.00,
10,13,bottom,other,431.01,304.658,234,21,0.00,
10,14,bottom,host,288.658,205.824,41,9,0.00,
10,14,bottom,other,422.92,310.536,234,21,0.00,
10,15,bottom,host,295.219,198.277,41,9,0.00,
10,15,bottom,other,414.83,316.414,234,21,0.00,
10,16,bottom,host,301.78,190.73,41,9,0.00,
10,16,bottom,other,406.74,322.292,234,21,0.00,
10,17,bottom,host,308.341,183.183,41,9,0.00,
10,17,bottom,other,398.65,328.17,234,21,0.00,
10,18,bottom,host,314.902,175.636,41,9,0.00,
10,18,bottom,other,390.56,334.048,234,21,0.00,
10,19,bottom,host,321.463,168.089,41,9,0.00,
10,19,bottom,other,382.47,339.926,234,21,0.00,
10,20,bottom,host,328.024,160.542,41,9,0.00,
10,20,bottom,other,374.38,345.804,234,21,0.00,
10,21,bottom,host,334.585,152.995,41,10,0.00,
10,21,bottom,other,366.29,351.682,234,25,0.00,
10,22,bottom,host,334.585,152.995,41,10,0.00,
10,22,bottom,other,366.29,351.682,234,25,0.00,
10,23,bottom,host,334.585,152.995,41,10,0.00,
10,23,bottom,other,366.29,351.682,234,25,0.00,
11,1,bottom,host,187.986,246.018,127,10,0.00,
11,1,bottom,other,531.71,245.592,236,25,0.00,
11,2,bottom,host,195.972,252.036,127,10,0.00,
11,2,bottom,other,523.42,251.184,236,25,0.00,
11,3,bottom,host,203.958,258.054,127,10,0.00,
11,3,bottom,other,515.13,256.776,236,25,0.00,
11,4,bottom,host,211.944,264.072,127,10,0.00,
11,4,bottom,other,506.84,262.368,236,25,0.00,
11,5,bottom,host,219.93,270.09,127,10,0.00,
11,5,bottom,other,498.55,267.96,236,25,0.00,
11,6,bottom,host,227.916,276.108,127,10,0.00,
11,6,bottom,other,490.26,273.552,236,25,0.00,
11,7,bottom,host,235.902,282.126,127,10,0.00,
11,7,bottom,other,481.97,279.144,236,25,0.00,
11,8,bottom,host,243.888,288.144,127,10,0.00,
11,8,bottom,other,473.68,284.736,236,25,0.00,
11,9,bottom,host,251.874,294.162,127,10,0.00,
11,9,bottom,other,465.39,290.328,236,25,0.00,
11,10,bottom,host,259.86,300.18,127,10,0.00,
11,10,bottom,other,459.798,282.038,326,25,0.00,
11,11,bottom,host,267.846,306.198,127,10,0.00,
11,11,bottom,other,454.206,273.748,326,25,0.00,
11,12,bottom,host,275.832,312.216,127,10,0.00,
11,12,bottom,other,448.614,265.458,326,25,0.00,
11,13,bottom,host,283.818,318.234,127,10,0.00,
11,13,bottom,other,443.022,257.168,326,25,0.00,
11,14,bottom,host,291.804,324.252,127,10,0.00,
11,14,bottom,other,437.43,248.878,326,25,0.00,
11,15,bottom,host,299.79,330.27,127,10,0.00,
11,15,bottom,other,431.838,240.588,326,25,0.00,
11,16,bottom,host,307.776,336.288,127,10,0.00,
11,16,bottom,other,426.246,232.298,326,25,0.00,
11,17,bottom,host,315.762,342.306,127,10,0.00,
11,17,bottom,other,420.654,224.008,326,25,0.00,
11,18,bottom,host,323.748,348.324,127,10,0.00,
11,18,bottom,other,415.062,215.718,326,25,0.00,
11,19,bottom,host,331.734,354.342,127,10,0.00,
11,19,bottom,other,409.47,207.428,326,25,0.00,
11,20,bottom,host,339.72,360.36,127,10,0.00,
11,20,bottom,other,403.878,199.138,326,25,0.00,
11,21,bottom,host,347.706,366.378,127,14,0.00,
11,21,bottom,other,398.286,190.848,326,26,0.00,
11,22,bottom,host,356.911,362.471,67,14,0.00,
11,22,bottom,other,398.286,190.848,326,26,0.00,
11,23,bottom,host,366.116,358.564,67,14,0.00,
11,23,bottom,other,398.286,190.848,326,26,0.00,
12,1,top,host,188.387,234.554,57,14,0.00,
12,1,top,other,530,240,270,26,0.00,
12,2,top,host,196.774,229.108,57,14,0.00,
12,2,top,other,520,240,270,26,0.00,
12,3,top,host,205.161,223.662,57,14,0.00,
12,3,top,other,511.91,234.122,306,26,0.00,
12,4,top,host,213.548,218.216,57,14,0.00,
12,4,top,other,503.82,228.244,306,26,0.00,
12,5,top,host,221.935,212.77,57,14,0.00,
12,5,top,other,495.73,222.366,306,26,0.00,
12,6,top,host,230.322,207.324,57,14,0.00,
12,6,top,other,487.64,216.488,306,26,0.00,
12,7,top,host,238.709,201.878,57,14,0.00,
12,7,top,other,479.55,210.61,306,26,0.00,
12,8,top,host,247.096,196.432,57,14,0.00,
12,8,top,other,471.46,204.732,306,26,0.00,
12,9,top,host,255.483,190.986,57,14,0.00,
12,9,top,other,463.37,198.854,306,26,0.00,
12,10,top,host,263.87,185.54,57,14,0.00,
12,10,top,other,455.28,192.976,306,26,0.00,
12,11,top,host,272.257,180.094,57,14,0.00,
12,11,top,other,447.19,187.098,306,26,0.00,
12,12,top,host,280.644,174.648,57,14,0.00,
12,12,top,other,439.1,181.22,306,26,0.00,
12,13,top,host,289.031,169.202,57,14,0.00,
12,13,top,other,431.01,175.342,306,26,0.00,
12,14,top,host,297.418,163.756,57,14,0.00,
12,14,top,other,422.92,169.464,306,26,0.00,
12,15,top,host,305.805,158.31,57,14,0.00,
12,15,top,other,414.83,163.586,306,26,0.00,
12,16,top,host,314.192,152.864,57,14,0.00,
12,16,top,other,406.74,157.708,306,26,0.00,
12,17,top,host,322.579,147.418,57,14,0.00,
12,17,top,other,404.49,167.452,193,26,0.00,
12,18,top,host,330.966,141.972,57,14,0.00,
12,18,top,other,402.24,177.196,193,26,0.00,
12,19,top,host,339.353,136.526,57,14,0.00,
12,19,top,other,399.99,186.94,193,26,0.00,
12,20,top,host,347.74,131.08,57,18,0.00,
12,20,top,other,397.74,196.684,193,27,0.00,
12,21,top,host,347.74,131.08,57,18,0.00,
12,21,top,other,397.74,196.684,193,27,0.00,
12,22,top,host,347.74,131.08,57,18,0.00,
12,22,top,other,397.74,196.684,193,27,0.00,
13,1,top,host,188.29,234.408,56,18,0.00,
13,1,top,other,530,240,270,27,0.00,
13,2,top,host,196.58,228.816,56,18,0.00,
13,2,top,other,521.808,234.264,305,27,0.00,
13,3,top,host,204.87,223.224,56,18,0.00,
13,3,top,other,513.616,228.528,305,27,0.00,
13,4,top,host,213.16,217.632,56,18,0.00,
13,4,top,other,505.424,222.792,305,27,0.00,
13,5,top,host,221.45,212.04,56,18,0.00,
13,5,top,other,497.232,217.056,305,27,0.00,
13,6,top,host,229.74,206.448,56,18,0.00,
13,6,top,other,489.04,211.32,305,27,0.00,
13,7,top,host,238.03,200.856,56,18,0.00,
13,7,top,other,480.848,205.584,305,27,0.00,
13,8,top,host,246.32,195.264,56,18,0.00,
13,8,top,other,472.656,199.848,305,27,0.00,
13,9,top,host,254.61,189.672,56,18,0.00,
13,9,top,other,464.464,194.112,305,27,0.00,
13,10,top,host,262.9,184.08,56,18,0.00,
13,10,top,other,456.272,188.376,305,27,0.00,
13,11,top,host,271.19,178.488,56,18,0.00,
13,11,top,other,448.08,182.64,305,27,0.00,
13,12,top,host,279.48,172.896,56,18,0.00,
13,12,top,other,439.888,176.904,305,27,0.00,
13,13,top,host,287.77,167.304,56,18,0.00,
13,13,top,other,431.696,171.168,305,27,0.00,
13,14,top,host,296.06,161.712,56,18,0.00,
13,14,top,other,423.504,165.432,305,27,0.00,
13,15,top,host,304.35,156.12,56,18,0.00,
13,15,top,other,415.312,159.696,305,27,0.00,
13,16,top,host,312.64,150.528,56,18,0.00,
13,16,top,other,407.12,153.96,305,27,0.00,
13,17,top,host,320.93,144.936,56,18,0.00,
13,17,top,other,398.928,148.224,305,27,0.00,
13,18,top,host,329.22,139.344,56,18,0.00,
13,18,top,other,390.736,142.488,305,27,0.00,
13,19,top,host,337.51,133.752,56,18,0.00,
13,19,top,other,382.544,136.752,305,27,0.00,
13,20,top,host,345.8,128.16,56,18,0.00,
13,20,top,other,374.352,131.016,305,27,0.00,
13,21,top,host,345.8,128.16,56,18,0.00,
13,21,top,other,374.352,131.016,305,27,0.00,
13,22,top,host,345.8,128.16,56,18,0.00,
13,22,top,other,374.352,131.016,305,27,0.00,
14,1,top,host,190,240,90,18,0.00,
14,1,top,other,531.71,234.408,304,27,0.00,
14,2,top,host,200,240,90,18,0.00,
14,2,top,other,523.42,228.816,304,27,0.00,
14,3,top,host,210,240,90,18,0.00,
14,3,top,other,515.13,223.224,304,27,0.00,
14,4,top,host,220,240,90,18,0.00,
14,4,top,other,506.84,217.632,304,27,0.00,
14,5,top,host,230,240,90,18,0.00,
14,5,top,other,498.55,212.04,304,27,0.00,
14,6,top,host,240,240,90,18,0.00,
14,6,top,other,490.26,206.448,304,27,0.00,
14,7,top,host,250,240,90,18,0.00,
14,7,top,other,481.97,200.856,304,27,0.00,
14,8,top,host,260,240,90,18,0.00,
14,8,top,other,473.68,195.264,304,27,0.00,
14,9,top,host,270,240,90,18,0.00,
14,9,top,other,465.39,189.672,304,27,0.00,
14,10,top,host,280,240,90,18,0.00,
14,10,top,other,457.1,184.08,304,27,0.00,
14,11,top,host,290,240,90,18,0.00,
14,11,top,other,448.81,178.488,304,27,0.00,
14,12,top,host,300,240,90,18,0.00,
14,12,top,other,440.52,172.896,304,27,0.00,
14,13,top,host,310,240,90,18,0.00,
14,13,top,other,432.23,167.304,304,27,0.00,
14,14,top,host,320,240,90,18,0.00,
14,14,top,other,423.94,161.712,304,27,0.00,
14,15,top,host,330,240,90,18,0.00,
14,15,top,other,415.65,156.12,304,27,0.00,
14,16,top,host,340,240,90,18,0.00,
14,16,top,other,407.36,150.528,304,27,0.00,
14,17,top,host,350,240,90,18,0.00,
14,17,top,other,399.07,144.936,304,27,0.00,
14,18,top,host,360,240,90,18,0.00,
14,18,top,other,390.78,139.344,304,27,0.00,
14,19,top,host,370,240,90,18,0.00,
14,19,top,other,382.49,133.752,304,27,0.00,
14,20,top,host,380,240,90,19,0.00,
14,20,top,other,374.2,128.16,304,31,0.00,
14,21,top,host,380,240,90,19,0.00,
14,21,top,other,374.2,128.16,304,31,0.00,
14,22,top,host,380,240,90,19,0.00,
14,22,top,other,374.2,128.16,304,31,0.00,
15,1,bottom,host,188.192,245.736,125,19,0.00,
15,1,bottom,other,530,240,270,31,0.00,
15,2,bottom,host,196.384,251.472,125,19,0.00,
15,2,bottom,other,521.91,245.878,234,31,0.00,
15,3,bottom,host,204.576,257.208,125,19,0.00,
15,3,bottom,other,513.82,251.756,234,31,0.00,
15,4,bottom,host,212.768,262.944,125,19,0.00,
15,4,bottom,other,505.73,257.634,234,31,0.00,
15,5,bottom,host,220.96,268.68,125,19,0.00,
15,5,bottom,other,497.64,263.512,234,31,0.00,
15,6,bottom,host,229.44,273.979,122,19,0.00,
15,6,bottom,other,489.55,269.39,234,31,0.00,
15,7,bottom,host,237.92,279.278,122,19,0.00,
15,7,bottom,other,481.46,275.268,234,31,0.00,
15,8,bottom,host,246.4,284.577,122,19,0.00,
15,8,bottom,other,473.37,281.146,234,31,0.00,
15,9,bottom,host,254.88,289.876,122,19,0.00,
15,9,bottom,other,465.28,287.024,234,31,0.00,
15,10,bottom,host,263.36,295.175,122,19,0.00,
15,10,bottom,other,457.19,292.902,234,31,0.00,
15,11,bottom,host,271.84,300.474,122,19,0.00,
15,11,bottom,other,449.1,298.78,234,31,0.00,
15,12,bottom,host,280.32,305.773,122,19,0.00,
15,12,bottom,other,441.01,304.658,234,31,0.00,
15,13,bottom,host,288.8,311.072,122,19,0.00,
15,13,bottom,other,432.92,310.536,234,31,0.00,
15,14,bottom,host,297.28,316.371,122,19,0.00,
15,14,bottom,other,424.83,316.414,234,31,0.00,
15,15,bottom,host,305.76,321.67,122,19,0.00,
15,15,bottom,other,416.74,322.292,234,31,0.00,
15,16,bottom,host,314.24,326.969,122,19,0.00,
15,16,bottom,other,408.65,328.17,234,31,0.00,
15,17,bottom,host,322.72,332.268,122,19,0.00,
15,17,bottom,other,400.56,334.048,234,31,0.00,
15,18,bottom,host,331.2,337.567,122,19,0.00,
15,18,bottom,other,392.47,339.926,234,31,0.00,
15,19,bottom,host,339.68,342.866,122,19,0.00,
15,19,bottom,other,384.38,345.804,234,31,0.00,
15,20,bottom,host,348.16,348.165,122,19,0.00,
15,20,bottom,other,376.29,351.682,234,31,0.00,
15,21,bottom,host,348.16,348.165,122,19,0.00,
15,21,bottom,other,376.29,351.682,234,31,0.00,
15,22,bottom,host,348.16,348.165,122,19,0.00,
15,22,bottom,other,376.29,351.682,234,31,0.00,
16,1,top,host,190,240,90,19,0.00,
16,1,top,other,530,240,270,31,0.00,
16,2,top,host,200,240,90,19,0.00,
16,2,top,other,521.808,234.264,305,31,0.00,
16,3,top,host,210,240,90,19,0.00,
16,3,top,other,513.616,228.528,305,31,0.00,
16,4,top,host,220,240,90,19,0.00,
16,4,top,other,505.424,222.792,305,31,0.00,
16,5,top,host,230,240,90,19,0.00,
16,5,top,other,497.232,217.056,305,31,0.00,
16,6,top,host,240,240,90,19,0.00,
16,6,top,other,489.04,211.32,305,31,0.00,
16,7,top,host,250,240,90,19,0.00,
16,7,top,other,480.848,205.584,305,31,0.00,
16,8,top,host,256.82,232.686,43,19,0.00,
16,8,top,other,472.656,199.848,305,31,0.00,
16,9,top,host,263.64,225.372,43,19,0.00,
16,9,top,other,464.464,194.112,305,31,0.00,
16,10,top,host,272.912,229.118,112,19,0.00,
16,10,top,other,456.272,188.376,305,31,0.00,
16,11,top,host,282.184,232.864,112,19,0.00,
16,11,top,other,448.08,182.64,305,31,0.00,
16,12,top,host,291.456,236.61,112,19,0.00,
16,12,top,other,439.888,176.904,305,31,0.00,
16,13,top,host,296.902,244.997,147,19,0.00,
16,13,top,other,431.696,171.168,305,31,0.00,
16,14,top,host,302.348,253.384,147,19,0.00,
16,14,top,other,423.504,165.432,305,31,0.00,
16,15,top,host,307.794,261.771,147,19,0.00,
16,15,top,other,415.312,159.696,305,31,0.00,
16,16,top,host,313.24,270.158,147,19,0.00,
16,16,top,other,407.12,153.96,305,31,0.00,
16,17,top,host,318.686,278.545,147,19,0.00,
16,17,top,other,398.928,148.224,305,31,0.00,
16,18,top,host,324.132,286.932,147,19,0.00,
16,18,top,other,390.736,142.488,305,31,0.00,
16,19,top,host,329.578,295.319,147,19,0.00,
16,19,top,other,382.544,136.752,305,31,0.00,
16,20,top,host,335.024,303.706,147,19,0.00,
16,20,top,other,374.352,131.016,305,31,0.00,
16,21,top,host,340.47,312.093,147,20,0.00,
16,21,top,other,366.16,125.28,305,35,0.00,
16,22,top,host,340.47,312.093,147,20,0.00,
16,22,top,other,366.16,125.28,305,35,0.00,
16,23,top,host,340.47,312.093,147,20,0.00,
16,23,top,other,366.16,125.28,305,35,0.00,
17,1,bottom,host,188.387,245.446,123,20,0.00,
17,1,bottom,other,530,240,270,35,0.00,
17,2,bottom,host,196.774,250.892,123,20,0.00,
17,2,bottom,other,521.91,245.878,234,35,0.00,
17,3,bottom,host,205.161,256.338,123,20,0.00,
17,3,bottom,other,513.82,251.756,234,35,0.00,
17,4,bottom,host,213.548,261.784,123,20,0.00,
17,4,bottom,other,505.73,257.634,234,35,0.00,
17,5,bottom,host,221.935,267.23,123,20,0.00,
17,5,bottom,other,497.64,263.512,234,35,0.00,
17,6,bottom,host,230.322,272.676,123,20,0.00,
17,6,bottom,other,489.55,269.39,234,35,0.00,
17,7,bottom,host,238.709,278.122,123,20,0.00,
17,7,bottom,other,482.73,262.076,317,35,0.00,
17,8,bottom,host,247.096,283.568,123,20,0.00,
17,8,bottom,other,475.91,254.762,317,35,0.00,
17,9,bottom,host,255.483,289.014,123,20,0.00,
17,9,bottom,other,469.09,247.448,317,35,0.00,
17,10,bottom,host,263.87,294.46,123,20,0.00,
17,10,bottom,other,462.27,240.134,317,35,0.00,
17,11,bottom,host,272.257,299.906,123,20,0.00,
17,11,bottom,other,455.45,232.82,317,35,0.00,
17,12,bottom,host,280.644,305.352,123,20,0.00,
17,12,bottom,other,448.63,225.506,317,35,0.00,
17,13,bottom,host,289.031,310.798,123,20,0.00,
17,13,bottom,other,441.81,218.192,317,35,0.00,
17,14,bottom,host,297.418,316.244,123,20,0.00,
17,14,bottom,other,434.99,210.878,317,35,0.00,
17,15,bottom,host,305.805,321.69,123,20,0.00,
17,15,bottom,other,428.17,203.564,317,35,0.00,
17,16,bottom,host,314.192,327.136,123,20,0.00,
17,16,bottom,other,421.35,196.25,317,35,0.00,
17,17,bottom,host,322.579,332.582,123,20,0.00,
17,17,bottom,other,414.53,188.936,317,35,0.00,
17,18,bottom,host,330.966,338.028,123,20,0.00,
17,18,bottom,other,407.71,181.622,317,35,0.00,
17,19,bottom,host,339.353,343.474,123,20,0.00,
17,19,bottom,other,400.89,174.308,317,35,0.00,
17,20,bottom,host,347.74,348.92,123,24,0.00,
17,20,bottom,other,394.07,166.994,317,36,0.00,
17,21,bottom,host,347.74,348.92,123,24,0.00,
17,21,bottom,other,394.07,166.994,317,36,0.00,
17,22,bottom,host,347.74,348.92,123,24,0.00,
17,22,bottom,other,394.07,166.994,317,36,0.00,
18,1,bottom,host,190,240,90,24,0.00,
18,1,bottom,other,530,240,270,36,0.00,
18,2,bottom,host,200,240,90,24,0.00,
18,2,bottom,other,521.71,245.592,236,36,0.00,
18,3,bottom,host,210,240,90,24,0.00,
18,3,bottom,other,513.42,251.184,236,36,0.00,
18,4,bottom,host,220,240,90,24,0.00,
18,4,bottom,other,505.13,256.776,236,36,0.00,
18,5,bottom,host,230,240,90,24,0.00,
18,5,bottom,other,496.84,262.368,236,36,0.00,
18,6,bottom,host,240,240,90,24,0.00,
18,6,bottom,other,488.55,267.96,236,36,0.00,
18,7,bottom,host,250,240,90,24,0.00,
18,7,bottom,other,480.26,273.552,236,36,0.00,
18,8,bottom,host,260,240,90,24,0.00,
18,8,bottom,other,471.97,279.144,236,36,0.00,
18,9,bottom,host,270,240,90,24,0.00,
18,9,bottom,other,463.68,284.736,236,36,0.00,
18,10,bottom,host,280,240,90,24,0.00,
18,10,bottom,other,455.39,290.328,236,36,0.00,
18,11,bottom,host,290,240,90,24,0.00,
18,11,bottom,other,447.1,295.92,236,36,0.00,
18,12,bottom,host,300,240,90,24,0.00,
18,12,bottom,other,438.81,301.512,236,36,0.00,
18,13,bottom,host,310,240,90,24,0.00,
18,13,bottom,other,430.52,307.104,236,36,0.00,
18,14,bottom,host,320,240,90,24,0.00,
18,14,bottom,other,422.23,312.696,236,36,0.00,
18,15,bottom,host,330,240,90,24,0.00,
18,15,bottom,other,413.94,318.288,236,36,0.00,
18,16,bottom,host,340,240,90,24,0.00,
18,16,bottom,other,405.65,323.88,236,36,0.00,
18,17,bottom,host,350,240,90,24,0.00,
18,17,bottom,other,397.36,329.472,236,36,0.00,
18,18,bottom,host,360,240,90,24,0.00,
18,18,bottom,other,389.07,335.064,236,36,0.00,
18,19,bottom,host,370,240,90,24,0.00,
18,19,bottom,other,380.78,340.656,236,36,0.00,
18,20,bottom,host,380,240,90,24,0.00,
18,20,bottom,other,372.49,346.248,236,36,0.00,
18,21,bottom,host,390,240,90,25,0.00,
18,21,bottom,other,364.2,351.84,236,40,0.00,
18,22,bottom,host,387.244,230.387,344,25,0.00,
18,22,bottom,other,364.2,351.84,236,40,0.00,
18,23,bottom,host,384.488,220.774,344,25,0.00,
18,23,bottom,other,364.2,351.84,236,40,0.00,
19,1,top,host,190,240,90,25,0.00,
19,1,top,other,531.71,234.408,304,40,0.00,
19,2,top,host,200,240,90,25,0.00,
19,2,top,other,523.42,228.816,304,40,0.00,
19,3,top,host,208.29,234.408,56,25,0.00,
19,3,top,other,515.13,223.224,304,40,0.00,
19,4,top,host,216.58,228.816,56,25,0.00,
19,4,top,other,506.84,217.632,304,40,0.00,
19,5,top,host,224.87,223.224,56,25,0.00,
19,5,top,other,498.55,212.04,304,40,0.00,
19,6,top,host,234.005,219.157,66,25,0.00,
19,6,top,other,490.26,206.448,304,40,0.00,
19,7,top,host,243.14,215.09,66,25,0.00,
19,7,top,other,481.97,200.856,304,40,0.00,
19,8,top,host,250.8,208.662,50,25,0.00,
19,8,top,other,473.68,195.264,304,40,0.00,
19,9,top,host,258.46,202.234,50,25,0.00,
19,9,top,other,465.39,189.672,304,40,0.00,
19,10,top,host,266.12,195.806,50,25,0.00,
19,10,top,other,457.1,184.08,304,40,0.00,
19,11,top,host,274.21,189.928,54,25,0.00,
19,11,top,other,448.81,178.488,304,40,0.00,
19,12,top,host,282.3,184.05,54,25,0.00,
19,12,top,other,440.52,172.896,304,40,0.00,
19,13,top,host,290.39,178.172,54,25,0.00,
19,13,top,other,432.23,167.304,304,40,0.00,
19,14,top,host,298.48,172.294,54,25,0.00,
19,14,top,other,423.94,161.712,304,40,0.00,
19,15,top,host,306.57,166.416,54,25,0.00,
19,15,top,other,415.65,156.12,304,40,0.00,
19,16,top,host,314.66,160.538,54,25,0.00,
19,16,top,other,407.36,150.528,304,40,0.00,
19,17,top,host,322.75,154.66,54,25,0.00,
19,17,top,other,399.07,144.936,304,40,0.00,
19,18,top,host,330.84,148.782,54,25,0.00,
19,18,top,other,390.78,139.344,304,40,0.00,
19,19,top,host,338.93,142.904,54,25,0.00,
19,19,top,other,382.49,133.752,304,40,0.00,
19,20,top,host,347.02,137.026,54,25,0.00,
19,20,top,other,374.2,128.16,304,40,0.00,
19,21,top,host,347.02,137.026,54,25,0.00,
19,21,top,other,374.2,128.16,304,40,0.00,
19,22,top,host,347.02,137.026,54,25,0.00,
19,22,top,other,374.2,128.16,304,40,0.00,
20,1,top,host,190,240,90,25,0.00,
20,1,top,other,530,240,270,40,0.00,
20,2,top,host,200,240,90,25,0.00,
20,2,top,other,521.71,234.408,304,40,0.00,
20,3,top,host,210,240,90,25,0.00,
20,3,top,other,513.42,228.816,304,40,0.00,
20,4,top,host,220,240,90,25,0.00,
20,4,top,other,505.13,223.224,304,40,0.00,
20,5,top,host,230,240,90,25,0.00,
20,5,top,other,496.84,217.632,304,40,0.00,
20,6,top,host,240,240,90,25,0.00,
20,6,top,other,488.55,212.04,304,40,0.00,
20,7,top,host,250,240,90,25,0.00,
20,7,top,other,480.26,206.448,304,40,0.00,
20,8,top,host,260,240,90,25,0.00,
20,8,top,other,471.97,200.856,304,40,0.00,
20,9,top,host,270,240,90,25,0.00,
20,9,top,other,463.68,195.264,304,40,0.00,
20,10,top,host,280,240,90,25,0.00,
20,10,top,other,455.39,189.672,304,40,0.00,
20,11,top,host,290,240,90,25,0.00,
20,11,top,other,447.1,184.08,304,40,0.00,
20,12,top,host,300,240,90,25,0.00,
20,12,top,other,438.81,178.488,304,40,0.00,
20,13,top,host,310,240,90,25,0.00,
20,13,top,other,430.52,172.896,304,40,0.00,
20,14,top,host,320,240,90,25,0.00,
20,14,top,other,422.23,167.304,304,40,0.00,
20,15,top,host,330,240,90,25,0.00,
20,15,top,other,413.94,161.712,304,40,0.00,
20,16,top,host,340,240,90,25,0.00,
20,16,top,other,405.65,156.12,304,40,0.00,
20,17,top,host,350,240,90,25,0.00,
20,17,top,other,397.36,150.528,304,40,0.00,
20,18,top,host,360,240,90,25,0.00,
20,18,top,other,389.07,144.936,304,40,0.00,
20,19,top,host,370,240,90,25,0.00,
20,19,top,other,380.78,139.344,304,40,0.00,
20,20,top,host,380,240,90,25,0.00,
20,20,top,other,372.49,133.752,304,40,0.00,
20,21,top,host,390,240,90,26,0.00,
20,21,top,other,364.2,128.16,304,44,0.00,
20,22,top,host,390,240,90,26,0.00,
20,22,top,other,364.2,128.16,304,44,0.00,
20,23,top,host,390,240,90,26,0.00,
20,23,top,other,364.2,128.16,304,44,0.00,
21,1,bottom,host,190,240,90,26,0.00,
21,1,bottom,other,530,240,270,44,0.00,
21,2,bottom,host,200,240,90,26,0.00,
21,2,bottom,other,521.613,245.446,237,44,0.00,
21,3,bottom,host,210,240,90,26,0.00,
21,3,bottom,other,513.226,250.892,237,44,0.00,
21,4,bottom,host,220,240,90,26,0.00,
21,4,bottom,other,504.839,256.338,237,44,0.00,
21,5,bottom,host,230,240,90,26,0.00,
21,5,bottom,other,496.452,261.784,237,44,0.00,
21,6,bottom,host,240,240,90,26,0.00,
21,6,bottom,other,488.065,267.23,237,44,0.00,
21,7,bottom,host,250,240,90,26,0.00,
21,7,bottom,other,479.678,272.676,237,44,0.00,
21,8,bottom,host,260,240,90,26,0.00,
21,8,bottom,other,471.291,278.122,237,44,0.00,
21,9,bottom,host,270,240,90,26,0.00,
21,9,bottom,other,462.904,283.568,237,44,0.00,
21,10,bottom,host,280,240,90,26,0.00,
21,10,bottom,other,454.517,289.014,237,44,0.00,
21,11,bottom,host,290,240,90,26,0.00,
21,11,bottom,other,446.13,294.46,237,44,0.00,
21,12,bottom,host,300,240,90,26,0.00,
21,12,bottom,other,437.743,299.906,237,44,0.00,
21,13,bottom,host,310,240,90,26,0.00,
21,13,bottom,other,429.356,305.352,237,44,0.00,
21,14,bottom,host,320,240,90,26,0.00,
21,14,bottom,other,420.969,310.798,237,44,0.00,
21,15,bottom,host,330,240,90,26,0.00,
21,15,bottom,other,412.582,316.244,237,44,0.00,
21,16,bottom,host,340,240,90,26,0.00,
21,16,bottom,other,404.195,321.69,237,44,0.00,
21,17,bottom,host,350,240,90,26,0.00,
21,17,bottom,other,395.808,327.136,237,44,0.00,
21,18,bottom,host,360,240,90,26,0.00,
21,18,bottom,other,387.421,332.582,237,44,0.00,
21,19,bottom,host,370,240,90,26,0.00,
21,19,bottom,other,379.034,338.028,237,44,0.00,
21,20,bottom,host,380,240,90,26,0.00,
21,20,bottom,other,370.647,343.474,237,44,0.00,
21,21,bottom,host,390,240,90,27,0.00,
21,21,bottom,other,362.26,348.92,237,48,0.00,
21,22,bottom,host,388.955,230.055,354,27,0.00,
21,22,bottom,other,362.26,348.92,237,48,0.00,
21,23,bottom,host,387.91,220.11,354,27,0.00,
21,23,bottom,other,362.26,348.92,237,48,0.00,
22,1,bottom,host,188.29,245.592,124,27,0.00,
22,1,bottom,other,530,240,270,48,0.00,
22,2,bottom,host,196.58,251.184,124,27,0.00,
22,2,bottom,other,521.808,245.736,235,48,0.00,
22,3,bottom,host,204.87,256.776,124,27,0.00,
22,3,bottom,other,513.616,251.472,235,48,0.00,
22,4,bottom,host,213.16,262.368,124,27,0.00,
22,4,bottom,other,505.424,257.208,235,48,0.00,
22,5,bottom,host,221.45,267.96,124,27,0.00,
22,5,bottom,other,497.232,262.944,235,48,0.00,
22,6,bottom,host,229.74,273.552,124,27,0.00,
22,6,bottom,other,489.04,268.68,235,48,0.00,
22,7,bottom,host,238.03,279.144,124,27,0.00,
22,7,bottom,other,480.848,274.416,235,48,0.00,
22,8,bottom,host,246.32,284.736,124,27,0.00,
22,8,bottom,other,472.656,280.152,235,48,0.00,
22,9,bottom,host,254.61,290.328,124,27,0.00,
22,9,bottom,other,464.464,285.888,235,48,0.00,
22,10,bottom,host,262.9,295.92,124,27,0.00,
22,10,bottom,other,456.272,291.624,235,48,0.00,
22,11,bottom,host,271.19,301.512,124,27,0.00,
22,11,bottom,other,448.08,297.36,235,48,0.00,
22,12,bottom,host,279.48,307.104,124,27,0.00,
22,12,bottom,other,439.888,303.096,235,48,0.00,
22,13,bottom,host,287.77,312.696,124,27,0.00,
22,13,bottom,other,431.696,308.832,235,48,0.00,
22,14,bottom,host,296.06,318.288,124,27,0.00,
22,14,bottom,other,428.276,299.435,340,48,0.00,
22,15,bottom,host,304.35,323.88,124,27,0.00,
22,15,bottom,other,424.856,290.038,340,48,0.00,
22,16,bottom,host,312.64,329.472,124,27,0.00,
22,16,bottom,other,421.436,280.641,340,48,0.00,
22,17,bottom,host,320.93,335.064,124,27,0.00,
22,17,bottom,other,418.016,271.244,340,48,0.00,
22,18,bottom,host,329.22,340.656,124,27,0.00,
22,18,bottom,other,414.596,261.847,340,48,0.00,
22,19,bottom,host,337.51,346.248,124,27,0.00,
22,19,bottom,other,411.176,252.45,340,48,0.00,
22,20,bottom,host,345.8,351.84,124,31,0.00,
22,20,bottom,other,407.756,243.053,340,49,0.00,
22,21,bottom,host,345.8,351.84,124,31,0.00,
22,21,bottom,other,407.756,243.053,340,49,0.00,
22,22,bottom,host,345.8,351.84,124,31,0.00,
22,22,bottom,other,407.756,243.053,340,49,0.00,
23,1,top,host,190,240,90,31,0.00,
23,1,top,other,531.71,234.408,304,49,0.00,
23,2,top,host,200,240,90,31,0.00,
23,2,top,other,523.42,228.816,304,49,0.00,
23,3,top,host,210,240,90,31,0.00,
23,3,top,other,515.13,223.224,304,49,0.00,
23,4,top,host,220,240,90,31,0.00,
23,4,top,other,506.84,217.632,304,49,0.00,
23,5,top,host,230,240,90,31,0.00,
23,5,top,other,498.55,212.04,304,49,0.00,
23,6,top,host,240,240,90,31,0.00,
23,6,top,other,490.26,206.448,304,49,0.00,
23,7,top,host,250,240,90,31,0.00,
23,7,top,other,481.97,200.856,304,49,0.00,
23,8,top,host,260,240,90,31,0.00,
23,8,top,other,473.68,195.264,304,49,0.00,
23,9,top,host,270,240,90,31,0.00,
23,9,top,other,465.39,189.672,304,49,0.00,
23,10,top,host,280,240,90,31,0.00,
23,10,top,other,457.1,184.08,304,49,0.00,
23,11,top,host,290,240,90,31,0.00,
23,11,top,other,448.81,178.488,304,49,0.00,
23,12,top,host,300,240,90,31,0.00,
23,12,top,other,440.52,172.896,304,49,0.00,
23,13,top,host,310,240,90,31,0.00,
23,13,top,other,432.23,167.304,304,49,0.00,
23,14,top,host,320,240,90,31,0.00,
23,14,top,other,423.94,161.712,304,49,0.00,
23,15,top,host,330,240,90,31,0.00,
23,15,top,other,415.65,156.12,304,49,0.00,
23,16,top,host,340,240,90,31,0.00,
23,16,top,other,407.36,150.528,304,49,0.00,
23,17,top,host,350,240,90,31,0.00,
23,17,top,other,399.07,144.936,304,49,0.00,
23,18,top,host,360,240,90,31,0.00,
23,18,top,other,390.78,139.344,304,49,0.00,
23,19,top,host,370,240,90,31,0.00,
23,19,top,other,382.49,133.752,304,49,0.00,
23,20,top,host,380,240,90,32,0.00,
23,20,top,other,374.2,128.16,304,53,0.00,
23,21,top,host,379.128,249.962,185,32,0.00,
23,21,top,other,374.2,128.16,304,53,0.00,
23,22,top,host,378.256,259.924,185,32,0.00,
23,22,top,other,374.2,128.16,304,53,0.00,
24,1,bottom,host,190,240,90,32,0.00,
24,1,bottom,other,530,240,270,53,0.00,
24,2,bottom,host,198.192,245.736,125,32,0.00,
24,2,bottom,other,520,240,270,53,0.00,
24,3,bottom,host,206.384,251.472,125,32,0.00,
24,3,bottom,other,511.808,245.736,235,53,0.00,
24,4,bottom,host,214.576,257.208,125,32,0.00,
24,4,bottom,other,503.616,251.472,235,53,0.00,
24,5,bottom,host,222.768,262.944,125,32,0.00,
24,5,bottom,other,495.424,257.208,235,53,0.00,
24,6,bottom,host,230.96,268.68,125,32,0.00,
24,6,bottom,other,487.232,262.944,235,53,0.00,
24,7,bottom,host,239.152,274.416,125,32,0.00,
24,7,bottom,other,479.04,268.68,235,53,0.00,
24,8,bottom,host,247.344,280.152,125,32,0.00,
24,8,bottom,other,470.848,274.416,235,53,0.00,
24,9,bottom,host,255.536,285.888,125,32,0.00,
24,9,bottom,other,462.656,280.152,235,53,0.00,
24,10,bottom,host,263.728,291.624,125,32,0.00,
24,10,bottom,other,454.464,285.888,235,53,0.00,
24,11,bottom,host,271.92,297.36,125,32,0.00,
24,11,bottom,other,446.272,291.624,235,53,0.00,
24,12,bottom,host,280.112,303.096,125,32,0.00,
24,12,bottom,other,438.08,297.36,235,53,0.00,
24,13,bottom,host,288.304,308.832,125,32,0.00,
24,13,bottom,other,429.888,303.096,235,53,0.00,
24,14,bottom,host,296.496,314.568,125,32,0.00,
24,14,bottom,other,425.662,294.033,335,53,0.00,
24,15,bottom,host,304.688,320.304,125,32,0.00,
24,15,bottom,other,421.436,284.97,335,53,0.00,
24,16,bottom,host,312.88,326.04,125,32,0.00,
24,16,bottom,other,417.21,275.907,335,53,0.00,
24,17,bottom,host,321.072,331.776,125,32,0.00,
24,17,bottom,other,412.984,266.844,335,53,0.00,
24,18,bottom,host,329.264,337.512,125,32,0.00,
24,18,bottom,other,408.758,257.781,335,53,0.00,
24,19,bottom,host,337.456,343.248,125,32,0.00,
24,19,bottom,other,404.532,248.718,335,53,0.00,
24,20,bottom,host,345.648,348.984,125,32,0.00,
24,20,bottom,other,400.306,239.655,335,53,0.00,
24,21,bottom,host,353.84,354.72,125,36,0.00,
24,21,bottom,other,396.08,230.592,335,54,0.00,
24,22,bottom,host,353.84,354.72,125,36,0.00,
24,22,bottom,other,396.08,230.592,335,54,0.00,
24,23,bottom,host,353.84,354.72,125,36,0.00,
24,23,bottom,other,396.08,230.592,335,54,0.00,
25,1,top,host,190,240,90,36,0.00,
25,1,top,other,530,240,270,54,0.00,
25,2,top,host,200,240,90,36,0.00,
25,2,top,other,521.91,234.122,306,54,0.00,
25,3,top,host,210,240,90,36,0.00,
25,3,top,other,513.82,228.244,306,54,0.00,
25,4,top,host,220,240,90,36,0.00,
25,4,top,other,505.73,222.366,306,54,0.00,
25,5,top,host,230,240,90,36,0.00,
25,5,top,other,497.64,216.488,306,54,0.00,
25,6,top,host,240,240,90,36,0.00,
25,6,top,other,489.55,210.61,306,54,0.00,
25,7,top,host,250,240,90,36,0.00,
25,7,top,other,481.46,204.732,306,54,0.00,
25,8,top,host,260,240,90,36,0.00,
25,8,top,other,473.37,198.854,306,54,0.00,
25,9,top,host,270,240,90,36,0.00,
25,9,top,other,465.178,193.118,305,54,0.00,
25,10,top,host,280,240,90,36,0.00,
25,10,top,other,456.986,187.382,305,54,0.00,
25,11,top,host,290,240,90,36,0.00,
25,11,top,other,448.794,181.646,305,54,0.00,
25,12,top,host,300,240,90,36,0.00,
25,12,top,other,440.602,175.91,305,54,0.00,
25,13,top,host,310,240,90,36,0.00,
25,13,top,other,432.41,170.174,305,54,0.00,
25,14,top,host,320,240,90,36,0.00,
25,14,top,other,424.218,164.438,305,54,0.00,
25,15,top,host,330,240,90,36,0.00,
25,15,top,other,416.026,158.702,305,54,0.00,
25,16,top,host,340,240,90,36,0.00,
25,16,top,other,407.834,152.966,305,54,0.00,
25,17,top,host,350,240,90,36,0.00,
25,17,top,other,399.642,147.23,305,54,0.00,
25,18,top,host,360,240,90,36,0.00,
25,18,top,other,391.45,141.494,305,54,0.00,
25,19,top,host,370,240,90,36,0.00,
25,19,top,other,383.258,135.758,305,54,0.00,
25,20,top,host,380,240,90,36,0.00,
25,20,top,other,375.066,130.022,305,54,0.00,
25,21,top,host,390,240,90,37,0.00,
25,21,top,other,366.874,124.286,305,58,0.00,
25,22,top,host,390,240,90,37,0.00,
25,22,top,other,366.874,124.286,305,58,0.00,
25,23,top,host,390,240,90,37,0.00,
25,23,top,other,366.874,124.286,305,58,0.00,
26,1,bottom,host,190,240,90,37,0.00,
26,1,bottom,other,530,240,270,58,0.00,
26,2,bottom,host,200,240,90,37,0.00,
26,2,bottom,other,521.808,245.736,235,58,0.00,
26,3,bottom,host,210,240,90,37,0.00,
26,3,bottom,other,513.616,251.472,235,58,0.00,
26,4,bottom,host,220,240,90,37,0.00,
26,4,bottom,other,505.424,257.208,235,58,0.00,
26,5,bottom,host,230,240,90,37,0.00,
26,5,bottom,other,497.232,262.944,235,58,0.00,
26,6,bottom,host,240,240,90,37,0.00,
26,6,bottom,other,489.04,268.68,235,58,0.00,
26,7,bottom,host,250,240,90,37,0.00,
26,7,bottom,other,480.848,274.416,235,58,0.00,
26,8,bottom,host,260,240,90,37,0.00,
26,8,bottom,other,472.656,280.152,235,58,0.00,
26,9,bottom,host,270,240,90,37,0.00,
26,9,bottom,other,464.464,285.888,235,58,0.00,
26,10,bottom,host,280,240,90,37,0.00,
26,10,bottom,other,456.272,291.624,235,58,0.00,
26,11,bottom,host,290,240,90,37,0.00,
26,11,bottom,other,448.08,297.36,235,58,0.00,
26,12,bottom,host,300,240,90,37,0.00,
26,12,bottom,other,439.888,303.096,235,58,0.00,
26,13,bottom,host,305.446,231.613,33,37,0.00,
26,13,bottom,other,431.696,308.832,235,58,0.00,
26,14,bottom,host,310.892,223.226,33,37,0.00,
26,14,bottom,other,423.504,314.568,235,58,0.00,
26,15,bottom,host,316.338,214.839,33,37,0.00,
26,15,bottom,other,415.312,320.304,235,58,0.00,
26,16,bottom,host,321.784,206.452,33,37,0.00,
26,16,bottom,other,407.12,326.04,235,58,0.00,
26,17,bottom,host,327.23,198.065,33,37,0.00,
26,17,bottom,other,398.928,331.776,235,58,0.00,
26,18,bottom,host,332.676,189.678,33,37,0.00,
26,18,bottom,other,390.736,337.512,235,58,0.00,
26,19,bottom,host,338.122,181.291,33,37,0.00,
26,19,bottom,other,382.544,343.248,235,58,0.00,
26,20,bottom,host,343.568,172.904,33,37,0.00,
26,20,bottom,other,374.352,348.984,235,58,0.00,
26,21,bottom,host,349.014,164.517,33,38,0.00,
26,21,bottom,other,366.16,354.72,235,62,0.00,
26,22,bottom,host,349.014,164.517,33,38,0.00,
26,22,bottom,other,366.16,354.72,235,62,0.00,
26,23,bottom,host,349.014,164.517,33,38,0.00,
26,23,bottom,other,366.16,354.72,235,62,0.00,
27,1,bottom,host,190,240,90,38,0.00,
27,1,bottom,other,530,240,270,62,0.00,
27,2,bottom,host,200,240,90,38,0.00,
27,2,bottom,other,521.808,245.736,235,62,0.00,
27,3,bottom,host,210,240,90,38,0.00,
27,3,bottom,other,513.616,251.472,235,62,0.00,
27,4,bottom,host,220,240,90,38,0.00,
27,4,bottom,other,505.424,257.208,235,62,0.00,
27,5,bottom,host,230,240,90,38,0.00,
27,5,bottom,other,497.232,262.944,235,62,0.00,
27,6,bottom,host,240,240,90,38,0.00,
27,6,bottom,other,489.04,268.68,235,62,0.00,
27,7,bottom,host,250,240,90,38,0.00,
27,7,bottom,other,480.848,274.416,235,62,0.00,
27,8,bottom,host,260,240,90,38,0.00,
27,8,bottom,other,472.656,280.152,235,62,0.00,
27,9,bottom,host,270,240,90,38,0.00,
27,9,bottom,other,464.464,285.888,235,62,0.00,
27,10,bottom,host,280,240,90,38,0.00,
27,10,bottom,other,456.272,291.624,235,62,0.00,
27,11,bottom,host,290,240,90,38,0.00,
27,11,bottom,other,448.08,297.36,235,62,0.00,
27,12,bottom,host,300,240,90,38,0.00,
27,12,bottom,other,439.888,303.096,235,62,0.00,
27,13,bottom,host,310,240,90,38,0.00,
27,13,bottom,other,431.696,308.832,235,62,0.00,
27,14,bottom,host,320,240,90,38,0.00,
27,14,bottom,other,423.504,314.568,235,62,0.00,
27,15,bottom,host,330,240,90,38,0.00,
27,15,bottom,other,415.312,320.304,235,62,0.00,
27,16,bottom,host,340,240,90,38,0.00,
27,16,bottom,other,407.12,326.04,235,62,0.00,
27,17,bottom,host,350,240,90,38,0.00,
27,17,bottom,other,398.928,331.776,235,62,0.00,
27,18,bottom,host,360,240,90,38,0.00,
27,18,bottom,other,390.736,337.512,235,62,0.00,
27,19,bottom,host,370,240,90,38,0.00,
27,19,bottom,other,382.544,343.248,235,62,0.00,
27,20,bottom,host,380,240,90,38,0.00,
27,20,bottom,other,374.352,348.984,235,62,0.00,
27,21,bottom,host,390,240,90,39,0.00,
27,21,bottom,other,366.16,354.72,235,66,0.00,
27,22,bottom,host,390,240,90,39,0.00,
27,22,bottom,other,366.16,354.72,235,66,0.00,
27,23,bottom,host,390,240,90,39,0.00,
27,23,bottom,other,366.16,354.72,235,66,0.00,
28,1,bottom,host,190,240,90,39,0.00,
28,1,bottom,other,530,240,270,66,0.00,
28,2,bottom,host,200,240,90,39,0.00,
28,2,bottom,other,521.613,245.446,237,66,0.00,
28,3,bottom,host,210,240,90,39,0.00,
28,3,bottom,other,513.226,250.892,237,66,0.00,
28,4,bottom,host,220,240,90,39,0.00,
28,4,bottom,other,504.839,256.338,237,66,0.00,
28,5,bottom,host,230,240,90,39,0.00,
28,5,bottom,other,496.452,261.784,237,66,0.00,
28,6,bottom,host,240,240,90,39,0.00,
28,6,bottom,other,488.065,267.23,237,66,0.00,
28,7,bottom,host,250,240,90,39,0.00,
28,7,bottom,other,479.678,272.676,237,66,0.00,
28,8,bottom,host,260,240,90,39,0.00,
28,8,bottom,other,471.291,278.122,237,66,0.00,
28,9,bottom,host,270,240,90,39,0.00,
28,9,bottom,other,462.904,283.568,237,66,0.00,
28,10,bottom,host,280,240,90,39,0.00,
28,10,bottom,other,454.517,289.014,237,66,0.00,
28,11,bottom,host,290,240,90,39,0.00,
28,11,bottom,other,446.13,294.46,237,66,0.00,
28,12,bottom,host,300,240,90,39,0.00,
28,12,bottom,other,437.743,299.906,237,66,0.00,
28,13,bottom,host,310,240,90,39,0.00,
28,13,bottom,other,429.356,305.352,237,66,0.00,
28,14,bottom,host,320,240,90,39,0.00,
28,14,bottom,other,420.969,310.798,237,66,0.00,
28,15,bottom,host,330,240,90,39,0.00,
28,15,bottom,other,412.582,316.244,237,66,0.00,
28,16,bottom,host,340,240,90,39,0.00,
28,16,bottom,other,404.195,321.69,237,66,0.00,
28,17,bottom,host,350,240,90,39,0.00,
28,17,bottom,other,395.808,327.136,237,66,0.00,
28,18,bottom,host,360,240,90,39,0.00,
28,18,bottom,other,387.421,332.582,237,66,0.00,
28,19,bottom,host,370,240,90,39,0.00,
28,19,bottom,other,379.034,338.028,237,66,0.00,
28,20,bottom,host,380,240,90,39,0.00,
28,20,bottom,other,370.647,343.474,237,66,0.00,
28,21,bottom,host,390,240,90,40,0.00,
28,21,bottom,other,362.26,348.92,237,70,0.00,
28,22,bottom,host,390,240,90,40,0.00,
28,22,bottom,other,362.26,348.92,237,70,0.00,
28,23,bottom,host,390,240,90,40,0.00,
28,23,bottom,other,362.26,348.92,237,70,0.00,
29,1,top,host,190,240,90,40,0.00,
29,1,top,other,530,240,270,70,0.00,
29,2,top,host,200,240,90,40,0.00,
29,2,top,other,520,240,270,70,0.00,
29,3,top,host,210,240,90,40,0.00,
29,3,top,other,511.808,234.264,305,70,0.00,
29,4,top,host,220,240,90,40,0.00,
29,4,top,other,503.616,228.528,305,70,0.00,
29,5,top,host,230,240,90,40,0.00,
29,5,top,other,495.424,222.792,305,70,0.00,
29,6,top,host,240,240,90,40,0.00,
29,6,top,other,487.232,217.056,305,70,0.00,
29,7,top,host,250,240,90,40,0.00,
29,7,top,other,479.04,211.32,305,70,0.00,
29,8,top,host,256.947,247.193,136,40,0.00,
29,8,top,other,470.848,205.584,305,70,0.00,
29,9,top,host,263.894,254.386,136,40,0.00,
29,9,top,other,462.656,199.848,305,70,0.00,
29,10,top,host,270.841,261.579,136,40,0.00,
29,10,top,other,454.464,194.112,305,70,0.00,
29,11,top,host,277.788,268.772,136,40,0.00,
29,11,top,other,446.272,188.376,305,70,0.00,
29,12,top,host,284.735,275.965,136,40,0.00,
29,12,top,other,438.08,182.64,305,70,0.00,
29,13,top,host,291.682,283.158,136,40,0.00,
29,13,top,other,429.888,176.904,305,70,0.00,
29,14,top,host,298.629,290.351,136,40,0.00,
29,14,top,other,421.696,171.168,305,70,0.00,
29,15,top,host,305.576,297.544,136,40,0.00,
29,15,top,other,413.504,165.432,305,70,0.00,
29,16,top,host,312.523,304.737,136,40,0.00,
29,16,top,other,405.312,159.696,305,70,0.00,
29,17,top,host,319.47,311.93,136,40,0.00,
29,17,top,other,397.12,153.96,305,70,0.00,
29,18,top,host,326.417,319.123,136,40,0.00,
29,18,top,other,388.928,148.224,305,70,0.00,
29,19,top,host,333.364,326.316,136,40,0.00,
29,19,top,other,380.736,142.488,305,70,0.00,
29,20,top,host,340.311,333.509,136,40,0.00,
29,20,top,other,372.544,136.752,305,70,0.00,
29,21,top,host,347.258,340.702,136,41,0.00,
29,21,top,other,364.352,131.016,305,74,0.00,
29,22,top,host,347.258,340.702,136,41,0.00,
29,22,top,other,364.352,131.016,305,74,0.00,
29,23,top,host,347.258,340.702,136,41,0.00,
29,23,top,other,364.352,131.016,305,74,0.00,
30,1,bottom,host,190,240,90,41,0.00,
30,1,bottom,other,530,240,270,74,0.00,
30,2,bottom,host,200,240,90,41,0.00,
30,2,bottom,other,521.91,245.878,234,74,0.00,
30,3,bottom,host,210,240,90,41,0.00,
30,3,bottom,other,513.82,251.756,234,74,0.00,
30,4,bottom,host,220,240,90,41,0.00,
30,4,bottom,other,505.73,257.634,234,74,0.00,
30,5,bottom,host,230,240,90,41,0.00,
30,5,bottom,other,497.64,263.512,234,74,0.00,
30,6,bottom,host,240,240,90,41,0.00,
30,6,bottom,other,489.55,269.39,234,74,0.00,
30,7,bottom,host,250,240,90,41,0.00,
30,7,bottom,other,481.46,275.268,234,74,0.00,
30,8,bottom,host,260,240,90,41,0.00,
30,8,bottom,other,473.37,281.146,234,74,0.00,
30,9,bottom,host,270,240,90,41,0.00,
30,9,bottom,other,465.28,287.024,234,74,0.00,
30,10,bottom,host,280,240,90,41,0.00,
30,10,bottom,other,457.19,292.902,234,74,0.00,
30,11,bottom,host,290,240,90,41,0.00,
30,11,bottom,other,449.1,298.78,234,74,0.00,
30,12,bottom,host,300,240,90,41,0.00,
30,12,bottom,other,441.01,304.658,234,74,0.00,
30,13,bottom,host,310,240,90,41,0.00,
30,13,bottom,other,432.92,310.536,234,74,0.00,
30,14,bottom,host,315,248.66,150,41,0.00,
30,14,bottom,other,424.83,316.414,234,74,0.00,
30,15,bottom,host,320,257.32,150,41,0.00,
30,15,bottom,other,416.74,322.292,234,74,0.00,
30,16,bottom,host,325,265.98,150,41,0.00,
30,16,bottom,other,408.65,328.17,234,74,0.00,
30,17,bottom,host,330,274.64,150,41,0.00,
30,17,bottom,other,400.56,334.048,234,74,0.00,
30,18,bottom,host,335,283.3,150,41,0.00,
30,18,bottom,other,392.47,339.926,234,74,0.00,
30,19,bottom,host,340,291.96,150,41,0.00,
30,19,bottom,other,384.38,345.804,234,74,0.00,
30,20,bottom,host,345,300.62,150,41,0.00,
30,20,bottom,other,376.29,351.682,234,74,0.00,
30,21,bottom,host,350,309.28,150,41,0.00,
30,21,bottom,other,368.2,357.56,234,74,0.00,
30,22,bottom,host,350,309.28,150,41,0.00,
30,22,bottom,other,368.2,357.56,234,74,0.00,
30,23,bottom,host,350,309.28,150,41,0.00,
30,23,bottom,other,368.2,357.56,234,74,0.00,
31,1,top,host,190,240,90,41,0.00,
31,1,top,other,530,240,270,74,0.00,
31,2,top,host,200,240,90,41,0.00,
31,2,top,other,521.808,234.264,305,74,0.00,
31,3,top,host,210,240,90,41,0.00,
31,3,top,other,513.616,228.528,305,74,0.00,
31,4,top,host,220,240,90,41,0.00,
31,4,top,other,505.424,222.792,305,74,0.00,
31,5,top,host,230,240,90,41,0.00,
31,5,top,other,497.232,217.056,305,74,0.00,
31,6,top,host,240,240,90,41,0.00,
31,6,top,other,489.04,211.32,305,74,0.00,
31,7,top,host,250,240,90,41,0.00,
31,7,top,other,480.848,205.584,305,74,0.00,
31,8,top,host,260,240,90,41,0.00,
31,8,top,other,472.656,199.848,305,74,0.00,
31,9,top,host,270,240,90,41,0.00,
31,9,top,other,464.464,194.112,305,74,0.00,
31,10,top,host,277.193,233.053,46,41,0.00,
31,10,top,other,456.272,188.376,305,74,0.00,
31,11,top,host,284.386,226.106,46,41,0.00,
31,11,top,other,448.08,182.64,305,74,0.00,
31,12,top,host,291.579,219.159,46,41,0.00,
31,12,top,other,439.888,176.904,305,74,0.00,
31,13,top,host,298.772,212.212,46,41,0.00,
31,13,top,other,431.696,171.168,305,74,0.00,
31,14,top,host,305.965,205.265,46,41,0.00,
31,14,top,other,423.504,165.432,305,74,0.00,
31,15,top,host,313.158,198.318,46,41,0.00,
31,15,top,other,415.312,159.696,305,74,0.00,
31,16,top,host,320.351,191.371,46,41,0.00,
31,16,top,other,407.12,153.96,305,74,0.00,
31,17,top,host,327.544,184.424,46,41,0.00,
31,17,top,other,398.928,148.224,305,74,0.00,
31,18,top,host,334.737,177.477,46,41,0.00,
31,18,top,other,390.736,142.488,305,74,0.00,
31,19,top,host,341.93,170.53,46,41,0.00,
31,19,top,other,382.544,136.752,305,74,0.00,
31,20,top,host,349.123,163.583,46,41,0.00,
31,20,top,other,374.352,131.016,305,74,0.00,
31,21,top,host,356.316,156.636,46,41,0.00,
31,21,top,other,366.16,125.28,305,74,0.00,
31,22,top,host,356.316,156.636,46,41,0.00,
31,22,top,other,366.16,125.28,305,74,0.00,
31,23,top,host,356.316,156.636,46,41,0.00,
31,23,top,other,366.16,125.28,305,74,0.00,
32,1,top,host,190,240,90,41,0.00,
32,1,top,other,530,240,270,74,0.00,
32,2,top,host,200,240,90,41,0.00,
32,2,top,other,521.71,234.408,304,74,0.00,
32,3,top,host,210,240,90,41,0.00,
32,3,top,other,513.42,228.816,304,74,0.00,
32,4,top,host,220,240,90,41,0.00,
32,4,top,other,505.13,223.224,304,74,0.00,
32,5,top,host,230,240,90,41,0.00,
32,5,top,other,496.84,217.632,304,74,0.00,
32,6,top,host,240,240,90,41,0.00,
32,6,top,other,488.55,212.04,304,74,0.00,
32,7,top,host,250,240,90,41,0.00,
32,7,top,other,480.26,206.448,304,74,0.00,
32,8,top,host,260,240,90,41,0.00,
32,8,top,other,471.97,200.856,304,74,0.00,
32,9,top,host,270,240,90,41,0.00,
32,9,top,other,463.68,195.264,304,74,0.00,
32,10,top,host,280,240,90,41,0.00,
32,10,top,other,455.39,189.672,304,74,0.00,
32,11,top,host,290,240,90,41,0.00,
32,11,top,other,447.1,184.08,304,74,0.00,
32,12,top,host,300,240,90,41,0.00,
32,12,top,other,438.81,178.488,304,74,0.00,
32,13,top,host,310,240,90,41,0.00,
32,13,top,other,430.52,172.896,304,74,0.00,
32,14,top,host,320,240,90,41,0.00,
32,14,top,other,422.23,167.304,304,74,0.00,
32,15,top,host,330,240,90,41,0.00,
32,15,top,other,413.94,161.712,304,74,0.00,
32,16,top,host,340,240,90,41,0.00,
32,16,top,other,405.65,156.12,304,74,0.00,
32,17,top,host,350,240,90,41,0.00,
32,17,top,other,397.36,150.528,304,74,0.00,
32,18,top,host,360,240,90,41,0.00,
32,18,top,other,389.07,144.936,304,74,0.00,
32,19,top,host,370,240,90,41,0.00,
32,19,top,other,380.78,139.344,304,74,0.00,
32,20,top,host,380,240,90,41,0.00,
32,20,top,other,372.49,133.752,304,74,0.00,
32,21,top,host,390,240,90,42,0.00,
32,21,top,other,364.2,128.16,304,78,0.00,
32,22,top,host,390,240,90,42,0.00,
32,22,top,other,364.2,128.16,304,78,0.00,
32,23,top,host,390,240,90,42,0.00,
32,23,top,other,364.2,128.16,304,78,0.00,
33,1,top,host,190,240,90,42,0.00,
33,1,top,other,530,240,270,78,0.00,
33,2,top,host,200,240,90,42,0.00,
33,2,top,other,521.91,234.122,306,78,0.00,
33,3,top,host,210,240,90,42,0.00,
33,3,top,other,513.82,228.244,306,78,0.00,
33,4,top,host,220,240,90,42,0.00,
33,4,top,other,505.73,222.366,306,78,0.00,
33,5,top,host,230,240,90,42,0.00,
33,5,top,other,497.64,216.488,306,78,0.00,
33,6,top,host,240,240,90,42,0.00,
33,6,top,other,489.55,210.61,306,78,0.00,
33,7,top,host,250,240,90,42,0.00,
33,7,top,other,481.46,204.732,306,78,0.00,
33,8,top,host,260,240,90,42,0.00,
33,8,top,other,473.37,198.854,306,78,0.00,
33,9,top,host,270,240,90,42,0.00,
33,9,top,other,465.28,192.976,306,78,0.00,
33,10,top,host,280,240,90,42,0.00,
33,10,top,other,457.19,187.098,306,78,0.00,
33,11,top,host,290,240,90,42,0.00,
33,11,top,other,449.1,181.22,306,78,0.00,
33,12,top,host,300,240,90,42,0.00,
33,12,top,other,441.01,175.342,306,78,0.00,
33,13,top,host,310,240,90,42,0.00,
33,13,top,other,432.92,169.464,306,78,0.00,
33,14,top,host,313.907,230.795,23,42,0.00,
33,14,top,other,424.83,163.586,306,78,0.00,
33,15,top,host,317.814,221.59,23,42,0.00,
33,15,top,other,416.74,157.708,306,78,0.00,
33,16,top,host,321.721,212.385,23,42,0.00,
33,16,top,other,408.65,151.83,306,78,0.00,
33,17,top,host,325.628,203.18,23,42,0.00,
33,17,top,other,400.56,145.952,306,78,0.00,
33,18,top,host,329.535,193.975,23,42,0.00,
33,18,top,other,392.47,140.074,306,78,0.00,
33,19,top,host,333.442,184.77,23,42,0.00,
33,19,top,other,384.38,134.196,306,78,0.00,
33,20,top,host,337.349,175.565,23,42,0.00,
33,20,top,other,376.29,128.318,306,78,0.00,
33,21,top,host,341.256,166.36,23,42,0.00,
33,21,top,other,368.2,122.44,306,78,0.00,
33,22,top,host,341.256,166.36,23,42,0.00,
33,22,top,other,368.2,122.44,306,78,0.00,
33,23,top,host,341.256,166.36,23,42,0.00,
33,23,top,other,368.2,122.44,306,78,0.00,
34,1,top,host,190,240,90,42,0.00,
34,1,top,other,530,240,270,78,0.00,
34,2,top,host,200,240,90,42,0.00,
34,2,top,other,521.91,234.122,306,78,0.00,
34,3,top,host,210,240,90,42,0.00,
34,3,top,other,513.82,228.244,306,78,0.00,
34,4,top,host,220,240,90,42,0.00,
34,4,top,other,505.73,222.366,306,78,0.00,
34,5,top,host,230,240,90,42,0.00,
34,5,top,other,497.64,216.488,306,78,0.00,
34,6,top,host,240,240,90,42,0.00,
34,6,top,other,489.55,210.61,306,78,0.00,
34,7,top,host,250,240,90,42,0.00,
34,7,top,other,481.46,204.732,306,78,0.00,
34,8,top,host,260,240,90,42,0.00,
34,8,top,other,473.37,198.854,306,78,0.00,
34,9,top,host,270,240,90,42,0.00,
34,9,top,other,465.28,192.976,306,78,0.00,
34,10,top,host,280,240,90,42,0.00,
34,10,top,other,457.19,187.098,306,78,0.00,
34,11,top,host,290,240,90,42,0.00,
34,11,top,other,449.1,181.22,306,78,0.00,
34,12,top,host,300,240,90,42,0.00,
34,12,top,other,441.01,175.342,306,78,0.00,
34,13,top,host,310,240,90,42,0.00,
34,13,top,other,432.92,169.464,306,78,0.00,
34,14,top,host,320,240,90,42,0.00,
34,14,top,other,424.83,163.586,306,78,0.00,
34,15,top,host,330,240,90,42,0.00,
34,15,top,other,416.74,157.708,306,78,0.00,
34,16,top,host,340,240,90,42,0.00,
34,16,top,other,408.65,151.83,306,78,0.00,
34,17,top,host,350,240,90,42,0.00,
34,17,top,other,400.56,145.952,306,78,0.00,
34,18,top,host,360,240,90,42,0.00,
34,18,top,other,392.47,140.074,306,78,0.00,
34,19,top,host,370,240,90,42,0.00,
34,19,top,other,384.38,134.196,306,78,0.00,
34,20,top,host,380,240,90,42,0.00,
34,20,top,other,376.29,128.318,306,78,0.00,
34,21,top,host,390,240,90,43,0.00,
34,21,top,other,368.2,122.44,306,82,0.00,
34,22,top,host,390,240,90,43,0.00,
34,22,top,other,368.2,122.44,306,82,0.00,
34,23,top,host,390,240,90,43,0.00,
34,23,top,other,368.2,122.44,306,82,0.00,
35,1,bottom,host,190,240,90,43,0.00,
35,1,bottom,other,530,240,270,82,0.00,
35,2,bottom,host,200,240,90,43,0.00,
35,2,bottom,other,521.91,245.878,234,82,0.00,
35,3,bottom,host,210,240,90,43,0.00,
35,3,bottom,other,513.82,251.756,234,82,0.00,
35,4,bottom,host,220,240,90,43,0.00,
35,4,bottom,other,505.73,257.634,234,82,0.00,
35,5,bottom,host,230,240,90,43,0.00,
35,5,bottom,other,497.64,263.512,234,82,0.00,
35,6,bottom,host,240,240,90,43,0.00,
35,6,bottom,other,489.55,269.39,234,82,0.00,
35,7,bottom,host,250,240,90,43,0.00,
35,7,bottom,other,481.46,275.268,234,82,0.00,
35,8,bottom,host,260,240,90,43,0.00,
35,8,bottom,other,473.37,281.146,234,82,0.00,
35,9,bottom,host,270,240,90,43,0.00,
35,9,bottom,other,465.28,287.024,234,82,0.00,
35,10,bottom,host,280,240,90,43,0.00,
35,10,bottom,other,457.19,292.902,234,82,0.00,
35,11,bottom,host,290,240,90,43,0.00,
35,11,bottom,other,449.1,298.78,234,82,0.00,
35,12,bottom,host,300,240,90,43,0.00,
35,12,bottom,other,441.01,304.658,234,82,0.00,
35,13,bottom,host,310,240,90,43,0.00,
35,13,bottom,other,432.92,310.536,234,82,0.00,
35,14,bottom,host,320,240,90,43,0.00,
35,14,bottom,other,424.83,316.414,234,82,0.00,
35,15,bottom,host,330,240,90,43,0.00,
35,15,bottom,other,416.74,322.292,234,82,0.00,
35,16,bottom,host,340,240,90,43,0.00,
35,16,bottom,other,408.65,328.17,234,82,0.00,
35,17,bottom,host,350,240,90,43,0.00,
35,17,bottom,other,400.56,334.048,234,82,0.00,
35,18,bottom,host,360,240,90,43,0.00,
35,18,bottom,other,392.47,339.926,234,82,0.00,
35,19,bottom,host,370,240,90,43,0.00,
35,19,bottom,other,384.38,345.804,234,82,0.00,
35,20,bottom,host,380,240,90,43,0.00,
35,20,bottom,other,376.29,351.682,234,82,0.00,
35,21,bottom,host,390,240,90,44,0.00,
35,21,bottom,other,368.2,357.56,234,86,0.00,
35,22,bottom,host,390,240,90,44,0.00,
35,22,bottom,other,368.2,357.56,234,86,0.00,
35,23,bottom,host,390,240,90,44,0.00,
35,23,bottom,other,368.2,357.56,234,86,0.00,
36,1,top,host,190,240,90,44,0.00,
36,1,top,other,530,240,270,86,0.00,
36,2,top,host,200,240,90,44,0.00,
36,2,top,other,521.91,234.122,306,86,0.00,
36,3,top,host,210,240,90,44,0.00,
36,3,top,other,513.82,228.244,306,86,0.00,
36,4,top,host,220,240,90,44,0.00,
36,4,top,other,505.73,222.366,306,86,0.00,
36,5,top,host,230,240,90,44,0.00,
36,5,top,other,497.64,216.488,306,86,0.00,
36,6,top,host,240,240,90,44,0.00,
36,6,top,other,489.55,210.61,306,86,0.00,
36,7,top,other,481.46,204.732,306,86,0.00,
36,7,top,host,250,240,90,44,0.00,
36,8,top,host,260,240,90,44,0.00,
36,8,top,other,473.37,198.854,306,86,0.00,
36,9,top,host,270,240,90,44,0.00,
36,9,top,other,465.28,192.976,306,86,0.00,
36,10,top,host,280,240,90,44,0.00,
36,10,top,other,457.19,187.098,306,86,0.00,
36,11,top,host,290,240,90,44,0.00,
36,11,top,other,449.1,181.22,306,86,0.00,
36,12,top,host,300,240,90,44,0.00,
36,12,top,other,441.01,175.342,306,86,0.00,
36,13,top,host,310,240,90,44,0.00,
36,13,top,other,432.92,169.464,306,86,0.00,
36,14,top,host,320,240,90,44,0.00,
36,14,top,other,424.83,163.586,306,86,0.00,
36,15,top,host,330,240,90,44,0.00,
36,15,top,other,416.74,157.708,306,86,0.00,
36,16,top,host,340,240,90,44,0.00,
36,16,top,other,408.65,151.83,306,86,0.00,
36,17,top,host,350,240,90,44,0.00,
36,17,top,other,400.56,145.952,306,86,0.00,
36,18,top,host,360,240,90,44,0.00,
36,18,top,other,392.47,140.074,306,86,0.00,
36,19,top,host,370,240,90,44,0.00,
36,19,top,other,384.38,134.196,306,86,0.00,
36,20,top,host,380,240,90,44,0.00,
36,20,top,other,376.29,128.318,306,86,0.00,
36,21,top,host,390,240,90,45,0.00,
36,21,top,other,368.2,122.44,306,90,0.00,
36,22,top,host,390,240,90,45,0.00,
36,22,top,other,368.2,122.44,306,90,0.00,
36,23,top,host,390,240,90,45,0.00,
36,23,top,other,368.2,122.44,306,90,0.00,
37,1,top,host,190,240,90,45,0.00,
37,1,top,other,530,240,270,90,0.00,
37,2,top,host,200,240,90,45,0.00,
37,2,top,other,521.808,234.264,305,90,0.00,
37,3,top,host,210,240,90,45,0.00,
37,3,top,other,513.616,228.528,305,90,0.00,
37,4,top,host,220,240,90,45,0.00,
37,4,top,other,505.424,222.792,305,90,0.00,
37,5,top,host,227.88,233.843,52,45,0.00,
37,5,top,other,497.232,217.056,305,90,0.00,
37,6,top,host,235.76,227.686,52,45,0.00,
37,6,top,other,489.04,211.32,305,90,0.00,
37,7,top,host,243.64,221.529,52,45,0.00,
37,7,top,other,480.848,205.584,305,90,0.00,
37,8,top,host,251.52,215.372,52,45,0.00,
37,8,top,other,472.656,199.848,305,90,0.00,
37,9,top,host,259.4,209.215,52,45,0.00,
37,9,top,other,464.464,194.112,305,90,0.00,
37,10,top,host,267.28,203.058,52,45,0.00,
37,10,top,other,456.272,188.376,305,90,0.00,
37,11,top,host,275.16,196.901,52,45,0.00,
37,11,top,other,448.08,182.64,305,90,0.00,
37,12,top,host,283.04,190.744,52,45,0.00,
37,12,top,other,439.888,176.904,305,90,0.00,
37,13,top,host,290.92,184.587,52,45,0.00,
37,13,top,other,431.696,171.168,305,90,0.00,
37,14,top,host,298.8,178.43,52,45,0.00,
37,14,top,other,423.504,165.432,305,90,0.00,
37,15,top,host,306.68,172.273,52,45,0.00,
37,15,top,other,415.312,159.696,305,90,0.00,
37,16,top,host,314.56,166.116,52,45,0.00,
37,16,top,other,412.893,169.399,194,90,0.00,
37,17,top,host,322.44,159.959,52,45,0.00,
37,17,top,other,410.474,179.102,194,90,0.00,
37,18,top,host,330.32,153.802,52,45,0.00,
37,18,top,other,408.055,188.805,194,90,0.00,
37,19,top,host,338.2,147.645,52,45,0.00,
37,19,top,other,405.636,198.508,194,90,0.00,
37,20,top,host,346.08,141.488,52,45,0.00,
37,20,top,other,403.217,208.211,194,90,0.00,
37,21,top,host,353.96,135.331,52,49,0.00,
37,21,top,other,400.798,217.914,194,91,0.00,
37,22,top,host,353.96,135.331,52,49,0.00,
37,22,top,other,400.798,217.914,194,91,0.00,
37,23,top,host,353.96,135.331,52,49,0.00,
37,23,top,other,400.798,217.914,194,91,0.00,
38,1,top,host,190,240,90,49,0.00,
38,1,top,other,531.613,234.554,303,91,0.00,
38,2,top,host,200,240,90,49,0.00,
38,2,top,other,523.226,229.108,303,91,0.00,
38,3,top,host,210,240,90,49,0.00,
38,3,top,other,514.839,223.662,303,91,0.00,
38,4,top,host,220,240,90,49,0.00,
38,4,top,other,506.452,218.216,303,91,0.00,
38,5,top,host,230,240,90,49,0.00,
38,5,top,other,498.065,212.77,303,91,0.00,
38,6,top,host,240,240,90,49,0.00,
38,6,top,other,489.678,207.324,303,91,0.00,
38,7,top,host,250,240,90,49,0.00,
38,7,top,other,481.291,201.878,303,91,0.00,
38,8,top,host,260,240,90,49,0.00,
38,8,top,other,472.904,196.432,303,91,0.00,
38,9,top,host,270,240,90,49,0.00,
38,9,top,other,464.517,190.986,303,91,0.00,
38,10,top,host,280,240,90,49,0.00,
38,10,top,other,456.13,185.54,303,91,0.00,
38,11,top,host,290,240,90,49,0.00,
38,11,top,other,447.743,180.094,303,91,0.00,
38,12,top,host,300,240,90,49,0.00,
38,12,top,other,439.356,174.648,303,91,0.00,
38,13,top,host,310,240,90,49,0.00,
38,13,top,other,431.476,168.491,308,91,0.00,
38,14,top,host,320,240,90,49,0.00,
38,14,top,other,423.596,162.334,308,91,0.00,
38,15,top,host,330,240,90,49,0.00,
38,15,top,other,415.716,156.177,308,91,0.00,
38,16,top,host,340,240,90,49,0.00,
38,16,top,other,407.836,150.02,308,91,0.00,
38,17,top,host,350,240,90,49,0.00,
38,17,top,other,399.264,144.87,301,91,0.00,
38,18,top,host,360,240,90,49,0.00,
38,18,top,other,390.692,139.72,301,91,0.00,
38,19,top,host,370,240,90,49,0.00,
38,19,top,other,382.12,134.57,301,91,0.00,
38,20,top,host,380,240,90,50,0.00,
38,20,top,other,373.548,129.42,301,95,0.00,
38,21,top,host,380,240,90,50,0.00,
38,21,top,other,373.548,129.42,301,95,0.00,
38,22,top,host,380,240,90,50,0.00,
38,22,top,other,373.548,129.42,301,95,0.00,
39,1,top,host,190,240,90,50,0.00,
39,1,top,other,530,240,270,95,0.00,
39,2,top,host,200,240,90,50,0.00,
39,2,top,other,521.808,234.264,305,95,0.00,
39,3,top,host,210,240,90,50,0.00,
39,3,top,other,513.616,228.528,305,95,0.00,
39,4,top,host,220,240,90,50,0.00,
39,4,top,other,505.424,222.792,305,95,0.00,
39,5,top,host,230,240,90,50,0.00,
39,5,top,other,497.232,217.056,305,95,0.00,
39,6,top,host,240,240,90,50,0.00,
39,6,top,other,489.04,211.32,305,95,0.00,
39,7,top,host,250,240,90,50,0.00,
39,7,top,other,480.848,205.584,305,95,0.00,
39,8,top,host,260,240,90,50,0.00,
39,8,top,other,472.656,199.848,305,95,0.00,
39,9,top,host,270,240,90,50,0.00,
39,9,top,other,464.464,194.112,305,95,0.00,
39,10,top,host,280,240,90,50,0.00,
39,10,top,other,456.272,188.376,305,95,0.00,
39,11,top,host,290,240,90,50,0.00,
39,11,top,other,448.08,182.64,305,95,0.00,
39,12,top,host,300,240,90,50,0.00,
39,12,top,other,439.888,176.904,305,95,0.00,
39,13,top,host,310,240,90,50,0.00,
39,13,top,other,431.696,171.168,305,95,0.00,
39,14,top,host,320,240,90,50,0.00,
39,14,top,other,423.504,165.432,305,95,0.00,
39,15,top,host,330,240,90,50,0.00,
39,15,top,other,415.312,159.696,305,95,0.00,
39,16,top,host,340,240,90,50,0.00,
39,16,top,other,407.12,153.96,305,95,0.00,
39,17,top,host,350,240,90,50,0.00,
39,17,top,other,398.928,148.224,305,95,0.00,
39,18,top,host,360,240,90,50,0.00,
39,18,top,other,390.736,142.488,305,95,0.00,
39,19,top,host,370,240,90,50,0.00,
39,19,top,other,382.544,136.752,305,95,0.00,
39,20,top,host,380,240,90,50,0.00,
39,20,top,other,374.352,131.016,305,95,0.00,
39,21,top,host,390,240,90,51,0.00,
39,21,top,other,366.16,125.28,305,99,0.00,
39,22,top,host,390,240,90,51,0.00,
39,22,top,other,366.16,125.28,305,99,0.00,
39,23,top,host,390,240,90,51,0.00,
39,23,top,other,366.16,125.28,305,99,0.00,
40,1,bottom,host,190,240,90,51,0.00,
40,1,bottom,other,530,240,270,99,0.00,
40,2,bottom,host,200,240,90,51,0.00,
40,2,bottom,other,520,240,270,99,0.00,
40,3,bottom,host,210,240,90,51,0.00,
40,3,bottom,other,511.91,245.878,234,99,0.00,
40,4,bottom,host,220,240,90,51,0.00,
40,4,bottom,other,503.82,251.756,234,99,0.00,
40,5,bottom,host,230,240,90,51,0.00,
40,5,bottom,other,495.73,257.634,234,99,0.00,
40,6,bottom,host,240,240,90,51,0.00,
40,6,bottom,other,487.64,263.512,234,99,0.00,
40,7,bottom,host,250,240,90,51,0.00,
40,7,bottom,other,479.55,269.39,234,99,0.00,
40,8,bottom,host,260,240,90,51,0.00,
40,8,bottom,other,471.46,275.268,234,99,0.00,
40,9,bottom,host,270,240,90,51,0.00,
40,9,bottom,other,463.37,281.146,234,99,0.00,
40,10,bottom,host,280,240,90,51,0.00,
40,10,bottom,other,455.28,287.024,234,99,0.00,
40,11,bottom,host,290,240,90,51,0.00,
40,11,bottom,other,447.19,292.902,234,99,0.00,
40,12,bottom,host,300,240,90,51,0.00,
40,12,bottom,other,439.1,298.78,234,99,0.00,
40,13,bottom,host,310,240,90,51,0.00,
40,13,bottom,other,431.01,304.658,234,99,0.00,
40,14,bottom,host,320,240,90,51,0.00,
40,14,bottom,other,422.92,310.536,234,99,0.00,
40,15,bottom,host,330,240,90,51,0.00,
40,15,bottom,other,414.83,316.414,234,99,0.00,
40,16,bottom,host,340,240,90,51,0.00,
40,16,bottom,other,406.74,322.292,234,99,0.00,
40,17,bottom,host,350,240,90,51,0.00,
40,17,bottom,other,398.65,328.17,234,99,0.00,
40,18,bottom,host,360,240,90,51,0.00,
40,18,bottom,other,390.56,334.048,234,99,0.00,
40,19,bottom,host,370,240,90,51,0.00,
40,19,bottom,other,382.47,339.926,234,99,0.00,
40,20,bottom,host,380,240,90,51,0.00,
40,20,bottom,other,374.38,345.804,234,99,0.00,
40,21,bottom,host,390,240,90,52,0.00,
40,21,bottom,other,366.29,351.682,234,103,0.00,
40,22,bottom,host,390,240,90,52,0.00,
40,22,bottom,other,366.29,351.682,234,103,0.00,
40,23,bottom,host,390,240,90,52,0.00,
40,23,bottom,other,366.29,351.682,234,103,0.00,
41,1,bottom,host,190,240,90,52,0.00,
41,1,bottom,other,530,240,270,103,0.00,
41,2,bottom,host,200,240,90,52,0.00,
41,2,bottom,other,521.808,245.736,235,103,0.00,
41,3,bottom,host,210,240,90,52,0.00,
41,3,bottom,other,513.616,251.472,235,103,0.00,
41,4,bottom,host,220,240,90,52,0.00,
41,4,bottom,other,505.424,257.208,235,103,0.00,
41,5,bottom,host,230,240,90,52,0.00,
41,5,bottom,other,497.232,262.944,235,103,0.00,
41,6,bottom,host,240,240,90,52,0.00,
41,6,bottom,other,489.04,268.68,235,103,0.00,
41,7,bottom,host,250,240,90,52,0.00,
41,7,bottom,other,480.848,274.416,235,103,0.00,
41,8,bottom,host,260,240,90,52,0.00,
41,8,bottom,other,472.656,280.152,235,103,0.00,
41,9,bottom,host,270,240,90,52,0.00,
41,9,bottom,other,464.464,285.888,235,103,0.00,
41,10,bottom,host,280,240,90,52,0.00,
41,10,bottom,other,456.272,291.624,235,103,0.00,
41,11,bottom,host,290,240,90,52,0.00,
41,11,bottom,other,448.08,297.36,235,103,0.00,
41,12,bottom,host,300,240,90,52,0.00,
41,12,bottom,other,439.888,303.096,235,103,0.00,
41,13,bottom,host,310,240,90,52,0.00,
41,13,bottom,other,431.696,308.832,235,103,0.00,
41,14,bottom,host,320,240,90,52,0.00,
41,14,bottom,other,423.504,314.568,235,103,0.00,
41,15,bottom,host,330,240,90,52,0.00,
41,15,bottom,other,415.312,320.304,235,103,0.00,
41,16,bottom,host,340,240,90,52,0.00,
41,16,bottom,other,407.12,326.04,235,103,0.00,
41,17,bottom,host,350,240,90,52,0.00,
41,17,bottom,other,398.928,331.776,235,103,0.00,
41,18,bottom,host,360,240,90,52,0.00,
41,18,bottom,other,390.736,337.512,235,103,0.00,
41,19,bottom,host,370,240,90,52,0.00,
41,19,bottom,other,382.544,343.248,235,103,0.00,
41,20,bottom,host,380,240,90,52,0.00,
41,20,bottom,other,374.352,348.984,235,103,0.00,
41,21,bottom,host,390,240,90,53,0.00,
41,21,bottom,other,366.16,354.72,235,107,0.00,
41,22,bottom,host,390,240,90,53,0.00,
41,22,bottom,other,366.16,354.72,235,107,0.00,
41,23,bottom,host,390,240,90,53,0.00,
41,23,bottom,other,366.16,354.72,235,107,0.00,
42,1,top,host,190,240,90,53,0.00,
42,1,top,other,530,240,270,107,0.00,
42,2,top,host,200,240,90,53,0.00,
42,2,top,other,522.014,233.982,307,107,0.00,
42,3,top,host,210,240,90,53,0.00,
42,3,top,other,514.028,227.964,307,107,0.00,
42,4,top,host,220,240,90,53,0.00,
42,4,top,other,506.042,221.946,307,107,0.00,
42,5,top,host,230,240,90,53,0.00,
42,5,top,other,498.056,215.928,307,107,0.00,
42,6,top,host,240,240,90,53,0.00,
42,6,top,other,490.07,209.91,307,107,0.00,
42,7,top,host,250,240,90,53,0.00,
42,7,top,other,482.084,203.892,307,107,0.00,
42,8,top,host,260,240,90,53,0.00,
42,8,top,other,474.098,197.874,307,107,0.00,
42,9,top,host,270,240,90,53,0.00,
42,9,top,other,466.112,191.856,307,107,0.00,
42,10,top,host,280,240,90,53,0.00,
42,10,top,other,458.126,185.838,307,107,0.00,
42,11,top,host,290,240,90,53,0.00,
42,11,top,other,450.14,179.82,307,107,0.00,
42,12,top,host,300,240,90,53,0.00,
42,12,top,other,442.154,173.802,307,107,0.00,
42,13,top,host,310,240,90,53,0.00,
42,13,top,other,434.168,167.784,307,107,0.00,
42,14,top,host,320,240,90,53,0.00,
42,14,top,other,426.182,161.766,307,107,0.00,
42,15,top,host,330,240,90,53,0.00,
42,15,top,other,418.196,155.748,307,107,0.00,
42,16,top,host,340,240,90,53,0.00,
42,16,top,other,410.21,149.73,307,107,0.00,
42,17,top,host,350,240,90,53,0.00,
42,17,top,other,402.224,143.712,307,107,0.00,
42,18,top,host,360,240,90,53,0.00,
42,18,top,other,394.238,137.694,307,107,0.00,
42,19,top,host,370,240,90,53,0.00,
42,19,top,other,386.252,131.676,307,107,0.00,
42,20,top,host,380,240,90,53,0.00,
42,20,top,other,378.266,125.658,307,107,0.00,
42,21,top,host,390,240,90,54,0.00,
42,21,top,other,370.28,119.64,307,111,0.00,
42,22,top,host,390,240,90,54,0.00,
42,22,top,other,370.28,119.64,307,111,0.00,
42,23,top,host,390,240,90,54,0.00,
42,23,top,other,370.28,119.64,307,111,0.00,
43,1,top,host,190,240,90,54,0.00,
43,1,top,other,530,240,270,111,0.00,
43,2,top,host,198.48,234.701,58,54,0.00,
43,2,top,other,521.808,234.264,305,111,0.00,
43,3,top,host,206.96,229.402,58,54,0.00,
43,3,top,other,513.616,228.528,305,111,0.00,
43,4,top,host,215.44,224.103,58,54,0.00,
43,4,top,other,505.424,222.792,305,111,0.00,
43,5,top,host,223.92,218.804,58,54,0.00,
43,5,top,other,497.232,217.056,305,111,0.00,
43,6,top,host,232.4,213.505,58,54,0.00,
43,6,top,other,489.04,211.32,305,111,0.00,
43,7,top,host,240.88,208.206,58,54,0.00,
43,7,top,other,480.848,205.584,305,111,0.00,
43,8,top,host,249.36,202.907,58,54,0.00,
43,8,top,other,472.656,199.848,305,111,0.00,
43,9,top,host,257.84,197.608,58,54,0.00,
43,9,top,other,464.464,194.112,305,111,0.00,
43,10,top,host,266.32,192.309,58,54,0.00,
43,10,top,other,456.272,188.376,305,111,0.00,
43,11,top,host,274.8,187.01,58,54,0.00,
43,11,top,other,448.08,182.64,305,111,0.00,
43,12,top,host,283.28,181.711,58,54,0.00,
43,12,top,other,439.888,176.904,305,111,0.00,
43,13,top,host,291.76,176.412,58,54,0.00,
43,13,top,other,431.696,171.168,305,111,0.00,
43,14,top,host,300.24,171.113,58,54,0.00,
43,14,top,other,423.504,165.432,305,111,0.00,
43,15,top,host,308.72,165.814,58,54,0.00,
43,15,top,other,415.312,159.696,305,111,0.00,
43,16,top,host,317.2,160.515,58,54,0.00,
43,16,top,other,412.056,169.151,199,111,0.00,
43,17,top,host,325.68,155.216,58,54,0.00,
43,17,top,other,408.8,178.606,199,111,0.00,
43,18,top,host,334.16,149.917,58,54,0.00,
43,18,top,other,405.544,188.061,199,111,0.00,
43,19,top,host,342.64,144.618,58,54,0.00,
43,19,top,other,402.288,197.516,199,111,0.00,
43,20,top,host,351.12,139.319,58,54,0.00,
43,20,top,other,399.032,206.971,199,111,0.00,
43,21,top,host,359.6,134.02,58,58,0.00,
43,21,top,other,395.776,216.426,199,112,0.00,
43,22,top,host,359.6,134.02,58,58,0.00,
43,22,top,other,395.776,216.426,199,112,0.00,
43,23,top,host,359.6,134.02,58,58,0.00,
43,23,top,other,395.776,216.426,199,112,0.00,
44,1,top,host,190,240,90,58,0.00,
44,1,top,other,530,240,270,112,0.00,
44,2,top,host,200,240,90,58,0.00,
44,2,top,other,521.808,234.264,305,112,0.00,
44,3,top,host,210,240,90,58,0.00,
44,3,top,other,513.616,228.528,305,112,0.00,
44,4,top,host,220,240,90,58,0.00,
44,4,top,other,505.424,222.792,305,112,0.00,
44,5,top,host,230,240,90,58,0.00,
44,5,top,other,497.232,217.056,305,112,0.00,
44,6,top,host,240,240,90,58,0.00,
44,6,top,other,489.04,211.32,305,112,0.00,
44,7,top,host,250,240,90,58,0.00,
44,7,top,other,480.848,205.584,305,112,0.00,
44,8,top,host,260,240,90,58,0.00,
44,8,top,other,472.656,199.848,305,112,0.00,
44,9,top,host,270,240,90,58,0.00,
44,9,top,other,464.464,194.112,305,112,0.00,
44,10,top,host,280,240,90,58,0.00,
44,10,top,other,456.272,188.376,305,112,0.00,
44,11,top,host,290,240,90,58,0.00,
44,11,top,other,448.08,182.64,305,112,0.00,
44,12,top,host,300,240,90,58,0.00,
44,12,top,other,439.888,176.904,305,112,0.00,
44,13,top,host,310,240,90,58,0.00,
44,13,top,other,431.696,171.168,305,112,0.00,
44,14,top,host,320,240,90,58,0.00,
44,14,top,other,423.504,165.432,305,112,0.00,
44,15,top,host,330,240,90,58,0.00,
44,15,top,other,415.312,159.696,305,112,0.00,
44,16,top,host,340,240,90,58,0.00,
44,16,top,other,407.12,153.96,305,112,0.00,
44,17,top,host,350,240,90,58,0.00,
44,17,top,other,398.928,148.224,305,112,0.00,
44,18,top,host,351.392,249.903,172,58,0.00,
44,18,top,other,390.736,142.488,305,112,0.00,
44,19,top,host,352.784,259.806,172,58,0.00,
44,19,top,other,382.544,136.752,305,112,0.00,
44,20,top,host,354.176,269.709,172,58,0.00,
44,20,top,other,374.352,131.016,305,112,0.00,
44,21,top,host,355.568,279.612,172,59,0.00,
44,21,top,other,366.16,125.28,305,116,0.00,
44,22,top,host,355.568,279.612,172,59,0.00,
44,22,top,other,366.16,125.28,305,116,0.00,
44,23,top,host,355.568,279.612,172,59,0.00,
44,23,top,other,366.16,125.28,305,116,0.00,
45,1,bottom,host,190,240,90,59,0.00,
45,1,bottom,other,530,240,270,116,0.00,
45,2,bottom,host,200,240,90,59,0.00,
45,2,bottom,other,521.91,245.878,234,116,0.00,
45,3,bottom,host,210,240,90,59,0.00,
45,3,bottom,other,513.82,251.756,234,116,0.00,
45,4,bottom,host,220,240,90,59,0.00,
45,4,bottom,other,505.73,257.634,234,116,0.00,
45,5,bottom,host,230,240,90,59,0.00,
45,5,bottom,other,497.64,263.512,234,116,0.00,
45,6,bottom,host,240,240,90,59,0.00,
45,6,bottom,other,489.55,269.39,234,116,0.00,
45,7,bottom,host,250,240,90,59,0.00,
45,7,bottom,other,481.46,275.268,234,116,0.00,
45,8,bottom,host,260,240,90,59,0.00,
45,8,bottom,other,473.37,281.146,234,116,0.00,
45,9,bottom,host,270,240,90,59,0.00,
45,9,bottom,other,465.28,287.024,234,116,0.00,
45,10,bottom,host,276.82,232.686,43,59,0.00,
45,10,bottom,other,457.19,292.902,234,116,0.00,
45,11,bottom,host,283.64,225.372,43,59,0.00,
45,11,bottom,other,449.1,298.78,234,116,0.00,
45,12,bottom,host,290.46,218.058,43,59,0.00,
45,12,bottom,other,441.01,304.658,234,116,0.00,
45,13,bottom,host,297.28,210.744,43,59,0.00,
45,13,bottom,other,432.92,310.536,234,116,0.00,
45,14,bottom,host,304.1,203.43,43,59,0.00,
45,14,bottom,other,424.83,316.414,234,116,0.00,
45,15,bottom,host,310.92,196.116,43,59,0.00,
45,15,bottom,other,416.74,322.292,234,116,0.00,
45,16,bottom,host,317.74,188.802,43,59,0.00,
45,16,bottom,other,408.65,328.17,234,116,0.00,
45,17,bottom,host,324.56,181.488,43,59,0.00,
45,17,bottom,other,400.56,334.048,234,116,0.00,
45,18,bottom,host,331.38,174.174,43,59,0.00,
45,18,bottom,other,392.47,339.926,234,116,0.00,
45,19,bottom,host,338.2,166.86,43,59,0.00,
45,19,bottom,other,384.38,345.804,234,116,0.00,
45,20,bottom,host,345.02,159.546,43,59,0.00,
45,20,bottom,other,376.29,351.682,234,116,0.00,
45,21,bottom,host,351.84,152.232,43,60,0.00,
45,21,bottom,other,368.2,357.56,234,120,0.00,
45,22,bottom,host,351.84,152.232,43,60,0.00,
45,22,bottom,other,368.2,357.56,234,120,0.00,
45,23,bottom,host,351.84,152.232,43,60,0.00,
45,23,bottom,other,368.2,357.56,234,120,0.00,
46,1,top,host,190,240,90,60,0.00,
46,1,top,other,530,240,270,120,0.00,
46,2,top,host,200,240,90,60,0.00,
46,2,top,other,521.91,234.122,306,120,0.00,
46,3,top,host,210,240,90,60,0.00,
46,3,top,other,513.82,228.244,306,120,0.00,
46,4,top,host,220,240,90,60,0.00,
46,4,top,other,505.73,222.366,306,120,0.00,
46,5,top,host,230,240,90,60,0.00,
46,5,top,other,497.64,216.488,306,120,0.00,
46,6,top,host,240,240,90,60,0.00,
46,6,top,other,489.55,210.61,306,120,0.00,
46,7,top,host,250,240,90,60,0.00,
46,7,top,other,481.46,204.732,306,120,0.00,
46,8,top,host,260,240,90,60,0.00,
46,8,top,other,473.37,198.854,306,120,0.00,
46,9,top,host,270,240,90,60,0.00,
46,9,top,other,465.28,192.976,306,120,0.00,
46,10,top,host,280,240,90,60,0.00,
46,10,top,other,457.19,187.098,306,120,0.00,
46,11,top,host,290,240,90,60,0.00,
46,11,top,other,449.1,181.22,306,120,0.00,
46,12,top,host,300,240,90,60,0.00,
46,12,top,other,441.01,175.342,306,120,0.00,
46,13,top,host,310,240,90,60,0.00,
46,13,top,other,432.92,169.464,306,120,0.00,
46,14,top,host,320,240,90,60,0.00,
46,14,top,other,424.83,163.586,306,120,0.00,
46,15,top,host,330,240,90,60,0.00,
46,15,top,other,416.74,157.708,306,120,0.00,
46,16,top,host,340,240,90,60,0.00,
46,16,top,other,408.65,151.83,306,120,0.00,
46,17,top,host,350,240,90,60,0.00,
46,17,top,other,400.56,145.952,306,120,0.00,
46,18,top,host,360,240,90,60,0.00,
46,18,top,other,392.47,140.074,306,120,0.00,
46,19,top,host,370,240,90,60,0.00,
46,19,top,other,384.38,134.196,306,120,0.00,
46,20,top,host,380,240,90,60,0.00,
46,20,top,other,376.29,128.318,306,120,0.00,
46,21,top,host,390,240,90,61,0.00,
46,21,top,other,368.2,122.44,306,124,0.00,
46,22,top,host,390,240,90,61,0.00,
46,22,top,other,368.2,122.44,306,124,0.00,
46,23,top,host,390,240,90,61,0.00,
46,23,top,other,368.2,122.44,306,124,0.00,
47,1,top,host,190,240,90,61,0.00,
47,1,top,other,530,240,270,124,0.00,
47,2,top,host,200,240,90,61,0.00,
47,2,top,other,520,240,270,124,0.00,
47,3,top,host,210,240,90,61,0.00,
47,3,top,other,511.91,234.122,306,124,0.00,
47,4,top,host,220,240,90,61,0.00,
47,4,top,other,503.82,228.244,306,124,0.00,
47,5,top,host,230,240,90,61,0.00,
47,5,top,other,495.73,222.366,306,124,0.00,
47,6,top,host,240,240,90,61,0.00,
47,6,top,other,487.64,216.488,306,124,0.00,
47,7,top,host,250,240,90,61,0.00,
47,7,top,other,479.55,210.61,306,124,0.00,
47,8,top,host,260,240,90,61,0.00,
47,8,top,other,471.46,204.732,306,124,0.00,
47,9,top,host,270,240,90,61,0.00,
47,9,top,other,463.37,198.854,306,124,0.00,
47,10,top,host,280,240,90,61,0.00,
47,10,top,other,455.28,192.976,306,124,0.00,
47,11,top,host,290,240,90,61,0.00,
47,11,top,other,447.19,187.098,306,124,0.00,
47,12,top,host,295.878,248.09,144,61,0.00,
47,12,top,other,439.1,181.22,306,124,0.00,
47,13,top,host,301.756,256.18,144,61,0.00,
47,13,top,other,431.01,175.342,306,124,0.00,
47,14,top,host,307.634,264.27,144,61,0.00,
47,14,top,other,422.92,169.464,306,124,0.00,
47,15,top,host,313.512,272.36,144,61,0.00,
47,15,top,other,414.83,163.586,306,124,0.00,
47,16,top,host,319.39,280.45,144,61,0.00,
47,16,top,other,406.74,157.708,306,124,0.00,
47,17,top,host,325.268,288.54,144,61,0.00,
47,17,top,other,398.65,151.83,306,124,0.00,
47,18,top,host,331.146,296.63,144,61,0.00,
47,18,top,other,390.56,145.952,306,124,0.00,
47,19,top,host,337.024,304.72,144,61,0.00,
47,19,top,other,382.47,140.074,306,124,0.00,
47,20,top,host,342.902,312.81,144,61,0.00,
47,20,top,other,374.38,134.196,306,124,0.00,
47,21,top,host,348.78,320.9,144,62,0.00,
47,21,top,other,366.29,128.318,306,128,0.00,
47,22,top,host,348.78,320.9,144,62,0.00,
47,22,top,other,366.29,128.318,306,128,0.00,
47,23,top,host,348.78,320.9,144,62,0.00,
47,23,top,other,366.29,128.318,306,128,0.00,
48,1,bottom,host,190,240,90,62,0.00,
48,1,bottom,other,530,240,270,128,0.00,
48,2,bottom,host,200,240,90,62,0.00,
48,2,bottom,other,520,240,270,128,0.00,
48,3,bottom,host,210,240,90,62,0.00,
48,3,bottom,other,511.808,245.736,235,128,0.00,
48,4,bottom,host,220,240,90,62,0.00,
48,4,bottom,other,503.616,251.472,235,128,0.00,
48,5,bottom,host,230,240,90,62,0.00,
48,5,bottom,other,495.424,257.208,235,128,0.00,
48,6,bottom,host,240,240,90,62,0.00,
48,6,bottom,other,487.232,262.944,235,128,0.00,
48,7,bottom,host,250,240,90,62,0.00,
48,7,bottom,other,479.04,268.68,235,128,0.00,
48,8,bottom,host,260,240,90,62,0.00,
48,8,bottom,other,470.848,274.416,235,128,0.00,
48,9,bottom,host,270,240,90,62,0.00,
48,9,bottom,other,462.656,280.152,235,128,0.00,
48,10,bottom,host,280,240,90,62,0.00,
48,10,bottom,other,454.464,285.888,235,128,0.00,
48,11,bottom,host,290,240,90,62,0.00,
48,11,bottom,other,446.272,291.624,235,128,0.00,
48,12,bottom,host,300,240,90,62,0.00,
48,12,bottom,other,438.08,297.36,235,128,0.00,
48,13,bottom,host,310,240,90,62,0.00,
48,13,bottom,other,429.888,303.096,235,128,0.00,
48,14,bottom,host,320,240,90,62,0.00,
48,14,bottom,other,421.696,308.832,235,128,0.00,
48,15,bottom,host,330,240,90,62,0.00,
48,15,bottom,other,413.504,314.568,235,128,0.00,
48,16,bottom,host,340,240,90,62,0.00,
48,16,bottom,other,405.312,320.304,235,128,0.00,
48,17,bottom,host,350,240,90,62,0.00,
48,17,bottom,other,397.12,326.04,235,128,0.00,
48,18,bottom,host,360,240,90,62,0.00,
48,18,bottom,other,388.928,331.776,235,128,0.00,
48,19,bottom,host,370,240,90,62,0.00,
48,19,bottom,other,380.736,337.512,235,128,0.00,
48,20,bottom,host,380,240,90,62,0.00,
48,20,bottom,other,372.544,343.248,235,128,0.00,
48,21,bottom,host,390,240,90,63,0.00,
48,21,bottom,other,364.352,348.984,235,132,0.00,
48,22,bottom,host,390,240,90,63,0.00,
48,22,bottom,other,364.352,348.984,235,132,0.00,
48,23,bottom,host,390,240,90,63,0.00,
48,23,bottom,other,364.352,348.984,235,132,0.00,
49,1,bottom,host,190,240,90,63,0.00,
49,1,bottom,other,530,240,270,132,0.00,
49,2,bottom,host,200,240,90,63,0.00,
49,2,bottom,other,521.808,245.736,235,132,0.00,
49,3,bottom,host,210,240,90,63,0.00,
49,3,bottom,other,513.616,251.472,235,132,0.00,
49,4,bottom,host,220,240,90,63,0.00,
49,4,bottom,other,505.424,257.208,235,132,0.00,
49,5,bottom,host,230,240,90,63,0.00,
49,5,bottom,other,497.232,262.944,235,132,0.00,
49,6,bottom,host,240,240,90,63,0.00,
49,6,bottom,other,489.04,268.68,235,132,0.00,
49,7,bottom,host,250,240,90,63,0.00,
49,7,bottom,other,480.848,274.416,235,132,0.00,
49,8,bottom,host,260,240,90,63,0.00,
49,8,bottom,other,472.656,280.152,235,132,0.00,
49,9,bottom,host,270,240,90,63,0.00,
49,9,bottom,other,464.464,285.888,235,132,0.00,
49,10,bottom,host,280,240,90,63,0.00,
49,10,bottom,other,456.272,291.624,235,132,0.00,
49,11,bottom,host,290,240,90,63,0.00,
49,11,bottom,other,448.08,297.36,235,132,0.00,
49,12,bottom,host,300,240,90,63,0.00,
49,12,bottom,other,439.888,303.096,235,132,0.00,
49,13,bottom,host,310,240,90,63,0.00,
49,13,bottom,other,431.696,308.832,235,132,0.00,
49,14,bottom,host,320,240,90,63,0.00,
49,14,bottom,other,423.504,314.568,235,132,0.00,
49,15,bottom,host,330,240,90,63,0.00,
49,15,bottom,other,415.312,320.304,235,132,0.00,
49,16,bottom,host,340,240,90,63,0.00,
49,16,bottom,other,407.12,326.04,235,132,0.00,
49,17,bottom,host,350,240,90,63,0.00,
49,17,bottom,other,398.928,331.776,235,132,0.00,
49,18,bottom,host,360,240,90,63,0.00,
49,18,bottom,other,390.736,337.512,235,132,0.00,
49,19,bottom,host,370,240,90,63,0.00,
49,19,bottom,other,382.544,343.248,235,132,0.00,
49,20,bottom,host,380,240,90,63,0.00,
49,20,bottom,other,374.352,348.984,235,132,0.00,
49,21,bottom,host,390,240,90,64,0.00,
49,21,bottom,other,366.16,354.72,235,136,0.00,
49,22,bottom,host,390,240,90,64,0.00,
49,22,bottom,other,366.16,354.72,235,136,0.00,
49,23,bottom,host,390,240,90,64,0.00,
49,23,bottom,other,366.16,354.72,235,136,0.00,
50,1,top,host,190,240,90,64,0.00,
50,1,top,other,530,240,270,136,0.00,
50,2,top,host,200,240,90,64,0.00,
50,2,top,other,520,240,270,136,0.00,
50,3,top,host,210,240,90,64,0.00,
50,3,top,other,510,240,270,136,0.00,
50,4,top,host,220,240,90,64,0.00,
50,4,top,other,500,240,270,136,0.00,
50,5,top,host,230,240,90,64,0.00,
50,5,top,other,490,240,270,136,0.00,
50,6,top,host,240,240,90,64,0.00,
50,6,top,other,480,240,270,136,0.00,
50,7,top,host,250,240,90,64,0.00,
50,7,top,other,472.569,233.309,312,136,0.00,
50,8,top,host,260,240,90,64,0.00,
50,8,top,other,465.138,226.618,312,136,0.00,
50,9,top,host,270,240,90,64,0.00,
50,9,top,other,457.707,219.927,312,136,0.00,
50,10,top,host,280,240,90,64,0.00,
50,10,top,other,450.276,213.236,312,136,0.00,
50,11,top,host,290,240,90,64,0.00,
50,11,top,other,442.845,206.545,312,136,0.00,
50,12,top,host,300,240,90,64,0.00,
50,12,top,other,435.414,199.854,312,136,0.00,
50,13,top,host,310,240,90,64,0.00,
50,13,top,other,427.983,193.163,312,136,0.00,
50,14,top,host,320,240,90,64,0.00,
50,14,top,other,420.552,186.472,312,136,0.00,
50,15,top,host,330,240,90,64,0.00,
50,15,top,other,413.121,179.781,312,136,0.00,
50,16,top,host,340,240,90,64,0.00,
50,16,top,other,405.69,173.09,312,136,0.00,
50,17,top,host,350,240,90,64,0.00,
50,17,top,other,398.259,166.399,312,136,0.00,
50,18,top,host,360,240,90,64,0.00,
50,18,top,other,390.828,159.708,312,136,0.00,
50,19,top,host,370,240,90,64,0.00,
50,19,top,other,383.397,153.017,312,136,0.00,
50,20,top,host,380,240,90,64,0.00,
50,20,top,other,375.966,146.326,312,136,0.00,
50,21,top,host,390,240,90,64,0.00,
50,21,top,other,368.535,139.635,312,136,0.00,
50,22,top,host,400,240,90,65,0.00,
50,22,top,other,361.104,132.944,312,140,0.00,
50,23,top,host,400,240,90,65,0.00,
50,23,top,other,361.104,132.944,312,140,0.00,
50,24,top,host,400,240,90,65,0.00,
50,24,top,other,361.104,132.944,312,140,0.00,
51,1,top,host,190,240,90,65,0.00,
51,1,top,other,530,240,270,140,0.00,
