1,1,bottom,other,530,240,270,0,0.00,
1,1,bottom,host,190,240,90,0,0.00,
1,2,bottom,host,200,240,90,0,0.00,
1,2,bottom,other,520,240,270,0,0.00,
1,3,bottom,host,210,240,90,0,0.00,
1,3,bottom,other,512.12,246.157,232,0,0.00,
1,4,bottom,host,220,240,90,0,0.00,
1,4,bottom,other,504.24,252.314,232,0,0.00,
1,5,bottom,host,227.547,233.439,49,0,0.00,
1,5,bottom,other,496.36,258.471,232,0,0.00,
1,6,bottom,host,235.094,226.878,49,0,0.00,
1,6,bottom,other,488.48,264.628,232,0,0.00,
1,7,bottom,host,242.641,220.317,49,0,0.00,
1,7,bottom,other,480.6,270.785,232,0,0.00,
1,8,bottom,host,250.188,213.756,49,0,0.00,
1,8,bottom,other,472.72,276.942,232,0,0.00,
1,9,bottom,host,257.735,207.195,49,0,0.00,
1,9,bottom,other,464.84,283.099,232,0,0.00,
1,10,bottom,host,265.282,200.634,49,0,0.00,
1,10,bottom,other,456.96,289.256,232,0,0.00,
1,11,bottom,host,272.829,194.073,49,0,0.00,
1,11,bottom,other,449.08,295.413,232,0,0.00,
1,12,bottom,host,280.376,187.512,49,0,0.00,
1,12,bottom,other,441.2,301.57,232,0,0.00,
1,13,bottom,host,287.923,180.951,49,0,0.00,
1,13,bottom,other,433.32,307.727,232,0,0.00,
1,14,bottom,host,295.47,174.39,49,0,0.00,
1,14,bottom,other,425.44,313.884,232,0,0.00,
1,15,bottom,host,303.017,167.829,49,0,0.00,
1,15,bottom,other,417.56,320.041,232,0,0.00,
1,16,bottom,host,310.564,161.268,49,0,0.00,
1,16,bottom,other,409.68,326.198,232,0,0.00,
1,17,bottom,host,318.111,154.707,49,0,0.00,
1,17,bottom,other,401.8,332.355,232,0,0.00,
1,18,bottom,host,325.658,148.146,49,0,0.00,
1,18,bottom,other,393.92,338.512,232,0,0.00,
1,19,bottom,host,333.205,141.585,49,0,0.00,
1,19,bottom,other,386.04,344.669,232,0,0.00,
1,20,bottom,host,340.752,135.024,49,0,0.00,
1,20,bottom,other,378.16,350.826,232,0,0.00,
1,21,bottom,host,348.299,128.463,49,1,0.00,
1,21,bottom,other,370.28,356.983,232,4,0.00,
1,22,bottom,host,348.299,128.463,49,1,0.00,
1,22,bottom,other,370.28,356.983,232,4,0.00,
1,23,bottom,host,348.299,128.463,49,1,0.00,
1,23,bottom,other,370.28,356.983,232,4,0.00,
2,1,top,host,188.572,234.85,59,1,0.00,
2,1,top,other,530,240,270,4,0.00,
2,2,top,host,197.144,229.7,59,1,0.00,
2,2,top,other,521.613,234.554,303,4,0.00,
2,3,top,host,205.716,224.55,59,1,0.00,
2,3,top,other,513.226,229.108,303,4,0.00,
2,4,top,host,213.376,230.978,130,1,0.00,
2,4,top,other,504.839,223.662,303,4,0.00,
2,5,top,host,221.036,237.406,130,1,0.00,
2,5,top,other,496.452,218.216,303,4,0.00,
2,6,top,host,228.696,243.834,130,1,0.00,
2,6,top,other,488.065,212.77,303,4,0.00,
2,7,top,host,236.356,250.262,130,1,0.00,
2,7,top,other,479.678,207.324,303,4,0.00,
2,8,top,host,244.016,256.69,130,1,0.00,
2,8,top,other,471.291,201.878,303,4,0.00,
2,9,top,host,251.676,263.118,130,1,0.00,
2,9,top,other,462.904,196.432,303,4,0.00,
2,10,top,host,259.336,269.546,130,1,0.00,
2,10,top,other,454.517,190.986,303,4,0.00,
2,11,top,host,266.996,275.974,130,1,0.00,
2,11,top,other,446.13,185.54,303,4,0.00,
2,12,top,host,274.656,282.402,130,1,0.00,
2,12,top,other,437.743,180.094,303,4,0.00,
2,13,top,host,282.316,288.83,130,1,0.00,
2,13,top,other,429.356,174.648,303,4,0.00,
2,14,top,host,289.976,295.258,130,1,0.00,
2,14,top,other,420.969,169.202,303,4,0.00,
2,15,top,host,297.636,301.686,130,1,0.00,
2,15,top,other,412.582,163.756,303,4,0.00,
2,16,top,host,305.296,308.114,130,1,0.00,
2,16,top,other,404.195,158.31,303,4,0.00,
2,17,top,host,312.956,314.542,130,1,0.00,
2,17,top,other,395.808,152.864,303,4,0.00,
2,18,top,host,320.616,320.97,130,1,0.00,
2,18,top,other,387.421,147.418,303,4,0.00,
2,19,top,host,328.276,327.398,130,1,0.00,
2,19,top,other,379.034,141.972,303,4,0.00,
2,20,top,host,335.936,333.826,130,1,0.00,
2,20,top,other,370.647,136.526,303,4,0.00,
2,21,top,host,343.596,340.254,130,2,0.00,
2,21,top,other,362.26,131.08,303,8,0.00,
2,22,top,host,343.596,340.254,130,2,0.00,
2,22,top,other,362.26,131.08,303,8,0.00,
2,23,top,host,343.596,340.254,130,2,0.00,
2,23,top,other,362.26,131.08,303,8,0.00,
3,1,bottom,host,188.48,245.299,122,2,0.00,
3,1,bottom,other,530,240,270,8,0.00,
3,2,bottom,host,196.96,250.598,122,2,0.00,
3,2,bottom,other,521.91,245.878,234,8,0.00,
3,3,bottom,host,205.44,255.897,122,2,0.00,
3,3,bottom,other,513.82,251.756,234,8,0.00,
3,4,bottom,host,213.92,261.196,122,2,0.00,
3,4,bottom,other,505.73,257.634,234,8,0.00,
3,5,bottom,host,221.234,254.376,47,2,0.00,
3,5,bottom,other,497.64,263.512,234,8,0.00,
3,6,bottom,host,228.548,247.556,47,2,0.00,
3,6,bottom,other,489.55,269.39,234,8,0.00,
3,7,bottom,host,235.862,240.736,47,2,0.00,
3,7,bottom,other,481.46,275.268,234,8,0.00,
3,8,bottom,host,243.176,233.916,47,2,0.00,
3,8,bottom,other,473.37,281.146,234,8,0.00,
3,9,bottom,host,250.49,227.096,47,2,0.00,
3,9,bottom,other,465.28,287.024,234,8,0.00,
3,10,bottom,host,257.804,220.276,47,2,0.00,
3,10,bottom,other,457.19,292.902,234,8,0.00,
3,11,bottom,host,265.118,213.456,47,2,0.00,
3,11,bottom,other,449.1,298.78,234,8,0.00,
3,12,bottom,host,272.432,206.636,47,2,0.00,
3,12,bottom,other,441.01,304.658,234,8,0.00,
3,13,bottom,host,279.746,199.816,47,2,0.00,
3,13,bottom,other,432.92,310.536,234,8,0.00,
3,14,bottom,host,287.06,192.996,47,2,0.00,
3,14,bottom,other,424.83,316.414,234,8,0.00,
3,15,bottom,host,294.374,186.176,47,2,0.00,
3,15,bottom,other,416.74,322.292,234,8,0.00,
3,16,bottom,host,301.688,179.356,47,2,0.00,
3,16,bottom,other,408.65,328.17,234,8,0.00,
3,17,bottom,host,309.002,172.536,47,2,0.00,
3,17,bottom,other,400.56,334.048,234,8,0.00,
3,18,bottom,host,316.316,165.716,47,2,0.00,
3,18,bottom,other,392.47,339.926,234,8,0.00,
3,19,bottom,host,323.63,158.896,47,2,0.00,
3,19,bottom,other,384.38,345.804,234,8,0.00,
3,20,bottom,host,330.944,152.076,47,2,0.00,
3,20,bottom,other,376.29,351.682,234,8,0.00,
3,21,bottom,host,338.258,145.256,47,3,0.00,
3,21,bottom,other,368.2,357.56,234,12,0.00,
3,22,bottom,host,338.258,145.256,47,3,0.00,
3,22,bottom,other,368.2,357.56,234,12,0.00,
3,23,bottom,host,338.258,145.256,47,3,0.00,
3,23,bottom,other,368.2,357.56,234,12,0.00,
4,1,top,host,188.387,234.554,57,3,0.00,
4,1,top,other,530,240,270,12,0.00,
4,2,top,host,196.047,240.982,130,3,0.00,
4,2,top,other,522.014,233.982,307,12,0.00,
4,3,top,host,203.707,247.41,130,3,0.00,
4,3,top,other,514.028,227.964,307,12,0.00,
4,4,top,host,211.899,253.146,125,3,0.00,
4,4,top,other,506.042,221.946,307,12,0.00,
4,5,top,host,220.091,258.882,125,3,0.00,
4,5,top,other,498.056,215.928,307,12,0.00,
4,6,top,host,228.283,264.618,125,3,0.00,
4,6,top,other,490.07,209.91,307,12,0.00,
4,7,top,host,236.475,270.354,125,3,0.00,
4,7,top,other,482.084,203.892,307,12,0.00,
4,8,top,host,244.667,276.09,125,3,0.00,
4,8,top,other,474.098,197.874,307,12,0.00,
4,9,top,host,252.859,281.826,125,3,0.00,
4,9,top,other,466.112,191.856,307,12,0.00,
4,10,top,host,261.051,287.562,125,3,0.00,
4,10,top,other,458.126,185.838,307,12,0.00,
4,11,top,host,269.243,293.298,125,3,0.00,
4,11,top,other,450.14,179.82,307,12,0.00,
4,12,top,host,277.435,299.034,125,3,0.00,
4,12,top,other,442.154,173.802,307,12,0.00,
4,13,top,host,285.627,304.77,125,3,0.00,
4,13,top,other,434.168,167.784,307,12,0.00,
4,14,top,host,293.819,310.506,125,3,0.00,
4,14,top,other,426.182,161.766,307,12,0.00,
4,15,top,host,302.011,316.242,125,3,0.00,
4,15,top,other,418.196,155.748,307,12,0.00,
4,16,top,host,310.203,321.978,125,3,0.00,
4,16,top,other,410.21,149.73,307,12,0.00,
4,17,top,host,318.395,327.714,125,3,0.00,
4,17,top,other,402.224,143.712,307,12,0.00,
4,18,top,host,326.587,333.45,125,3,0.00,
4,18,top,other,394.238,137.694,307,12,0.00,
4,19,top,host,334.779,339.186,125,3,0.00,
4,19,top,other,386.252,131.676,307,12,0.00,
4,20,top,host,342.971,344.922,125,3,0.00,
4,20,top,other,378.266,125.658,307,12,0.00,
4,21,top,host,351.163,350.658,125,4,0.00,
4,21,top,other,370.28,119.64,307,16,0.00,
4,22,top,host,351.163,350.658,125,4,0.00,
4,22,top,other,370.28,119.64,307,16,0.00,
4,23,top,host,351.163,350.658,125,4,0.00,
4,23,top,other,370.28,119.64,307,16,0.00,
5,1,top,host,188.29,234.408,56,4,0.00,
5,1,top,other,530,240,270,16,0.00,
5,2,top,host,196.58,228.816,56,4,0.00,
5,2,top,other,521.808,234.264,305,16,0.00,
5,3,top,host,204.87,223.224,56,4,0.00,
5,3,top,other,513.718,228.386,306,16,0.00,
5,4,top,host,213.16,217.632,56,4,0.00,
5,4,top,other,505.628,222.508,306,16,0.00,
5,5,top,host,221.45,212.04,56,4,0.00,
5,5,top,other,497.538,216.63,306,16,0.00,
5,6,top,host,229.74,206.448,56,4,0.00,
5,6,top,other,489.448,210.752,306,16,0.00,
5,7,top,host,238.03,200.856,56,4,0.00,
5,7,top,other,481.358,204.874,306,16,0.00,
5,8,top,host,246.32,195.264,56,4,0.00,
5,8,top,other,473.268,198.996,306,16,0.00,
5,9,top,host,254.61,189.672,56,4,0.00,
5,9,top,other,465.178,193.118,306,16,0.00,
5,10,top,host,262.9,184.08,56,4,0.00,
5,10,top,other,457.088,187.24,306,16,0.00,
5,11,top,host,271.19,178.488,56,4,0.00,
5,11,top,other,448.998,181.362,306,16,0.00,
5,12,top,host,279.48,172.896,56,4,0.00,
5,12,top,other,440.908,175.484,306,16,0.00,
5,13,top,host,287.77,167.304,56,4,0.00,
5,13,top,other,432.818,169.606,306,16,0.00,
5,14,top,host,296.06,161.712,56,4,0.00,
5,14,top,other,424.728,163.728,306,16,0.00,
5,15,top,host,304.35,156.12,56,4,0.00,
5,15,top,other,416.638,157.85,306,16,0.00,
5,16,top,host,312.64,150.528,56,4,0.00,
5,16,top,other,408.548,151.972,306,16,0.00,
5,17,top,host,320.93,144.936,56,4,0.00,
5,17,top,other,400.458,146.094,306,16,0.00,
5,18,top,host,329.22,139.344,56,4,0.00,
5,18,top,other,392.368,140.216,306,16,0.00,
5,19,top,host,337.51,133.752,56,4,0.00,
5,19,top,other,384.278,134.338,306,16,0.00,
5,20,top,host,345.8,128.16,56,4,0.00,
5,20,top,other,376.188,128.46,306,16,0.00,
5,21,top,host,345.8,128.16,56,4,0.00,
5,21,top,other,376.188,128.46,306,16,0.00,
5,22,top,host,345.8,128.16,56,4,0.00,
5,22,top,other,376.188,128.46,306,16,0.00,
6,1,bottom,host,188.387,245.446,123,4,0.00,
6,1,bottom,other,530,240,270,16,0.00,
6,2,bottom,host,196.774,250.892,123,4,0.00,
6,2,bottom,other,521.91,245.878,234,16,0.00,
6,3,bottom,host,205.161,256.338,123,4,0.00,
6,3,bottom,other,513.82,251.756,234,16,0.00,
6,4,bottom,host,213.548,261.784,123,4,0.00,
6,4,bottom,other,505.73,257.634,234,16,0.00,
6,5,bottom,host,221.935,267.23,123,4,0.00,
6,5,bottom,other,497.64,263.512,234,16,0.00,
6,6,bottom,host,230.322,272.676,123,4,0.00,
6,6,bottom,other,489.55,269.39,234,16,0.00,
6,7,bottom,host,238.709,278.122,123,4,0.00,
6,7,bottom,other,481.46,275.268,234,16,0.00,
6,8,bottom,host,247.096,283.568,123,4,0.00,
6,8,bottom,other,473.37,281.146,234,16,0.00,
6,9,bottom,host,255.483,289.014,123,4,0.00,
6,9,bottom,other,465.28,287.024,234,16,0.00,
6,10,bottom,host,263.87,294.46,123,4,0.00,
6,10,bottom,other,457.19,292.902,234,16,0.00,
6,11,bottom,host,272.257,299.906,123,4,0.00,
6,11,bottom,other,449.1,298.78,234,16,0.00,
6,12,bottom,host,280.644,305.352,123,4,0.00,
6,12,bottom,other,441.01,304.658,234,16,0.00,
6,13,bottom,host,289.031,310.798,123,4,0.00,
6,13,bottom,other,432.92,310.536,234,16,0.00,
6,14,bottom,host,297.418,316.244,123,4,0.00,
6,14,bottom,other,424.83,316.414,234,16,0.00,
6,15,bottom,host,305.805,321.69,123,4,0.00,
6,15,bottom,other,416.74,322.292,234,16,0.00,
6,16,bottom,host,314.192,327.136,123,4,0.00,
6,16,bottom,other,408.65,328.17,234,16,0.00,
6,17,bottom,host,322.579,332.582,123,4,0.00,
6,17,bottom,other,400.56,334.048,234,16,0.00,
6,18,bottom,host,330.966,338.028,123,4,0.00,
6,18,bottom,other,392.47,339.926,234,16,0.00,
6,19,bottom,host,339.353,343.474,123,4,0.00,
6,19,bottom,other,384.38,345.804,234,16,0.00,
6,20,bottom,host,347.74,348.92,123,4,0.00,
6,20,bottom,other,376.29,351.682,234,16,0.00,
6,21,bottom,host,347.74,348.92,123,4,0.00,
6,21,bottom,other,376.29,351.682,234,16,0.00,
6,22,bottom,host,347.74,348.92,123,4,0.00,
6,22,bottom,other,376.29,351.682,234,16,0.00,
7,1,bottom,host,188.387,245.446,123,4,0.00,
7,1,bottom,other,530,240,270,16,0.00,
7,2,bottom,host,196.774,250.892,123,4,0.00,
7,2,bottom,other,521.71,245.592,236,16,0.00,
7,3,bottom,host,205.161,256.338,123,4,0.00,
7,3,bottom,other,513.42,251.184,236,16,0.00,
7,4,bottom,host,213.548,261.784,123,4,0.00,
7,4,bottom,other,505.13,256.776,236,16,0.00,
7,5,bottom,host,221.935,267.23,123,4,0.00,
7,5,bottom,other,496.84,262.368,236,16,0.00,
7,6,bottom,host,230.322,272.676,123,4,0.00,
7,6,bottom,other,488.55,267.96,236,16,0.00,
7,7,bottom,host,238.709,278.122,123,4,0.00,
7,7,bottom,other,480.26,273.552,236,16,0.00,
7,8,bottom,host,247.096,283.568,123,4,0.00,
7,8,bottom,other,471.97,279.144,236,16,0.00,
7,9,bottom,host,255.483,289.014,123,4,0.00,
7,9,bottom,other,463.68,284.736,236,16,0.00,
7,10,bottom,host,263.87,294.46,123,4,0.00,
7,10,bottom,other,455.39,290.328,236,16,0.00,
7,11,bottom,host,272.257,299.906,123,4,0.00,
7,11,bottom,other,447.1,295.92,236,16,0.00,
7,12,bottom,host,280.644,305.352,123,4,0.00,
7,12,bottom,other,438.81,301.512,236,16,0.00,
7,13,bottom,host,289.031,310.798,123,4,0.00,
7,13,bottom,other,430.52,307.104,236,16,0.00,
7,14,bottom,host,297.418,316.244,123,4,0.00,
7,14,bottom,other,422.23,312.696,236,16,0.00,
7,15,bottom,host,305.805,321.69,123,4,0.00,
7,15,bottom,other,413.94,318.288,236,16,0.00,
7,16,bottom,host,314.192,327.136,123,4,0.00,
7,16,bottom,other,405.65,323.88,236,16,0.00,
7,17,bottom,other,397.36,329.472,236,16,0.00,
7,17,bottom,host,322.579,332.582,123,4,0.00,
7,18,bottom,host,330.966,338.028,123,4,0.00,
7,18,bottom,other,389.07,335.064,236,16,0.00,
7,19,bottom,host,339.353,343.474,123,4,0.00,
7,19,bottom,other,380.78,340.656,236,16,0.00,
7,20,bottom,host,347.74,348.92,123,4,0.00,
7,20,bottom,other,372.49,346.248,236,16,0.00,
7,21,bottom,host,347.74,348.92,123,4,0.00,
7,21,bottom,other,372.49,346.248,236,16,0.00,
7,22,bottom,host,347.74,348.92,123,4,0.00,
7,22,bottom,other,372.49,346.248,236,16,0.00,
8,1,bottom,host,190,240,90,4,0.00,
8,1,bottom,other,530,240,270,16,0.00,
8,2,bottom,host,200,240,90,4,0.00,
8,2,bottom,other,521.71,234.408,304,16,0.00,
8,3,bottom,host,210,240,90,4,0.00,
8,3,bottom,other,513.42,228.816,304,16,0.00,
8,4,bottom,host,220,240,90,4,0.00,
8,4,bottom,other,505.13,223.224,304,16,0.00,
8,5,bottom,host,227.66,246.428,130,4,0.00,
8,5,bottom,other,496.84,217.632,304,16,0.00,
8,6,bottom,host,235.32,252.856,130,4,0.00,
8,6,bottom,other,488.55,212.04,304,16,0.00,
8,7,bottom,host,242.98,259.284,130,4,0.00,
8,7,bottom,other,480.26,206.448,304,16,0.00,
8,8,bottom,host,250.64,265.712,130,4,0.00,
8,8,bottom,other,471.97,200.856,304,16,0.00,
8,9,bottom,host,258.3,272.14,130,4,0.00,
8,9,bottom,other,463.68,195.264,304,16,0.00,
8,10,bottom,host,265.96,278.568,130,4,0.00,
8,10,bottom,other,455.39,189.672,304,16,0.00,
8,11,bottom,host,273.62,284.996,130,4,0.00,
8,11,bottom,other,447.1,184.08,304,16,0.00,
8,12,bottom,host,281.28,291.424,130,4,0.00,
8,12,bottom,other,438.81,178.488,304,16,0.00,
8,13,bottom,host,288.94,297.852,130,4,0.00,
8,13,bottom,other,430.52,172.896,304,16,0.00,
8,14,bottom,host,296.6,304.28,130,4,0.00,
8,14,bottom,other,422.23,167.304,304,16,0.00,
8,15,bottom,host,304.26,310.708,130,4,0.00,
8,15,bottom,other,413.94,161.712,304,16,0.00,
8,16,bottom,host,311.92,317.136,130,4,0.00,
8,16,bottom,other,405.65,156.12,304,16,0.00,
8,17,bottom,host,319.58,323.564,130,4,0.00,
8,17,bottom,other,397.36,150.528,304,16,0.00,
8,18,bottom,host,327.24,329.992,130,4,0.00,
8,18,bottom,other,389.07,144.936,304,16,0.00,
8,19,bottom,host,334.9,336.42,130,4,0.00,
8,19,bottom,other,380.78,139.344,304,16,0.00,
8,20,bottom,host,342.56,342.848,130,4,0.00,
8,20,bottom,other,372.49,133.752,304,16,0.00,
8,21,bottom,host,350.22,349.276,130,8,0.00,
8,21,bottom,other,364.2,128.16,304,17,0.00,
8,22,bottom,host,350.22,349.276,130,8,0.00,
8,22,bottom,other,364.2,128.16,304,17,0.00,
8,23,bottom,host,350.22,349.276,130,8,0.00,
8,23,bottom,other,364.2,128.16,304,17,0.00,
9,1,top,host,188.29,234.408,56,8,0.00,
9,1,top,other,530,240,270,17,0.00,
9,2,top,host,196.58,228.816,56,8,0.00,
9,2,top,other,521.71,234.408,304,17,0.00,
9,3,top,host,204.87,223.224,56,8,0.00,
9,3,top,other,513.42,228.816,304,17,0.00,
9,4,top,host,213.16,217.632,56,8,0.00,
9,4,top,other,505.13,223.224,304,17,0.00,
9,5,top,host,220.107,224.825,136,8,0.00,
9,5,top,other,496.84,217.632,304,17,0.00,
9,6,top,host,227.421,231.645,133,8,0.00,
9,6,top,other,488.55,212.04,304,17,0.00,
9,7,top,host,234.614,238.592,134,8,0.00,
9,7,top,other,480.26,206.448,304,17,0.00,
9,8,top,host,241.807,245.539,134,8,0.00,
9,8,top,other,471.97,200.856,304,17,0.00,
9,9,top,host,249,252.486,134,8,0.00,
9,9,top,other,463.68,195.264,304,17,0.00,
9,10,top,host,256.193,259.433,134,8,0.00,
9,10,top,other,455.39,189.672,304,17,0.00,
9,11,top,host,263.386,266.38,134,8,0.00,
9,11,top,other,447.1,184.08,304,17,0.00,
9,12,top,host,270.579,273.327,134,8,0.00,
9,12,top,other,438.81,178.488,304,17,0.00,
9,13,top,host,277.772,280.274,134,8,0.00,
9,13,top,other,430.52,172.896,304,17,0.00,
9,14,top,host,284.965,287.221,134,8,0.00,
9,14,top,other,422.23,167.304,304,17,0.00,
9,15,top,host,292.158,294.168,134,8,0.00,
9,15,top,other,413.94,161.712,304,17,0.00,
9,16,top,host,299.351,301.115,134,8,0.00,
9,16,top,other,405.65,156.12,304,17,0.00,
9,17,top,host,306.544,308.062,134,8,0.00,
9,17,top,other,397.36,150.528,304,17,0.00,
9,18,top,host,313.737,315.009,134,8,0.00,
9,18,top,other,389.07,144.936,304,17,0.00,
9,19,top,host,320.93,321.956,134,8,0.00,
9,19,top,other,380.78,139.344,304,17,0.00,
9,20,top,host,328.123,328.903,134,8,0.00,
9,20,top,other,372.49,133.752,304,17,0.00,
9,21,top,host,335.316,335.85,134,9,0.00,
9,21,top,other,364.2,128.16,304,21,0.00,
9,22,top,host,335.316,335.85,134,9,0.00,
9,22,top,other,364.2,128.16,304,21,0.00,
9,23,top,host,335.316,335.85,134,9,0.00,
9,23,top,other,364.2,128.16,304,21,0.00,
10,1,bottom,host,186.561,247.547,139,9,0.00,
10,1,bottom,other,530,240,270,21,0.00,
10,2,bottom,host,193.122,255.094,139,9,0.00,
10,2,bottom,other,521.91,245.878,234,21,0.00,
10,3,bottom,host,199.683,262.641,139,9,0.00,
10,3,bottom,other,513.82,251.756,234,21,0.00,
10,4,bottom,host,207.973,268.233,124,9,0.00,
10,4,bottom,other,505.73,257.634,234,21,0.00,
10,5,bottom,host,216.263,273.825,124,9,0.00,
10,5,bottom,other,497.64,263.512,234,21,0.00,
10,6,bottom,host,224.553,279.417,124,9,0.00,
10,6,bottom,other,490.693,256.319,316,21,0.00,
10,7,bottom,host,232.843,285.009,124,9,0.00,
10,7,bottom,other,483.746,249.126,316,21,0.00,
10,8,bottom,host,241.133,290.601,124,9,0.00,
10,8,bottom,other,476.799,241.933,316,21,0.00,
10,9,bottom,host,249.423,296.193,124,9,0.00,
10,9,bottom,other,469.979,234.619,317,21,0.00,
10,10,bottom,host,257.713,301.785,124,9,0.00,
10,10,bottom,other,463.159,227.305,317,21,0.00,
10,11,bottom,host,266.373,306.785,120,9,0.00,
10,11,bottom,other,456.339,219.991,317,21,0.00,
10,12,bottom,host,275.033,311.785,120,9,0.00,
10,12,bottom,other,449.519,212.677,317,21,0.00,
10,13,bottom,host,283.693,316.785,120,9,0.00,
10,13,bottom,other,442.699,205.363,317,21,0.00,
10,14,bottom,host,292.353,321.785,120,9,0.00,
10,14,bottom,other,435.879,198.049,317,21,0.00,
10,15,bottom,host,301.013,326.785,120,9,0.00,
10,15,bottom,other,429.059,190.735,317,21,0.00,
10,16,bottom,host,309.673,331.785,120,9,0.00,
10,16,bottom,other,422.239,183.421,317,21,0.00,
10,17,bottom,host,318.333,336.785,120,9,0.00,
10,17,bottom,other,415.419,176.107,317,21,0.00,
10,18,bottom,host,326.993,341.785,120,9,0.00,
10,18,bottom,other,408.599,168.793,317,21,0.00,
10,19,bottom,host,335.653,346.785,120,9,0.00,
10,19,bottom,other,401.779,161.479,317,21,0.00,
10,20,bottom,host,344.313,351.785,120,13,0.00,
10,20,bottom,other,394.959,154.165,317,22,0.00,
10,21,bottom,host,344.313,351.785,120,13,0.00,
10,21,bottom,other,394.959,154.165,317,22,0.00,
10,22,bottom,host,344.313,351.785,120,13,0.00,
10,22,bottom,other,394.959,154.165,317,22,0.00,
11,1,top,host,188.387,245.446,123,13,0.00,
11,1,top,other,530,240,270,22,0.00,
11,2,top,host,196.774,250.892,123,13,0.00,
11,2,top,other,521.613,234.554,303,22,0.00,
11,3,top,host,205.161,256.338,123,13,0.00,
11,3,top,other,513.226,229.108,303,22,0.00,
11,4,top,host,213.548,261.784,123,13,0.00,
11,4,top,other,504.839,223.662,303,22,0.00,
11,5,top,host,221.935,267.23,123,13,0.00,
11,5,top,other,496.452,218.216,303,22,0.00,
11,6,top,host,230.322,272.676,123,13,0.00,
11,6,top,other,488.065,212.77,303,22,0.00,
11,7,top,host,238.709,278.122,123,13,0.00,
11,7,top,other,479.678,207.324,303,22,0.00,
11,8,top,host,247.096,283.568,123,13,0.00,
11,8,top,other,471.291,201.878,303,22,0.00,
11,9,top,host,255.483,289.014,123,13,0.00,
11,9,top,other,462.904,196.432,303,22,0.00,
11,10,top,host,263.87,294.46,123,13,0.00,
11,10,top,other,454.517,190.986,303,22,0.00,
11,11,top,host,272.257,299.906,123,13,0.00,
11,11,top,other,446.13,185.54,303,22,0.00,
11,12,top,host,280.644,305.352,123,13,0.00,
11,12,top,other,437.743,180.094,303,22,0.00,
11,13,top,host,289.031,310.798,123,13,0.00,
11,13,top,other,429.356,174.648,303,22,0.00,
11,14,top,host,297.418,316.244,123,13,0.00,
11,14,top,other,420.969,169.202,303,22,0.00,
11,15,top,host,305.805,321.69,123,13,0.00,
11,15,top,other,412.582,163.756,303,22,0.00,
11,16,top,host,314.192,327.136,123,13,0.00,
11,16,top,other,404.195,158.31,303,22,0.00,
11,17,top,host,322.579,332.582,123,13,0.00,
11,17,top,other,395.808,152.864,303,22,0.00,
11,18,top,host,330.966,338.028,123,13,0.00,
11,18,top,other,387.421,147.418,303,22,0.00,
11,19,top,host,339.353,343.474,123,13,0.00,
11,19,top,other,379.034,141.972,303,22,0.00,
11,20,top,host,347.74,348.92,123,14,0.00,
11,20,top,other,370.647,136.526,303,26,0.00,
11,21,top,host,347.74,348.92,123,14,0.00,
11,21,top,other,370.647,136.526,303,26,0.00,
11,22,top,host,347.74,348.92,123,14,0.00,
11,22,top,other,370.647,136.526,303,26,0.00,
12,1,top,host,188.29,234.408,56,14,0.00,
12,1,top,other,531.71,234.408,304,26,0.00,
12,2,top,host,196.58,228.816,56,14,0.00,
12,2,top,other,523.42,228.816,304,26,0.00,
12,3,top,host,204.87,223.224,56,14,0.00,
12,3,top,other,515.13,223.224,304,26,0.00,
12,4,top,host,213.16,217.632,56,14,0.00,
12,4,top,other,506.84,217.632,304,26,0.00,
12,5,top,host,221.45,212.04,56,14,0.00,
12,5,top,other,498.55,212.04,304,26,0.00,
12,6,top,host,229.74,206.448,56,14,0.00,
12,6,top,other,490.26,206.448,304,26,0.00,
12,7,top,host,238.03,200.856,56,14,0.00,
12,7,top,other,481.97,200.856,304,26,0.00,
12,8,top,host,246.32,195.264,56,14,0.00,
12,8,top,other,473.68,195.264,304,26,0.00,
12,9,top,host,254.61,189.672,56,14,0.00,
12,9,top,other,465.39,189.672,304,26,0.00,
12,10,top,host,262.9,184.08,56,14,0.00,
12,10,top,other,457.1,184.08,304,26,0.00,
12,11,top,host,271.19,178.488,56,14,0.00,
12,11,top,other,448.81,178.488,304,26,0.00,
12,12,top,host,276.19,187.148,150,14,0.00,
12,12,top,other,440.52,172.896,304,26,0.00,
12,13,top,host,281.19,195.808,150,14,0.00,
12,13,top,other,432.23,167.304,304,26,0.00,
12,14,top,host,285.73,204.718,153,14,0.00,
12,14,top,other,423.94,161.712,304,26,0.00,
12,15,top,host,290.27,213.628,153,14,0.00,
12,15,top,other,415.65,156.12,304,26,0.00,
12,16,top,host,294.81,222.538,153,14,0.00,
12,16,top,other,407.36,150.528,304,26,0.00,
12,17,top,host,299.35,231.448,153,14,0.00,
12,17,top,other,399.07,144.936,304,26,0.00,
12,18,top,host,303.89,240.358,153,14,0.00,
12,18,top,other,390.78,139.344,304,26,0.00,
12,19,top,host,308.43,249.268,153,14,0.00,
12,19,top,other,382.49,133.752,304,26,0.00,
12,20,top,host,312.97,258.178,153,15,0.00,
12,20,top,other,374.2,128.16,304,30,0.00,
12,21,top,host,312.97,258.178,153,15,0.00,
12,21,top,other,374.2,128.16,304,30,0.00,
12,22,top,host,312.97,258.178,153,15,0.00,
12,22,top,other,374.2,128.16,304,30,0.00,
13,1,bottom,host,188.387,245.446,123,15,0.00,
13,1,bottom,other,531.808,245.736,235,30,0.00,
13,2,bottom,host,196.774,250.892,123,15,0.00,
13,2,bottom,other,523.518,251.328,236,30,0.00,
13,3,bottom,host,205.161,256.338,123,15,0.00,
13,3,bottom,other,515.228,256.92,236,30,0.00,
13,4,bottom,host,213.548,261.784,123,15,0.00,
13,4,bottom,other,506.938,262.512,236,30,0.00,
13,5,bottom,host,221.935,267.23,123,15,0.00,
13,5,bottom,other,498.648,268.104,236,30,0.00,
13,6,bottom,host,230.322,272.676,123,15,0.00,
13,6,bottom,other,490.358,273.696,236,30,0.00,
13,7,bottom,host,238.709,278.122,123,15,0.00,
13,7,bottom,other,482.068,279.288,236,30,0.00,
13,8,bottom,host,247.096,283.568,123,15,0.00,
13,8,bottom,other,473.778,284.88,236,30,0.00,
13,9,bottom,host,255.483,289.014,123,15,0.00,
13,9,bottom,other,465.488,290.472,236,30,0.00,
13,10,bottom,host,263.87,294.46,123,15,0.00,
13,10,bottom,other,457.198,296.064,236,30,0.00,
13,11,bottom,host,272.257,299.906,123,15,0.00,
13,11,bottom,other,448.908,301.656,236,30,0.00,
13,12,bottom,host,280.644,305.352,123,15,0.00,
13,12,bottom,other,440.618,307.248,236,30,0.00,
13,13,bottom,host,289.031,310.798,123,15,0.00,
13,13,bottom,other,432.328,312.84,236,30,0.00,
13,14,bottom,host,297.418,316.244,123,15,0.00,
13,14,bottom,other,424.038,318.432,236,30,0.00,
13,15,bottom,host,305.805,321.69,123,15,0.00,
13,15,bottom,other,421.114,308.869,343,30,0.00,
13,16,bottom,host,314.192,327.136,123,15,0.00,
13,16,bottom,other,418.19,299.306,343,30,0.00,
13,17,bottom,host,322.579,332.582,123,15,0.00,
13,17,bottom,other,415.266,289.743,343,30,0.00,
13,18,bottom,host,330.966,338.028,123,15,0.00,
13,18,bottom,other,412.342,280.18,343,30,0.00,
13,19,bottom,host,339.353,343.474,123,15,0.00,
13,19,bottom,other,409.418,270.617,343,30,0.00,
13,20,bottom,host,347.74,348.92,123,19,0.00,
13,20,bottom,other,406.494,261.054,343,31,0.00,
13,21,bottom,host,347.74,348.92,123,19,0.00,
13,21,bottom,other,406.494,261.054,343,31,0.00,
13,22,bottom,host,347.74,348.92,123,19,0.00,
13,22,bottom,other,406.494,261.054,343,31,0.00,
14,1,bottom,host,188.29,234.408,56,19,0.00,
14,1,bottom,other,531.71,245.592,236,31,0.00,
14,2,bottom,host,196.58,228.816,56,19,0.00,
14,2,bottom,other,523.42,251.184,236,31,0.00,
14,3,bottom,host,204.87,223.224,56,19,0.00,
14,3,bottom,other,515.13,256.776,236,31,0.00,
14,4,bottom,host,213.16,217.632,56,19,0.00,
14,4,bottom,other,506.84,262.368,236,31,0.00,
14,5,bottom,host,221.45,212.04,56,19,0.00,
14,5,bottom,other,498.55,267.96,236,31,0.00,
14,6,bottom,host,229.74,206.448,56,19,0.00,
14,6,bottom,other,490.26,273.552,236,31,0.00,
14,7,bottom,host,238.03,200.856,56,19,0.00,
14,7,bottom,other,481.97,279.144,236,31,0.00,
14,8,bottom,host,246.32,195.264,56,19,0.00,
14,8,bottom,other,473.68,284.736,236,31,0.00,
14,9,bottom,host,254.61,189.672,56,19,0.00,
14,9,bottom,other,465.39,290.328,236,31,0.00,
14,10,bottom,host,262.9,184.08,56,19,0.00,
14,10,bottom,other,457.1,295.92,236,31,0.00,
14,11,bottom,host,271.19,178.488,56,19,0.00,
14,11,bottom,other,448.81,301.512,236,31,0.00,
14,12,bottom,host,279.48,172.896,56,19,0.00,
14,12,bottom,other,440.52,307.104,236,31,0.00,
14,13,bottom,host,287.77,167.304,56,19,0.00,
14,13,bottom,other,432.23,312.696,236,31,0.00,
14,14,bottom,host,296.06,161.712,56,19,0.00,
14,14,bottom,other,423.94,318.288,236,31,0.00,
14,15,bottom,host,304.35,156.12,56,19,0.00,
14,15,bottom,other,415.65,323.88,236,31,0.00,
14,16,bottom,host,312.64,150.528,56,19,0.00,
14,16,bottom,other,407.36,329.472,236,31,0.00,
14,17,bottom,host,320.93,144.936,56,19,0.00,
14,17,bottom,other,399.07,335.064,236,31,0.00,
14,18,bottom,host,329.22,139.344,56,19,0.00,
14,18,bottom,other,390.78,340.656,236,31,0.00,
14,19,bottom,host,337.51,133.752,56,19,0.00,
14,19,bottom,other,382.49,346.248,236,31,0.00,
14,20,bottom,host,345.8,128.16,56,20,0.00,
14,20,bottom,other,374.2,351.84,236,35,0.00,
14,21,bottom,host,345.8,128.16,56,20,0.00,
14,21,bottom,other,374.2,351.84,236,35,0.00,
14,22,bottom,host,345.8,128.16,56,20,0.00,
14,22,bottom,other,374.2,351.84,236,35,0.00,
15,1,top,host,188.29,234.408,56,20,0.00,
15,1,top,other,531.71,234.408,304,35,0.00,
15,2,top,host,196.58,228.816,56,20,0.00,
15,2,top,other,523.42,228.816,304,35,0.00,
15,3,top,host,204.87,223.224,56,20,0.00,
15,3,top,other,515.13,223.224,304,35,0.00,
15,4,top,host,213.16,217.632,56,20,0.00,
15,4,top,other,506.84,217.632,304,35,0.00,
15,5,top,host,221.45,212.04,56,20,0.00,
15,5,top,other,498.55,212.04,304,35,0.00,
15,6,top,host,229.74,206.448,56,20,0.00,
15,6,top,other,490.26,206.448,304,35,0.00,
15,7,top,host,238.03,200.856,56,20,0.00,
15,7,top,other,481.97,200.856,304,35,0.00,
15,8,top,host,246.32,195.264,56,20,0.00,
15,8,top,other,473.68,195.264,304,35,0.00,
15,9,top,host,254.61,189.672,56,20,0.00,
15,9,top,other,465.39,189.672,304,35,0.00,
15,10,top,host,262.9,184.08,56,20,0.00,
15,10,top,other,457.1,184.08,304,35,0.00,
15,11,top,host,271.19,178.488,56,20,0.00,
15,11,top,other,448.81,178.488,304,35,0.00,
15,12,top,host,279.48,172.896,56,20,0.00,
15,12,top,other,440.52,172.896,304,35,0.00,
15,13,top,host,287.77,167.304,56,20,0.00,
15,13,top,other,432.23,167.304,304,35,0.00,
15,14,top,host,296.06,161.712,56,20,0.00,
15,14,top,other,423.94,161.712,304,35,0.00,
15,15,top,host,304.35,156.12,56,20,0.00,
15,15,top,other,420.52,171.109,200,35,0.00,
15,16,top,host,312.64,150.528,56,20,0.00,
15,16,top,other,417.1,180.506,200,35,0.00,
15,17,top,host,320.93,144.936,56,20,0.00,
15,17,top,other,413.68,189.903,200,35,0.00,
15,18,top,host,329.22,139.344,56,20,0.00,
15,18,top,other,410.26,199.3,200,35,0.00,
15,19,top,host,337.51,133.752,56,20,0.00,
15,19,top,other,406.84,208.697,200,35,0.00,
15,20,top,host,345.8,128.16,56,24,0.00,
15,20,top,other,403.42,218.094,200,36,0.00,
15,21,top,host,345.8,128.16,56,24,0.00,
15,21,top,other,403.42,218.094,200,36,0.00,
15,22,top,host,345.8,128.16,56,24,0.00,
15,22,top,other,403.42,218.094,200,36,0.00,
16,1,top,host,188.387,245.446,123,24,0.00,
16,1,top,other,531.71,234.408,304,36,0.00,
16,2,top,host,196.774,250.892,123,24,0.00,
16,2,top,other,523.42,228.816,304,36,0.00,
16,3,top,host,205.161,256.338,123,24,0.00,
16,3,top,other,515.13,223.224,304,36,0.00,
16,4,top,host,213.548,261.784,123,24,0.00,
16,4,top,other,506.84,217.632,304,36,0.00,
16,5,top,host,221.935,267.23,123,24,0.00,
16,5,top,other,498.55,212.04,304,36,0.00,
16,6,top,host,230.322,272.676,123,24,0.00,
16,6,top,other,490.26,206.448,304,36,0.00,
16,7,top,host,238.709,278.122,123,24,0.00,
16,7,top,other,481.97,200.856,304,36,0.00,
16,8,top,host,247.096,283.568,123,24,0.00,
16,8,top,other,473.68,195.264,304,36,0.00,
16,9,top,host,255.483,289.014,123,24,0.00,
16,9,top,other,465.39,189.672,304,36,0.00,
16,10,top,host,263.87,294.46,123,24,0.00,
16,10,top,other,457.1,184.08,304,36,0.00,
16,11,top,host,272.257,299.906,123,24,0.00,
16,11,top,other,448.81,178.488,304,36,0.00,
16,12,top,host,280.644,305.352,123,24,0.00,
16,12,top,other,440.52,172.896,304,36,0.00,
16,13,top,host,289.031,310.798,123,24,0.00,
16,13,top,other,432.23,167.304,304,36,0.00,
16,14,top,host,297.418,316.244,123,24,0.00,
16,14,top,other,423.94,161.712,304,36,0.00,
16,15,top,host,305.805,321.69,123,24,0.00,
16,15,top,other,415.65,156.12,304,36,0.00,
16,16,top,host,314.192,327.136,123,24,0.00,
16,16,top,other,407.36,150.528,304,36,0.00,
16,17,top,host,322.579,332.582,123,24,0.00,
16,17,top,other,399.07,144.936,304,36,0.00,
16,18,top,host,330.966,338.028,123,24,0.00,
16,18,top,other,390.78,139.344,304,36,0.00,
16,19,top,host,339.353,343.474,123,24,0.00,
16,19,top,other,382.49,133.752,304,36,0.00,
16,20,top,host,347.74,348.92,123,25,0.00,
16,20,top,other,374.2,128.16,304,40,0.00,
16,21,top,host,347.74,348.92,123,25,0.00,
16,21,top,other,374.2,128.16,304,40,0.00,
16,22,top,host,347.74,348.92,123,25,0.00,
16,22,top,other,374.2,128.16,304,40,0.00,
17,1,bottom,host,188.387,245.446,123,25,0.00,
17,1,bottom,other,530,240,270,40,0.00,
17,2,bottom,host,196.774,250.892,123,25,0.00,
17,2,bottom,other,521.71,234.408,304,40,0.00,
17,3,bottom,host,205.161,256.338,123,25,0.00,
17,3,bottom,other,513.42,228.816,304,40,0.00,
17,4,bottom,host,213.548,261.784,123,25,0.00,
17,4,bottom,other,505.13,223.224,304,40,0.00,
17,5,bottom,host,221.935,267.23,123,25,0.00,
17,5,bottom,other,496.84,217.632,304,40,0.00,
17,6,bottom,host,230.322,272.676,123,25,0.00,
17,6,bottom,other,488.55,212.04,304,40,0.00,
17,7,bottom,host,238.709,278.122,123,25,0.00,
17,7,bottom,other,480.26,206.448,304,40,0.00,
17,8,bottom,host,247.096,283.568,123,25,0.00,
17,8,bottom,other,471.97,200.856,304,40,0.00,
17,9,bottom,host,255.483,289.014,123,25,0.00,
17,9,bottom,other,463.68,195.264,304,40,0.00,
17,10,bottom,host,263.87,294.46,123,25,0.00,
17,10,bottom,other,455.39,189.672,304,40,0.00,
17,11,bottom,host,272.257,299.906,123,25,0.00,
17,11,bottom,other,447.1,184.08,304,40,0.00,
17,12,bottom,host,280.644,305.352,123,25,0.00,
17,12,bottom,other,438.81,178.488,304,40,0.00,
17,13,bottom,host,289.031,310.798,123,25,0.00,
17,13,bottom,other,430.52,172.896,304,40,0.00,
17,14,bottom,host,297.418,316.244,123,25,0.00,
17,14,bottom,other,422.23,167.304,304,40,0.00,
17,15,bottom,host,305.805,321.69,123,25,0.00,
17,15,bottom,other,413.94,161.712,304,40,0.00,
17,16,bottom,host,314.192,327.136,123,25,0.00,
17,16,bottom,other,405.65,156.12,304,40,0.00,
17,17,bottom,host,322.579,332.582,123,25,0.00,
17,17,bottom,other,397.36,150.528,304,40,0.00,
17,18,bottom,host,330.966,338.028,123,25,0.00,
17,18,bottom,other,389.07,144.936,304,40,0.00,
17,19,bottom,host,339.353,343.474,123,25,0.00,
17,19,bottom,other,380.78,139.344,304,40,0.00,
17,20,bottom,host,347.74,348.92,123,29,0.00,
17,20,bottom,other,372.49,133.752,304,41,0.00,
17,21,bottom,host,347.74,348.92,123,29,0.00,
17,21,bottom,other,372.49,133.752,304,41,0.00,
17,22,bottom,host,347.74,348.92,123,29,0.00,
17,22,bottom,other,372.49,133.752,304,41,0.00,
18,1,bottom,host,188.29,234.408,56,29,0.00,
18,1,bottom,other,530,240,270,41,0.00,
18,2,bottom,host,196.58,228.816,56,29,0.00,
18,2,bottom,other,521.613,245.446,237,41,0.00,
18,3,bottom,host,204.87,223.224,56,29,0.00,
18,3,bottom,other,513.226,250.892,237,41,0.00,
18,4,bottom,host,213.16,217.632,56,29,0.00,
18,4,bottom,other,504.839,256.338,237,41,0.00,
18,5,bottom,host,221.45,212.04,56,29,0.00,
18,5,bottom,other,496.452,261.784,237,41,0.00,
18,6,bottom,host,229.74,206.448,56,29,0.00,
18,6,bottom,other,488.065,267.23,237,41,0.00,
18,7,bottom,host,238.03,200.856,56,29,0.00,
18,7,bottom,other,479.678,272.676,237,41,0.00,
18,8,bottom,host,246.32,195.264,56,29,0.00,
18,8,bottom,other,471.291,278.122,237,41,0.00,
18,9,bottom,host,254.61,189.672,56,29,0.00,
18,9,bottom,other,462.904,283.568,237,41,0.00,
18,10,bottom,host,262.9,184.08,56,29,0.00,
18,10,bottom,other,454.517,289.014,237,41,0.00,
18,11,bottom,host,271.19,178.488,56,29,0.00,
18,11,bottom,other,446.13,294.46,237,41,0.00,
18,12,bottom,host,279.48,172.896,56,29,0.00,
18,12,bottom,other,437.743,299.906,237,41,0.00,
18,13,bottom,host,287.77,167.304,56,29,0.00,
18,13,bottom,other,429.356,305.352,237,41,0.00,
18,14,bottom,host,296.06,161.712,56,29,0.00,
18,14,bottom,other,420.969,310.798,237,41,0.00,
18,15,bottom,host,304.35,156.12,56,29,0.00,
18,15,bottom,other,412.582,316.244,237,41,0.00,
18,16,bottom,host,312.64,150.528,56,29,0.00,
18,16,bottom,other,404.195,321.69,237,41,0.00,
18,17,bottom,host,320.93,144.936,56,29,0.00,
18,17,bottom,other,395.808,327.136,237,41,0.00,
18,18,bottom,host,329.22,139.344,56,29,0.00,
18,18,bottom,other,387.421,332.582,237,41,0.00,
18,19,bottom,host,337.51,133.752,56,29,0.00,
18,19,bottom,other,379.034,338.028,237,41,0.00,
18,20,bottom,host,345.8,128.16,56,30,0.00,
18,20,bottom,other,370.647,343.474,237,45,0.00,
18,21,bottom,host,345.8,128.16,56,30,0.00,
18,21,bottom,other,370.647,343.474,237,45,0.00,
18,22,bottom,host,345.8,128.16,56,30,0.00,
18,22,bottom,other,370.647,343.474,237,45,0.00,
19,1,top,host,188.387,234.554,57,30,0.00,
19,1,top,other,530,240,270,45,0.00,
19,2,top,host,196.774,229.108,57,30,0.00,
19,2,top,other,520,240,270,45,0.00,
19,3,top,host,205.161,223.662,57,30,0.00,
19,3,top,other,510,240,270,45,0.00,
19,4,top,host,213.548,218.216,57,30,0.00,
19,4,top,other,501.91,245.878,234,45,0.00,
19,5,top,host,221.935,212.77,57,30,0.00,
19,5,top,other,493.82,251.756,234,45,0.00,
19,6,top,host,230.322,207.324,57,30,0.00,
19,6,top,other,485.73,257.634,234,45,0.00,
19,7,top,host,238.709,201.878,57,30,0.00,
19,7,top,other,477.64,263.512,234,45,0.00,
19,8,top,host,247.096,196.432,57,30,0.00,
19,8,top,other,469.55,269.39,234,45,0.00,
19,9,top,host,255.483,190.986,57,30,0.00,
19,9,top,other,461.46,275.268,234,45,0.00,
19,10,top,host,263.87,185.54,57,30,0.00,
19,10,top,other,453.37,281.146,234,45,0.00,
19,11,top,host,272.257,180.094,57,30,0.00,
19,11,top,other,445.28,287.024,234,45,0.00,
19,12,top,host,280.644,174.648,57,30,0.00,
19,12,top,other,437.19,292.902,234,45,0.00,
19,13,top,host,289.031,169.202,57,30,0.00,
19,13,top,other,429.1,298.78,234,45,0.00,
19,14,top,host,297.418,163.756,57,30,0.00,
19,14,top,other,421.01,304.658,234,45,0.00,
19,15,top,host,305.805,158.31,57,30,0.00,
19,15,top,other,412.92,310.536,234,45,0.00,
19,16,top,host,314.192,152.864,57,30,0.00,
19,16,top,other,404.83,316.414,234,45,0.00,
19,17,top,host,322.579,147.418,57,30,0.00,
19,17,top,other,396.74,322.292,234,45,0.00,
19,18,top,host,330.966,141.972,57,30,0.00,
19,18,top,other,388.65,328.17,234,45,0.00,
19,19,top,host,339.353,136.526,57,30,0.00,
19,19,top,other,380.56,334.048,234,45,0.00,
19,20,top,host,347.74,131.08,57,34,0.00,
19,20,top,other,372.47,339.926,234,46,0.00,
19,21,top,host,347.74,131.08,57,34,0.00,
19,21,top,other,372.47,339.926,234,46,0.00,
19,22,top,host,347.74,131.08,57,34,0.00,
19,22,top,other,372.47,339.926,234,46,0.00,
20,1,top,host,188.29,245.592,124,34,0.00,
20,1,top,other,531.71,234.408,304,46,0.00,
20,2,top,host,196.58,251.184,124,34,0.00,
20,2,top,other,523.42,228.816,304,46,0.00,
20,3,top,host,204.87,256.776,124,34,0.00,
20,3,top,other,515.13,223.224,304,46,0.00,
20,4,top,host,213.16,262.368,124,34,0.00,
20,4,top,other,506.84,217.632,304,46,0.00,
20,5,top,host,221.45,267.96,124,34,0.00,
20,5,top,other,498.55,212.04,304,46,0.00,
20,6,top,host,229.74,273.552,124,34,0.00,
20,6,top,other,490.26,206.448,304,46,0.00,
20,7,top,host,238.03,279.144,124,34,0.00,
20,7,top,other,481.272,202.064,296,46,0.00,
20,8,top,host,246.32,284.736,124,34,0.00,
20,8,top,other,472.612,197.064,300,46,0.00,
20,9,top,host,254.61,290.328,124,34,0.00,
20,9,top,other,463.952,192.064,300,46,0.00,
20,10,top,host,262.9,295.92,124,34,0.00,
20,10,top,other,455.76,186.328,305,46,0.00,
20,11,top,host,271.19,301.512,124,34,0.00,
20,11,top,other,447.568,180.592,305,46,0.00,
20,12,top,host,279.48,307.104,124,34,0.00,
20,12,top,other,439.376,174.856,305,46,0.00,
20,13,top,host,287.77,312.696,124,34,0.00,
20,13,top,other,431.184,169.12,305,46,0.00,
20,14,top,host,296.06,318.288,124,34,0.00,
20,14,top,other,422.992,163.384,305,46,0.00,
20,15,top,host,304.35,323.88,124,34,0.00,
20,15,top,other,414.8,157.648,305,46,0.00,
20,16,top,host,312.64,329.472,124,34,0.00,
20,16,top,other,406.608,151.912,305,46,0.00,
20,17,top,host,320.93,335.064,124,34,0.00,
20,17,top,other,398.416,146.176,305,46,0.00,
20,18,top,host,329.22,340.656,124,34,0.00,
20,18,top,other,390.224,140.44,305,46,0.00,
20,19,top,host,337.51,346.248,124,34,0.00,
20,19,top,other,382.032,134.704,305,46,0.00,
20,20,top,host,345.8,351.84,124,35,0.00,
20,20,top,other,373.84,128.968,305,50,0.00,
20,21,top,host,345.8,351.84,124,35,0.00,
20,21,top,other,373.84,128.968,305,50,0.00,
20,22,top,host,345.8,351.84,124,35,0.00,
20,22,top,other,373.84,128.968,305,50,0.00,
21,1,top,host,188.29,234.408,56,35,0.00,
21,1,top,other,531.71,245.592,236,50,0.00,
21,2,top,host,196.58,228.816,56,35,0.00,
21,2,top,other,523.42,251.184,236,50,0.00,
21,3,top,host,204.87,223.224,56,35,0.00,
21,3,top,other,515.13,256.776,236,50,0.00,
21,4,top,host,213.16,217.632,56,35,0.00,
21,4,top,other,506.84,262.368,236,50,0.00,
21,5,top,host,221.45,212.04,56,35,0.00,
21,5,top,other,498.55,267.96,236,50,0.00,
21,6,top,host,229.74,206.448,56,35,0.00,
21,6,top,other,490.26,273.552,236,50,0.00,
21,7,top,host,238.03,200.856,56,35,0.00,
21,7,top,other,481.97,279.144,236,50,0.00,
21,8,top,host,246.32,195.264,56,35,0.00,
21,8,top,other,473.68,284.736,236,50,0.00,
21,9,top,host,254.61,189.672,56,35,0.00,
21,9,top,other,465.39,290.328,236,50,0.00,
21,10,top,host,262.9,184.08,56,35,0.00,
21,10,top,other,457.1,295.92,236,50,0.00,
21,11,top,host,271.19,178.488,56,35,0.00,
21,11,top,other,448.81,301.512,236,50,0.00,
21,12,top,host,279.48,172.896,56,35,0.00,
21,12,top,other,440.52,307.104,236,50,0.00,
21,13,top,host,287.77,167.304,56,35,0.00,
21,13,top,other,432.23,312.696,236,50,0.00,
21,14,top,host,296.06,161.712,56,35,0.00,
21,14,top,other,423.94,318.288,236,50,0.00,
21,15,top,host,304.35,156.12,56,35,0.00,
21,15,top,other,415.65,323.88,236,50,0.00,
21,16,top,host,312.64,150.528,56,35,0.00,
21,16,top,other,407.36,329.472,236,50,0.00,
21,17,top,host,320.93,144.936,56,35,0.00,
21,17,top,other,399.07,335.064,236,50,0.00,
21,18,top,host,329.22,139.344,56,35,0.00,
21,18,top,other,390.78,340.656,236,50,0.00,
21,19,top,host,337.51,133.752,56,35,0.00,
21,19,top,other,382.49,346.248,236,50,0.00,
21,20,top,host,345.8,128.16,56,39,0.00,
21,20,top,other,374.2,351.84,236,51,0.00,
21,21,top,host,345.8,128.16,56,39,0.00,
21,21,top,other,374.2,351.84,236,51,0.00,
21,22,top,host,345.8,128.16,56,39,0.00,
21,22,top,other,374.2,351.84,236,51,0.00,
22,1,bottom,host,188.387,234.554,57,39,0.00,
22,1,bottom,other,531.71,245.592,236,51,0.00,
22,2,bottom,host,196.774,229.108,57,39,0.00,
22,2,bottom,other,523.42,251.184,236,51,0.00,
22,3,bottom,host,205.161,223.662,57,39,0.00,
22,3,bottom,other,515.13,256.776,236,51,0.00,
22,4,bottom,host,213.548,218.216,57,39,0.00,
22,4,bottom,other,506.84,262.368,236,51,0.00,
22,5,bottom,host,221.935,212.77,57,39,0.00,
22,5,bottom,other,498.55,267.96,236,51,0.00,
22,6,bottom,host,230.322,207.324,57,39,0.00,
22,6,bottom,other,490.26,273.552,236,51,0.00,
22,7,bottom,host,238.709,201.878,57,39,0.00,
22,7,bottom,other,481.97,279.144,236,51,0.00,
22,8,bottom,host,247.096,196.432,57,39,0.00,
22,8,bottom,other,473.68,284.736,236,51,0.00,
22,9,bottom,host,255.483,190.986,57,39,0.00,
22,9,bottom,other,465.39,290.328,236,51,0.00,
22,10,bottom,host,263.87,185.54,57,39,0.00,
22,10,bottom,other,457.1,295.92,236,51,0.00,
22,11,bottom,host,272.257,180.094,57,39,0.00,
22,11,bottom,other,448.81,301.512,236,51,0.00,
22,12,bottom,host,280.644,174.648,57,39,0.00,
22,12,bottom,other,440.52,307.104,236,51,0.00,
22,13,bottom,host,289.031,169.202,57,39,0.00,
22,13,bottom,other,432.23,312.696,236,51,0.00,
22,14,bottom,host,297.418,163.756,57,39,0.00,
22,14,bottom,other,423.94,318.288,236,51,0.00,
22,15,bottom,host,305.805,158.31,57,39,0.00,
22,15,bottom,other,415.65,323.88,236,51,0.00,
22,16,bottom,host,314.192,152.864,57,39,0.00,
22,16,bottom,other,407.36,329.472,236,51,0.00,
22,17,bottom,host,322.579,147.418,57,39,0.00,
22,17,bottom,other,399.07,335.064,236,51,0.00,
22,18,bottom,host,330.966,141.972,57,39,0.00,
22,18,bottom,other,390.78,340.656,236,51,0.00,
22,19,bottom,host,339.353,136.526,57,39,0.00,
22,19,bottom,other,382.49,346.248,236,51,0.00,
22,20,bottom,host,347.74,131.08,57,40,0.00,
22,20,bottom,other,374.2,351.84,236,55,0.00,
22,21,bottom,host,347.74,131.08,57,40,0.00,
22,21,bottom,other,374.2,351.84,236,55,0.00,
22,22,bottom,host,347.74,131.08,57,40,0.00,
22,22,bottom,other,374.2,351.84,236,55,0.00,
23,1,top,host,188.29,234.408,56,40,0.00,
23,1,top,other,530,240,270,55,0.00,
23,2,top,host,196.58,228.816,56,40,0.00,
23,2,top,other,520,240,270,55,0.00,
23,3,top,host,204.87,223.224,56,40,0.00,
23,3,top,other,510,240,270,55,0.00,
23,4,top,host,213.16,217.632,56,40,0.00,
23,4,top,other,502.229,246.293,231,55,0.00,
23,5,top,host,221.45,212.04,56,40,0.00,
23,5,top,other,494.458,252.586,231,55,0.00,
23,6,top,host,229.74,206.448,56,40,0.00,
23,6,top,other,486.687,258.879,231,55,0.00,
23,7,top,host,238.03,200.856,56,40,0.00,
23,7,top,other,478.916,265.172,231,55,0.00,
23,8,top,host,246.32,195.264,56,40,0.00,
23,8,top,other,471.145,271.465,231,55,0.00,
23,9,top,host,254.61,189.672,56,40,0.00,
23,9,top,other,463.374,277.758,231,55,0.00,
23,10,top,host,262.9,184.08,56,40,0.00,
23,10,top,other,455.603,284.051,231,55,0.00,
23,11,top,host,271.19,178.488,56,40,0.00,
23,11,top,other,447.832,290.344,231,55,0.00,
23,12,top,host,279.48,172.896,56,40,0.00,
23,12,top,other,440.061,296.637,231,55,0.00,
23,13,top,host,287.77,167.304,56,40,0.00,
23,13,top,other,432.29,302.93,231,55,0.00,
23,14,top,host,296.06,161.712,56,40,0.00,
23,14,top,other,424.519,309.223,231,55,0.00,
23,15,top,host,304.35,156.12,56,40,0.00,
23,15,top,other,416.748,315.516,231,55,0.00,
23,16,top,host,312.64,150.528,56,40,0.00,
23,16,top,other,408.977,321.809,231,55,0.00,
23,17,top,host,320.93,144.936,56,40,0.00,
23,17,top,other,401.206,328.102,231,55,0.00,
23,18,top,host,329.22,139.344,56,40,0.00,
23,18,top,other,393.435,334.395,231,55,0.00,
23,19,top,host,337.51,133.752,56,40,0.00,
23,19,top,other,385.664,340.688,231,55,0.00,
23,20,top,host,345.8,128.16,56,44,0.00,
23,20,top,other,377.893,346.981,231,56,0.00,
23,21,top,host,345.8,128.16,56,44,0.00,
23,21,top,other,377.893,346.981,231,56,0.00,
23,22,top,host,345.8,128.16,56,44,0.00,
23,22,top,other,377.893,346.981,231,56,0.00,
24,1,bottom,host,188.29,234.408,56,44,0.00,
24,1,bottom,other,531.71,245.592,236,56,0.00,
24,2,bottom,host,196.58,228.816,56,44,0.00,
24,2,bottom,other,523.42,251.184,236,56,0.00,
24,3,bottom,host,204.87,223.224,56,44,0.00,
24,3,bottom,other,515.13,256.776,236,56,0.00,
24,4,bottom,host,213.16,217.632,56,44,0.00,
24,4,bottom,other,506.84,262.368,236,56,0.00,
24,5,bottom,host,221.45,212.04,56,44,0.00,
24,5,bottom,other,498.55,267.96,236,56,0.00,
24,6,bottom,host,229.74,206.448,56,44,0.00,
24,6,bottom,other,490.26,273.552,236,56,0.00,
24,7,bottom,host,238.03,200.856,56,44,0.00,
24,7,bottom,other,481.97,279.144,236,56,0.00,
24,8,bottom,host,246.32,195.264,56,44,0.00,
24,8,bottom,other,473.68,284.736,236,56,0.00,
24,9,bottom,host,254.61,189.672,56,44,0.00,
24,9,bottom,other,465.39,290.328,236,56,0.00,
24,10,bottom,host,262.9,184.08,56,44,0.00,
24,10,bottom,other,457.1,295.92,236,56,0.00,
24,11,bottom,host,271.19,178.488,56,44,0.00,
24,11,bottom,other,448.81,301.512,236,56,0.00,
24,12,bottom,host,279.48,172.896,56,44,0.00,
24,12,bottom,other,440.52,307.104,236,56,0.00,
24,13,bottom,host,287.77,167.304,56,44,0.00,
24,13,bottom,other,432.23,312.696,236,56,0.00,
24,14,bottom,host,296.06,161.712,56,44,0.00,
24,14,bottom,other,423.94,318.288,236,56,0.00,
24,15,bottom,host,304.35,156.12,56,44,0.00,
24,15,bottom,other,415.65,323.88,236,56,0.00,
24,16,bottom,host,312.64,150.528,56,44,0.00,
24,16,bottom,other,407.36,329.472,236,56,0.00,
24,17,bottom,host,320.93,144.936,56,44,0.00,
24,17,bottom,other,399.07,335.064,236,56,0.00,
24,18,bottom,host,329.22,139.344,56,44,0.00,
24,18,bottom,other,390.78,340.656,236,56,0.00,
24,19,bottom,host,337.51,133.752,56,44,0.00,
24,19,bottom,other,382.49,346.248,236,56,0.00,
24,20,bottom,host,345.8,128.16,56,45,0.00,
24,20,bottom,other,374.2,351.84,236,60,0.00,
24,21,bottom,host,345.8,128.16,56,45,0.00,
24,21,bottom,other,374.2,351.84,236,60,0.00,
24,22,bottom,host,345.8,128.16,56,45,0.00,
24,22,bottom,other,374.2,351.84,236,60,0.00,
25,1,top,host,188.387,234.554,57,45,0.00,
25,1,top,other,530,240,270,60,0.00,
25,2,top,host,196.774,229.108,57,45,0.00,
25,2,top,other,520,240,270,60,0.00,
25,3,top,host,205.161,223.662,57,45,0.00,
25,3,top,other,510,240,270,60,0.00,
25,4,top,host,213.548,218.216,57,45,0.00,
25,4,top,other,502.12,246.157,232,60,0.00,
25,5,top,host,221.935,212.77,57,45,0.00,
25,5,top,other,494.24,252.314,232,60,0.00,
25,6,top,host,230.322,207.324,57,45,0.00,
25,6,top,other,486.36,258.471,232,60,0.00,
25,7,top,host,238.709,201.878,57,45,0.00,
25,7,top,other,478.48,264.628,232,60,0.00,
25,8,top,host,247.096,196.432,57,45,0.00,
25,8,top,other,470.6,270.785,232,60,0.00,
25,9,top,host,255.483,190.986,57,45,0.00,
25,9,top,other,462.72,276.942,232,60,0.00,
25,10,top,host,263.87,185.54,57,45,0.00,
25,10,top,other,454.84,283.099,232,60,0.00,
25,11,top,host,272.257,180.094,57,45,0.00,
25,11,top,other,446.96,289.256,232,60,0.00,
25,12,top,host,280.644,174.648,57,45,0.00,
25,12,top,other,439.08,295.413,232,60,0.00,
25,13,top,host,289.031,169.202,57,45,0.00,
25,13,top,other,431.2,301.57,232,60,0.00,
25,14,top,host,297.418,163.756,57,45,0.00,
25,14,top,other,423.32,307.727,232,60,0.00,
25,15,top,host,305.805,158.31,57,45,0.00,
25,15,top,other,415.44,313.884,232,60,0.00,
25,16,top,host,314.192,152.864,57,45,0.00,
25,16,top,other,407.56,320.041,232,60,0.00,
25,17,top,host,322.579,147.418,57,45,0.00,
25,17,top,other,399.68,326.198,232,60,0.00,
25,18,top,host,330.966,141.972,57,45,0.00,
25,18,top,other,391.8,332.355,232,60,0.00,
25,19,top,host,339.353,136.526,57,45,0.00,
25,19,top,other,383.92,338.512,232,60,0.00,
25,20,top,host,347.74,131.08,57,49,0.00,
25,20,top,other,376.04,344.669,232,61,0.00,
25,21,top,host,347.74,131.08,57,49,0.00,
25,21,top,other,376.04,344.669,232,61,0.00,
25,22,top,host,347.74,131.08,57,49,0.00,
25,22,top,other,376.04,344.669,232,61,0.00,
26,1,bottom,host,188.29,234.408,56,49,0.00,
26,1,bottom,other,531.71,245.592,236,61,0.00,
26,2,bottom,host,196.58,228.816,56,49,0.00,
26,2,bottom,other,523.42,251.184,236,61,0.00,
26,3,bottom,host,204.87,223.224,56,49,0.00,
26,3,bottom,other,515.13,256.776,236,61,0.00,
26,4,bottom,host,213.16,217.632,56,49,0.00,
26,4,bottom,other,506.84,262.368,236,61,0.00,
26,5,bottom,host,221.45,212.04,56,49,0.00,
26,5,bottom,other,498.55,267.96,236,61,0.00,
26,6,bottom,host,229.74,206.448,56,49,0.00,
26,6,bottom,other,490.26,273.552,236,61,0.00,
26,7,bottom,host,238.03,200.856,56,49,0.00,
26,7,bottom,other,481.97,279.144,236,61,0.00,
26,8,bottom,host,246.32,195.264,56,49,0.00,
26,8,bottom,other,473.68,284.736,236,61,0.00,
26,9,bottom,host,254.61,189.672,56,49,0.00,
26,9,bottom,other,465.39,290.328,236,61,0.00,
26,10,bottom,host,262.9,184.08,56,49,0.00,
26,10,bottom,other,457.1,295.92,236,61,0.00,
26,11,bottom,host,271.19,178.488,56,49,0.00,
26,11,bottom,other,448.81,301.512,236,61,0.00,
26,12,bottom,host,279.48,172.896,56,49,0.00,
26,12,bottom,other,440.52,307.104,236,61,0.00,
26,13,bottom,host,287.77,167.304,56,49,0.00,
26,13,bottom,other,432.23,312.696,236,61,0.00,
26,14,bottom,host,296.06,161.712,56,49,0.00,
26,14,bottom,other,423.94,318.288,236,61,0.00,
26,15,bottom,host,304.35,156.12,56,49,0.00,
26,15,bottom,other,415.65,323.88,236,61,0.00,
26,16,bottom,host,312.64,150.528,56,49,0.00,
26,16,bottom,other,407.36,329.472,236,61,0.00,
26,17,bottom,host,320.93,144.936,56,49,0.00,
26,17,bottom,other,399.07,335.064,236,61,0.00,
26,18,bottom,host,329.22,139.344,56,49,0.00,
26,18,bottom,other,390.78,340.656,236,61,0.00,
26,19,bottom,host,337.51,133.752,56,49,0.00,
26,19,bottom,other,382.49,346.248,236,61,0.00,
26,20,bottom,host,345.8,128.16,56,50,0.00,
26,20,bottom,other,374.2,351.84,236,65,0.00,
26,21,bottom,host,345.8,128.16,56,50,0.00,
26,21,bottom,other,374.2,351.84,236,65,0.00,
26,22,bottom,host,345.8,128.16,56,50,0.00,
26,22,bottom,other,374.2,351.84,236,65,0.00,
27,1,bottom,host,188.29,245.592,124,50,0.00,
27,1,bottom,other,530,240,270,65,0.00,
27,2,bottom,host,196.58,251.184,124,50,0.00,
27,2,bottom,other,520,240,270,65,0.00,
27,3,bottom,host,204.87,256.776,124,50,0.00,
27,3,bottom,other,511.808,234.264,305,65,0.00,
27,4,bottom,host,213.16,262.368,124,50,0.00,
27,4,bottom,other,503.616,228.528,305,65,0.00,
27,5,bottom,host,221.45,267.96,124,50,0.00,
27,5,bottom,other,495.424,222.792,305,65,0.00,
27,6,bottom,host,229.74,273.552,124,50,0.00,
27,6,bottom,other,487.232,217.056,305,65,0.00,
27,7,bottom,host,238.03,279.144,124,50,0.00,
27,7,bottom,other,479.04,211.32,305,65,0.00,
27,8,bottom,host,246.32,284.736,124,50,0.00,
27,8,bottom,other,470.848,205.584,305,65,0.00,
27,9,bottom,host,254.61,290.328,124,50,0.00,
27,9,bottom,other,462.656,199.848,305,65,0.00,
27,10,bottom,host,262.9,295.92,124,50,0.00,
27,10,bottom,other,454.464,194.112,305,65,0.00,
27,11,bottom,host,271.19,301.512,124,50,0.00,
27,11,bottom,other,446.272,188.376,305,65,0.00,
27,12,bottom,host,279.48,307.104,124,50,0.00,
27,12,bottom,other,438.08,182.64,305,65,0.00,
27,13,bottom,host,287.77,312.696,124,50,0.00,
27,13,bottom,other,429.888,176.904,305,65,0.00,
27,14,bottom,host,296.06,318.288,124,50,0.00,
27,14,bottom,other,421.696,171.168,305,65,0.00,
27,15,bottom,host,304.35,323.88,124,50,0.00,
27,15,bottom,other,413.504,165.432,305,65,0.00,
27,16,bottom,host,312.64,329.472,124,50,0.00,
27,16,bottom,other,405.312,159.696,305,65,0.00,
27,17,bottom,host,320.93,335.064,124,50,0.00,
27,17,bottom,other,397.12,153.96,305,65,0.00,
27,18,bottom,host,329.22,340.656,124,50,0.00,
27,18,bottom,other,388.928,148.224,305,65,0.00,
27,19,bottom,host,337.51,346.248,124,50,0.00,
27,19,bottom,other,380.736,142.488,305,65,0.00,
27,20,bottom,host,345.8,351.84,124,54,0.00,
27,20,bottom,other,372.544,136.752,305,66,0.00,
27,21,bottom,host,345.8,351.84,124,54,0.00,
27,21,bottom,other,372.544,136.752,305,66,0.00,
27,22,bottom,host,345.8,351.84,124,54,0.00,
27,22,bottom,other,372.544,136.752,305,66,0.00,
28,1,top,host,188.29,245.592,124,54,0.00,
28,1,top,other,531.613,234.554,303,66,0.00,
28,2,top,host,196.58,251.184,124,54,0.00,
28,2,top,other,523.226,229.108,303,66,0.00,
28,3,top,host,204.87,256.776,124,54,0.00,
28,3,top,other,514.839,223.662,303,66,0.00,
28,4,top,host,213.16,262.368,124,54,0.00,
28,4,top,other,506.452,218.216,303,66,0.00,
28,5,top,host,221.45,267.96,124,54,0.00,
28,5,top,other,498.065,212.77,303,66,0.00,
28,6,top,host,229.74,273.552,124,54,0.00,
28,6,top,other,489.678,207.324,303,66,0.00,
28,7,top,host,238.03,279.144,124,54,0.00,
28,7,top,other,481.291,201.878,303,66,0.00,
28,8,top,host,246.32,284.736,124,54,0.00,
28,8,top,other,472.904,196.432,303,66,0.00,
28,9,top,host,254.61,290.328,124,54,0.00,
28,9,top,other,464.517,190.986,303,66,0.00,
28,10,top,host,262.9,295.92,124,54,0.00,
28,10,top,other,456.13,185.54,303,66,0.00,
28,11,top,host,271.19,301.512,124,54,0.00,
28,11,top,other,447.743,180.094,303,66,0.00,
28,12,top,host,279.48,307.104,124,54,0.00,
28,12,top,other,439.356,174.648,303,66,0.00,
28,13,top,host,287.77,312.696,124,54,0.00,
28,13,top,other,430.969,169.202,303,66,0.00,
28,14,top,host,296.06,318.288,124,54,0.00,
28,14,top,other,422.582,163.756,303,66,0.00,
28,15,top,host,304.35,323.88,124,54,0.00,
28,15,top,other,414.195,158.31,303,66,0.00,
28,16,top,host,312.64,329.472,124,54,0.00,
28,16,top,other,405.808,152.864,303,66,0.00,
28,17,top,host,320.93,335.064,124,54,0.00,
28,17,top,other,397.421,147.418,303,66,0.00,
28,18,top,host,329.22,340.656,124,54,0.00,
28,18,top,other,389.034,141.972,303,66,0.00,
28,19,top,host,337.51,346.248,124,54,0.00,
28,19,top,other,380.647,136.526,303,66,0.00,
28,20,top,host,345.8,351.84,124,55,0.00,
28,20,top,other,372.26,131.08,303,70,0.00,
28,21,top,host,345.8,351.84,124,55,0.00,
28,21,top,other,372.26,131.08,303,70,0.00,
28,22,top,host,345.8,351.84,124,55,0.00,
28,22,top,other,372.26,131.08,303,70,0.00,
29,1,top,host,188.29,234.408,56,55,0.00,
29,1,top,other,531.71,245.592,236,70,0.00,
29,2,top,host,196.58,228.816,56,55,0.00,
29,2,top,other,523.42,251.184,236,70,0.00,
29,3,top,host,204.87,223.224,56,55,0.00,
29,3,top,other,515.13,256.776,236,70,0.00,
29,4,top,host,213.16,217.632,56,55,0.00,
29,4,top,other,506.84,262.368,236,70,0.00,
29,5,top,host,221.45,212.04,56,55,0.00,
29,5,top,other,498.55,267.96,236,70,0.00,
29,6,top,host,229.74,206.448,56,55,0.00,
29,6,top,other,490.26,273.552,236,70,0.00,
29,7,top,host,238.03,200.856,56,55,0.00,
29,7,top,other,481.97,279.144,236,70,0.00,
29,8,top,host,246.32,195.264,56,55,0.00,
29,8,top,other,473.68,284.736,236,70,0.00,
29,9,top,host,254.61,189.672,56,55,0.00,
29,9,top,other,465.39,290.328,236,70,0.00,
29,10,top,host,262.9,184.08,56,55,0.00,
29,10,top,other,457.1,295.92,236,70,0.00,
29,11,top,host,271.19,178.488,56,55,0.00,
29,11,top,other,448.81,301.512,236,70,0.00,
29,12,top,host,279.48,172.896,56,55,0.00,
29,12,top,other,440.52,307.104,236,70,0.00,
29,13,top,host,287.77,167.304,56,55,0.00,
29,13,top,other,432.23,312.696,236,70,0.00,
29,14,top,host,296.06,161.712,56,55,0.00,
29,14,top,other,423.94,318.288,236,70,0.00,
29,15,top,host,304.35,156.12,56,55,0.00,
29,15,top,other,415.65,323.88,236,70,0.00,
29,16,top,host,312.64,150.528,56,55,0.00,
29,16,top,other,407.36,329.472,236,70,0.00,
29,17,top,host,320.93,144.936,56,55,0.00,
29,17,top,other,399.07,335.064,236,70,0.00,
29,18,top,host,329.22,139.344,56,55,0.00,
29,18,top,other,390.78,340.656,236,70,0.00,
29,19,top,host,337.51,133.752,56,55,0.00,
29,19,top,other,382.49,346.248,236,70,0.00,
29,20,top,host,345.8,128.16,56,59,0.00,
29,20,top,other,374.2,351.84,236,71,0.00,
29,21,top,host,345.8,128.16,56,59,0.00,
29,21,top,other,374.2,351.84,236,71,0.00,
29,22,top,host,345.8,128.16,56,59,0.00,
29,22,top,other,374.2,351.84,236,71,0.00,
30,1,top,host,188.387,245.446,123,59,0.00,
30,1,top,other,531.613,234.554,303,71,0.00,
30,2,top,host,196.774,250.892,123,59,0.00,
30,2,top,other,523.226,229.108,303,71,0.00,
30,3,top,host,205.161,256.338,123,59,0.00,
30,3,top,other,514.839,223.662,303,71,0.00,
30,4,top,host,213.548,261.784,123,59,0.00,
30,4,top,other,506.452,218.216,303,71,0.00,
30,5,top,host,221.935,267.23,123,59,0.00,
30,5,top,other,498.065,212.77,303,71,0.00,
30,6,top,host,230.322,272.676,123,59,0.00,
30,6,top,other,489.678,207.324,303,71,0.00,
30,7,top,host,238.709,278.122,123,59,0.00,
30,7,top,other,481.291,201.878,303,71,0.00,
30,8,top,host,247.096,283.568,123,59,0.00,
30,8,top,other,472.904,196.432,303,71,0.00,
30,9,top,host,255.483,289.014,123,59,0.00,
30,9,top,other,464.517,190.986,303,71,0.00,
30,10,top,host,263.87,294.46,123,59,0.00,
30,10,top,other,456.13,185.54,303,71,0.00,
30,11,top,host,272.257,299.906,123,59,0.00,
30,11,top,other,447.743,180.094,303,71,0.00,
30,12,top,host,280.644,305.352,123,59,0.00,
30,12,top,other,439.356,174.648,303,71,0.00,
30,13,top,host,289.031,310.798,123,59,0.00,
30,13,top,other,430.969,169.202,303,71,0.00,
30,14,top,host,297.418,316.244,123,59,0.00,
30,14,top,other,422.582,163.756,303,71,0.00,
30,15,top,host,305.805,321.69,123,59,0.00,
30,15,top,other,414.195,158.31,303,71,0.00,
30,16,top,host,314.192,327.136,123,59,0.00,
30,16,top,other,405.808,152.864,303,71,0.00,
30,17,top,host,322.579,332.582,123,59,0.00,
30,17,top,other,397.421,147.418,303,71,0.00,
30,18,top,host,330.966,338.028,123,59,0.00,
30,18,top,other,389.034,141.972,303,71,0.00,
30,19,top,host,339.353,343.474,123,59,0.00,
30,19,top,other,380.647,136.526,303,71,0.00,
30,20,top,host,347.74,348.92,123,60,0.00,
30,20,top,other,372.26,131.08,303,75,0.00,
30,21,top,host,347.74,348.92,123,60,0.00,
30,21,top,other,372.26,131.08,303,75,0.00,
30,22,top,host,347.74,348.92,123,60,0.00,
30,22,top,other,372.26,131.08,303,75,0.00,
31,1,bottom,host,190,240,90,60,0.00,
31,1,bottom,other,530,240,270,75,0.00,
31,2,bottom,host,200,240,90,60,0.00,
31,2,bottom,other,520,240,270,75,0.00,
31,3,bottom,host,210,240,90,60,0.00,
31,3,bottom,other,510,240,270,75,0.00,
31,4,bottom,host,220,240,90,60,0.00,
31,4,bottom,other,500,240,270,75,0.00,
31,5,bottom,host,230,240,90,60,0.00,
31,5,bottom,other,490,240,270,75,0.00,
31,6,bottom,host,240,240,90,60,0.00,
31,6,bottom,other,482.453,246.561,229,75,0.00,
31,7,bottom,host,250,240,90,60,0.00,
31,7,bottom,other,474.906,253.122,229,75,0.00,
31,8,bottom,host,257.193,233.053,46,60,0.00,
31,8,bottom,other,467.359,259.683,229,75,0.00,
31,9,bottom,host,264.386,226.106,46,60,0.00,
31,9,bottom,other,459.812,266.244,229,75,0.00,
31,10,bottom,host,271.579,219.159,46,60,0.00,
31,10,bottom,other,452.265,272.805,229,75,0.00,
31,11,bottom,host,278.772,212.212,46,60,0.00,
31,11,bottom,other,444.718,279.366,229,75,0.00,
31,12,bottom,host,285.965,205.265,46,60,0.00,
31,12,bottom,other,437.171,285.927,229,75,0.00,
31,13,bottom,host,293.158,198.318,46,60,0.00,
31,13,bottom,other,429.624,292.488,229,75,0.00,
31,14,bottom,host,300.351,191.371,46,60,0.00,
31,14,bottom,other,422.077,299.049,229,75,0.00,
31,15,bottom,host,307.544,184.424,46,60,0.00,
31,15,bottom,other,414.53,305.61,229,75,0.00,
31,16,bottom,host,314.737,177.477,46,60,0.00,
31,16,bottom,other,406.983,312.171,229,75,0.00,
31,17,bottom,host,321.93,170.53,46,60,0.00,
31,17,bottom,other,399.436,318.732,229,75,0.00,
31,18,bottom,host,329.123,163.583,46,60,0.00,
31,18,bottom,other,391.889,325.293,229,75,0.00,
31,19,bottom,host,336.316,156.636,46,60,0.00,
31,19,bottom,other,384.342,331.854,229,75,0.00,
31,20,bottom,host,343.509,149.689,46,60,0.00,
31,20,bottom,other,376.795,338.415,229,75,0.00,
31,21,bottom,host,350.702,142.742,46,61,0.00,
31,21,bottom,other,369.248,344.976,229,79,0.00,
31,22,bottom,host,350.702,142.742,46,61,0.00,
31,22,bottom,other,369.248,344.976,229,79,0.00,
31,23,bottom,host,350.702,142.742,46,61,0.00,
31,23,bottom,other,369.248,344.976,229,79,0.00,
32,1,top,host,188.48,234.701,58,61,0.00,
32,1,top,other,531.71,245.592,236,79,0.00,
32,2,top,host,196.96,229.402,58,61,0.00,
32,2,top,other,523.42,251.184,236,79,0.00,
32,3,top,host,205.44,224.103,58,61,0.00,
32,3,top,other,515.13,256.776,236,79,0.00,
32,4,top,host,213.92,218.804,58,61,0.00,
32,4,top,other,506.84,262.368,236,79,0.00,
32,5,top,host,222.4,213.505,58,61,0.00,
32,5,top,other,498.55,267.96,236,79,0.00,
32,6,top,host,230.88,208.206,58,61,0.00,
32,6,top,other,490.26,273.552,236,79,0.00,
32,7,top,host,239.36,202.907,58,61,0.00,
32,7,top,other,481.97,279.144,236,79,0.00,
32,8,top,host,247.84,197.608,58,61,0.00,
32,8,top,other,473.68,284.736,236,79,0.00,
32,9,top,host,256.32,192.309,58,61,0.00,
32,9,top,other,465.39,290.328,236,79,0.00,
32,10,top,host,264.41,186.431,54,61,0.00,
32,10,top,other,457.1,295.92,236,79,0.00,
32,11,top,host,272.5,180.553,54,61,0.00,
32,11,top,other,448.81,301.512,236,79,0.00,
32,12,top,host,280.59,174.675,54,61,0.00,
32,12,top,other,440.52,307.104,236,79,0.00,
32,13,top,host,288.68,168.797,54,61,0.00,
32,13,top,other,432.23,312.696,236,79,0.00,
32,14,top,host,296.77,162.919,54,61,0.00,
32,14,top,other,423.94,318.288,236,79,0.00,
32,15,top,host,304.86,157.041,54,61,0.00,
32,15,top,other,415.65,323.88,236,79,0.00,
32,16,top,host,312.95,151.163,54,61,0.00,
32,16,top,other,407.36,329.472,236,79,0.00,
32,17,top,host,321.04,145.285,54,61,0.00,
32,17,top,other,399.07,335.064,236,79,0.00,
32,18,top,host,329.13,139.407,54,61,0.00,
32,18,top,other,390.78,340.656,236,79,0.00,
32,19,top,host,337.22,133.529,54,61,0.00,
32,19,top,other,382.49,346.248,236,79,0.00,
32,20,top,host,345.31,127.651,54,65,0.00,
32,20,top,other,374.2,351.84,236,80,0.00,
32,21,top,host,345.31,127.651,54,65,0.00,
32,21,top,other,374.2,351.84,236,80,0.00,
32,22,top,host,345.31,127.651,54,65,0.00,
32,22,top,other,374.2,351.84,236,80,0.00,
33,1,bottom,host,188.29,234.408,56,65,0.00,
33,1,bottom,other,530,240,270,80,0.00,
33,2,bottom,host,196.58,228.816,56,65,0.00,
33,2,bottom,other,520,240,270,80,0.00,
33,3,bottom,host,204.87,223.224,56,65,0.00,
33,3,bottom,other,510,240,270,80,0.00,
33,4,bottom,host,213.16,217.632,56,65,0.00,
33,4,bottom,other,502.014,246.018,233,80,0.00,
33,5,bottom,host,221.45,212.04,56,65,0.00,
33,5,bottom,other,494.028,252.036,233,80,0.00,
33,6,bottom,host,229.74,206.448,56,65,0.00,
33,6,bottom,other,486.042,258.054,233,80,0.00,
33,7,bottom,host,238.03,200.856,56,65,0.00,
33,7,bottom,other,478.056,264.072,233,80,0.00,
33,8,bottom,host,246.32,195.264,56,65,0.00,
33,8,bottom,other,470.07,270.09,233,80,0.00,
33,9,bottom,host,254.61,189.672,56,65,0.00,
33,9,bottom,other,462.084,276.108,233,80,0.00,
33,10,bottom,host,262.9,184.08,56,65,0.00,
33,10,bottom,other,454.098,282.126,233,80,0.00,
33,11,bottom,host,271.19,178.488,56,65,0.00,
33,11,bottom,other,446.112,288.144,233,80,0.00,
33,12,bottom,host,279.48,172.896,56,65,0.00,
33,12,bottom,other,438.126,294.162,233,80,0.00,
33,13,bottom,host,287.77,167.304,56,65,0.00,
33,13,bottom,other,430.14,300.18,233,80,0.00,
33,14,bottom,host,296.06,161.712,56,65,0.00,
33,14,bottom,other,422.154,306.198,233,80,0.00,
33,15,bottom,host,304.35,156.12,56,65,0.00,
33,15,bottom,other,414.168,312.216,233,80,0.00,
33,16,bottom,host,312.64,150.528,56,65,0.00,
33,16,bottom,other,406.182,318.234,233,80,0.00,
33,17,bottom,host,320.93,144.936,56,65,0.00,
33,17,bottom,other,398.196,324.252,233,80,0.00,
33,18,bottom,host,329.22,139.344,56,65,0.00,
33,18,bottom,other,390.21,330.27,233,80,0.00,
33,19,bottom,host,337.51,133.752,56,65,0.00,
33,19,bottom,other,382.224,336.288,233,80,0.00,
33,20,bottom,host,345.8,128.16,56,66,0.00,
33,20,bottom,other,374.238,342.306,233,84,0.00,
33,21,bottom,host,345.8,128.16,56,66,0.00,
33,21,bottom,other,374.238,342.306,233,84,0.00,
33,22,bottom,host,345.8,128.16,56,66,0.00,
33,22,bottom,other,374.238,342.306,233,84,0.00,
34,1,top,host,188.29,234.408,56,66,0.00,
34,1,top,other,530,240,270,84,0.00,
34,2,top,host,196.58,228.816,56,66,0.00,
34,2,top,other,520,240,270,84,0.00,
34,3,top,host,204.87,223.224,56,66,0.00,
34,3,top,other,510,240,270,84,0.00,
34,4,top,host,213.16,217.632,56,66,0.00,
34,4,top,other,500,240,270,84,0.00,
34,5,top,host,221.45,212.04,56,66,0.00,
34,5,top,other,492.229,246.293,231,84,0.00,
34,6,top,host,229.74,206.448,56,66,0.00,
34,6,top,other,484.458,252.586,231,84,0.00,
34,7,top,host,238.03,200.856,56,66,0.00,
34,7,top,other,476.687,258.879,231,84,0.00,
34,8,top,host,246.32,195.264,56,66,0.00,
34,8,top,other,468.916,265.172,231,84,0.00,
34,9,top,host,254.61,189.672,56,66,0.00,
34,9,top,other,461.145,271.465,231,84,0.00,
34,10,top,host,262.9,184.08,56,66,0.00,
34,10,top,other,453.374,277.758,231,84,0.00,
34,11,top,host,271.19,178.488,56,66,0.00,
34,11,top,other,445.603,284.051,231,84,0.00,
34,12,top,host,279.48,172.896,56,66,0.00,
34,12,top,other,437.832,290.344,231,84,0.00,
34,13,top,host,287.77,167.304,56,66,0.00,
34,13,top,other,430.061,296.637,231,84,0.00,
34,14,top,host,296.06,161.712,56,66,0.00,
34,14,top,other,422.29,302.93,231,84,0.00,
34,15,top,host,304.35,156.12,56,66,0.00,
34,15,top,other,414.519,309.223,231,84,0.00,
34,16,top,host,312.64,150.528,56,66,0.00,
34,16,top,other,406.748,315.516,231,84,0.00,
34,17,top,host,320.93,144.936,56,66,0.00,
34,17,top,other,398.977,321.809,231,84,0.00,
34,18,top,host,329.22,139.344,56,66,0.00,
34,18,top,other,391.206,328.102,231,84,0.00,
34,19,top,host,337.51,133.752,56,66,0.00,
34,19,top,other,383.435,334.395,231,84,0.00,
34,20,top,host,345.8,128.16,56,70,0.00,
34,20,top,other,375.664,340.688,231,85,0.00,
34,21,top,host,345.8,128.16,56,70,0.00,
34,21,top,other,375.664,340.688,231,85,0.00,
34,22,top,host,345.8,128.16,56,70,0.00,
34,22,top,other,375.664,340.688,231,85,0.00,
35,1,top,host,188.48,245.299,122,70,0.00,
35,1,top,other,530,240,270,85,0.00,
35,2,top,host,196.96,250.598,122,70,0.00,
35,2,top,other,520,240,270,85,0.00,
35,3,top,host,205.44,255.897,122,70,0.00,
35,3,top,other,511.808,234.264,305,85,0.00,
35,4,top,host,213.92,261.196,122,70,0.00,
35,4,top,other,503.616,228.528,305,85,0.00,
35,5,top,host,222.4,266.495,122,70,0.00,
35,5,top,other,495.424,222.792,305,85,0.00,
35,6,top,host,230.88,271.794,122,70,0.00,
35,6,top,other,487.232,217.056,305,85,0.00,
35,7,top,host,239.36,277.093,122,70,0.00,
35,7,top,other,479.04,211.32,305,85,0.00,
35,8,top,host,247.84,282.392,122,70,0.00,
35,8,top,other,470.848,205.584,305,85,0.00,
35,9,top,host,256.32,287.691,122,70,0.00,
35,9,top,other,462.656,199.848,305,85,0.00,
35,10,top,host,264.8,292.99,122,70,0.00,
35,10,top,other,454.464,194.112,305,85,0.00,
35,11,top,host,273.28,298.289,122,70,0.00,
35,11,top,other,446.272,188.376,305,85,0.00,
35,12,top,host,281.76,303.588,122,70,0.00,
35,12,top,other,438.08,182.64,305,85,0.00,
35,13,top,host,290.24,308.887,122,70,0.00,
35,13,top,other,429.888,176.904,305,85,0.00,
35,14,top,host,298.72,314.186,122,70,0.00,
35,14,top,other,421.696,171.168,305,85,0.00,
35,15,top,host,307.2,319.485,122,70,0.00,
35,15,top,other,413.504,165.432,305,85,0.00,
35,16,top,host,315.68,324.784,122,70,0.00,
35,16,top,other,405.312,159.696,305,85,0.00,
35,17,top,host,324.16,330.083,122,70,0.00,
35,17,top,other,397.12,153.96,305,85,0.00,
35,18,top,host,332.64,335.382,122,70,0.00,
35,18,top,other,388.928,148.224,305,85,0.00,
35,19,top,host,341.12,340.681,122,70,0.00,
35,19,top,other,380.736,142.488,305,85,0.00,
35,20,top,host,349.6,345.98,122,71,0.00,
35,20,top,other,372.544,136.752,305,89,0.00,
35,21,top,host,349.6,345.98,122,71,0.00,
35,21,top,other,372.544,136.752,305,89,0.00,
35,22,top,host,349.6,345.98,122,71,0.00,
35,22,top,other,372.544,136.752,305,89,0.00,
36,1,bottom,host,188.387,245.446,123,71,0.00,
36,1,bottom,other,531.613,245.446,237,89,0.00,
36,2,bottom,host,196.774,250.892,123,71,0.00,
36,2,bottom,other,523.226,250.892,237,89,0.00,
36,3,bottom,host,205.161,256.338,123,71,0.00,
36,3,bottom,other,514.839,256.338,237,89,0.00,
36,4,bottom,host,213.548,261.784,123,71,0.00,
36,4,bottom,other,506.452,261.784,237,89,0.00,
36,5,bottom,host,221.935,267.23,123,71,0.00,
36,5,bottom,other,498.905,255.223,311,89,0.00,
36,6,bottom,host,230.322,272.676,123,71,0.00,
36,6,bottom,other,491.358,248.662,311,89,0.00,
36,7,bottom,host,238.709,278.122,123,71,0.00,
36,7,bottom,other,483.811,242.101,311,89,0.00,
36,8,bottom,host,247.096,283.568,123,71,0.00,
36,8,bottom,other,476.264,235.54,311,89,0.00,
36,9,bottom,host,255.483,289.014,123,71,0.00,
36,9,bottom,other,468.717,228.979,311,89,0.00,
36,10,bottom,host,263.87,294.46,123,71,0.00,
36,10,bottom,other,461.17,222.418,311,89,0.00,
36,11,bottom,host,272.257,299.906,123,71,0.00,
36,11,bottom,other,453.623,215.857,311,89,0.00,
36,12,bottom,host,280.644,305.352,123,71,0.00,
36,12,bottom,other,446.552,208.786,315,89,0.00,
36,13,bottom,host,289.031,310.798,123,71,0.00,
36,13,bottom,other,439.481,201.715,315,89,0.00,
36,14,bottom,host,297.418,316.244,123,71,0.00,
36,14,bottom,other,432.41,194.644,315,89,0.00,
36,15,bottom,host,305.805,321.69,123,71,0.00,
36,15,bottom,other,425.339,187.573,315,89,0.00,
36,16,bottom,host,314.192,327.136,123,71,0.00,
36,16,bottom,other,418.268,180.502,315,89,0.00,
36,17,bottom,host,322.579,332.582,123,71,0.00,
36,17,bottom,other,411.197,173.431,315,89,0.00,
36,18,bottom,host,330.966,338.028,123,71,0.00,
36,18,bottom,other,404.126,166.36,315,89,0.00,
36,19,bottom,host,339.353,343.474,123,71,0.00,
36,19,bottom,other,397.055,159.289,315,89,0.00,
36,20,bottom,host,347.74,348.92,123,75,0.00,
36,20,bottom,other,389.984,152.218,315,90,0.00,
36,21,bottom,host,347.74,348.92,123,75,0.00,
36,21,bottom,other,389.984,152.218,315,90,0.00,
36,22,bottom,host,347.74,348.92,123,75,0.00,
36,22,bottom,other,389.984,152.218,315,90,0.00,
37,1,top,host,188.387,245.446,123,75,0.00,
37,1,top,other,530,240,270,90,0.00,
37,2,top,host,196.774,250.892,123,75,0.00,
37,2,top,other,520,240,270,90,0.00,
37,3,top,host,205.161,256.338,123,75,0.00,
37,3,top,other,510,240,270,90,0.00,
37,4,top,host,213.548,261.784,123,75,0.00,
37,4,top,other,500,240,270,90,0.00,
37,5,top,host,221.935,267.23,123,75,0.00,
37,5,top,other,492.229,233.707,309,90,0.00,
37,6,top,host,230.322,272.676,123,75,0.00,
37,6,top,other,484.458,227.414,309,90,0.00,
37,7,top,host,238.709,278.122,123,75,0.00,
37,7,top,other,476.687,221.121,309,90,0.00,
37,8,top,host,247.096,283.568,123,75,0.00,
37,8,top,other,468.916,214.828,309,90,0.00,
37,9,top,host,255.483,289.014,123,75,0.00,
37,9,top,other,461.145,208.535,309,90,0.00,
37,10,top,host,263.87,294.46,123,75,0.00,
37,10,top,other,453.374,202.242,309,90,0.00,
37,11,top,host,272.257,299.906,123,75,0.00,
37,11,top,other,445.603,195.949,309,90,0.00,
37,12,top,host,280.644,305.352,123,75,0.00,
37,12,top,other,437.832,189.656,309,90,0.00,
37,13,top,host,289.031,310.798,123,75,0.00,
37,13,top,other,430.061,183.363,309,90,0.00,
37,14,top,host,297.418,316.244,123,75,0.00,
37,14,top,other,422.29,177.07,309,90,0.00,
37,15,top,host,305.805,321.69,123,75,0.00,
37,15,top,other,414.519,170.777,309,90,0.00,
37,16,top,host,314.192,327.136,123,75,0.00,
37,16,top,other,406.748,164.484,309,90,0.00,
37,17,top,host,322.579,332.582,123,75,0.00,
37,17,top,other,398.977,158.191,309,90,0.00,
37,18,top,host,330.966,338.028,123,75,0.00,
37,18,top,other,391.206,151.898,309,90,0.00,
37,19,top,host,339.353,343.474,123,75,0.00,
37,19,top,other,383.435,145.605,309,90,0.00,
37,20,top,host,347.74,348.92,123,76,0.00,
37,20,top,other,375.664,139.312,309,94,0.00,
37,21,top,host,347.74,348.92,123,76,0.00,
37,21,top,other,375.664,139.312,309,94,0.00,
37,22,top,host,347.74,348.92,123,76,0.00,
37,22,top,other,375.664,139.312,309,94,0.00,
38,1,top,host,188.29,234.408,56,76,0.00,
38,1,top,other,530,240,270,94,0.00,
38,2,top,host,196.58,228.816,56,76,0.00,
38,2,top,other,520,240,270,94,0.00,
38,3,top,host,204.87,223.224,56,76,0.00,
38,3,top,other,511.91,245.878,234,94,0.00,
38,4,top,host,213.16,217.632,56,76,0.00,
38,4,top,other,503.82,251.756,234,94,0.00,
38,5,top,host,221.45,212.04,56,76,0.00,
38,5,top,other,495.73,257.634,234,94,0.00,
38,6,top,host,229.74,206.448,56,76,0.00,
38,6,top,other,487.64,263.512,234,94,0.00,
38,7,top,host,238.03,200.856,56,76,0.00,
38,7,top,other,479.55,269.39,234,94,0.00,
38,8,top,host,246.32,195.264,56,76,0.00,
38,8,top,other,471.46,275.268,234,94,0.00,
38,9,top,host,254.61,189.672,56,76,0.00,
38,9,top,other,463.37,281.146,234,94,0.00,
38,10,top,host,262.9,184.08,56,76,0.00,
38,10,top,other,455.28,287.024,234,94,0.00,
38,11,top,host,271.19,178.488,56,76,0.00,
38,11,top,other,447.19,292.902,234,94,0.00,
38,12,top,host,279.48,172.896,56,76,0.00,
38,12,top,other,439.1,298.78,234,94,0.00,
38,13,top,host,287.77,167.304,56,76,0.00,
38,13,top,other,431.01,304.658,234,94,0.00,
38,14,top,host,296.06,161.712,56,76,0.00,
38,14,top,other,422.92,310.536,234,94,0.00,
38,15,top,host,304.35,156.12,56,76,0.00,
38,15,top,other,414.83,316.414,234,94,0.00,
38,16,top,host,312.64,150.528,56,76,0.00,
38,16,top,other,406.74,322.292,234,94,0.00,
38,17,top,host,320.93,144.936,56,76,0.00,
38,17,top,other,398.65,328.17,234,94,0.00,
38,18,top,host,329.22,139.344,56,76,0.00,
38,18,top,other,390.56,334.048,234,94,0.00,
38,19,top,host,337.51,133.752,56,76,0.00,
38,19,top,other,382.47,339.926,234,94,0.00,
38,20,top,host,345.8,128.16,56,80,0.00,
38,20,top,other,374.38,345.804,234,95,0.00,
38,21,top,host,345.8,128.16,56,80,0.00,
38,21,top,other,374.38,345.804,234,95,0.00,
38,22,top,host,345.8,128.16,56,80,0.00,
38,22,top,other,374.38,345.804,234,95,0.00,
39,1,top,host,188.29,245.592,124,80,0.00,
39,1,top,other,531.71,234.408,304,95,0.00,
39,2,top,host,196.58,251.184,124,80,0.00,
39,2,top,other,523.42,228.816,304,95,0.00,
39,3,top,host,204.87,256.776,124,80,0.00,
39,3,top,other,515.13,223.224,304,95,0.00,
39,4,top,host,213.16,262.368,124,80,0.00,
39,4,top,other,506.84,217.632,304,95,0.00,
39,5,top,host,221.45,267.96,124,80,0.00,
39,5,top,other,498.55,212.04,304,95,0.00,
39,6,top,host,229.74,273.552,124,80,0.00,
39,6,top,other,490.26,206.448,304,95,0.00,
39,7,top,host,238.03,279.144,124,80,0.00,
39,7,top,other,481.97,200.856,304,95,0.00,
39,8,top,host,246.32,284.736,124,80,0.00,
39,8,top,other,473.68,195.264,304,95,0.00,
39,9,top,host,254.61,290.328,124,80,0.00,
39,9,top,other,465.39,189.672,304,95,0.00,
39,10,top,host,262.9,295.92,124,80,0.00,
39,10,top,other,457.1,184.08,304,95,0.00,
39,11,top,host,271.19,301.512,124,80,0.00,
39,11,top,other,448.81,178.488,304,95,0.00,
39,12,top,host,279.48,307.104,124,80,0.00,
39,12,top,other,440.52,172.896,304,95,0.00,
39,13,top,host,287.672,312.84,125,80,0.00,
39,13,top,other,432.23,167.304,304,95,0.00,
39,14,top,host,295.864,318.576,125,80,0.00,
39,14,top,other,423.94,161.712,304,95,0.00,
39,15,top,host,304.056,324.312,125,80,0.00,
39,15,top,other,415.65,156.12,304,95,0.00,
39,16,top,host,312.248,330.048,125,80,0.00,
39,16,top,other,407.36,150.528,304,95,0.00,
39,17,top,host,320.44,335.784,125,80,0.00,
39,17,top,other,399.07,144.936,304,95,0.00,
39,18,top,host,328.632,341.52,125,80,0.00,
39,18,top,other,390.78,139.344,304,95,0.00,
39,19,top,host,336.824,347.256,125,80,0.00,
39,19,top,other,382.49,133.752,304,95,0.00,
39,20,top,host,345.016,352.992,125,81,0.00,
39,20,top,other,374.2,128.16,304,99,0.00,
39,21,top,host,345.016,352.992,125,81,0.00,
39,21,top,other,374.2,128.16,304,99,0.00,
39,22,top,host,345.016,352.992,125,81,0.00,
39,22,top,other,374.2,128.16,304,99,0.00,
40,1,bottom,host,188.29,245.592,124,81,0.00,
40,1,bottom,other,530,240,270,99,0.00,
40,2,bottom,host,196.58,251.184,124,81,0.00,
40,2,bottom,other,520,240,270,99,0.00,
40,3,bottom,host,204.87,256.776,124,81,0.00,
40,3,bottom,other,510,240,270,99,0.00,
40,4,bottom,host,213.16,262.368,124,81,0.00,
40,4,bottom,other,500,240,270,99,0.00,
40,5,bottom,host,221.45,267.96,124,81,0.00,
40,5,bottom,other,492.12,233.843,308,99,0.00,
40,6,bottom,host,229.74,273.552,124,81,0.00,
40,6,bottom,other,484.24,227.686,308,99,0.00,
40,7,bottom,host,238.03,279.144,124,81,0.00,
40,7,bottom,other,476.36,221.529,308,99,0.00,
40,8,bottom,host,246.32,284.736,124,81,0.00,
40,8,bottom,other,468.48,215.372,308,99,0.00,
40,9,bottom,host,254.61,290.328,124,81,0.00,
40,9,bottom,other,460.6,209.215,308,99,0.00,
40,10,bottom,host,262.9,295.92,124,81,0.00,
40,10,bottom,other,452.72,203.058,308,99,0.00,
40,11,bottom,host,271.19,301.512,124,81,0.00,
40,11,bottom,other,444.84,196.901,308,99,0.00,
40,12,bottom,host,279.48,307.104,124,81,0.00,
40,12,bottom,other,436.96,190.744,308,99,0.00,
40,13,bottom,host,287.77,312.696,124,81,0.00,
40,13,bottom,other,429.08,184.587,308,99,0.00,
40,14,bottom,host,296.06,318.288,124,81,0.00,
40,14,bottom,other,421.2,178.43,308,99,0.00,
40,15,bottom,host,304.35,323.88,124,81,0.00,
40,15,bottom,other,413.32,172.273,308,99,0.00,
40,16,bottom,host,312.64,329.472,124,81,0.00,
40,16,bottom,other,405.44,166.116,308,99,0.00,
40,17,bottom,host,320.93,335.064,124,81,0.00,
40,17,bottom,other,397.56,159.959,308,99,0.00,
40,18,bottom,host,329.22,340.656,124,81,0.00,
40,18,bottom,other,389.68,153.802,308,99,0.00,
40,19,bottom,host,337.51,346.248,124,81,0.00,
40,19,bottom,other,381.8,147.645,308,99,0.00,
40,20,bottom,host,345.8,351.84,124,85,0.00,
40,20,bottom,other,373.92,141.488,308,100,0.00,
40,21,bottom,host,345.8,351.84,124,85,0.00,
40,21,bottom,other,373.92,141.488,308,100,0.00,
40,22,bottom,host,345.8,351.84,124,85,0.00,
40,22,bottom,other,373.92,141.488,308,100,0.00,
41,1,bottom,host,188.29,234.408,56,85,0.00,
41,1,bottom,other,531.71,245.592,236,100,0.00,
41,2,bottom,host,196.58,228.816,56,85,0.00,
41,2,bottom,other,523.42,251.184,236,100,0.00,
41,3,bottom,host,204.87,223.224,56,85,0.00,
41,3,bottom,other,515.13,256.776,236,100,0.00,
41,4,bottom,host,213.16,217.632,56,85,0.00,
41,4,bottom,other,506.84,262.368,236,100,0.00,
41,5,bottom,host,221.45,212.04,56,85,0.00,
41,5,bottom,other,498.55,267.96,236,100,0.00,
41,6,bottom,host,229.74,206.448,56,85,0.00,
41,6,bottom,other,490.26,273.552,236,100,0.00,
41,7,bottom,host,238.03,200.856,56,85,0.00,
41,7,bottom,other,481.97,279.144,236,100,0.00,
41,8,bottom,host,246.32,195.264,56,85,0.00,
41,8,bottom,other,473.68,284.736,236,100,0.00,
41,9,bottom,host,254.61,189.672,56,85,0.00,
41,9,bottom,other,465.39,290.328,236,100,0.00,
41,10,bottom,host,262.9,184.08,56,85,0.00,
41,10,bottom,other,457.1,295.92,236,100,0.00,
41,11,bottom,host,271.19,178.488,56,85,0.00,
41,11,bottom,other,448.81,301.512,236,100,0.00,
41,12,bottom,host,279.48,172.896,56,85,0.00,
41,12,bottom,other,440.52,307.104,236,100,0.00,
41,13,bottom,host,287.77,167.304,56,85,0.00,
41,13,bottom,other,432.23,312.696,236,100,0.00,
41,14,bottom,host,296.06,161.712,56,85,0.00,
41,14,bottom,other,423.94,318.288,236,100,0.00,
41,15,bottom,host,304.35,156.12,56,85,0.00,
41,15,bottom,other,415.65,323.88,236,100,0.00,
41,16,bottom,host,312.64,150.528,56,85,0.00,
41,16,bottom,other,407.36,329.472,236,100,0.00,
41,17,bottom,host,320.93,144.936,56,85,0.00,
41,17,bottom,other,399.07,335.064,236,100,0.00,
41,18,bottom,host,329.22,139.344,56,85,0.00,
41,18,bottom,other,390.78,340.656,236,100,0.00,
41,19,bottom,host,337.51,133.752,56,85,0.00,
41,19,bottom,other,382.49,346.248,236,100,0.00,
41,20,bottom,host,345.8,128.16,56,86,0.00,
41,20,bottom,other,374.2,351.84,236,104,0.00,
41,21,bottom,host,345.8,128.16,56,86,0.00,
41,21,bottom,other,374.2,351.84,236,104,0.00,
41,22,bottom,host,345.8,128.16,56,86,0.00,
41,22,bottom,other,374.2,351.84,236,104,0.00,
42,1,bottom,host,188.387,245.446,123,86,0.00,
42,1,bottom,other,530,240,270,104,0.00,
42,2,bottom,host,196.774,250.892,123,86,0.00,
42,2,bottom,other,520,240,270,104,0.00,
42,3,bottom,host,205.161,256.338,123,86,0.00,
42,3,bottom,other,511.808,234.264,305,104,0.00,
42,4,bottom,host,213.548,261.784,123,86,0.00,
42,4,bottom,other,503.616,228.528,305,104,0.00,
42,5,bottom,host,221.935,267.23,123,86,0.00,
42,5,bottom,other,495.424,222.792,305,104,0.00,
42,6,bottom,host,230.322,272.676,123,86,0.00,
42,6,bottom,other,487.438,216.774,307,104,0.00,
42,7,bottom,host,238.709,278.122,123,86,0.00,
42,7,bottom,other,479.452,210.756,307,104,0.00,
42,8,bottom,host,247.096,283.568,123,86,0.00,
42,8,bottom,other,471.466,204.738,307,104,0.00,
42,9,bottom,host,255.483,289.014,123,86,0.00,
42,9,bottom,other,463.48,198.72,307,104,0.00,
42,10,bottom,host,263.87,294.46,123,86,0.00,
42,10,bottom,other,455.494,192.702,307,104,0.00,
42,11,bottom,host,272.257,299.906,123,86,0.00,
42,11,bottom,other,447.508,186.684,307,104,0.00,
42,12,bottom,host,280.644,305.352,123,86,0.00,
42,12,bottom,other,439.522,180.666,307,104,0.00,
42,13,bottom,host,289.031,310.798,123,86,0.00,
42,13,bottom,other,431.536,174.648,307,104,0.00,
42,14,bottom,host,297.418,316.244,123,86,0.00,
42,14,bottom,other,423.55,168.63,307,104,0.00,
42,15,bottom,host,305.805,321.69,123,86,0.00,
42,15,bottom,other,415.564,162.612,307,104,0.00,
42,16,bottom,host,314.192,327.136,123,86,0.00,
42,16,bottom,other,407.578,156.594,307,104,0.00,
42,17,bottom,host,322.579,332.582,123,86,0.00,
42,17,bottom,other,399.592,150.576,307,104,0.00,
42,18,bottom,host,330.966,338.028,123,86,0.00,
42,18,bottom,other,391.606,144.558,307,104,0.00,
42,19,bottom,host,339.353,343.474,123,86,0.00,
42,19,bottom,other,383.62,138.54,307,104,0.00,
42,20,bottom,host,347.74,348.92,123,90,0.00,
42,20,bottom,other,375.634,132.522,307,105,0.00,
42,21,bottom,host,347.74,348.92,123,90,0.00,
42,21,bottom,other,375.634,132.522,307,105,0.00,
42,22,bottom,host,347.74,348.92,123,90,0.00,
42,22,bottom,other,375.634,132.522,307,105,0.00,
43,1,top,host,188.387,245.446,123,90,0.00,
43,1,top,other,530,240,270,105,0.00,
43,2,top,host,196.774,250.892,123,90,0.00,
43,2,top,other,521.613,234.554,303,105,0.00,
43,3,top,host,205.161,256.338,123,90,0.00,
43,3,top,other,513.226,229.108,303,105,0.00,
43,4,top,host,213.548,261.784,123,90,0.00,
43,4,top,other,504.839,223.662,303,105,0.00,
43,5,top,host,221.935,267.23,123,90,0.00,
43,5,top,other,496.452,218.216,303,105,0.00,
43,6,top,host,230.322,272.676,123,90,0.00,
43,6,top,other,488.065,212.77,303,105,0.00,
43,7,top,host,238.709,278.122,123,90,0.00,
43,7,top,other,479.678,207.324,303,105,0.00,
43,8,top,host,247.096,283.568,123,90,0.00,
43,8,top,other,471.291,201.878,303,105,0.00,
43,9,top,host,255.483,289.014,123,90,0.00,
43,9,top,other,462.904,196.432,303,105,0.00,
43,10,top,host,263.87,294.46,123,90,0.00,
43,10,top,other,454.517,190.986,303,105,0.00,
43,11,top,host,272.257,299.906,123,90,0.00,
43,11,top,other,446.13,185.54,303,105,0.00,
43,12,top,host,280.644,305.352,123,90,0.00,
43,12,top,other,437.743,180.094,303,105,0.00,
43,13,top,host,289.031,310.798,123,90,0.00,
43,13,top,other,429.356,174.648,303,105,0.00,
43,14,top,host,297.418,316.244,123,90,0.00,
43,14,top,other,420.969,169.202,303,105,0.00,
43,15,top,host,305.805,321.69,123,90,0.00,
43,15,top,other,412.582,163.756,303,105,0.00,
43,16,top,host,314.192,327.136,123,90,0.00,
43,16,top,other,404.195,158.31,303,105,0.00,
43,17,top,host,322.579,332.582,123,90,0.00,
43,17,top,other,395.808,152.864,303,105,0.00,
43,18,top,host,330.966,338.028,123,90,0.00,
43,18,top,other,387.421,147.418,303,105,0.00,
43,19,top,host,339.353,343.474,123,90,0.00,
43,19,top,other,379.034,141.972,303,105,0.00,
43,20,top,host,347.74,348.92,123,91,0.00,
43,20,top,other,370.647,136.526,303,109,0.00,
43,21,top,host,347.74,348.92,123,91,0.00,
43,21,top,other,370.647,136.526,303,109,0.00,
43,22,top,host,347.74,348.92,123,91,0.00,
43,22,top,other,370.647,136.526,303,109,0.00,
44,1,top,host,188.29,234.408,56,91,0.00,
44,1,top,other,531.71,245.592,236,109,0.00,
44,2,top,host,196.58,228.816,56,91,0.00,
44,2,top,other,523.42,251.184,236,109,0.00,
44,3,top,host,204.87,223.224,56,91,0.00,
44,3,top,other,515.13,256.776,236,109,0.00,
44,4,top,host,213.16,217.632,56,91,0.00,
44,4,top,other,506.84,262.368,236,109,0.00,
44,5,top,host,221.45,212.04,56,91,0.00,
44,5,top,other,498.55,267.96,236,109,0.00,
44,6,top,host,229.74,206.448,56,91,0.00,
44,6,top,other,490.26,273.552,236,109,0.00,
44,7,top,host,238.03,200.856,56,91,0.00,
44,7,top,other,481.97,279.144,236,109,0.00,
44,8,top,host,246.32,195.264,56,91,0.00,
44,8,top,other,473.68,284.736,236,109,0.00,
44,9,top,host,254.61,189.672,56,91,0.00,
44,9,top,other,465.39,290.328,236,109,0.00,
44,10,top,host,262.9,184.08,56,91,0.00,
44,10,top,other,457.1,295.92,236,109,0.00,
44,11,top,host,271.19,178.488,56,91,0.00,
44,11,top,other,448.81,301.512,236,109,0.00,
44,12,top,host,279.48,172.896,56,91,0.00,
44,12,top,other,440.52,307.104,236,109,0.00,
44,13,top,host,287.77,167.304,56,91,0.00,
44,13,top,other,432.23,312.696,236,109,0.00,
44,14,top,host,296.06,161.712,56,91,0.00,
44,14,top,other,423.94,318.288,236,109,0.00,
44,15,top,host,304.35,156.12,56,91,0.00,
44,15,top,other,415.65,323.88,236,109,0.00,
44,16,top,host,312.64,150.528,56,91,0.00,
44,16,top,other,407.36,329.472,236,109,0.00,
44,17,top,host,320.93,144.936,56,91,0.00,
44,17,top,other,399.07,335.064,236,109,0.00,
44,18,top,host,329.22,139.344,56,91,0.00,
44,18,top,other,390.78,340.656,236,109,0.00,
44,19,top,host,337.51,133.752,56,91,0.00,
44,19,top,other,382.49,346.248,236,109,0.00,
44,20,top,host,345.8,128.16,56,95,0.00,
44,20,top,other,374.2,351.84,236,110,0.00,
44,21,top,host,345.8,128.16,56,95,0.00,
44,21,top,other,374.2,351.84,236,110,0.00,
44,22,top,host,345.8,128.16,56,95,0.00,
44,22,top,other,374.2,351.84,236,110,0.00,
45,1,bottom,host,188.387,234.554,57,95,0.00,
45,1,bottom,other,531.71,245.592,236,110,0.00,
45,2,bottom,host,196.774,229.108,57,95,0.00,
45,2,bottom,other,523.42,251.184,236,110,0.00,
45,3,bottom,host,205.161,223.662,57,95,0.00,
45,3,bottom,other,515.13,256.776,236,110,0.00,
45,4,bottom,host,213.548,218.216,57,95,0.00,
45,4,bottom,other,506.84,262.368,236,110,0.00,
45,5,bottom,host,221.935,212.77,57,95,0.00,
45,5,bottom,other,498.55,267.96,236,110,0.00,
45,6,bottom,host,230.322,207.324,57,95,0.00,
45,6,bottom,other,490.26,273.552,236,110,0.00,
45,7,bottom,host,238.709,201.878,57,95,0.00,
45,7,bottom,other,481.97,279.144,236,110,0.00,
45,8,bottom,host,247.096,196.432,57,95,0.00,
45,8,bottom,other,473.68,284.736,236,110,0.00,
45,9,bottom,host,255.483,190.986,57,95,0.00,
45,9,bottom,other,465.39,290.328,236,110,0.00,
45,10,bottom,host,263.87,185.54,57,95,0.00,
45,10,bottom,other,457.1,295.92,236,110,0.00,
45,11,bottom,host,272.257,180.094,57,95,0.00,
45,11,bottom,other,448.81,301.512,236,110,0.00,
45,12,bottom,host,280.644,174.648,57,95,0.00,
45,12,bottom,other,440.52,307.104,236,110,0.00,
45,13,bottom,host,289.031,169.202,57,95,0.00,
45,13,bottom,other,432.23,312.696,236,110,0.00,
45,14,bottom,host,297.418,163.756,57,95,0.00,
45,14,bottom,other,423.94,318.288,236,110,0.00,
45,15,bottom,host,305.805,158.31,57,95,0.00,
45,15,bottom,other,415.65,323.88,236,110,0.00,
45,16,bottom,host,314.192,152.864,57,95,0.00,
45,16,bottom,other,407.36,329.472,236,110,0.00,
45,17,bottom,host,322.579,147.418,57,95,0.00,
45,17,bottom,other,399.07,335.064,236,110,0.00,
45,18,bottom,host,330.966,141.972,57,95,0.00,
45,18,bottom,other,390.78,340.656,236,110,0.00,
45,19,bottom,host,339.353,136.526,57,95,0.00,
45,19,bottom,other,382.49,346.248,236,110,0.00,
45,20,bottom,host,347.74,131.08,57,96,0.00,
45,20,bottom,other,374.2,351.84,236,114,0.00,
45,21,bottom,host,347.74,131.08,57,96,0.00,
45,21,bottom,other,374.2,351.84,236,114,0.00,
45,22,bottom,host,347.74,131.08,57,96,0.00,
45,22,bottom,other,374.2,351.84,236,114,0.00,
46,1,top,host,188.29,234.408,56,96,0.00,
46,1,top,other,530,240,270,114,0.00,
46,2,top,host,196.58,228.816,56,96,0.00,
46,2,top,other,520,240,270,114,0.00,
46,3,top,host,204.87,223.224,56,96,0.00,
46,3,top,other,511.91,245.878,234,114,0.00,
46,4,top,host,213.16,217.632,56,96,0.00,
46,4,top,other,503.82,251.756,234,114,0.00,
46,5,top,host,221.45,212.04,56,96,0.00,
46,5,top,other,495.73,257.634,234,114,0.00,
46,6,top,host,229.74,206.448,56,96,0.00,
46,6,top,other,487.64,263.512,234,114,0.00,
46,7,top,host,238.03,200.856,56,96,0.00,
46,7,top,other,479.654,269.53,233,114,0.00,
46,8,top,host,246.32,195.264,56,96,0.00,
46,8,top,other,471.668,275.548,233,114,0.00,
46,9,top,host,254.61,189.672,56,96,0.00,
46,9,top,other,463.682,281.566,233,114,0.00,
46,10,top,host,262.9,184.08,56,96,0.00,
46,10,top,other,455.592,287.444,234,114,0.00,
46,11,top,host,271.19,178.488,56,96,0.00,
46,11,top,other,447.932,293.872,230,114,0.00,
46,12,top,host,279.48,172.896,56,96,0.00,
46,12,top,other,440.272,300.3,230,114,0.00,
46,13,top,host,287.77,167.304,56,96,0.00,
46,13,top,other,432.08,306.036,235,114,0.00,
46,14,top,host,296.06,161.712,56,96,0.00,
46,14,top,other,423.888,311.772,235,114,0.00,
46,15,top,host,304.35,156.12,56,96,0.00,
46,15,top,other,416.228,318.2,230,114,0.00,
46,16,top,host,312.64,150.528,56,96,0.00,
46,16,top,other,408.568,324.628,230,114,0.00,
46,17,top,host,320.93,144.936,56,96,0.00,
46,17,top,other,400.582,330.646,233,114,0.00,
46,18,top,host,329.22,139.344,56,96,0.00,
46,18,top,other,392.596,336.664,233,114,0.00,
46,19,top,host,337.51,133.752,56,96,0.00,
46,19,top,other,384.61,342.682,233,114,0.00,
46,20,top,host,345.8,128.16,56,100,0.00,
46,20,top,other,376.624,348.7,233,115,0.00,
46,21,top,host,345.8,128.16,56,100,0.00,
46,21,top,other,376.624,348.7,233,115,0.00,
46,22,top,host,345.8,128.16,56,100,0.00,
46,22,top,other,376.624,348.7,233,115,0.00,
47,1,bottom,host,188.387,234.554,57,100,0.00,
47,1,bottom,other,531.71,245.592,236,115,0.00,
47,2,bottom,host,196.774,229.108,57,100,0.00,
47,2,bottom,other,523.42,251.184,236,115,0.00,
47,3,bottom,host,205.161,223.662,57,100,0.00,
47,3,bottom,other,515.13,256.776,236,115,0.00,
47,4,bottom,host,213.548,218.216,57,100,0.00,
47,4,bottom,other,506.84,262.368,236,115,0.00,
47,5,bottom,host,221.935,212.77,57,100,0.00,
47,5,bottom,other,498.55,267.96,236,115,0.00,
47,6,bottom,host,230.322,207.324,57,100,0.00,
47,6,bottom,other,490.26,273.552,236,115,0.00,
47,7,bottom,host,238.709,201.878,57,100,0.00,
47,7,bottom,other,481.97,279.144,236,115,0.00,
47,8,bottom,host,247.096,196.432,57,100,0.00,
47,8,bottom,other,473.68,284.736,236,115,0.00,
47,9,bottom,host,255.483,190.986,57,100,0.00,
47,9,bottom,other,465.39,290.328,236,115,0.00,
47,10,bottom,host,263.87,185.54,57,100,0.00,
47,10,bottom,other,457.1,295.92,236,115,0.00,
47,11,bottom,host,272.257,180.094,57,100,0.00,
47,11,bottom,other,448.81,301.512,236,115,0.00,
47,12,bottom,host,280.644,174.648,57,100,0.00,
47,12,bottom,other,440.52,307.104,236,115,0.00,
47,13,bottom,host,289.031,169.202,57,100,0.00,
47,13,bottom,other,432.23,312.696,236,115,0.00,
47,14,bottom,host,297.418,163.756,57,100,0.00,
47,14,bottom,other,423.94,318.288,236,115,0.00,
47,15,bottom,host,305.805,158.31,57,100,0.00,
47,15,bottom,other,415.65,323.88,236,115,0.00,
47,16,bottom,host,314.192,152.864,57,100,0.00,
47,16,bottom,other,407.36,329.472,236,115,0.00,
47,17,bottom,host,322.579,147.418,57,100,0.00,
47,17,bottom,other,399.07,335.064,236,115,0.00,
47,18,bottom,host,330.966,141.972,57,100,0.00,
47,18,bottom,other,390.78,340.656,236,115,0.00,
47,19,bottom,host,339.353,136.526,57,100,0.00,
47,19,bottom,other,382.49,346.248,236,115,0.00,
47,20,bottom,host,347.74,131.08,57,101,0.00,
47,20,bottom,other,374.2,351.84,236,119,0.00,
47,21,bottom,host,347.74,131.08,57,101,0.00,
47,21,bottom,other,374.2,351.84,236,119,0.00,
47,22,bottom,host,347.74,131.08,57,101,0.00,
47,22,bottom,other,374.2,351.84,236,119,0.00,
48,1,bottom,host,188.29,245.592,124,101,0.00,
48,1,bottom,other,531.71,234.408,304,119,0.00,
48,2,bottom,host,196.58,251.184,124,101,0.00,
48,2,bottom,other,523.42,228.816,304,119,0.00,
48,3,bottom,host,204.87,256.776,124,101,0.00,
48,3,bottom,other,515.13,223.224,304,119,0.00,
48,4,bottom,host,213.16,262.368,124,101,0.00,
48,4,bottom,other,506.84,217.632,304,119,0.00,
48,5,bottom,host,221.45,267.96,124,101,0.00,
48,5,bottom,other,498.55,212.04,304,119,0.00,
48,6,bottom,host,229.74,273.552,124,101,0.00,
48,6,bottom,other,490.26,206.448,304,119,0.00,
48,7,bottom,host,238.03,279.144,124,101,0.00,
48,7,bottom,other,481.97,200.856,304,119,0.00,
48,8,bottom,host,246.32,284.736,124,101,0.00,
48,8,bottom,other,473.68,195.264,304,119,0.00,
48,9,bottom,host,254.61,290.328,124,101,0.00,
48,9,bottom,other,465.39,189.672,304,119,0.00,
48,10,bottom,host,262.9,295.92,124,101,0.00,
48,10,bottom,other,457.1,184.08,304,119,0.00,
48,11,bottom,host,271.19,301.512,124,101,0.00,
48,11,bottom,other,448.81,178.488,304,119,0.00,
48,12,bottom,host,279.48,307.104,124,101,0.00,
48,12,bottom,other,440.52,172.896,304,119,0.00,
48,13,bottom,host,287.77,312.696,124,101,0.00,
48,13,bottom,other,432.23,167.304,304,119,0.00,
48,14,bottom,host,296.06,318.288,124,101,0.00,
48,14,bottom,other,423.94,161.712,304,119,0.00,
48,15,bottom,host,304.35,323.88,124,101,0.00,
48,15,bottom,other,415.65,156.12,304,119,0.00,
48,16,bottom,host,312.64,329.472,124,101,0.00,
48,16,bottom,other,407.36,150.528,304,119,0.00,
48,17,bottom,host,320.93,335.064,124,101,0.00,
48,17,bottom,other,399.07,144.936,304,119,0.00,
48,18,bottom,host,329.22,340.656,124,101,0.00,
48,18,bottom,other,390.78,139.344,304,119,0.00,
48,19,bottom,host,337.51,346.248,124,101,0.00,
48,19,bottom,other,382.49,133.752,304,119,0.00,
48,20,bottom,host,345.8,351.84,124,105,0.00,
48,20,bottom,other,374.2,128.16,304,120,0.00,
48,21,bottom,host,345.8,351.84,124,105,0.00,
48,21,bottom,other,374.2,128.16,304,120,0.00,
48,22,bottom,host,345.8,351.84,124,105,0.00,
48,22,bottom,other,374.2,128.16,304,120,0.00,
49,1,top,host,188.29,245.592,124,105,0.00,
49,1,top,other,531.71,245.592,236,120,0.00,
49,2,top,host,196.58,251.184,124,105,0.00,
49,2,top,other,523.42,251.184,236,120,0.00,
49,3,top,host,204.87,256.776,124,105,0.00,
49,3,top,other,515.13,256.776,236,120,0.00,
49,4,top,host,213.16,262.368,124,105,0.00,
49,4,top,other,507.359,250.483,309,120,0.00,
49,5,top,host,221.45,267.96,124,105,0.00,
49,5,top,other,499.588,244.19,309,120,0.00,
49,6,top,host,229.74,273.552,124,105,0.00,
49,6,top,other,491.817,237.897,309,120,0.00,
49,7,top,host,238.03,279.144,124,105,0.00,
49,7,top,other,484.046,231.604,309,120,0.00,
49,8,top,host,246.32,284.736,124,105,0.00,
49,8,top,other,476.275,225.311,309,120,0.00,
49,9,top,host,254.61,290.328,124,105,0.00,
49,9,top,other,468.504,219.018,309,120,0.00,
49,10,top,host,262.9,295.92,124,105,0.00,
49,10,top,other,460.733,212.725,309,120,0.00,
49,11,top,host,271.19,301.512,124,105,0.00,
49,11,top,other,452.962,206.432,309,120,0.00,
49,12,top,host,279.48,307.104,124,105,0.00,
49,12,top,other,445.191,200.139,309,120,0.00,
49,13,top,host,287.77,312.696,124,105,0.00,
49,13,top,other,437.42,193.846,309,120,0.00,
49,14,top,host,296.06,318.288,124,105,0.00,
49,14,top,other,429.649,187.553,309,120,0.00,
49,15,top,host,304.35,323.88,124,105,0.00,
49,15,top,other,421.878,181.26,309,120,0.00,
49,16,top,host,312.64,329.472,124,105,0.00,
49,16,top,other,414.107,174.967,309,120,0.00,
49,17,top,host,320.93,335.064,124,105,0.00,
49,17,top,other,406.336,168.674,309,120,0.00,
49,18,top,host,329.22,340.656,124,105,0.00,
49,18,top,other,398.565,162.381,309,120,0.00,
49,19,top,host,337.51,346.248,124,105,0.00,
49,19,top,other,390.794,156.088,309,120,0.00,
49,20,top,host,345.8,351.84,124,106,0.00,
49,20,top,other,383.023,149.795,309,124,0.00,
49,21,top,host,345.8,351.84,124,106,0.00,
49,21,top,other,383.023,149.795,309,124,0.00,
49,22,top,host,345.8,351.84,124,106,0.00,
49,22,top,other,383.023,149.795,309,124,0.00,
50,1,bottom,host,190,240,90,106,0.00,
50,1,bottom,other,530,240,270,124,0.00,
50,2,bottom,host,200,240,90,106,0.00,
50,2,bottom,other,520,240,270,124,0.00,
50,3,bottom,host,210,240,90,106,0.00,
50,3,bottom,other,511.808,234.264,305,124,0.00,
50,4,bottom,host,217.986,246.018,127,106,0.00,
50,4,bottom,other,503.616,228.528,305,124,0.00,
50,5,bottom,host,225.972,252.036,127,106,0.00,
50,5,bottom,other,495.424,222.792,305,124,0.00,
50,6,bottom,host,233.958,258.054,127,106,0.00,
50,6,bottom,other,487.232,217.056,305,124,0.00,
50,7,bottom,host,241.944,264.072,127,106,0.00,
50,7,bottom,other,479.04,211.32,305,124,0.00,
50,8,bottom,host,249.93,270.09,127,106,0.00,
50,8,bottom,other,470.848,205.584,305,124,0.00,
50,9,bottom,host,257.916,276.108,127,106,0.00,
50,9,bottom,other,462.656,199.848,305,124,0.00,
50,10,bottom,host,265.902,282.126,127,106,0.00,
50,10,bottom,other,454.464,194.112,305,124,0.00,
50,11,bottom,host,273.888,288.144,127,106,0.00,
50,11,bottom,other,446.584,187.955,308,124,0.00,
50,12,bottom,host,281.874,294.162,127,106,0.00,
50,12,bottom,other,438.704,181.798,308,124,0.00,
50,13,bottom,host,289.86,300.18,127,106,0.00,
50,13,bottom,other,430.824,175.641,308,124,0.00,
50,14,bottom,host,297.846,306.198,127,106,0.00,
50,14,bottom,other,422.944,169.484,308,124,0.00,
50,15,bottom,host,305.832,312.216,127,106,0.00,
50,15,bottom,other,415.064,163.327,308,124,0.00,
50,16,bottom,host,313.818,318.234,127,106,0.00,
50,16,bottom,other,407.184,157.17,308,124,0.00,
50,17,bottom,host,321.804,324.252,127,106,0.00,
50,17,bottom,other,399.304,151.013,308,124,0.00,
50,18,bottom,host,329.79,330.27,127,106,0.00,
50,18,bottom,other,391.424,144.856,308,124,0.00,
50,19,bottom,host,337.776,336.288,127,106,0.00,
50,19,bottom,other,383.544,138.699,308,124,0.00,
50,20,bottom,host,345.762,342.306,127,106,0.00,
50,20,bottom,other,375.664,132.542,308,124,0.00,
50,21,bottom,host,353.748,348.324,127,110,0.00,
50,21,bottom,other,367.784,126.385,308,125,0.00,
50,22,bottom,host,353.748,348.324,127,110,0.00,
50,22,bottom,other,367.784,126.385,308,125,0.00,
50,23,bottom,host,353.748,348.324,127,110,0.00,
50,23,bottom,other,367.784,126.385,308,125,0.00,
