1,1,top,host,190,240,90,0,0.00,
1,1,top,other,530,240,270,0,0.00,
1,2,top,host,200,240,90,0,0.00,
1,2,top,other,520,240,270,0,0.00,
1,3,top,host,210,240,90,0,0.00,
1,3,top,other,510,240,270,0,0.00,
1,4,top,host,220,240,90,0,0.00,
1,4,top,other,500,240,270,0,0.00,
1,5,top,host,230,240,90,0,0.00,
1,5,top,other,490,240,270,0,0.00,
1,6,top,host,240,240,90,0,0.00,
1,6,top,other,480,240,270,0,0.00,
1,7,top,host,250,240,90,0,0.00,
1,7,top,other,470,240,270,0,0.00,
1,8,top,host,260,240,90,0,0.00,
1,8,top,other,460,240,270,0,0.00,
1,9,top,host,270,240,90,0,0.00,
1,9,top,other,450,240,270,0,0.00,
1,10,top,host,280,240,90,0,0.00,
1,10,top,other,440,240,270,0,0.00,
1,11,top,host,290,240,90,0,0.00,
1,11,top,other,430,240,270,0,0.00,
1,12,top,host,300,240,90,0,0.00,
1,12,top,other,420,240,270,0,0.00,
1,13,top,host,310,240,90,0,0.00,
1,13,top,other,410,240,270,0,0.00,
1,14,top,host,320,240,90,0,0.00,
1,14,top,other,400,240,270,0,0.00,
1,15,top,host,330,240,90,0,0.00,
1,15,top,other,390,240,270,0,0.00,
1,16,top,host,340,240,90,0,0.00,
1,16,top,other,380,240,270,0,0.00,
1,17,top,host,350,240,90,0,0.00,
1,17,top,other,370,240,270,0,0.00,
1,18,top,other,360,240,270,0,0.00,
1,18,top,host,360,240,90,0,0.00,
1,19,top,host,358.264,230.152,350,0,0.00,
1,19,top,other,350,240,270,0,0.00,
1,20,top,host,356.528,220.304,350,0,0.00,
1,20,top,other,340,240,270,0,0.00,
1,21,top,host,354.792,210.456,350,0,0.00,
1,21,top,other,330,240,270,0,0.00,
1,22,top,host,353.056,200.608,350,0,0.00,
1,22,top,other,320,240,270,0,0.00,
1,23,top,host,351.32,190.76,350,0,0.00,
1,23,top,other,310,240,270,0,0.00,
1,24,top,host,349.584,180.912,350,0,0.00,
1,24,top,other,300,240,270,0,0.00,
1,25,top,host,347.848,171.064,350,0,0.00,
1,25,top,other,290,240,270,0,0.00,
1,26,top,host,350.267,161.361,14,0,0.00,
1,26,top,other,280,240,270,0,0.00,
1,27,top,host,352.686,151.658,14,0,0.00,
1,27,top,other,270,240,270,0,0.00,
1,28,top,host,355.105,141.955,14,0,0.00,
1,28,top,other,260,240,270,0,0.00,
1,29,top,host,357.524,132.252,14,4,0.00,
1,29,top,other,250,240,270,1,0.00,
1,30,top,host,357.524,132.252,14,4,0.00,
1,30,top,other,250,240,270,1,0.00,
1,31,top,host,357.524,132.252,14,4,0.00,
1,31,top,other,250,240,270,1,0.00,
2,1,top,host,188.29,234.408,56,4,0.00,
2,1,top,other,530,240,270,1,0.00,
2,2,top,host,196.58,228.816,56,4,0.00,
2,2,top,other,520,240,270,1,0.00,
2,3,top,host,204.87,223.224,56,4,0.00,
2,3,top,other,510,240,270,1,0.00,
2,4,top,host,213.16,217.632,56,4,0.00,
2,4,top,other,500,240,270,1,0.00,
2,5,top,host,221.45,212.04,56,4,0.00,
2,5,top,other,490,240,270,1,0.00,
2,6,top,host,229.74,206.448,56,4,0.00,
2,6,top,other,480,240,270,1,0.00,
2,7,top,host,238.03,200.856,56,4,0.00,
2,7,top,other,470,240,270,1,0.00,
2,8,top,host,246.32,195.264,56,4,0.00,
2,8,top,other,460,240,270,1,0.00,
2,9,top,host,254.61,189.672,56,4,0.00,
2,9,top,other,450,240,270,1,0.00,
2,10,top,host,262.9,184.08,56,4,0.00,
2,10,top,other,440,240,270,1,0.00,
2,11,top,host,271.19,178.488,56,4,0.00,
2,11,top,other,430,240,270,1,0.00,
2,12,top,host,279.48,172.896,56,4,0.00,
2,12,top,other,424.122,231.91,324,1,0.00,
2,13,top,host,287.77,167.304,56,4,0.00,
2,13,top,other,418.244,223.82,324,1,0.00,
2,14,top,host,296.06,161.712,56,4,0.00,
2,14,top,other,412.366,215.73,324,1,0.00,
2,15,top,host,304.35,156.12,56,4,0.00,
2,15,top,other,406.488,207.64,324,1,0.00,
2,16,top,host,312.64,150.528,56,4,0.00,
2,16,top,other,400.61,199.55,324,1,0.00,
2,17,top,host,320.93,144.936,56,4,0.00,
2,17,top,other,394.732,191.46,324,1,0.00,
2,18,top,host,329.22,139.344,56,4,0.00,
2,18,top,other,388.854,183.37,324,1,0.00,
2,19,top,host,337.51,133.752,56,4,0.00,
2,19,top,other,382.976,175.28,324,1,0.00,
2,20,top,host,345.8,128.16,56,4,0.00,
2,20,top,other,377.098,167.19,324,1,0.00,
2,21,top,host,345.8,128.16,56,4,0.00,
2,21,top,other,377.098,167.19,324,1,0.00,
2,22,top,host,345.8,128.16,56,4,0.00,
2,22,top,other,377.098,167.19,324,1,0.00,
3,1,top,host,188.29,234.408,56,4,0.00,
3,1,top,other,530,240,270,1,0.00,
3,2,top,host,196.58,228.816,56,4,0.00,
3,2,top,other,520,240,270,1,0.00,
3,3,top,host,204.87,223.224,56,4,0.00,
3,3,top,other,510,240,270,1,0.00,
3,4,top,host,213.16,217.632,56,4,0.00,
3,4,top,other,500,240,270,1,0.00,
3,5,top,host,221.45,212.04,56,4,0.00,
3,5,top,other,490,240,270,1,0.00,
3,6,top,host,229.74,206.448,56,4,0.00,
3,6,top,other,480,240,270,1,0.00,
3,7,top,host,238.03,200.856,56,4,0.00,
3,7,top,other,470,240,270,1,0.00,
3,8,top,host,246.32,195.264,56,4,0.00,
3,8,top,other,460,240,270,1,0.00,
3,9,top,host,254.61,189.672,56,4,0.00,
3,9,top,other,450,240,270,1,0.00,
3,10,top,host,262.9,184.08,56,4,0.00,
3,10,top,other,440,240,270,1,0.00,
3,11,top,host,271.19,178.488,56,4,0.00,
3,11,top,other,430,240,270,1,0.00,
3,12,top,host,279.48,172.896,56,4,0.00,
3,12,top,other,420,240,270,1,0.00,
3,13,top,host,287.77,167.304,56,4,0.00,
3,13,top,other,410,240,270,1,0.00,
3,14,top,host,296.06,161.712,56,4,0.00,
3,14,top,other,400,240,270,1,0.00,
3,15,top,host,304.35,156.12,56,4,0.00,
3,15,top,other,390,240,270,1,0.00,
3,16,top,host,312.64,150.528,56,4,0.00,
3,16,top,other,380,240,270,1,0.00,
3,17,top,host,320.93,144.936,56,4,0.00,
3,17,top,other,370,240,270,1,0.00,
3,18,top,host,329.22,139.344,56,4,0.00,
3,18,top,other,360,240,270,1,0.00,
3,19,top,host,337.51,133.752,56,4,0.00,
3,19,top,other,350,240,270,1,0.00,
3,20,top,host,345.8,128.16,56,8,0.00,
3,20,top,other,340,240,270,2,0.00,
3,21,top,host,345.8,128.16,56,8,0.00,
3,21,top,other,340,240,270,2,0.00,
3,22,top,host,345.8,128.16,56,8,0.00,
3,22,top,other,340,240,270,2,0.00,
4,1,top,host,188.29,234.408,56,8,0.00,
4,1,top,other,530,240,270,2,0.00,
4,2,top,host,196.58,228.816,56,8,0.00,
4,2,top,other,520,240,270,2,0.00,
4,3,top,host,204.87,223.224,56,8,0.00,
4,3,top,other,510,240,270,2,0.00,
4,4,top,host,213.16,217.632,56,8,0.00,
4,4,top,other,500,240,270,2,0.00,
4,5,top,host,221.45,212.04,56,8,0.00,
4,5,top,other,490,240,270,2,0.00,
4,6,top,host,229.74,206.448,56,8,0.00,
4,6,top,other,480,240,270,2,0.00,
4,7,top,host,238.03,200.856,56,8,0.00,
4,7,top,other,470,240,270,2,0.00,
4,8,top,host,246.32,195.264,56,8,0.00,
4,8,top,other,460,240,270,2,0.00,
4,9,top,host,254.61,189.672,56,8,0.00,
4,9,top,other,450,240,270,2,0.00,
4,10,top,host,262.9,184.08,56,8,0.00,
4,10,top,other,440,240,270,2,0.00,
4,11,top,host,271.19,178.488,56,8,0.00,
4,11,top,other,430,240,270,2,0.00,
4,12,top,host,279.48,172.896,56,8,0.00,
4,12,top,other,420,240,270,2,0.00,
4,13,top,host,287.77,167.304,56,8,0.00,
4,13,top,other,410,240,270,2,0.00,
4,14,top,host,296.06,161.712,56,8,0.00,
4,14,top,other,400,240,270,2,0.00,
4,15,top,host,304.35,156.12,56,8,0.00,
4,15,top,other,390,240,270,2,0.00,
4,16,top,host,312.64,150.528,56,8,0.00,
4,16,top,other,380,240,270,2,0.00,
4,17,top,host,320.93,144.936,56,8,0.00,
4,17,top,other,370,240,270,2,0.00,
4,18,top,host,329.22,139.344,56,8,0.00,
4,18,top,other,360,240,270,2,0.00,
4,19,top,host,337.51,133.752,56,8,0.00,
4,19,top,other,350,240,270,2,0.00,
4,20,top,host,345.8,128.16,56,12,0.00,
4,20,top,other,340,240,270,3,0.00,
4,21,top,host,345.8,128.16,56,12,0.00,
4,21,top,other,340,240,270,3,0.00,
4,22,top,host,345.8,128.16,56,12,0.00,
4,22,top,other,340,240,270,3,0.00,
5,1,bottom,host,190,240,90,12,0.00,
5,1,bottom,other,530,240,270,3,0.00,
5,2,bottom,host,198.48,245.299,122,12,0.00,
5,2,bottom,other,520,240,270,3,0.00,
5,3,bottom,host,206.96,250.598,122,12,0.00,
5,3,bottom,other,510,240,270,3,0.00,
5,4,bottom,host,215.44,255.897,122,12,0.00,
5,4,bottom,other,500,240,270,3,0.00,
5,5,bottom,host,223.92,261.196,122,12,0.00,
5,5,bottom,other,490,240,270,3,0.00,
5,6,bottom,host,232.4,266.495,122,12,0.00,
5,6,bottom,other,480,240,270,3,0.00,
5,7,bottom,host,240.88,271.794,122,12,0.00,
5,7,bottom,other,470,240,270,3,0.00,
5,8,bottom,host,249.36,277.093,122,12,0.00,
5,8,bottom,other,460,240,270,3,0.00,
5,9,bottom,host,257.84,282.392,122,12,0.00,
5,9,bottom,other,450,240,270,3,0.00,
5,10,bottom,host,266.32,287.691,122,12,0.00,
5,10,bottom,other,440,240,270,3,0.00,
5,11,bottom,host,274.8,292.99,122,12,0.00,
5,11,bottom,other,430,240,270,3,0.00,
5,12,bottom,host,283.28,298.289,122,12,0.00,
5,12,bottom,other,420,240,270,3,0.00,
5,13,bottom,host,291.76,303.588,122,12,0.00,
5,13,bottom,other,410,240,270,3,0.00,
5,14,bottom,host,300.24,308.887,122,12,0.00,
5,14,bottom,other,400,240,270,3,0.00,
5,15,bottom,host,308.72,314.186,122,12,0.00,
5,15,bottom,other,390,240,270,3,0.00,
5,16,bottom,host,317.2,319.485,122,12,0.00,
5,16,bottom,other,380,240,270,3,0.00,
5,17,bottom,host,325.68,324.784,122,12,0.00,
5,17,bottom,other,370,240,270,3,0.00,
5,18,bottom,host,334.16,330.083,122,12,0.00,
5,18,bottom,other,360,240,270,3,0.00,
5,19,bottom,host,342.64,335.382,122,12,0.00,
5,19,bottom,other,350,240,270,3,0.00,
5,20,bottom,host,351.12,340.681,122,12,0.00,
5,20,bottom,other,340,240,270,3,0.00,
5,21,bottom,host,359.6,345.98,122,16,0.00,
5,21,bottom,other,330,240,270,4,0.00,
5,22,bottom,host,359.6,345.98,122,16,0.00,
5,22,bottom,other,330,240,270,4,0.00,
5,23,bottom,host,359.6,345.98,122,16,0.00,
5,23,bottom,other,330,240,270,4,0.00,
6,1,bottom,host,188.387,245.446,123,16,0.00,
6,1,bottom,other,530,240,270,4,0.00,
6,2,bottom,host,196.774,250.892,123,16,0.00,
6,2,bottom,other,520,240,270,4,0.00,
6,3,bottom,host,205.064,256.484,124,16,0.00,
6,3,bottom,other,510,240,270,4,0.00,
6,4,bottom,host,213.354,262.076,124,16,0.00,
6,4,bottom,other,500,240,270,4,0.00,
6,5,bottom,host,221.644,267.668,124,16,0.00,
6,5,bottom,other,490,240,270,4,0.00,
6,6,bottom,host,229.934,273.26,124,16,0.00,
6,6,bottom,other,480,240,270,4,0.00,
6,7,bottom,host,238.224,278.852,124,16,0.00,
6,7,bottom,other,470,240,270,4,0.00,
6,8,bottom,host,246.514,284.444,124,16,0.00,
6,8,bottom,other,460,240,270,4,0.00,
6,9,bottom,host,254.804,290.036,124,16,0.00,
6,9,bottom,other,450,240,270,4,0.00,
6,10,bottom,host,263.094,295.628,124,16,0.00,
6,10,bottom,other,440,240,270,4,0.00,
6,11,bottom,host,271.384,301.22,124,16,0.00,
6,11,bottom,other,430,240,270,4,0.00,
6,12,bottom,host,279.674,306.812,124,16,0.00,
6,12,bottom,other,420,240,270,4,0.00,
6,13,bottom,host,287.964,312.404,124,16,0.00,
6,13,bottom,other,410,240,270,4,0.00,
6,14,bottom,host,296.254,317.996,124,16,0.00,
6,14,bottom,other,400,240,270,4,0.00,
6,15,bottom,host,304.544,323.588,124,16,0.00,
6,15,bottom,other,390,240,270,4,0.00,
6,16,bottom,host,312.834,329.18,124,16,0.00,
6,16,bottom,other,380,240,270,4,0.00,
6,17,bottom,host,321.124,334.772,124,16,0.00,
6,17,bottom,other,370,240,270,4,0.00,
6,18,bottom,host,329.414,340.364,124,16,0.00,
6,18,bottom,other,360,240,270,4,0.00,
6,19,bottom,host,337.704,345.956,124,16,0.00,
6,19,bottom,other,350,240,270,4,0.00,
6,20,bottom,host,345.994,351.548,124,20,0.00,
6,20,bottom,other,340,240,270,5,0.00,
6,21,bottom,host,345.994,351.548,124,20,0.00,
6,21,bottom,other,340,240,270,5,0.00,
6,22,bottom,host,345.994,351.548,124,20,0.00,
6,22,bottom,other,340,240,270,5,0.00,
7,1,top,host,190,240,90,20,0.00,
7,1,top,other,530,240,270,5,0.00,
7,2,top,host,198.48,234.701,58,20,0.00,
7,2,top,other,520,240,270,5,0.00,
7,3,top,host,206.96,229.402,58,20,0.00,
7,3,top,other,510,240,270,5,0.00,
7,4,top,host,215.44,224.103,58,20,0.00,
7,4,top,other,500,240,270,5,0.00,
7,5,top,host,223.92,218.804,58,20,0.00,
7,5,top,other,490,240,270,5,0.00,
7,6,top,host,232.4,213.505,58,20,0.00,
7,6,top,other,480,240,270,5,0.00,
7,7,top,host,235.156,203.892,16,20,0.00,
7,7,top,other,470,240,270,5,0.00,
7,8,top,host,237.912,194.279,16,20,0.00,
7,8,top,other,460,240,270,5,0.00,
7,9,top,host,240.668,184.666,16,20,0.00,
7,9,top,other,450,240,270,5,0.00,
7,10,top,host,243.424,175.053,16,20,0.00,
7,10,top,other,440,240,270,5,0.00,
7,11,top,host,246.18,165.44,16,20,0.00,
7,11,top,other,430,240,270,5,0.00,
7,12,top,host,248.936,155.827,16,20,0.00,
7,12,top,other,420,240,270,5,0.00,
7,13,top,host,256.816,161.984,128,20,0.00,
7,13,top,other,410,240,270,5,0.00,
7,14,top,host,264.696,168.141,128,20,0.00,
7,14,top,other,400,240,270,5,0.00,
7,15,top,host,272.576,174.298,128,20,0.00,
7,15,top,other,390,240,270,5,0.00,
7,16,top,host,282.031,177.554,109,20,0.00,
7,16,top,other,380,240,270,5,0.00,
7,17,top,host,291.486,180.81,109,20,0.00,
7,17,top,other,370,240,270,5,0.00,
7,18,top,host,299.678,175.074,55,20,0.00,
7,18,top,other,360,240,270,5,0.00,
7,19,top,host,307.87,169.338,55,20,0.00,
7,19,top,other,350,240,270,5,0.00,
7,20,top,host,316.062,163.602,55,20,0.00,
7,20,top,other,340,240,270,5,0.00,
7,21,top,host,324.254,157.866,55,20,0.00,
7,21,top,other,330,240,270,5,0.00,
7,22,top,host,332.446,152.13,55,20,0.00,
7,22,top,other,320,240,270,5,0.00,
7,23,top,host,340.638,146.394,55,20,0.00,
7,23,top,other,310,240,270,5,0.00,
7,24,top,host,348.83,140.658,55,20,0.00,
7,24,top,other,300,240,270,5,0.00,
7,25,top,host,357.022,134.922,55,24,0.00,
7,25,top,other,290,240,270,6,0.00,
7,26,top,host,357.022,134.922,55,24,0.00,
7,26,top,other,290,240,270,6,0.00,
7,27,top,host,357.022,134.922,55,24,0.00,
7,27,top,other,290,240,270,6,0.00,
8,1,bottom,host,190,240,90,24,0.00,
8,1,bottom,other,530,240,270,6,0.00,
8,2,bottom,host,198.09,245.878,126,24,0.00,
8,2,bottom,other,520,240,270,6,0.00,
8,3,bottom,host,206.18,251.756,126,24,0.00,
8,3,bottom,other,510,240,270,6,0.00,
8,4,bottom,host,214.27,257.634,126,24,0.00,
8,4,bottom,other,500,240,270,6,0.00,
8,5,bottom,host,222.36,263.512,126,24,0.00,
8,5,bottom,other,490,240,270,6,0.00,
8,6,bottom,host,230.45,269.39,126,24,0.00,
8,6,bottom,other,480,240,270,6,0.00,
8,7,bottom,host,238.54,275.268,126,24,0.00,
8,7,bottom,other,470,240,270,6,0.00,
8,8,bottom,host,246.63,281.146,126,24,0.00,
8,8,bottom,other,460,240,270,6,0.00,
8,9,bottom,host,254.72,287.024,126,24,0.00,
8,9,bottom,other,450,240,270,6,0.00,
8,10,bottom,host,262.81,292.902,126,24,0.00,
8,10,bottom,other,440,240,270,6,0.00,
8,11,bottom,host,270.9,298.78,126,24,0.00,
8,11,bottom,other,430,240,270,6,0.00,
8,12,bottom,host,278.99,304.658,126,24,0.00,
8,12,bottom,other,420,240,270,6,0.00,
8,13,bottom,host,287.08,310.536,126,24,0.00,
8,13,bottom,other,410,240,270,6,0.00,
8,14,bottom,host,295.17,316.414,126,24,0.00,
8,14,bottom,other,400,240,270,6,0.00,
8,15,bottom,host,303.26,322.292,126,24,0.00,
8,15,bottom,other,390,240,270,6,0.00,
8,16,bottom,host,311.35,328.17,126,24,0.00,
8,16,bottom,other,380,240,270,6,0.00,
8,17,bottom,host,319.44,334.048,126,24,0.00,
8,17,bottom,other,370,240,270,6,0.00,
8,18,bottom,host,327.53,339.926,126,24,0.00,
8,18,bottom,other,360,240,270,6,0.00,
8,19,bottom,host,335.62,345.804,126,24,0.00,
8,19,bottom,other,350,240,270,6,0.00,
8,20,bottom,host,343.71,351.682,126,24,0.00,
8,20,bottom,other,340,240,270,6,0.00,
8,21,bottom,host,351.8,357.56,126,28,0.00,
8,21,bottom,other,330,240,270,7,0.00,
8,22,bottom,host,351.8,357.56,126,28,0.00,
8,22,bottom,other,330,240,270,7,0.00,
8,23,bottom,host,351.8,357.56,126,28,0.00,
8,23,bottom,other,330,240,270,7,0.00,
9,1,top,host,190,240,90,28,0.00,
9,1,top,other,530,240,270,7,0.00,
9,2,top,host,198.29,245.592,124,28,0.00,
9,2,top,other,520,240,270,7,0.00,
9,3,top,host,206.58,251.184,124,28,0.00,
9,3,top,other,510,240,270,7,0.00,
9,4,top,host,214.87,256.776,124,28,0.00,
9,4,top,other,500,240,270,7,0.00,
9,5,top,host,223.16,262.368,124,28,0.00,
9,5,top,other,490,240,270,7,0.00,
9,6,top,host,231.45,267.96,124,28,0.00,
9,6,top,other,480,240,270,7,0.00,
9,7,top,host,239.74,273.552,124,28,0.00,
9,7,top,other,470,240,270,7,0.00,
9,8,top,host,248.03,279.144,124,28,0.00,
9,8,top,other,460,240,270,7,0.00,
9,9,top,host,256.32,284.736,124,28,0.00,
9,9,top,other,450,240,270,7,0.00,
9,10,top,host,264.61,290.328,124,28,0.00,
9,10,top,other,440,240,270,7,0.00,
9,11,top,host,272.9,295.92,124,28,0.00,
9,11,top,other,430,240,270,7,0.00,
9,12,top,host,281.19,301.512,124,28,0.00,
9,12,top,other,420,240,270,7,0.00,
9,13,top,host,289.48,307.104,124,28,0.00,
9,13,top,other,410,240,270,7,0.00,
9,14,top,host,297.77,312.696,124,28,0.00,
9,14,top,other,400,240,270,7,0.00,
9,15,top,host,306.06,318.288,124,28,0.00,
9,15,top,other,390,240,270,7,0.00,
9,16,top,host,314.35,323.88,124,28,0.00,
9,16,top,other,380,240,270,7,0.00,
9,17,top,host,322.64,329.472,124,28,0.00,
9,17,top,other,370,240,270,7,0.00,
9,18,top,host,330.93,335.064,124,28,0.00,
9,18,top,other,360,240,270,7,0.00,
9,19,top,host,339.22,340.656,124,28,0.00,
9,19,top,other,350,240,270,7,0.00,
9,20,top,host,347.51,346.248,124,28,0.00,
9,20,top,other,340,240,270,7,0.00,
9,21,top,host,355.8,351.84,124,29,0.00,
9,21,top,other,330,240,270,11,0.00,
9,22,top,host,355.8,351.84,124,29,0.00,
9,22,top,other,330,240,270,11,0.00,
9,23,top,host,355.8,351.84,124,29,0.00,
9,23,top,other,330,240,270,11,0.00,
10,1,top,host,190,240,90,29,0.00,
10,1,top,other,530,240,270,11,0.00,
10,2,top,host,200,240,90,29,0.00,
10,2,top,other,520,240,270,11,0.00,
10,3,top,host,208.29,234.408,56,29,0.00,
10,3,top,other,510,240,270,11,0.00,
10,4,top,host,216.58,228.816,56,29,0.00,
10,4,top,other,500,240,270,11,0.00,
10,5,top,host,224.87,223.224,56,29,0.00,
10,5,top,other,490,240,270,11,0.00,
10,6,top,host,233.16,217.632,56,29,0.00,
10,6,top,other,480,240,270,11,0.00,
10,7,top,host,241.45,212.04,56,29,0.00,
10,7,top,other,470,240,270,11,0.00,
10,8,top,host,249.74,206.448,56,29,0.00,
10,8,top,other,460,240,270,11,0.00,
10,9,top,host,258.03,200.856,56,29,0.00,
10,9,top,other,450,240,270,11,0.00,
10,10,top,host,266.32,195.264,56,29,0.00,
10,10,top,other,440,240,270,11,0.00,
10,11,top,host,274.61,189.672,56,29,0.00,
10,11,top,other,430,240,270,11,0.00,
10,12,top,host,282.9,184.08,56,29,0.00,
10,12,top,other,420,240,270,11,0.00,
10,13,top,host,291.19,178.488,56,29,0.00,
10,13,top,other,410,240,270,11,0.00,
10,14,top,host,299.48,172.896,56,29,0.00,
10,14,top,other,404.85,231.428,329,11,0.00,
10,15,top,host,307.77,167.304,56,29,0.00,
10,15,top,other,399.7,222.856,329,11,0.00,
10,16,top,host,316.06,161.712,56,29,0.00,
10,16,top,other,394.55,214.284,329,11,0.00,
10,17,top,host,324.35,156.12,56,29,0.00,
10,17,top,other,389.4,205.712,329,11,0.00,
10,18,top,host,332.64,150.528,56,29,0.00,
10,18,top,other,384.25,197.14,329,11,0.00,
10,19,top,host,340.93,144.936,56,29,0.00,
10,19,top,other,379.1,188.568,329,11,0.00,
10,20,top,host,349.22,139.344,56,29,0.00,
10,20,top,other,373.95,179.996,329,11,0.00,
10,21,top,host,357.51,133.752,56,29,0.00,
10,21,top,other,368.8,171.424,329,11,0.00,
10,22,top,host,357.51,133.752,56,29,0.00,
10,22,top,other,368.8,171.424,329,11,0.00,
10,23,top,host,357.51,133.752,56,29,0.00,
10,23,top,other,368.8,171.424,329,11,0.00,
11,1,top,host,190,240,90,29,0.00,
11,1,top,other,530,240,270,11,0.00,
11,2,top,host,200,240,90,29,0.00,
11,2,top,other,522.12,246.157,232,11,0.00,
11,3,top,host,208.29,234.408,56,29,0.00,
11,3,top,other,514.24,252.314,232,11,0.00,
11,4,top,host,216.58,228.816,56,29,0.00,
11,4,top,other,506.36,258.471,232,11,0.00,
11,5,top,host,224.87,223.224,56,29,0.00,
11,5,top,other,498.48,264.628,232,11,0.00,
11,6,top,host,233.16,217.632,56,29,0.00,
11,6,top,other,490.6,270.785,232,11,0.00,
11,7,top,host,241.45,212.04,56,29,0.00,
11,7,top,other,482.72,276.942,232,11,0.00,
11,8,top,host,249.74,206.448,56,29,0.00,
11,8,top,other,474.84,283.099,232,11,0.00,
11,9,top,host,258.03,200.856,56,29,0.00,
11,9,top,other,466.96,289.256,232,11,0.00,
11,10,top,host,266.32,195.264,56,29,0.00,
11,10,top,other,459.08,295.413,232,11,0.00,
11,11,top,host,274.61,189.672,56,29,0.00,
11,11,top,other,451.2,301.57,232,11,0.00,
11,12,top,host,282.9,184.08,56,29,0.00,
11,12,top,other,443.32,307.727,232,11,0.00,
11,13,top,host,291.19,178.488,56,29,0.00,
11,13,top,other,435.44,313.884,232,11,0.00,
11,14,top,host,299.48,172.896,56,29,0.00,
11,14,top,other,427.56,320.041,232,11,0.00,
11,15,top,host,307.77,167.304,56,29,0.00,
11,15,top,other,419.68,326.198,232,11,0.00,
11,16,top,host,316.06,161.712,56,29,0.00,
11,16,top,other,411.8,332.355,232,11,0.00,
11,17,top,host,324.35,156.12,56,29,0.00,
11,17,top,other,403.92,338.512,232,11,0.00,
11,18,top,host,332.64,150.528,56,29,0.00,
11,18,top,other,396.04,344.669,232,11,0.00,
11,19,top,host,340.93,144.936,56,29,0.00,
11,19,top,other,388.16,350.826,232,11,0.00,
11,20,top,host,349.22,139.344,56,29,0.00,
11,20,top,other,380.28,356.983,232,11,0.00,
11,21,top,host,357.51,133.752,56,33,0.00,
11,21,top,other,372.4,363.14,232,12,0.00,
11,22,top,host,357.51,133.752,56,33,0.00,
11,22,top,other,372.4,363.14,232,12,0.00,
11,23,top,host,357.51,133.752,56,33,0.00,
11,23,top,other,372.4,363.14,232,12,0.00,
12,1,top,host,188.387,234.554,57,33,0.00,
12,1,top,other,530,240,270,12,0.00,
12,2,top,host,196.774,229.108,57,33,0.00,
12,2,top,other,521.254,235.152,299,12,0.00,
12,3,top,host,205.161,223.662,57,33,0.00,
12,3,top,other,512.508,230.304,299,12,0.00,
12,4,top,host,213.548,218.216,57,33,0.00,
12,4,top,other,503.762,225.456,299,12,0.00,
12,5,top,host,221.935,212.77,57,33,0.00,
12,5,top,other,495.016,220.608,299,12,0.00,
12,6,top,host,230.322,207.324,57,33,0.00,
12,6,top,other,486.27,215.76,299,12,0.00,
12,7,top,host,238.709,201.878,57,33,0.00,
12,7,top,other,477.524,210.912,299,12,0.00,
12,8,top,host,247.096,196.432,57,33,0.00,
12,8,top,other,468.778,206.064,299,12,0.00,
12,9,top,host,255.483,190.986,57,33,0.00,
12,9,top,other,460.032,201.216,299,12,0.00,
12,10,top,host,263.87,185.54,57,33,0.00,
12,10,top,other,451.286,196.368,299,12,0.00,
12,11,top,host,272.257,180.094,57,33,0.00,
12,11,top,other,442.54,191.52,299,12,0.00,
12,12,top,host,280.644,174.648,57,33,0.00,
12,12,top,other,433.794,186.672,299,12,0.00,
12,13,top,host,289.031,169.202,57,33,0.00,
12,13,top,other,425.048,181.824,299,12,0.00,
12,14,top,host,297.418,163.756,57,33,0.00,
12,14,top,other,416.302,176.976,299,12,0.00,
12,15,top,host,305.805,158.31,57,33,0.00,
12,15,top,other,407.556,172.128,299,12,0.00,
12,16,top,host,314.192,152.864,57,33,0.00,
12,16,top,other,398.81,167.28,299,12,0.00,
12,17,top,host,322.579,147.418,57,33,0.00,
12,17,top,other,390.064,162.432,299,12,0.00,
12,18,top,host,330.966,141.972,57,33,0.00,
12,18,top,other,381.318,157.584,299,12,0.00,
12,19,top,host,339.353,136.526,57,33,0.00,
12,19,top,other,372.572,152.736,299,12,0.00,
12,20,top,host,347.74,131.08,57,33,0.00,
12,20,top,other,363.826,147.888,299,12,0.00,
12,21,top,host,347.74,131.08,57,33,0.00,
12,21,top,other,363.826,147.888,299,12,0.00,
12,22,top,host,347.74,131.08,57,33,0.00,
12,22,top,other,363.826,147.888,299,12,0.00,
13,1,bottom,host,188.387,245.446,123,33,0.00,
13,1,bottom,other,530,240,270,12,0.00,
13,2,bottom,host,196.774,250.892,123,33,0.00,
13,2,bottom,other,521.71,234.408,304,12,0.00,
13,3,bottom,host,205.161,256.338,123,33,0.00,
13,3,bottom,other,513.42,228.816,304,12,0.00,
13,4,bottom,host,213.548,261.784,123,33,0.00,
13,4,bottom,other,505.13,223.224,304,12,0.00,
13,5,bottom,host,221.935,267.23,123,33,0.00,
13,5,bottom,other,497.583,229.785,229,12,0.00,
13,6,bottom,host,230.322,272.676,123,33,0.00,
13,6,bottom,other,490.036,236.346,229,12,0.00,
13,7,bottom,host,238.709,278.122,123,33,0.00,
13,7,bottom,other,482.489,242.907,229,12,0.00,
13,8,bottom,host,247.096,283.568,123,33,0.00,
13,8,bottom,other,474.942,249.468,229,12,0.00,
13,9,bottom,host,255.483,289.014,123,33,0.00,
13,9,bottom,other,467.395,256.029,229,12,0.00,
13,10,bottom,host,263.87,294.46,123,33,0.00,
13,10,bottom,other,460.081,249.209,313,12,0.00,
13,11,bottom,host,272.257,299.906,123,33,0.00,
13,11,bottom,other,452.767,242.389,313,12,0.00,
13,12,bottom,host,280.644,305.352,123,33,0.00,
13,12,bottom,other,445.453,235.569,313,12,0.00,
13,13,bottom,host,289.031,310.798,123,33,0.00,
13,13,bottom,other,438.139,228.749,313,12,0.00,
13,14,bottom,host,297.418,316.244,123,33,0.00,
13,14,bottom,other,430.825,221.929,313,12,0.00,
13,15,bottom,host,305.805,321.69,123,33,0.00,
13,15,bottom,other,423.511,215.109,313,12,0.00,
13,16,bottom,host,314.192,327.136,123,33,0.00,
13,16,bottom,other,416.197,208.289,313,12,0.00,
13,17,bottom,host,322.579,332.582,123,33,0.00,
13,17,bottom,other,408.883,201.469,313,12,0.00,
13,18,bottom,host,330.966,338.028,123,33,0.00,
13,18,bottom,other,401.569,194.649,313,12,0.00,
13,19,bottom,host,339.353,343.474,123,33,0.00,
13,19,bottom,other,394.255,187.829,313,12,0.00,
13,20,bottom,host,347.74,348.92,123,37,0.00,
13,20,bottom,other,386.941,181.009,313,13,0.00,
13,21,bottom,host,347.74,348.92,123,37,0.00,
13,21,bottom,other,386.941,181.009,313,13,0.00,
13,22,bottom,host,347.74,348.92,123,37,0.00,
13,22,bottom,other,386.941,181.009,313,13,0.00,
14,1,bottom,host,188.387,245.446,123,37,0.00,
14,1,bottom,other,531.91,245.878,234,13,0.00,
14,2,bottom,host,196.774,250.892,123,37,0.00,
14,2,bottom,other,523.82,251.756,234,13,0.00,
14,3,bottom,host,205.161,256.338,123,37,0.00,
14,3,bottom,other,515.73,257.634,234,13,0.00,
14,4,bottom,host,213.251,250.46,54,37,0.00,
14,4,bottom,other,507.64,263.512,234,13,0.00,
14,5,bottom,host,221.341,244.582,54,37,0.00,
14,5,bottom,other,499.55,269.39,234,13,0.00,
14,6,bottom,host,229.431,238.704,54,37,0.00,
14,6,bottom,other,491.46,275.268,234,13,0.00,
14,7,bottom,host,237.521,232.826,54,37,0.00,
14,7,bottom,other,483.37,281.146,234,13,0.00,
14,8,bottom,host,245.611,226.948,54,37,0.00,
14,8,bottom,other,475.28,287.024,234,13,0.00,
14,9,bottom,host,253.701,221.07,54,37,0.00,
14,9,bottom,other,467.19,292.902,234,13,0.00,
14,10,bottom,host,261.791,215.192,54,37,0.00,
14,10,bottom,other,459.1,298.78,234,13,0.00,
14,11,bottom,host,269.881,209.314,54,37,0.00,
14,11,bottom,other,451.01,304.658,234,13,0.00,
14,12,bottom,host,277.971,203.436,54,37,0.00,
14,12,bottom,other,442.92,310.536,234,13,0.00,
14,13,bottom,host,286.061,197.558,54,37,0.00,
14,13,bottom,other,434.83,316.414,234,13,0.00,
14,14,bottom,host,294.151,191.68,54,37,0.00,
14,14,bottom,other,426.74,322.292,234,13,0.00,
14,15,bottom,host,302.241,185.802,54,37,0.00,
14,15,bottom,other,418.65,328.17,234,13,0.00,
14,16,bottom,host,310.331,179.924,54,37,0.00,
14,16,bottom,other,410.56,334.048,234,13,0.00,
14,17,bottom,host,318.421,174.046,54,37,0.00,
14,17,bottom,other,402.47,339.926,234,13,0.00,
14,18,bottom,host,326.511,168.168,54,37,0.00,
14,18,bottom,other,394.38,345.804,234,13,0.00,
14,19,bottom,host,334.601,162.29,54,37,0.00,
14,19,bottom,other,386.29,351.682,234,13,0.00,
14,20,bottom,host,342.691,156.412,54,37,0.00,
14,20,bottom,other,378.2,357.56,234,13,0.00,
14,21,bottom,host,347.99,147.932,32,38,0.00,
14,21,bottom,other,370.11,363.438,234,17,0.00,
14,22,bottom,host,347.99,147.932,32,38,0.00,
14,22,bottom,other,370.11,363.438,234,17,0.00,
14,23,bottom,host,347.99,147.932,32,38,0.00,
14,23,bottom,other,370.11,363.438,234,17,0.00,
15,1,bottom,host,188.29,245.592,124,38,0.00,
15,1,bottom,other,530,240,270,17,0.00,
15,2,bottom,host,196.58,251.184,124,38,0.00,
15,2,bottom,other,520,240,270,17,0.00,
15,3,bottom,host,204.87,256.776,124,38,0.00,
15,3,bottom,other,512.453,246.561,229,17,0.00,
15,4,bottom,host,213.16,262.368,124,38,0.00,
15,4,bottom,other,504.906,253.122,229,17,0.00,
15,5,bottom,host,221.45,267.96,124,38,0.00,
15,5,bottom,other,497.359,259.683,229,17,0.00,
15,6,bottom,host,229.74,273.552,124,38,0.00,
15,6,bottom,other,489.812,266.244,229,17,0.00,
15,7,bottom,host,238.03,279.144,124,38,0.00,
15,7,bottom,other,482.265,272.805,229,17,0.00,
15,8,bottom,host,246.32,284.736,124,38,0.00,
15,8,bottom,other,474.718,279.366,229,17,0.00,
15,9,bottom,host,254.61,290.328,124,38,0.00,
15,9,bottom,other,467.171,285.927,229,17,0.00,
15,10,bottom,host,262.9,295.92,124,38,0.00,
15,10,bottom,other,459.624,292.488,229,17,0.00,
15,11,bottom,host,271.19,301.512,124,38,0.00,
15,11,bottom,other,452.077,299.049,229,17,0.00,
15,12,bottom,host,279.48,307.104,124,38,0.00,
15,12,bottom,other,444.53,305.61,229,17,0.00,
15,13,bottom,host,287.77,312.696,124,38,0.00,
15,13,bottom,other,436.983,312.171,229,17,0.00,
15,14,bottom,host,296.06,318.288,124,38,0.00,
15,14,bottom,other,429.436,318.732,229,17,0.00,
15,15,bottom,host,304.35,323.88,124,38,0.00,
15,15,bottom,other,421.889,325.293,229,17,0.00,
15,16,bottom,host,312.64,329.472,124,38,0.00,
15,16,bottom,other,414.342,331.854,229,17,0.00,
15,17,bottom,host,320.93,335.064,124,38,0.00,
15,17,bottom,other,406.795,338.415,229,17,0.00,
15,18,bottom,host,329.22,340.656,124,38,0.00,
15,18,bottom,other,399.248,344.976,229,17,0.00,
15,19,bottom,host,337.51,346.248,124,38,0.00,
15,19,bottom,other,391.701,351.537,229,17,0.00,
15,20,bottom,host,345.8,351.84,124,38,0.00,
15,20,bottom,other,384.154,358.098,229,17,0.00,
15,21,bottom,host,345.8,351.84,124,38,0.00,
15,21,bottom,other,384.154,358.098,229,17,0.00,
15,22,bottom,host,345.8,351.84,124,38,0.00,
15,22,bottom,other,384.154,358.098,229,17,0.00,
16,1,bottom,host,188.29,245.592,124,38,0.00,
16,1,bottom,other,531.428,245.15,239,17,0.00,
16,2,bottom,host,196.58,251.184,124,38,0.00,
16,2,bottom,other,522.856,250.3,239,17,0.00,
16,3,bottom,host,204.87,256.776,124,38,0.00,
16,3,bottom,other,514.284,255.45,239,17,0.00,
16,4,bottom,host,213.16,262.368,124,38,0.00,
16,4,bottom,other,505.712,260.6,239,17,0.00,
16,5,bottom,host,221.45,267.96,124,38,0.00,
16,5,bottom,other,497.14,265.75,239,17,0.00,
16,6,bottom,host,229.74,273.552,124,38,0.00,
16,6,bottom,other,488.568,270.9,239,17,0.00,
16,7,bottom,host,238.03,279.144,124,38,0.00,
16,7,bottom,other,479.996,276.05,239,17,0.00,
16,8,bottom,host,246.32,284.736,124,38,0.00,
16,8,bottom,other,471.424,281.2,239,17,0.00,
16,9,bottom,host,254.61,290.328,124,38,0.00,
16,9,bottom,other,462.852,286.35,239,17,0.00,
16,10,bottom,host,262.9,295.92,124,38,0.00,
16,10,bottom,other,454.28,291.5,239,17,0.00,
16,11,bottom,host,271.19,301.512,124,38,0.00,
16,11,bottom,other,445.708,296.65,239,17,0.00,
16,12,bottom,host,279.48,307.104,124,38,0.00,
16,12,bottom,other,437.136,301.8,239,17,0.00,
16,13,bottom,host,287.77,312.696,124,38,0.00,
16,13,bottom,other,428.564,306.95,239,17,0.00,
16,14,bottom,host,296.06,318.288,124,38,0.00,
16,14,bottom,other,419.992,312.1,239,17,0.00,
16,15,bottom,host,304.35,323.88,124,38,0.00,
16,15,bottom,other,411.42,317.25,239,17,0.00,
16,16,bottom,host,312.64,329.472,124,38,0.00,
16,16,bottom,other,402.848,322.4,239,17,0.00,
16,17,bottom,host,320.93,335.064,124,38,0.00,
16,17,bottom,other,394.276,327.55,239,17,0.00,
16,18,bottom,host,329.22,340.656,124,38,0.00,
16,18,bottom,other,385.704,332.7,239,17,0.00,
16,19,bottom,host,337.51,346.248,124,38,0.00,
16,19,bottom,other,377.132,337.85,239,17,0.00,
16,20,bottom,host,345.8,351.84,124,38,0.00,
16,20,bottom,other,368.56,343,239,17,0.00,
16,21,bottom,host,345.8,351.84,124,38,0.00,
16,21,bottom,other,368.56,343,239,17,0.00,
16,22,bottom,host,345.8,351.84,124,38,0.00,
16,22,bottom,other,368.56,343,239,17,0.00,
17,1,bottom,host,188.29,245.592,124,38,0.00,
17,1,bottom,other,531.808,245.736,235,17,0.00,
17,2,bottom,host,196.58,251.184,124,38,0.00,
17,2,bottom,other,523.616,251.472,235,17,0.00,
17,3,bottom,host,204.87,256.776,124,38,0.00,
17,3,bottom,other,515.424,257.208,235,17,0.00,
17,4,bottom,host,212.856,250.758,53,38,0.00,
17,4,bottom,other,507.232,262.944,235,17,0.00,
17,5,bottom,host,220.842,244.74,53,38,0.00,
17,5,bottom,other,499.04,268.68,235,17,0.00,
17,6,bottom,host,228.828,238.722,53,38,0.00,
17,6,bottom,other,490.848,274.416,235,17,0.00,
17,7,bottom,host,236.814,232.704,53,38,0.00,
17,7,bottom,other,482.656,280.152,235,17,0.00,
17,8,bottom,host,244.8,226.686,53,38,0.00,
17,8,bottom,other,474.464,285.888,235,17,0.00,
17,9,bottom,host,252.786,220.668,53,38,0.00,
17,9,bottom,other,466.272,291.624,235,17,0.00,
17,10,bottom,host,260.772,214.65,53,38,0.00,
17,10,bottom,other,458.08,297.36,235,17,0.00,
17,11,bottom,host,268.758,208.632,53,38,0.00,
17,11,bottom,other,449.888,303.096,235,17,0.00,
17,12,bottom,host,276.744,202.614,53,38,0.00,
17,12,bottom,other,441.696,308.832,235,17,0.00,
17,13,bottom,host,284.73,196.596,53,38,0.00,
17,13,bottom,other,433.504,314.568,235,17,0.00,
17,14,bottom,host,292.716,190.578,53,38,0.00,
17,14,bottom,other,425.312,320.304,235,17,0.00,
17,15,bottom,host,300.702,184.56,53,38,0.00,
17,15,bottom,other,417.12,326.04,235,17,0.00,
17,16,bottom,host,308.688,178.542,53,38,0.00,
17,16,bottom,other,408.928,331.776,235,17,0.00,
17,17,bottom,host,316.674,172.524,53,38,0.00,
17,17,bottom,other,400.736,337.512,235,17,0.00,
17,18,bottom,host,324.66,166.506,53,38,0.00,
17,18,bottom,other,392.544,343.248,235,17,0.00,
17,19,bottom,host,332.646,160.488,53,38,0.00,
17,19,bottom,other,384.352,348.984,235,17,0.00,
17,20,bottom,host,340.632,154.47,53,39,0.00,
17,20,bottom,other,376.16,354.72,235,21,0.00,
17,21,bottom,host,340.632,154.47,53,39,0.00,
17,21,bottom,other,376.16,354.72,235,21,0.00,
17,22,bottom,host,340.632,154.47,53,39,0.00,
17,22,bottom,other,376.16,354.72,235,21,0.00,
18,1,bottom,host,188.572,245.15,121,39,0.00,
18,1,bottom,other,531.808,245.736,235,21,0.00,
18,2,bottom,host,197.144,250.3,121,39,0.00,
18,2,bottom,other,523.616,251.472,235,21,0.00,
18,3,bottom,host,205.716,255.45,121,39,0.00,
18,3,bottom,other,515.424,257.208,235,21,0.00,
18,4,bottom,host,214.288,260.6,121,39,0.00,
18,4,bottom,other,507.232,262.944,235,21,0.00,
18,5,bottom,host,222.86,265.75,121,39,0.00,
18,5,bottom,other,499.04,268.68,235,21,0.00,
18,6,bottom,host,231.432,270.9,121,39,0.00,
18,6,bottom,other,490.848,274.416,235,21,0.00,
18,7,bottom,host,240.004,276.05,121,39,0.00,
18,7,bottom,other,482.656,280.152,235,21,0.00,
18,8,bottom,host,248.576,281.2,121,39,0.00,
18,8,bottom,other,474.464,285.888,235,21,0.00,
18,9,bottom,host,257.148,286.35,121,39,0.00,
18,9,bottom,other,466.272,291.624,235,21,0.00,
18,10,bottom,host,265.72,291.5,121,39,0.00,
18,10,bottom,other,458.08,297.36,235,21,0.00,
18,11,bottom,host,274.292,296.65,121,39,0.00,
18,11,bottom,other,449.888,303.096,235,21,0.00,
18,12,bottom,host,282.864,301.8,121,39,0.00,
18,12,bottom,other,441.696,308.832,235,21,0.00,
18,13,bottom,host,291.436,306.95,121,39,0.00,
18,13,bottom,other,433.504,314.568,235,21,0.00,
18,14,bottom,host,300.008,312.1,121,39,0.00,
18,14,bottom,other,425.312,320.304,235,21,0.00,
18,15,bottom,host,308.58,317.25,121,39,0.00,
18,15,bottom,other,417.12,326.04,235,21,0.00,
18,16,bottom,host,317.152,322.4,121,39,0.00,
18,16,bottom,other,408.928,331.776,235,21,0.00,
18,17,bottom,host,325.724,327.55,121,39,0.00,
18,17,bottom,other,400.736,337.512,235,21,0.00,
18,18,bottom,host,334.296,332.7,121,39,0.00,
18,18,bottom,other,392.544,343.248,235,21,0.00,
18,19,bottom,host,342.868,337.85,121,39,0.00,
18,19,bottom,other,384.352,348.984,235,21,0.00,
18,20,bottom,host,351.44,343,121,39,0.00,
18,20,bottom,other,376.16,354.72,235,21,0.00,
18,21,bottom,host,351.44,343,121,39,0.00,
18,21,bottom,other,376.16,354.72,235,21,0.00,
18,22,bottom,host,351.44,343,121,39,0.00,
18,22,bottom,other,376.16,354.72,235,21,0.00,
19,1,bottom,host,188.572,245.15,121,39,0.00,
19,1,bottom,other,531.808,245.736,235,21,0.00,
19,2,bottom,host,197.144,250.3,121,39,0.00,
19,2,bottom,other,523.616,251.472,235,21,0.00,
19,3,bottom,host,205.716,255.45,121,39,0.00,
19,3,bottom,other,515.424,257.208,235,21,0.00,
19,4,bottom,host,213.806,249.572,54,39,0.00,
19,4,bottom,other,507.232,262.944,235,21,0.00,
19,5,bottom,host,221.896,243.694,54,39,0.00,
19,5,bottom,other,499.04,268.68,235,21,0.00,
19,6,bottom,host,229.986,237.816,54,39,0.00,
19,6,bottom,other,490.848,274.416,235,21,0.00,
19,7,bottom,host,238.076,231.938,54,39,0.00,
19,7,bottom,other,482.656,280.152,235,21,0.00,
19,8,bottom,host,246.166,226.06,54,39,0.00,
19,8,bottom,other,474.464,285.888,235,21,0.00,
19,9,bottom,host,254.256,220.182,54,39,0.00,
19,9,bottom,other,466.272,291.624,235,21,0.00,
19,10,bottom,host,262.346,214.304,54,39,0.00,
19,10,bottom,other,458.08,297.36,235,21,0.00,
19,11,bottom,host,270.436,208.426,54,39,0.00,
19,11,bottom,other,449.888,303.096,235,21,0.00,
19,12,bottom,host,278.526,202.548,54,39,0.00,
19,12,bottom,other,441.696,308.832,235,21,0.00,
19,13,bottom,host,286.616,196.67,54,39,0.00,
19,13,bottom,other,433.504,314.568,235,21,0.00,
19,14,bottom,host,294.706,190.792,54,39,0.00,
19,14,bottom,other,425.312,320.304,235,21,0.00,
19,15,bottom,host,302.796,184.914,54,39,0.00,
19,15,bottom,other,417.12,326.04,235,21,0.00,
19,16,bottom,host,310.886,179.036,54,39,0.00,
19,16,bottom,other,408.928,331.776,235,21,0.00,
19,17,bottom,host,318.976,173.158,54,39,0.00,
19,17,bottom,other,400.736,337.512,235,21,0.00,
19,18,bottom,host,327.066,167.28,54,39,0.00,
19,18,bottom,other,392.544,343.248,235,21,0.00,
19,19,bottom,host,335.156,161.402,54,39,0.00,
19,19,bottom,other,384.352,348.984,235,21,0.00,
19,20,bottom,host,343.246,155.524,54,40,0.00,
19,20,bottom,other,376.16,354.72,235,25,0.00,
19,21,bottom,host,343.246,155.524,54,40,0.00,
19,21,bottom,other,376.16,354.72,235,25,0.00,
19,22,bottom,host,343.246,155.524,54,40,0.00,
19,22,bottom,other,376.16,354.72,235,25,0.00,
20,1,bottom,host,188.572,245.15,121,40,0.00,
20,1,bottom,other,531.808,245.736,235,25,0.00,
20,2,bottom,host,197.144,250.3,121,40,0.00,
20,2,bottom,other,523.616,251.472,235,25,0.00,
20,3,bottom,host,205.716,255.45,121,40,0.00,
20,3,bottom,other,515.424,257.208,235,25,0.00,
20,4,bottom,host,214.288,260.6,121,40,0.00,
20,4,bottom,other,507.232,262.944,235,25,0.00,
20,5,bottom,host,222.86,265.75,121,40,0.00,
20,5,bottom,other,499.04,268.68,235,25,0.00,
20,6,bottom,host,231.432,270.9,121,40,0.00,
20,6,bottom,other,490.848,274.416,235,25,0.00,
20,7,bottom,host,240.004,276.05,121,40,0.00,
20,7,bottom,other,482.656,280.152,235,25,0.00,
20,8,bottom,host,248.576,281.2,121,40,0.00,
20,8,bottom,other,474.464,285.888,235,25,0.00,
20,9,bottom,host,257.148,286.35,121,40,0.00,
20,9,bottom,other,466.272,291.624,235,25,0.00,
20,10,bottom,host,265.72,291.5,121,40,0.00,
20,10,bottom,other,458.08,297.36,235,25,0.00,
20,11,bottom,host,274.292,296.65,121,40,0.00,
20,11,bottom,other,449.888,303.096,235,25,0.00,
20,12,bottom,host,282.864,301.8,121,40,0.00,
20,12,bottom,other,441.696,308.832,235,25,0.00,
20,13,bottom,host,291.436,306.95,121,40,0.00,
20,13,bottom,other,433.504,314.568,235,25,0.00,
20,14,bottom,host,300.008,312.1,121,40,0.00,
20,14,bottom,other,425.312,320.304,235,25,0.00,
20,15,bottom,host,308.58,317.25,121,40,0.00,
20,15,bottom,other,417.12,326.04,235,25,0.00,
20,16,bottom,host,317.152,322.4,121,40,0.00,
20,16,bottom,other,408.928,331.776,235,25,0.00,
20,17,bottom,host,325.724,327.55,121,40,0.00,
20,17,bottom,other,400.736,337.512,235,25,0.00,
20,18,bottom,host,334.296,332.7,121,40,0.00,
20,18,bottom,other,392.544,343.248,235,25,0.00,
20,19,bottom,host,342.868,337.85,121,40,0.00,
20,19,bottom,other,384.352,348.984,235,25,0.00,
20,20,bottom,host,351.44,343,121,40,0.00,
20,20,bottom,other,376.16,354.72,235,25,0.00,
20,21,bottom,host,351.44,343,121,40,0.00,
20,21,bottom,other,376.16,354.72,235,25,0.00,
20,22,bottom,host,351.44,343,121,40,0.00,
20,22,bottom,other,376.16,354.72,235,25,0.00,
21,1,bottom,host,187.88,246.157,128,40,0.00,
21,1,bottom,other,530,240,270,25,0.00,
21,2,bottom,host,196.17,251.749,124,40,0.00,
21,2,bottom,other,520,240,270,25,0.00,
21,3,bottom,host,204.46,257.341,124,40,0.00,
21,3,bottom,other,510,240,270,25,0.00,
21,4,bottom,host,212.75,262.933,124,40,0.00,
21,4,bottom,other,500,240,270,25,0.00,
21,5,bottom,host,221.04,268.525,124,40,0.00,
21,5,bottom,other,490,240,270,25,0.00,
21,6,bottom,host,229.33,274.117,124,40,0.00,
21,6,bottom,other,480,240,270,25,0.00,
21,7,bottom,host,237.62,279.709,124,40,0.00,
21,7,bottom,other,470,240,270,25,0.00,
21,8,bottom,host,245.91,285.301,124,40,0.00,
21,8,bottom,other,460,240,270,25,0.00,
21,9,bottom,host,254.2,290.893,124,40,0.00,
21,9,bottom,other,450,240,270,25,0.00,
21,10,bottom,host,262.49,296.485,124,40,0.00,
21,10,bottom,other,440,240,270,25,0.00,
21,11,bottom,host,270.78,302.077,124,40,0.00,
21,11,bottom,other,430,240,270,25,0.00,
21,12,bottom,host,279.07,307.669,124,40,0.00,
21,12,bottom,other,420,240,270,25,0.00,
21,13,bottom,host,287.36,313.261,124,40,0.00,
21,13,bottom,other,410,240,270,25,0.00,
21,14,bottom,host,295.65,318.853,124,40,0.00,
21,14,bottom,other,400,240,270,25,0.00,
21,15,bottom,host,303.94,324.445,124,40,0.00,
21,15,bottom,other,390,240,270,25,0.00,
21,16,bottom,host,312.23,330.037,124,40,0.00,
21,16,bottom,other,380,240,270,25,0.00,
21,17,bottom,host,320.52,335.629,124,40,0.00,
21,17,bottom,other,370,240,270,25,0.00,
21,18,bottom,host,328.81,341.221,124,40,0.00,
21,18,bottom,other,360,240,270,25,0.00,
21,19,bottom,host,337.1,346.813,124,40,0.00,
21,19,bottom,other,350,240,270,25,0.00,
21,20,bottom,host,345.39,352.405,124,44,0.00,
21,20,bottom,other,340,240,270,26,0.00,
21,21,bottom,host,345.39,352.405,124,44,0.00,
21,21,bottom,other,340,240,270,26,0.00,
21,22,bottom,host,345.39,352.405,124,44,0.00,
21,22,bottom,other,340,240,270,26,0.00,
22,1,bottom,host,190,240,90,44,0.00,
22,1,bottom,other,530,240,270,26,0.00,
22,2,bottom,host,198.09,245.878,126,44,0.00,
22,2,bottom,other,520,240,270,26,0.00,
22,3,bottom,host,206.18,251.756,126,44,0.00,
22,3,bottom,other,510,240,270,26,0.00,
22,4,bottom,host,214.27,257.634,126,44,0.00,
22,4,bottom,other,500,240,270,26,0.00,
22,5,bottom,host,222.36,263.512,126,44,0.00,
22,5,bottom,other,490,240,270,26,0.00,
22,6,bottom,host,230.45,269.39,126,44,0.00,
22,6,bottom,other,480,240,270,26,0.00,
22,7,bottom,host,238.54,275.268,126,44,0.00,
22,7,bottom,other,470,240,270,26,0.00,
22,8,bottom,host,246.63,281.146,126,44,0.00,
22,8,bottom,other,460,240,270,26,0.00,
22,9,bottom,host,254.72,287.024,126,44,0.00,
22,9,bottom,other,450,240,270,26,0.00,
22,10,bottom,host,262.81,292.902,126,44,0.00,
22,10,bottom,other,440,240,270,26,0.00,
22,11,bottom,host,270.9,298.78,126,44,0.00,
22,11,bottom,other,430,240,270,26,0.00,
22,12,bottom,host,278.99,304.658,126,44,0.00,
22,12,bottom,other,420,240,270,26,0.00,
22,13,bottom,host,287.08,310.536,126,44,0.00,
22,13,bottom,other,410,240,270,26,0.00,
22,14,bottom,host,295.17,316.414,126,44,0.00,
22,14,bottom,other,400,240,270,26,0.00,
22,15,bottom,host,303.26,322.292,126,44,0.00,
22,15,bottom,other,390,240,270,26,0.00,
22,16,bottom,host,311.35,328.17,126,44,0.00,
22,16,bottom,other,380,240,270,26,0.00,
22,17,bottom,host,319.44,334.048,126,44,0.00,
22,17,bottom,other,370,240,270,26,0.00,
22,18,bottom,host,327.53,339.926,126,44,0.00,
22,18,bottom,other,360,240,270,26,0.00,
22,19,bottom,host,335.62,345.804,126,44,0.00,
22,19,bottom,other,350,240,270,26,0.00,
22,20,bottom,host,343.71,351.682,126,44,0.00,
22,20,bottom,other,340,240,270,26,0.00,
22,21,bottom,host,351.8,357.56,126,48,0.00,
22,21,bottom,other,330,240,270,27,0.00,
22,22,bottom,host,351.8,357.56,126,48,0.00,
22,22,bottom,other,330,240,270,27,0.00,
22,23,bottom,host,351.8,357.56,126,48,0.00,
22,23,bottom,other,330,240,270,27,0.00,
23,1,bottom,host,190,240,90,48,0.00,
23,1,bottom,other,530,240,270,27,0.00,
23,2,bottom,host,200,240,90,48,0.00,
23,2,bottom,other,520,240,270,27,0.00,
23,3,bottom,host,207.88,246.157,128,48,0.00,
23,3,bottom,other,510,240,270,27,0.00,
23,4,bottom,host,215.76,252.314,128,48,0.00,
23,4,bottom,other,500,240,270,27,0.00,
23,5,bottom,host,223.64,258.471,128,48,0.00,
23,5,bottom,other,490,240,270,27,0.00,
23,6,bottom,host,231.52,264.628,128,48,0.00,
23,6,bottom,other,480,240,270,27,0.00,
23,7,bottom,host,239.4,270.785,128,48,0.00,
23,7,bottom,other,470,240,270,27,0.00,
23,8,bottom,host,247.28,276.942,128,48,0.00,
23,8,bottom,other,460,240,270,27,0.00,
23,9,bottom,host,255.16,283.099,128,48,0.00,
23,9,bottom,other,450,240,270,27,0.00,
23,10,bottom,host,263.04,289.256,128,48,0.00,
23,10,bottom,other,440,240,270,27,0.00,
23,11,bottom,host,270.92,295.413,128,48,0.00,
23,11,bottom,other,430,240,270,27,0.00,
23,12,bottom,host,278.8,301.57,128,48,0.00,
23,12,bottom,other,420,240,270,27,0.00,
23,13,bottom,host,286.68,307.727,128,48,0.00,
23,13,bottom,other,410,240,270,27,0.00,
23,14,bottom,host,294.56,313.884,128,48,0.00,
23,14,bottom,other,400,240,270,27,0.00,
23,15,bottom,host,302.44,320.041,128,48,0.00,
23,15,bottom,other,390,240,270,27,0.00,
23,16,bottom,host,310.32,326.198,128,48,0.00,
23,16,bottom,other,380,240,270,27,0.00,
23,17,bottom,host,318.2,332.355,128,48,0.00,
23,17,bottom,other,370,240,270,27,0.00,
23,18,bottom,host,326.08,338.512,128,48,0.00,
23,18,bottom,other,360,240,270,27,0.00,
23,19,bottom,host,333.96,344.669,128,48,0.00,
23,19,bottom,other,350,240,270,27,0.00,
23,20,bottom,host,341.84,350.826,128,48,0.00,
23,20,bottom,other,340,240,270,27,0.00,
23,21,bottom,host,349.72,356.983,128,52,0.00,
23,21,bottom,other,330,240,270,28,0.00,
23,22,bottom,host,349.72,356.983,128,52,0.00,
23,22,bottom,other,330,240,270,28,0.00,
23,23,bottom,host,349.72,356.983,128,52,0.00,
23,23,bottom,other,330,240,270,28,0.00,
24,1,top,host,190,240,90,52,0.00,
24,1,top,other,530,240,270,28,0.00,
24,2,top,host,198.192,234.264,55,52,0.00,
24,2,top,other,520,240,270,28,0.00,
24,3,top,host,206.384,228.528,55,52,0.00,
24,3,top,other,510,240,270,28,0.00,
24,4,top,host,214.576,222.792,55,52,0.00,
24,4,top,other,500,240,270,28,0.00,
24,5,top,host,222.768,217.056,55,52,0.00,
24,5,top,other,490,240,270,28,0.00,
24,6,top,host,230.96,211.32,55,52,0.00,
24,6,top,other,480,240,270,28,0.00,
24,7,top,host,239.152,205.584,55,52,0.00,
24,7,top,other,470,240,270,28,0.00,
24,8,top,host,247.344,199.848,55,52,0.00,
24,8,top,other,460,240,270,28,0.00,
24,9,top,host,255.536,194.112,55,52,0.00,
24,9,top,other,450,240,270,28,0.00,
24,10,top,host,263.728,188.376,55,52,0.00,
24,10,top,other,440,240,270,28,0.00,
24,11,top,host,271.92,182.64,55,52,0.00,
24,11,top,other,430,240,270,28,0.00,
24,12,top,host,280.112,176.904,55,52,0.00,
24,12,top,other,420,240,270,28,0.00,
24,13,top,host,288.304,171.168,55,52,0.00,
24,13,top,other,410,240,270,28,0.00,
24,14,top,host,296.496,165.432,55,52,0.00,
24,14,top,other,400,240,270,28,0.00,
24,15,top,host,304.688,159.696,55,52,0.00,
24,15,top,other,390,240,270,28,0.00,
24,16,top,host,312.88,153.96,55,52,0.00,
24,16,top,other,380,240,270,28,0.00,
24,17,top,host,321.072,148.224,55,52,0.00,
24,17,top,other,370,240,270,28,0.00,
24,18,top,host,329.264,142.488,55,52,0.00,
24,18,top,other,360,240,270,28,0.00,
24,19,top,host,337.456,136.752,55,52,0.00,
24,19,top,other,350,240,270,28,0.00,
24,20,top,host,345.648,131.016,55,52,0.00,
24,20,top,other,340,240,270,28,0.00,
24,21,top,host,353.84,125.28,55,56,0.00,
24,21,top,other,330,240,270,29,0.00,
24,22,top,host,353.84,125.28,55,56,0.00,
24,22,top,other,330,240,270,29,0.00,
24,23,top,host,353.84,125.28,55,56,0.00,
24,23,top,other,330,240,270,29,0.00,
25,1,top,host,190,240,90,56,0.00,
25,1,top,other,530,240,270,29,0.00,
25,2,top,host,200,240,90,56,0.00,
25,2,top,other,520,240,270,29,0.00,
25,3,top,host,207.986,233.982,53,56,0.00,
25,3,top,other,510,240,270,29,0.00,
25,4,top,host,215.972,227.964,53,56,0.00,
25,4,top,other,500,240,270,29,0.00,
25,5,top,host,223.958,221.946,53,56,0.00,
25,5,top,other,490,240,270,29,0.00,
25,6,top,host,231.944,215.928,53,56,0.00,
25,6,top,other,480,240,270,29,0.00,
25,7,top,host,239.93,209.91,53,56,0.00,
25,7,top,other,470,240,270,29,0.00,
25,8,top,host,247.916,203.892,53,56,0.00,
25,8,top,other,460,240,270,29,0.00,
25,9,top,host,255.902,197.874,53,56,0.00,
25,9,top,other,450,240,270,29,0.00,
25,10,top,host,263.888,191.856,53,56,0.00,
25,10,top,other,440,240,270,29,0.00,
25,11,top,host,271.874,185.838,53,56,0.00,
25,11,top,other,430,240,270,29,0.00,
25,12,top,host,279.86,179.82,53,56,0.00,
25,12,top,other,420,240,270,29,0.00,
25,13,top,host,287.846,173.802,53,56,0.00,
25,13,top,other,410,240,270,29,0.00,
25,14,top,host,295.832,167.784,53,56,0.00,
25,14,top,other,400,240,270,29,0.00,
25,15,top,host,303.818,161.766,53,56,0.00,
25,15,top,other,390,240,270,29,0.00,
25,16,top,host,311.804,155.748,53,56,0.00,
25,16,top,other,380,240,270,29,0.00,
25,17,top,host,319.79,149.73,53,56,0.00,
25,17,top,other,370,240,270,29,0.00,
25,18,top,host,327.776,143.712,53,56,0.00,
25,18,top,other,360,240,270,29,0.00,
25,19,top,host,335.762,137.694,53,56,0.00,
25,19,top,other,350,240,270,29,0.00,
25,20,top,host,343.748,131.676,53,56,0.00,
25,20,top,other,340,240,270,29,0.00,
25,21,top,host,351.734,125.658,53,60,0.00,
25,21,top,other,330,240,270,30,0.00,
25,22,top,host,351.734,125.658,53,60,0.00,
25,22,top,other,330,240,270,30,0.00,
25,23,top,host,351.734,125.658,53,60,0.00,
25,23,top,other,330,240,270,30,0.00,
26,1,bottom,host,190,240,90,60,0.00,
26,1,bottom,other,530,240,270,30,0.00,
26,2,bottom,host,198.387,245.446,123,60,0.00,
26,2,bottom,other,520,240,270,30,0.00,
26,3,bottom,host,206.774,250.892,123,60,0.00,
26,3,bottom,other,510,240,270,30,0.00,
26,4,bottom,host,215.161,256.338,123,60,0.00,
26,4,bottom,other,500,240,270,30,0.00,
26,5,bottom,host,223.548,261.784,123,60,0.00,
26,5,bottom,other,490,240,270,30,0.00,
26,6,bottom,host,231.935,267.23,123,60,0.00,
26,6,bottom,other,480,240,270,30,0.00,
26,7,bottom,host,240.322,272.676,123,60,0.00,
26,7,bottom,other,470,240,270,30,0.00,
26,8,bottom,host,248.709,278.122,123,60,0.00,
26,8,bottom,other,460,240,270,30,0.00,
26,9,bottom,host,257.096,283.568,123,60,0.00,
26,9,bottom,other,450,240,270,30,0.00,
26,10,bottom,host,265.483,289.014,123,60,0.00,
26,10,bottom,other,440,240,270,30,0.00,
26,11,bottom,host,273.87,294.46,123,60,0.00,
26,11,bottom,other,430,240,270,30,0.00,
26,12,bottom,host,282.257,299.906,123,60,0.00,
26,12,bottom,other,420,240,270,30,0.00,
26,13,bottom,host,290.644,305.352,123,60,0.00,
26,13,bottom,other,410,240,270,30,0.00,
26,14,bottom,host,299.031,310.798,123,60,0.00,
26,14,bottom,other,400,240,270,30,0.00,
26,15,bottom,host,307.418,316.244,123,60,0.00,
26,15,bottom,other,390,240,270,30,0.00,
26,16,bottom,host,315.805,321.69,123,60,0.00,
26,16,bottom,other,380,240,270,30,0.00,
26,17,bottom,host,324.192,327.136,123,60,0.00,
26,17,bottom,other,370,240,270,30,0.00,
26,18,bottom,host,332.579,332.582,123,60,0.00,
26,18,bottom,other,360,240,270,30,0.00,
26,19,bottom,host,340.966,338.028,123,60,0.00,
26,19,bottom,other,350,240,270,30,0.00,
26,20,bottom,host,349.353,343.474,123,60,0.00,
26,20,bottom,other,340,240,270,30,0.00,
26,21,bottom,host,357.74,348.92,123,64,0.00,
26,21,bottom,other,330,240,270,31,0.00,
26,22,bottom,host,357.74,348.92,123,64,0.00,
26,22,bottom,other,330,240,270,31,0.00,
26,23,bottom,host,357.74,348.92,123,64,0.00,
26,23,bottom,other,330,240,270,31,0.00,
27,1,top,host,190,240,90,64,0.00,
27,1,top,other,530,240,270,31,0.00,
27,2,top,host,200,240,90,64,0.00,
27,2,top,other,520,240,270,31,0.00,
27,3,top,host,210,240,90,64,0.00,
27,3,top,other,510,240,270,31,0.00,
27,4,top,host,220,240,90,64,0.00,
27,4,top,other,500,240,270,31,0.00,
27,5,top,host,230,240,90,64,0.00,
27,5,top,other,490,240,270,31,0.00,
27,6,top,host,240,240,90,64,0.00,
27,6,top,other,480,240,270,31,0.00,
27,7,top,host,250,240,90,64,0.00,
27,7,top,other,470,240,270,31,0.00,
27,8,top,host,260,240,90,64,0.00,
27,8,top,other,460,240,270,31,0.00,
27,9,top,host,270,240,90,64,0.00,
27,9,top,other,450,240,270,31,0.00,
27,10,top,host,280,240,90,64,0.00,
27,10,top,other,440,240,270,31,0.00,
27,11,top,host,290,240,90,64,0.00,
27,11,top,other,430,240,270,31,0.00,
27,12,top,host,300,240,90,64,0.00,
27,12,top,other,420,240,270,31,0.00,
27,13,top,host,310,240,90,64,0.00,
27,13,top,other,410,240,270,31,0.00,
27,14,top,host,320,240,90,64,0.00,
27,14,top,other,400,240,270,31,0.00,
27,15,top,host,330,240,90,64,0.00,
27,15,top,other,390,240,270,31,0.00,
27,16,top,host,332.924,230.437,17,64,0.00,
27,16,top,other,380,240,270,31,0.00,
27,17,top,host,335.848,220.874,17,64,0.00,
27,17,top,other,370,240,270,31,0.00,
27,18,top,host,338.772,211.311,17,64,0.00,
27,18,top,other,360,240,270,31,0.00,
27,19,top,host,341.696,201.748,17,64,0.00,
27,19,top,other,350,240,270,31,0.00,
27,20,top,host,344.62,192.185,17,64,0.00,
27,20,top,other,340,240,270,31,0.00,
27,21,top,host,347.544,182.622,17,64,0.00,
27,21,top,other,330,240,270,31,0.00,
27,22,top,host,350.468,173.059,17,64,0.00,
27,22,top,other,320,240,270,31,0.00,
27,23,top,host,353.392,163.496,17,64,0.00,
27,23,top,other,323.42,249.397,160,31,0.00,
27,24,top,host,356.316,153.933,17,64,0.00,
27,24,top,other,326.84,258.794,160,31,0.00,
27,25,top,host,359.24,144.37,17,64,0.00,
27,25,top,other,330.26,268.191,160,31,0.00,
27,26,top,host,362.164,134.807,17,68,0.00,
27,26,top,other,333.68,277.588,160,32,0.00,
27,27,top,host,362.164,134.807,17,68,0.00,
27,27,top,other,333.68,277.588,160,32,0.00,
27,28,top,host,362.164,134.807,17,68,0.00,
27,28,top,other,333.68,277.588,160,32,0.00,
28,1,top,host,190,240,90,68,0.00,
28,1,top,other,531.428,245.15,239,32,0.00,
28,2,top,host,200,240,90,68,0.00,
28,2,top,other,522.856,250.3,239,32,0.00,
28,3,top,host,210,240,90,68,0.00,
28,3,top,other,514.284,255.45,239,32,0.00,
28,4,top,host,217.986,233.982,53,68,0.00,
28,4,top,other,505.712,260.6,239,32,0.00,
28,5,top,host,225.972,227.964,53,68,0.00,
28,5,top,other,497.14,265.75,239,32,0.00,
28,6,top,host,233.958,221.946,53,68,0.00,
28,6,top,other,488.568,270.9,239,32,0.00,
28,7,top,host,241.944,215.928,53,68,0.00,
28,7,top,other,479.996,276.05,239,32,0.00,
28,8,top,host,249.93,209.91,53,68,0.00,
28,8,top,other,471.424,281.2,239,32,0.00,
28,9,top,host,257.916,203.892,53,68,0.00,
28,9,top,other,462.852,286.35,239,32,0.00,
28,10,top,host,265.902,197.874,53,68,0.00,
28,10,top,other,454.28,291.5,239,32,0.00,
28,11,top,host,273.888,191.856,53,68,0.00,
28,11,top,other,445.708,296.65,239,32,0.00,
28,12,top,host,281.874,185.838,53,68,0.00,
28,12,top,other,437.136,301.8,239,32,0.00,
28,13,top,host,289.86,179.82,53,68,0.00,
28,13,top,other,428.564,306.95,239,32,0.00,
28,14,top,host,297.846,173.802,53,68,0.00,
28,14,top,other,419.992,312.1,239,32,0.00,
28,15,top,host,305.832,167.784,53,68,0.00,
28,15,top,other,411.42,317.25,239,32,0.00,
28,16,top,host,313.818,161.766,53,68,0.00,
28,16,top,other,402.848,322.4,239,32,0.00,
28,17,top,host,321.804,155.748,53,68,0.00,
28,17,top,other,394.276,327.55,239,32,0.00,
28,18,top,host,329.79,149.73,53,68,0.00,
28,18,top,other,385.704,332.7,239,32,0.00,
28,19,top,host,337.776,143.712,53,68,0.00,
28,19,top,other,377.132,337.85,239,32,0.00,
28,20,top,host,345.762,137.694,53,68,0.00,
28,20,top,other,368.56,343,239,32,0.00,
28,21,top,host,353.748,131.676,53,72,0.00,
28,21,top,other,368.56,343,239,33,0.00,
28,22,top,host,353.748,131.676,53,72,0.00,
28,22,top,other,368.56,343,239,33,0.00,
28,23,top,host,353.748,131.676,53,72,0.00,
28,23,top,other,368.56,343,239,33,0.00,
29,1,top,host,188.29,234.408,56,72,0.00,
29,1,top,other,530,240,270,33,0.00,
29,2,top,host,196.58,228.816,56,72,0.00,
29,2,top,other,520,240,270,33,0.00,
29,3,top,host,204.87,223.224,56,72,0.00,
29,3,top,other,510,240,270,33,0.00,
29,4,top,host,213.16,217.632,56,72,0.00,
29,4,top,other,500,240,270,33,0.00,
29,5,top,host,221.45,212.04,56,72,0.00,
29,5,top,other,490,240,270,33,0.00,
29,6,top,host,229.74,206.448,56,72,0.00,
29,6,top,other,480,240,270,33,0.00,
29,7,top,host,238.03,200.856,56,72,0.00,
29,7,top,other,470,240,270,33,0.00,
29,8,top,host,246.32,195.264,56,72,0.00,
29,8,top,other,460,240,270,33,0.00,
29,9,top,host,254.61,189.672,56,72,0.00,
29,9,top,other,450,240,270,33,0.00,
29,10,top,host,262.9,184.08,56,72,0.00,
29,10,top,other,440,240,270,33,0.00,
29,11,top,host,271.19,178.488,56,72,0.00,
29,11,top,other,430,240,270,33,0.00,
29,12,top,host,279.48,172.896,56,72,0.00,
29,12,top,other,420,240,270,33,0.00,
29,13,top,host,287.77,167.304,56,72,0.00,
29,13,top,other,410,240,270,33,0.00,
29,14,top,host,296.06,161.712,56,72,0.00,
29,14,top,other,400,240,270,33,0.00,
29,15,top,host,304.35,156.12,56,72,0.00,
29,15,top,other,390,240,270,33,0.00,
29,16,top,host,312.64,150.528,56,72,0.00,
29,16,top,other,380,240,270,33,0.00,
29,17,top,host,320.93,144.936,56,72,0.00,
29,17,top,other,377.581,249.703,194,33,0.00,
29,18,top,host,329.22,139.344,56,72,0.00,
29,18,top,other,376.189,259.606,188,33,0.00,
29,19,top,host,337.51,133.752,56,72,0.00,
29,19,top,other,374.797,269.509,188,33,0.00,
29,20,top,host,345.8,128.16,56,76,0.00,
29,20,top,other,373.405,279.412,188,34,0.00,
29,21,top,host,345.8,128.16,56,76,0.00,
29,21,top,other,373.405,279.412,188,34,0.00,
29,22,top,host,345.8,128.16,56,76,0.00,
29,22,top,other,373.405,279.412,188,34,0.00,
30,1,bottom,host,188.387,245.446,123,76,0.00,
30,1,bottom,other,531.71,245.592,236,34,0.00,
30,2,bottom,host,196.774,250.892,123,76,0.00,
30,2,bottom,other,523.42,251.184,236,34,0.00,
30,3,bottom,host,205.161,256.338,123,76,0.00,
30,3,bottom,other,515.13,256.776,236,34,0.00,
30,4,bottom,host,213.548,261.784,123,76,0.00,
30,4,bottom,other,506.84,262.368,236,34,0.00,
30,5,bottom,host,221.095,255.223,49,76,0.00,
30,5,bottom,other,498.55,267.96,236,34,0.00,
30,6,bottom,host,228.642,248.662,49,76,0.00,
30,6,bottom,other,490.26,273.552,236,34,0.00,
30,7,bottom,host,236.189,242.101,49,76,0.00,
30,7,bottom,other,481.97,279.144,236,34,0.00,
30,8,bottom,host,243.736,235.54,49,76,0.00,
30,8,bottom,other,473.68,284.736,236,34,0.00,
30,9,bottom,host,250.556,242.854,137,76,0.00,
30,9,bottom,other,465.39,290.328,236,34,0.00,
30,10,bottom,host,257.376,250.168,137,76,0.00,
30,10,bottom,other,457.1,295.92,236,34,0.00,
30,11,bottom,host,264.196,257.482,137,76,0.00,
30,11,bottom,other,448.81,301.512,236,34,0.00,
30,12,bottom,host,271.016,264.796,137,76,0.00,
30,12,bottom,other,440.52,307.104,236,34,0.00,
30,13,bottom,host,277.836,272.11,137,76,0.00,
30,13,bottom,other,432.23,312.696,236,34,0.00,
30,14,bottom,host,284.656,279.424,137,76,0.00,
30,14,bottom,other,423.94,318.288,236,34,0.00,
30,15,bottom,host,291.476,286.738,137,76,0.00,
30,15,bottom,other,415.65,323.88,236,34,0.00,
30,16,bottom,host,299.023,280.177,49,76,0.00,
30,16,bottom,other,407.36,329.472,236,34,0.00,
30,17,bottom,host,306.57,273.616,49,76,0.00,
30,17,bottom,other,399.07,335.064,236,34,0.00,
30,18,bottom,host,314.117,267.055,49,76,0.00,
30,18,bottom,other,390.78,340.656,236,34,0.00,
30,19,bottom,host,321.664,260.494,49,76,0.00,
30,19,bottom,other,382.49,346.248,236,34,0.00,
30,20,bottom,host,329.211,253.933,49,77,0.00,
30,20,bottom,other,374.2,351.84,236,38,0.00,
30,21,bottom,host,329.211,253.933,49,77,0.00,
30,21,bottom,other,374.2,351.84,236,38,0.00,
30,22,bottom,host,329.211,253.933,49,77,0.00,
30,22,bottom,other,374.2,351.84,236,38,0.00,
31,1,bottom,host,190,240,90,77,0.00,
31,1,bottom,other,531.71,245.592,236,38,0.00,
31,2,bottom,host,198.48,245.299,122,77,0.00,
31,2,bottom,other,523.42,251.184,236,38,0.00,
31,3,bottom,host,206.96,250.598,122,77,0.00,
31,3,bottom,other,515.13,256.776,236,38,0.00,
31,4,bottom,host,215.44,255.897,122,77,0.00,
31,4,bottom,other,506.84,262.368,236,38,0.00,
31,5,bottom,host,223.92,261.196,122,77,0.00,
31,5,bottom,other,498.55,267.96,236,38,0.00,
31,6,bottom,host,232.4,266.495,122,77,0.00,
31,6,bottom,other,490.26,273.552,236,38,0.00,
31,7,bottom,host,240.88,271.794,122,77,0.00,
31,7,bottom,other,481.97,279.144,236,38,0.00,
31,8,bottom,host,249.36,277.093,122,77,0.00,
31,8,bottom,other,473.68,284.736,236,38,0.00,
31,9,bottom,host,257.84,282.392,122,77,0.00,
31,9,bottom,other,465.39,290.328,236,38,0.00,
31,10,bottom,host,266.32,287.691,122,77,0.00,
31,10,bottom,other,457.1,295.92,236,38,0.00,
31,11,bottom,host,274.8,292.99,122,77,0.00,
31,11,bottom,other,448.81,301.512,236,38,0.00,
31,12,bottom,host,283.28,298.289,122,77,0.00,
31,12,bottom,other,440.52,307.104,236,38,0.00,
31,13,bottom,host,291.76,303.588,122,77,0.00,
31,13,bottom,other,432.23,312.696,236,38,0.00,
31,14,bottom,host,300.24,308.887,122,77,0.00,
31,14,bottom,other,423.94,318.288,236,38,0.00,
31,15,bottom,host,308.72,314.186,122,77,0.00,
31,15,bottom,other,415.65,323.88,236,38,0.00,
31,16,bottom,host,317.2,319.485,122,77,0.00,
31,16,bottom,other,407.36,329.472,236,38,0.00,
31,17,bottom,host,325.68,324.784,122,77,0.00,
31,17,bottom,other,399.07,335.064,236,38,0.00,
31,18,bottom,host,334.16,330.083,122,77,0.00,
31,18,bottom,other,390.78,340.656,236,38,0.00,
31,19,bottom,host,342.64,335.382,122,77,0.00,
31,19,bottom,other,382.49,346.248,236,38,0.00,
31,20,bottom,host,351.12,340.681,122,77,0.00,
31,20,bottom,other,374.2,351.84,236,38,0.00,
31,21,bottom,host,351.12,340.681,122,77,0.00,
31,21,bottom,other,374.2,351.84,236,38,0.00,
31,22,bottom,host,351.12,340.681,122,77,0.00,
31,22,bottom,other,374.2,351.84,236,38,0.00,
32,1,top,host,187.986,233.982,53,77,0.00,
32,1,top,other,530,240,270,38,0.00,
32,2,top,host,195.972,227.964,53,77,0.00,
32,2,top,other,520,240,270,38,0.00,
32,3,top,host,203.958,221.946,53,77,0.00,
32,3,top,other,510,240,270,38,0.00,
32,4,top,host,211.944,215.928,53,77,0.00,
32,4,top,other,500,240,270,38,0.00,
32,5,top,host,219.93,209.91,53,77,0.00,
32,5,top,other,490,240,270,38,0.00,
32,6,top,host,227.916,203.892,53,77,0.00,
32,6,top,other,480,240,270,38,0.00,
32,7,top,host,236.826,199.352,63,77,0.00,
32,7,top,other,470,240,270,38,0.00,
32,8,top,host,245.736,194.812,63,77,0.00,
32,8,top,other,460,240,270,38,0.00,
32,9,top,host,254.646,190.272,63,77,0.00,
32,9,top,other,453.572,247.66,220,38,0.00,
32,10,top,host,262.936,184.68,56,77,0.00,
32,10,top,other,447.279,255.431,219,38,0.00,
32,11,top,host,271.226,179.088,56,77,0.00,
32,11,top,other,440.986,263.202,219,38,0.00,
32,12,top,host,279.516,173.496,56,77,0.00,
32,12,top,other,434.693,270.973,219,38,0.00,
32,13,top,host,287.806,167.904,56,77,0.00,
32,13,top,other,428.4,278.744,219,38,0.00,
32,14,top,host,296.096,162.312,56,77,0.00,
32,14,top,other,422.107,286.515,219,38,0.00,
32,15,top,host,304.386,156.72,56,77,0.00,
32,15,top,other,415.814,294.286,219,38,0.00,
32,16,top,host,312.676,151.128,56,77,0.00,
32,16,top,other,409.521,302.057,219,38,0.00,
32,17,top,host,320.966,145.536,56,77,0.00,
32,17,top,other,403.228,309.828,219,38,0.00,
32,18,top,host,329.256,139.944,56,77,0.00,
32,18,top,other,396.935,317.599,219,38,0.00,
32,19,top,host,337.546,134.352,56,77,0.00,
32,19,top,other,390.642,325.37,219,38,0.00,
32,20,top,host,345.836,128.76,56,81,0.00,
32,20,top,other,384.349,333.141,219,39,0.00,
32,21,top,host,345.836,128.76,56,81,0.00,
32,21,top,other,384.349,333.141,219,39,0.00,
32,22,top,host,345.836,128.76,56,81,0.00,
32,22,top,other,384.349,333.141,219,39,0.00,
33,1,bottom,host,188.48,245.299,122,81,0.00,
33,1,bottom,other,530,240,270,39,0.00,
33,2,bottom,host,196.96,250.598,122,81,0.00,
33,2,bottom,other,520,240,270,39,0.00,
33,3,bottom,host,205.44,255.897,122,81,0.00,
33,3,bottom,other,510,240,270,39,0.00,
33,4,bottom,host,213.92,261.196,122,81,0.00,
33,4,bottom,other,500,240,270,39,0.00,
33,5,bottom,host,222.4,266.495,122,81,0.00,
33,5,bottom,other,490,240,270,39,0.00,
33,6,bottom,host,230.88,271.794,122,81,0.00,
33,6,bottom,other,480,240,270,39,0.00,
33,7,bottom,host,239.36,277.093,122,81,0.00,
33,7,bottom,other,473.309,247.431,222,39,0.00,
33,8,bottom,host,247.84,282.392,122,81,0.00,
33,8,bottom,other,466.618,254.862,222,39,0.00,
33,9,bottom,host,256.32,287.691,122,81,0.00,
33,9,bottom,other,459.927,262.293,222,39,0.00,
33,10,bottom,host,264.8,292.99,122,81,0.00,
33,10,bottom,other,453.236,269.724,222,39,0.00,
33,11,bottom,host,273.28,298.289,122,81,0.00,
33,11,bottom,other,446.545,277.155,222,39,0.00,
33,12,bottom,host,281.76,303.588,122,81,0.00,
33,12,bottom,other,439.854,284.586,222,39,0.00,
33,13,bottom,host,290.24,308.887,122,81,0.00,
33,13,bottom,other,433.163,292.017,222,39,0.00,
33,14,bottom,host,298.72,314.186,122,81,0.00,
33,14,bottom,other,426.472,299.448,222,39,0.00,
33,15,bottom,host,307.2,319.485,122,81,0.00,
33,15,bottom,other,419.781,306.879,222,39,0.00,
33,16,bottom,host,315.68,324.784,122,81,0.00,
33,16,bottom,other,413.09,314.31,222,39,0.00,
33,17,bottom,host,324.16,330.083,122,81,0.00,
33,17,bottom,other,406.399,321.741,222,39,0.00,
33,18,bottom,host,332.64,335.382,122,81,0.00,
33,18,bottom,other,399.708,329.172,222,39,0.00,
33,19,bottom,host,341.12,340.681,122,81,0.00,
33,19,bottom,other,393.017,336.603,222,39,0.00,
33,20,bottom,host,349.6,345.98,122,81,0.00,
33,20,bottom,other,386.326,344.034,222,39,0.00,
33,21,bottom,host,349.6,345.98,122,81,0.00,
33,21,bottom,other,386.326,344.034,222,39,0.00,
33,22,bottom,host,349.6,345.98,122,81,0.00,
33,22,bottom,other,386.326,344.034,222,39,0.00,
34,1,bottom,host,188.48,245.299,122,81,0.00,
34,1,bottom,other,531.91,245.878,234,39,0.00,
34,2,bottom,host,196.96,250.598,122,81,0.00,
34,2,bottom,other,523.82,251.756,234,39,0.00,
34,3,bottom,host,205.44,255.897,122,81,0.00,
34,3,bottom,other,515.73,257.634,234,39,0.00,
34,4,bottom,host,213.92,261.196,122,81,0.00,
34,4,bottom,other,507.64,263.512,234,39,0.00,
34,5,bottom,host,222.4,266.495,122,81,0.00,
34,5,bottom,other,499.55,269.39,234,39,0.00,
34,6,bottom,host,230.88,271.794,122,81,0.00,
34,6,bottom,other,491.46,275.268,234,39,0.00,
34,7,bottom,host,239.36,277.093,122,81,0.00,
34,7,bottom,other,483.37,281.146,234,39,0.00,
34,8,bottom,other,475.28,287.024,234,39,0.00,
34,8,bottom,host,247.84,282.392,122,81,0.00,
34,9,bottom,host,256.32,287.691,122,81,0.00,
34,9,bottom,other,467.19,292.902,234,39,0.00,
34,10,bottom,host,264.8,292.99,122,81,0.00,
34,10,bottom,other,459.1,298.78,234,39,0.00,
34,11,bottom,host,273.28,298.289,122,81,0.00,
34,11,bottom,other,451.01,304.658,234,39,0.00,
34,12,bottom,host,281.76,303.588,122,81,0.00,
34,12,bottom,other,442.92,310.536,234,39,0.00,
34,13,bottom,host,290.24,308.887,122,81,0.00,
34,13,bottom,other,434.83,316.414,234,39,0.00,
34,14,bottom,host,298.72,314.186,122,81,0.00,
34,14,bottom,other,426.74,322.292,234,39,0.00,
34,15,bottom,host,307.2,319.485,122,81,0.00,
34,15,bottom,other,418.65,328.17,234,39,0.00,
34,16,bottom,host,315.68,324.784,122,81,0.00,
34,16,bottom,other,410.56,334.048,234,39,0.00,
34,17,bottom,host,324.16,330.083,122,81,0.00,
34,17,bottom,other,402.47,339.926,234,39,0.00,
34,18,bottom,host,332.64,335.382,122,81,0.00,
34,18,bottom,other,394.38,345.804,234,39,0.00,
34,19,bottom,host,341.12,340.681,122,81,0.00,
34,19,bottom,other,386.29,351.682,234,39,0.00,
34,20,bottom,host,349.6,345.98,122,81,0.00,
34,20,bottom,other,378.2,357.56,234,39,0.00,
34,21,bottom,host,349.6,345.98,122,81,0.00,
34,21,bottom,other,378.2,357.56,234,39,0.00,
34,22,bottom,host,349.6,345.98,122,81,0.00,
34,22,bottom,other,378.2,357.56,234,39,0.00,
35,1,bottom,host,190,240,90,81,0.00,
35,1,bottom,other,531.613,245.446,237,39,0.00,
35,2,bottom,host,198.29,245.592,124,81,0.00,
35,2,bottom,other,523.226,250.892,237,39,0.00,
35,3,bottom,host,206.58,251.184,124,81,0.00,
35,3,bottom,other,514.839,256.338,237,39,0.00,
35,4,bottom,host,214.87,256.776,124,81,0.00,
35,4,bottom,other,506.452,261.784,237,39,0.00,
35,5,bottom,host,223.16,262.368,124,81,0.00,
35,5,bottom,other,498.065,267.23,237,39,0.00,
35,6,bottom,host,231.45,267.96,124,81,0.00,
35,6,bottom,other,489.678,272.676,237,39,0.00,
35,7,bottom,host,239.74,273.552,124,81,0.00,
35,7,bottom,other,481.291,278.122,237,39,0.00,
35,8,bottom,host,248.03,279.144,124,81,0.00,
35,8,bottom,other,472.904,283.568,237,39,0.00,
35,9,bottom,host,256.32,284.736,124,81,0.00,
35,9,bottom,other,464.517,289.014,237,39,0.00,
35,10,bottom,host,264.61,290.328,124,81,0.00,
35,10,bottom,other,456.13,294.46,237,39,0.00,
35,11,bottom,host,272.9,295.92,124,81,0.00,
35,11,bottom,other,447.743,299.906,237,39,0.00,
35,12,bottom,host,281.19,301.512,124,81,0.00,
35,12,bottom,other,439.356,305.352,237,39,0.00,
35,13,bottom,host,289.48,307.104,124,81,0.00,
35,13,bottom,other,430.969,310.798,237,39,0.00,
35,14,bottom,host,297.77,312.696,124,81,0.00,
35,14,bottom,other,422.582,316.244,237,39,0.00,
35,15,bottom,host,306.06,318.288,124,81,0.00,
35,15,bottom,other,414.195,321.69,237,39,0.00,
35,16,bottom,host,296.062,318.463,269,81,0.00,
35,16,bottom,other,405.808,327.136,237,39,0.00,
35,17,bottom,host,286.064,318.638,269,81,0.00,
35,17,bottom,other,397.421,332.582,237,39,0.00,
35,18,bottom,host,276.066,318.813,269,81,0.00,
35,18,bottom,other,389.034,338.028,237,39,0.00,
35,19,bottom,host,276.066,318.813,269,81,0.00,
35,19,bottom,other,380.647,343.474,237,39,0.00,
35,20,bottom,host,276.066,318.813,269,82,0.00,
35,20,bottom,other,372.26,348.92,237,43,0.00,
35,21,bottom,host,276.066,318.813,269,82,0.00,
35,21,bottom,other,372.26,348.92,237,43,0.00,
35,22,bottom,host,276.066,318.813,269,82,0.00,
35,22,bottom,other,372.26,348.92,237,43,0.00,
36,1,top,host,190,240,90,82,0.00,
36,1,top,other,531.613,245.446,237,43,0.00,
36,2,top,host,198.48,234.701,58,82,0.00,
36,2,top,other,523.323,239.854,304,43,0.00,
36,3,top,host,206.96,229.402,58,82,0.00,
36,3,top,other,515.233,233.976,306,43,0.00,
36,4,top,host,215.44,224.103,58,82,0.00,
36,4,top,other,507.143,228.098,306,43,0.00,
36,5,top,host,223.92,218.804,58,82,0.00,
36,5,top,other,499.053,222.22,306,43,0.00,
36,6,top,host,232.4,213.505,58,82,0.00,
36,6,top,other,490.963,216.342,306,43,0.00,
36,7,top,host,240.88,208.206,58,82,0.00,
36,7,top,other,482.873,210.464,306,43,0.00,
36,8,top,host,249.36,202.907,58,82,0.00,
36,8,top,other,474.783,204.586,306,43,0.00,
36,9,top,host,257.84,197.608,58,82,0.00,
36,9,top,other,466.693,198.708,306,43,0.00,
36,10,top,host,266.32,192.309,58,82,0.00,
36,10,top,other,458.603,192.83,306,43,0.00,
36,11,top,host,274.8,187.01,58,82,0.00,
36,11,top,other,450.513,186.952,306,43,0.00,
36,12,top,host,283.28,181.711,58,82,0.00,
36,12,top,other,442.423,181.074,306,43,0.00,
36,13,top,host,291.76,176.412,58,82,0.00,
36,13,top,other,434.333,175.196,306,43,0.00,
36,14,top,host,300.24,171.113,58,82,0.00,
36,14,top,other,426.243,169.318,306,43,0.00,
36,15,top,host,308.72,165.814,58,82,0.00,
36,15,top,other,418.153,163.44,306,43,0.00,
36,16,top,host,317.2,160.515,58,82,0.00,
36,16,top,other,410.063,157.562,306,43,0.00,
36,17,top,host,325.68,155.216,58,82,0.00,
36,17,top,other,401.973,151.684,306,43,0.00,
36,18,top,host,334.16,149.917,58,82,0.00,
36,18,top,other,393.883,145.806,306,43,0.00,
36,19,top,host,342.64,144.618,58,82,0.00,
36,19,top,other,385.793,139.928,306,43,0.00,
36,20,top,host,351.12,139.319,58,82,0.00,
36,20,top,other,377.703,134.05,306,43,0.00,
36,21,top,host,359.6,134.02,58,82,0.00,
36,21,top,other,369.613,128.172,306,43,0.00,
36,22,top,host,359.6,134.02,58,82,0.00,
36,22,top,other,369.613,128.172,306,43,0.00,
36,23,top,host,359.6,134.02,58,82,0.00,
36,23,top,other,369.613,128.172,306,43,0.00,
37,1,bottom,host,190,240,90,82,0.00,
37,1,bottom,other,530,240,270,43,0.00,
37,2,bottom,host,200,240,90,82,0.00,
37,2,bottom,other,520,240,270,43,0.00,
37,3,bottom,host,210,240,90,82,0.00,
37,3,bottom,other,510,240,270,43,0.00,
37,4,bottom,host,220,240,90,82,0.00,
37,4,bottom,other,500,240,270,43,0.00,
37,5,bottom,host,227.431,246.691,132,82,0.00,
37,5,bottom,other,490,240,270,43,0.00,
37,6,bottom,host,234.862,253.382,132,82,0.00,
37,6,bottom,other,480,240,270,43,0.00,
37,7,bottom,host,242.293,260.073,132,82,0.00,
37,7,bottom,other,470,240,270,43,0.00,
37,8,bottom,host,250.064,266.366,129,82,0.00,
37,8,bottom,other,460,240,270,43,0.00,
37,9,bottom,host,257.835,272.659,129,82,0.00,
37,9,bottom,other,450,240,270,43,0.00,
37,10,bottom,host,265.606,278.952,129,82,0.00,
37,10,bottom,other,440,240,270,43,0.00,
37,11,bottom,host,273.377,285.245,129,82,0.00,
37,11,bottom,other,430,240,270,43,0.00,
37,12,bottom,host,281.148,291.538,129,82,0.00,
37,12,bottom,other,420,240,270,43,0.00,
37,13,bottom,host,288.919,297.831,129,82,0.00,
37,13,bottom,other,410,240,270,43,0.00,
37,14,bottom,host,296.69,304.124,129,82,0.00,
37,14,bottom,other,400,240,270,43,0.00,
37,15,bottom,host,304.461,310.417,129,82,0.00,
37,15,bottom,other,390,240,270,43,0.00,
37,16,bottom,host,312.232,316.71,129,82,0.00,
37,16,bottom,other,380,240,270,43,0.00,
37,17,bottom,host,320.003,323.003,129,82,0.00,
37,17,bottom,other,370,240,270,43,0.00,
37,18,bottom,host,327.774,329.296,129,82,0.00,
37,18,bottom,other,360,240,270,43,0.00,
37,19,bottom,host,335.545,335.589,129,82,0.00,
37,19,bottom,other,350,240,270,43,0.00,
37,20,bottom,host,343.316,341.882,129,82,0.00,
37,20,bottom,other,340,240,270,43,0.00,
37,21,bottom,host,351.087,348.175,129,86,0.00,
37,21,bottom,other,330,240,270,44,0.00,
37,22,bottom,host,351.087,348.175,129,86,0.00,
37,22,bottom,other,330,240,270,44,0.00,
37,23,bottom,host,351.087,348.175,129,86,0.00,
37,23,bottom,other,330,240,270,44,0.00,
38,1,top,host,190,240,90,86,0.00,
38,1,top,other,530,240,270,44,0.00,
38,2,top,host,200,240,90,86,0.00,
38,2,top,other,521.52,234.701,302,44,0.00,
38,3,top,host,210,240,90,86,0.00,
38,3,top,other,513.23,229.109,304,44,0.00,
38,4,top,host,220,240,90,86,0.00,
38,4,top,other,504.94,223.517,304,44,0.00,
38,5,top,host,230,240,90,86,0.00,
38,5,top,other,496.65,217.925,304,44,0.00,
38,6,top,host,234.54,231.09,27,86,0.00,
38,6,top,other,488.36,212.333,304,44,0.00,
38,7,top,host,239.08,222.18,27,86,0.00,
38,7,top,other,480.07,206.741,304,44,0.00,
38,8,top,host,243.62,213.27,27,86,0.00,
38,8,top,other,471.78,201.149,304,44,0.00,
38,9,top,host,251.051,219.961,132,86,0.00,
38,9,top,other,463.49,195.557,304,44,0.00,
38,10,top,host,258.482,226.652,132,86,0.00,
38,10,top,other,455.2,189.965,304,44,0.00,
38,11,top,host,265.913,233.343,132,86,0.00,
38,11,top,other,446.91,184.373,304,44,0.00,
38,12,top,host,273.344,240.034,132,86,0.00,
38,12,top,other,438.62,178.781,304,44,0.00,
38,13,top,host,280.775,246.725,132,86,0.00,
38,13,top,other,430.33,173.189,304,44,0.00,
38,14,top,host,288.206,253.416,132,86,0.00,
38,14,top,other,422.04,167.597,304,44,0.00,
38,15,top,host,295.637,260.107,132,86,0.00,
38,15,top,other,413.75,162.005,304,44,0.00,
38,16,top,host,303.068,266.798,132,86,0.00,
38,16,top,other,405.46,156.413,304,44,0.00,
38,17,top,host,310.499,273.489,132,86,0.00,
38,17,top,other,397.17,150.821,304,44,0.00,
38,18,top,host,317.93,280.18,132,86,0.00,
38,18,top,other,388.88,145.229,304,44,0.00,
38,19,top,host,325.361,286.871,132,86,0.00,
38,19,top,other,380.59,139.637,304,44,0.00,
38,20,top,host,335.264,288.263,98,86,0.00,
38,20,top,other,372.3,134.045,304,44,0.00,
38,21,top,host,345.167,289.655,98,87,0.00,
38,21,top,other,364.01,128.453,304,48,0.00,
38,22,top,host,345.167,289.655,98,87,0.00,
38,22,top,other,364.01,128.453,304,48,0.00,
38,23,top,host,345.167,289.655,98,87,0.00,
38,23,top,other,364.01,128.453,304,48,0.00,
39,1,bottom,host,188.746,244.848,119,87,0.00,
39,1,bottom,other,531.808,245.736,235,48,0.00,
39,2,bottom,host,197.492,249.696,119,87,0.00,
39,2,bottom,other,523.616,251.472,235,48,0.00,
39,3,bottom,host,206.238,254.544,119,87,0.00,
39,3,bottom,other,515.326,257.064,236,48,0.00,
39,4,bottom,host,214.984,259.392,119,87,0.00,
39,4,bottom,other,507.036,262.656,236,48,0.00,
39,5,bottom,host,223.73,264.24,119,87,0.00,
39,5,bottom,other,498.746,268.248,236,48,0.00,
39,6,bottom,host,232.476,269.088,119,87,0.00,
39,6,bottom,other,490.456,273.84,236,48,0.00,
39,7,bottom,host,241.222,273.936,119,87,0.00,
39,7,bottom,other,482.166,279.432,236,48,0.00,
39,8,bottom,host,249.968,278.784,119,87,0.00,
39,8,bottom,other,473.876,285.024,236,48,0.00,
39,9,bottom,host,258.714,283.632,119,87,0.00,
39,9,bottom,other,465.586,290.616,236,48,0.00,
39,10,bottom,host,267.46,288.48,119,87,0.00,
39,10,bottom,other,457.296,296.208,236,48,0.00,
39,11,bottom,host,276.206,293.328,119,87,0.00,
39,11,bottom,other,449.006,301.8,236,48,0.00,
39,12,bottom,host,284.952,298.176,119,87,0.00,
39,12,bottom,other,440.716,307.392,236,48,0.00,
39,13,bottom,host,293.698,303.024,119,87,0.00,
39,13,bottom,other,432.426,312.984,236,48,0.00,
39,14,bottom,host,302.444,307.872,119,87,0.00,
39,14,bottom,other,424.136,318.576,236,48,0.00,
39,15,bottom,host,311.19,312.72,119,87,0.00,
39,15,bottom,other,415.846,324.168,236,48,0.00,
39,16,bottom,host,319.936,317.568,119,87,0.00,
39,16,bottom,other,407.556,329.76,236,48,0.00,
39,17,bottom,host,312.389,324.129,229,87,0.00,
39,17,bottom,other,399.266,335.352,236,48,0.00,
39,18,bottom,host,304.842,330.69,229,87,0.00,
39,18,bottom,other,390.976,340.944,236,48,0.00,
39,19,bottom,host,297.295,337.251,229,87,0.00,
39,19,bottom,other,382.686,346.536,236,48,0.00,
39,20,bottom,host,289.748,343.812,229,88,0.00,
39,20,bottom,other,374.396,352.128,236,52,0.00,
39,21,bottom,host,289.748,343.812,229,88,0.00,
39,21,bottom,other,374.396,352.128,236,52,0.00,
39,22,bottom,host,289.748,343.812,229,88,0.00,
39,22,bottom,other,374.396,352.128,236,52,0.00,
40,1,bottom,host,188.29,245.592,124,88,0.00,
40,1,bottom,other,531.808,245.736,235,52,0.00,
40,2,bottom,host,196.58,251.184,124,88,0.00,
40,2,bottom,other,523.616,251.472,235,52,0.00,
40,3,bottom,host,204.87,256.776,124,88,0.00,
40,3,bottom,other,515.424,257.208,235,52,0.00,
40,4,bottom,host,213.16,262.368,124,88,0.00,
40,4,bottom,other,507.232,262.944,235,52,0.00,
40,5,bottom,host,221.45,267.96,124,88,0.00,
40,5,bottom,other,499.04,268.68,235,52,0.00,
40,6,bottom,host,229.74,273.552,124,88,0.00,
40,6,bottom,other,490.848,274.416,235,52,0.00,
40,7,bottom,host,238.03,279.144,124,88,0.00,
40,7,bottom,other,482.656,280.152,235,52,0.00,
40,8,bottom,host,246.32,284.736,124,88,0.00,
40,8,bottom,other,474.464,285.888,235,52,0.00,
40,9,bottom,host,254.61,290.328,124,88,0.00,
40,9,bottom,other,466.272,291.624,235,52,0.00,
40,10,bottom,host,262.9,295.92,124,88,0.00,
40,10,bottom,other,458.08,297.36,235,52,0.00,
40,11,bottom,host,271.19,301.512,124,88,0.00,
40,11,bottom,other,449.888,303.096,235,52,0.00,
40,12,bottom,host,279.48,307.104,124,88,0.00,
40,12,bottom,other,441.696,308.832,235,52,0.00,
40,13,bottom,host,287.77,312.696,124,88,0.00,
40,13,bottom,other,433.504,314.568,235,52,0.00,
40,14,bottom,host,296.06,318.288,124,88,0.00,
40,14,bottom,other,425.312,320.304,235,52,0.00,
40,15,bottom,host,304.35,323.88,124,88,0.00,
40,15,bottom,other,417.12,326.04,235,52,0.00,
40,16,bottom,host,312.64,329.472,124,88,0.00,
40,16,bottom,other,408.928,331.776,235,52,0.00,
40,17,bottom,host,320.93,335.064,124,88,0.00,
40,17,bottom,other,400.736,337.512,235,52,0.00,
40,18,bottom,host,329.22,340.656,124,88,0.00,
40,18,bottom,other,392.544,343.248,235,52,0.00,
40,19,bottom,host,337.51,346.248,124,88,0.00,
40,19,bottom,other,384.352,348.984,235,52,0.00,
40,20,bottom,host,345.8,351.84,124,88,0.00,
40,20,bottom,other,376.16,354.72,235,52,0.00,
40,21,bottom,host,345.8,351.84,124,88,0.00,
40,21,bottom,other,376.16,354.72,235,52,0.00,
40,22,bottom,host,345.8,351.84,124,88,0.00,
40,22,bottom,other,376.16,354.72,235,52,0.00,
41,1,top,host,190,240,90,88,0.00,
41,1,top,other,530,240,270,52,0.00,
41,2,top,host,200,240,90,88,0.00,
41,2,top,other,520,240,270,52,0.00,
41,3,top,host,207.986,233.982,53,88,0.00,
41,3,top,other,510,240,270,52,0.00,
41,4,top,host,215.972,227.964,53,88,0.00,
41,4,top,other,500,240,270,52,0.00,
41,5,top,host,223.958,221.946,53,88,0.00,
41,5,top,other,490,240,270,52,0.00,
41,6,top,host,231.944,215.928,53,88,0.00,
41,6,top,other,480,240,270,52,0.00,
41,7,top,host,239.93,209.91,53,88,0.00,
41,7,top,other,470,240,270,52,0.00,
41,8,top,host,247.916,203.892,53,88,0.00,
41,8,top,other,460,240,270,52,0.00,
41,9,top,host,255.902,197.874,53,88,0.00,
41,9,top,other,450,240,270,52,0.00,
41,10,top,host,263.888,191.856,53,88,0.00,
41,10,top,other,440,240,270,52,0.00,
41,11,top,host,271.874,185.838,53,88,0.00,
41,11,top,other,430,240,270,52,0.00,
41,12,top,host,279.86,179.82,53,88,0.00,
41,12,top,other,420,240,270,52,0.00,
41,13,top,host,287.846,173.802,53,88,0.00,
41,13,top,other,410,240,270,52,0.00,
41,14,top,host,295.832,167.784,53,88,0.00,
41,14,top,other,400,240,270,52,0.00,
41,15,top,host,303.818,161.766,53,88,0.00,
41,15,top,other,390,240,270,52,0.00,
41,16,top,host,311.804,155.748,53,88,0.00,
41,16,top,other,380,240,270,52,0.00,
41,17,top,host,319.79,149.73,53,88,0.00,
41,17,top,other,370,240,270,52,0.00,
41,18,top,host,327.776,143.712,53,88,0.00,
41,18,top,other,360,240,270,52,0.00,
41,19,top,host,335.762,137.694,53,88,0.00,
41,19,top,other,350,240,270,52,0.00,
41,20,top,host,343.748,131.676,53,88,0.00,
41,20,top,other,350.175,249.998,179,52,0.00,
41,21,top,host,351.734,125.658,53,92,0.00,
41,21,top,other,350.35,259.996,179,53,0.00,
41,22,top,host,351.734,125.658,53,92,0.00,
41,22,top,other,350.35,259.996,179,53,0.00,
41,23,top,host,351.734,125.658,53,92,0.00,
41,23,top,other,350.35,259.996,179,53,0.00,
42,1,bottom,host,190,240,90,92,0.00,
42,1,bottom,other,531.808,245.736,235,53,0.00,
42,2,bottom,host,200,240,90,92,0.00,
42,2,bottom,other,523.616,251.472,235,53,0.00,
42,3,bottom,host,210,240,90,92,0.00,
42,3,bottom,other,515.424,257.208,235,53,0.00,
42,4,bottom,host,220,240,90,92,0.00,
42,4,bottom,other,507.232,262.944,235,53,0.00,
42,5,bottom,host,230,240,90,92,0.00,
42,5,bottom,other,499.04,268.68,235,53,0.00,
42,6,bottom,host,240,240,90,92,0.00,
42,6,bottom,other,490.848,274.416,235,53,0.00,
42,7,bottom,host,250,240,90,92,0.00,
42,7,bottom,other,482.656,280.152,235,53,0.00,
42,8,bottom,host,240.297,237.581,284,92,0.00,
42,8,bottom,other,474.464,285.888,235,53,0.00,
42,9,bottom,host,230.594,235.162,284,92,0.00,
42,9,bottom,other,466.272,291.624,235,53,0.00,
42,10,bottom,host,220.891,232.743,284,92,0.00,
42,10,bottom,other,458.08,297.36,235,53,0.00,
42,11,bottom,host,211.188,230.324,284,92,0.00,
42,11,bottom,other,449.888,303.096,235,53,0.00,
42,12,bottom,host,201.485,227.905,284,92,0.00,
42,12,bottom,other,441.696,308.832,235,53,0.00,
42,13,bottom,host,191.782,225.486,284,92,0.00,
42,13,bottom,other,433.504,314.568,235,53,0.00,
42,14,bottom,host,182.079,223.067,284,92,0.00,
42,14,bottom,other,425.312,320.304,235,53,0.00,
42,15,bottom,host,172.376,220.648,284,92,0.00,
42,15,bottom,other,417.12,326.04,235,53,0.00,
42,16,bottom,host,162.673,218.229,284,92,0.00,
42,16,bottom,other,408.928,331.776,235,53,0.00,
42,17,bottom,host,152.97,215.81,284,92,0.00,
42,17,bottom,other,400.736,337.512,235,53,0.00,
42,18,bottom,host,143.267,213.391,284,92,0.00,
42,18,bottom,other,392.544,343.248,235,53,0.00,
42,19,bottom,host,133.564,210.972,284,92,0.00,
42,19,bottom,other,384.352,348.984,235,53,0.00,
42,20,bottom,host,123.861,208.553,284,93,0.00,
42,20,bottom,other,376.16,354.72,235,57,0.00,
42,21,bottom,host,123.861,208.553,284,93,0.00,
42,21,bottom,other,376.16,354.72,235,57,0.00,
42,22,bottom,host,123.861,208.553,284,93,0.00,
42,22,bottom,other,376.16,354.72,235,57,0.00,
43,1,bottom,host,188.66,245,120,93,0.00,
43,1,bottom,other,531.808,245.736,235,57,0.00,
43,2,bottom,host,197.32,250,120,93,0.00,
43,2,bottom,other,523.616,251.472,235,57,0.00,
43,3,bottom,host,205.98,255,120,93,0.00,
43,3,bottom,other,515.424,257.208,235,57,0.00,
43,4,bottom,host,214.64,260,120,93,0.00,
43,4,bottom,other,507.232,262.944,235,57,0.00,
43,5,bottom,host,223.3,265,120,93,0.00,
43,5,bottom,other,499.04,268.68,235,57,0.00,
43,6,bottom,host,231.96,270,120,93,0.00,
43,6,bottom,other,490.848,274.416,235,57,0.00,
43,7,bottom,host,240.62,275,120,93,0.00,
43,7,bottom,other,482.656,280.152,235,57,0.00,
43,8,bottom,host,249.28,280,120,93,0.00,
43,8,bottom,other,474.464,285.888,235,57,0.00,
43,9,bottom,host,257.94,285,120,93,0.00,
43,9,bottom,other,466.272,291.624,235,57,0.00,
43,10,bottom,host,266.6,290,120,93,0.00,
43,10,bottom,other,458.08,297.36,235,57,0.00,
43,11,bottom,host,275.26,295,120,93,0.00,
43,11,bottom,other,449.888,303.096,235,57,0.00,
43,12,bottom,host,283.92,300,120,93,0.00,
43,12,bottom,other,441.696,308.832,235,57,0.00,
43,13,bottom,host,292.58,305,120,93,0.00,
43,13,bottom,other,433.504,314.568,235,57,0.00,
43,14,bottom,host,301.24,310,120,93,0.00,
43,14,bottom,other,425.312,320.304,235,57,0.00,
43,15,bottom,host,307.801,302.453,41,93,0.00,
43,15,bottom,other,417.12,326.04,235,57,0.00,
43,16,bottom,host,314.362,294.906,41,93,0.00,
43,16,bottom,other,408.928,331.776,235,57,0.00,
43,17,bottom,host,320.923,287.359,41,93,0.00,
43,17,bottom,other,400.736,337.512,235,57,0.00,
43,18,bottom,host,327.484,279.812,41,93,0.00,
43,18,bottom,other,392.544,343.248,235,57,0.00,
43,19,bottom,host,334.045,272.265,41,93,0.00,
43,19,bottom,other,384.352,348.984,235,57,0.00,
43,20,bottom,host,340.606,264.718,41,94,0.00,
43,20,bottom,other,376.16,354.72,235,61,0.00,
43,21,bottom,host,340.606,264.718,41,94,0.00,
43,21,bottom,other,376.16,354.72,235,61,0.00,
43,22,bottom,host,340.606,264.718,41,94,0.00,
43,22,bottom,other,376.16,354.72,235,61,0.00,
44,1,top,host,190,240,90,94,0.00,
44,1,top,other,531.91,234.122,306,61,0.00,
44,2,top,host,197.314,233.18,47,94,0.00,
44,2,top,other,523.82,228.244,306,61,0.00,
44,3,top,host,204.628,226.36,47,94,0.00,
44,3,top,other,515.73,222.366,306,61,0.00,
44,4,top,host,211.942,219.54,47,94,0.00,
44,4,top,other,507.64,216.488,306,61,0.00,
44,5,top,host,219.256,212.72,47,94,0.00,
44,5,top,other,499.55,210.61,306,61,0.00,
44,6,top,host,226.57,205.9,47,94,0.00,
44,6,top,other,491.46,204.732,306,61,0.00,
44,7,top,host,233.884,199.08,47,94,0.00,
44,7,top,other,483.37,198.854,306,61,0.00,
44,8,top,host,241.198,192.26,47,94,0.00,
44,8,top,other,475.28,192.976,306,61,0.00,
44,9,top,host,249.184,186.242,53,94,0.00,
44,9,top,other,467.19,187.098,306,61,0.00,
44,10,top,host,257.17,180.224,53,94,0.00,
44,10,top,other,459.1,181.22,306,61,0.00,
44,11,top,host,265.156,174.206,53,94,0.00,
44,11,top,other,451.01,175.342,306,61,0.00,
44,12,top,host,273.142,168.188,53,94,0.00,
44,12,top,other,442.92,169.464,306,61,0.00,
44,13,top,host,281.128,162.17,53,94,0.00,
44,13,top,other,434.83,163.586,306,61,0.00,
44,14,top,host,289.114,156.152,53,94,0.00,
44,14,top,other,426.74,157.708,306,61,0.00,
44,15,top,host,297.1,150.134,53,94,0.00,
44,15,top,other,418.65,151.83,306,61,0.00,
44,16,top,host,305.086,144.116,53,94,0.00,
44,16,top,other,410.56,145.952,306,61,0.00,
44,17,top,host,313.072,138.098,53,94,0.00,
44,17,top,other,402.47,140.074,306,61,0.00,
44,18,top,host,321.058,132.08,53,94,0.00,
44,18,top,other,394.38,134.196,306,61,0.00,
44,19,top,host,329.044,126.062,53,94,0.00,
44,19,top,other,386.29,128.318,306,61,0.00,
44,20,top,host,337.03,120.044,53,94,0.00,
44,20,top,other,378.2,122.44,306,61,0.00,
44,21,top,host,345.016,114.026,53,94,0.00,
44,21,top,other,370.11,116.562,306,61,0.00,
44,22,top,host,345.016,114.026,53,94,0.00,
44,22,top,other,370.11,116.562,306,61,0.00,
44,23,top,host,345.016,114.026,53,94,0.00,
44,23,top,other,370.11,116.562,306,61,0.00,
45,1,bottom,host,188.387,245.446,123,94,0.00,
45,1,bottom,other,531.52,245.299,238,61,0.00,
45,2,bottom,host,196.774,250.892,123,94,0.00,
45,2,bottom,other,523.04,250.598,238,61,0.00,
45,3,bottom,host,205.161,256.338,123,94,0.00,
45,3,bottom,other,514.56,255.897,238,61,0.00,
45,4,bottom,host,213.548,261.784,123,94,0.00,
45,4,bottom,other,506.08,261.196,238,61,0.00,
45,5,bottom,host,221.935,267.23,123,94,0.00,
45,5,bottom,other,497.6,266.495,238,61,0.00,
45,6,bottom,host,230.322,272.676,123,94,0.00,
45,6,bottom,other,489.12,271.794,238,61,0.00,
45,7,bottom,host,238.709,278.122,123,94,0.00,
45,7,bottom,other,480.64,277.093,238,61,0.00,
45,8,bottom,host,247.096,283.568,123,94,0.00,
45,8,bottom,other,472.16,282.392,238,61,0.00,
45,9,bottom,host,255.483,289.014,123,94,0.00,
45,9,bottom,other,463.68,287.691,238,61,0.00,
45,10,bottom,host,263.87,294.46,123,94,0.00,
45,10,bottom,other,455.2,292.99,238,61,0.00,
45,11,bottom,host,272.257,299.906,123,94,0.00,
45,11,bottom,other,446.72,298.289,238,61,0.00,
45,12,bottom,host,280.644,305.352,123,94,0.00,
45,12,bottom,other,438.24,303.588,238,61,0.00,
45,13,bottom,host,289.031,310.798,123,94,0.00,
45,13,bottom,other,429.76,308.887,238,61,0.00,
45,14,bottom,host,297.418,316.244,123,94,0.00,
45,14,bottom,other,421.28,314.186,238,61,0.00,
45,15,bottom,host,305.805,321.69,123,94,0.00,
45,15,bottom,other,412.8,319.485,238,61,0.00,
45,16,bottom,host,314.192,327.136,123,94,0.00,
45,16,bottom,other,404.32,324.784,238,61,0.00,
45,17,bottom,host,322.579,332.582,123,94,0.00,
45,17,bottom,other,395.84,330.083,238,61,0.00,
45,18,bottom,host,330.966,338.028,123,94,0.00,
45,18,bottom,other,387.36,335.382,238,61,0.00,
45,19,bottom,host,339.353,343.474,123,94,0.00,
45,19,bottom,other,378.88,340.681,238,61,0.00,
45,20,bottom,host,347.74,348.92,123,94,0.00,
45,20,bottom,other,370.4,345.98,238,61,0.00,
45,21,bottom,host,347.74,348.92,123,94,0.00,
45,21,bottom,other,370.4,345.98,238,61,0.00,
45,22,bottom,host,347.74,348.92,123,94,0.00,
45,22,bottom,other,370.4,345.98,238,61,0.00,
46,1,top,host,190,240,90,94,0.00,
46,1,top,other,531.613,245.446,237,61,0.00,
46,2,top,host,198.572,234.85,59,94,0.00,
46,2,top,other,523.226,250.892,237,61,0.00,
46,3,top,host,207.144,229.7,59,94,0.00,
46,3,top,other,514.839,256.338,237,61,0.00,
46,4,top,host,215.716,224.55,59,94,0.00,
46,4,top,other,506.452,261.784,237,61,0.00,
46,5,top,host,224.288,219.4,59,94,0.00,
46,5,top,other,499.259,254.837,314,61,0.00,
46,6,top,host,232.86,214.25,59,94,0.00,
46,6,top,other,492.066,247.89,314,61,0.00,
46,7,top,host,241.432,209.1,59,94,0.00,
46,7,top,other,484.873,240.943,314,61,0.00,
46,8,top,host,250.004,203.95,59,94,0.00,
46,8,top,other,477.68,233.996,314,61,0.00,
46,9,top,host,258.576,198.8,59,94,0.00,
46,9,top,other,467.704,233.298,274,61,0.00,
46,10,top,host,267.148,193.65,59,94,0.00,
46,10,top,other,457.728,232.6,274,61,0.00,
46,11,top,host,275.72,188.5,59,94,0.00,
46,11,top,other,447.752,231.902,274,61,0.00,
46,12,top,host,284.292,183.35,59,94,0.00,
46,12,top,other,441.595,224.022,322,61,0.00,
46,13,top,host,292.864,178.2,59,94,0.00,
46,13,top,other,435.859,215.83,325,61,0.00,
46,14,top,host,301.436,173.05,59,94,0.00,
46,14,top,other,430.123,207.638,325,61,0.00,
46,15,top,host,310.008,167.9,59,94,0.00,
46,15,top,other,424.387,199.446,325,61,0.00,
46,16,top,host,318.58,162.75,59,94,0.00,
46,16,top,other,418.651,191.254,325,61,0.00,
46,17,top,host,327.152,157.6,59,94,0.00,
46,17,top,other,412.915,183.062,325,61,0.00,
46,18,top,host,335.724,152.45,59,94,0.00,
46,18,top,other,407.179,174.87,325,61,0.00,
46,19,top,host,344.296,147.3,59,94,0.00,
46,19,top,other,401.443,166.678,325,61,0.00,
46,20,top,host,352.868,142.15,59,94,0.00,
46,20,top,other,395.707,158.486,325,61,0.00,
46,21,top,host,361.44,137,59,94,0.00,
46,21,top,other,389.971,150.294,325,61,0.00,
46,22,top,host,361.44,137,59,94,0.00,
46,22,top,other,389.971,150.294,325,61,0.00,
46,23,top,host,361.44,137,59,94,0.00,
46,23,top,other,389.971,150.294,325,61,0.00,
47,1,bottom,host,187.986,246.018,127,94,0.00,
47,1,bottom,other,531.91,245.878,234,61,0.00,
47,2,bottom,host,195.972,252.036,127,94,0.00,
47,2,bottom,other,523.82,251.756,234,61,0.00,
47,3,bottom,host,203.958,258.054,127,94,0.00,
47,3,bottom,other,515.628,257.492,235,61,0.00,
47,4,bottom,host,211.944,264.072,127,94,0.00,
47,4,bottom,other,507.436,263.228,235,61,0.00,
47,5,bottom,host,219.93,270.09,127,94,0.00,
47,5,bottom,other,499.244,268.964,235,61,0.00,
47,6,bottom,host,227.916,276.108,127,94,0.00,
47,6,bottom,other,491.052,274.7,235,61,0.00,
47,7,bottom,host,235.902,282.126,127,94,0.00,
47,7,bottom,other,482.86,280.436,235,61,0.00,
47,8,bottom,host,243.888,288.144,127,94,0.00,
47,8,bottom,other,474.668,286.172,235,61,0.00,
47,9,bottom,host,251.874,294.162,127,94,0.00,
47,9,bottom,other,466.476,291.908,235,61,0.00,
47,10,bottom,host,259.86,300.18,127,94,0.00,
47,10,bottom,other,458.284,297.644,235,61,0.00,
47,11,bottom,host,267.846,306.198,127,94,0.00,
47,11,bottom,other,450.092,303.38,235,61,0.00,
47,12,bottom,host,275.832,312.216,127,94,0.00,
47,12,bottom,other,441.9,309.116,235,61,0.00,
47,13,bottom,host,283.818,318.234,127,94,0.00,
47,13,bottom,other,433.708,314.852,235,61,0.00,
47,14,bottom,host,291.804,324.252,127,94,0.00,
47,14,bottom,other,425.516,320.588,235,61,0.00,
47,15,bottom,host,299.79,330.27,127,94,0.00,
47,15,bottom,other,417.324,326.324,235,61,0.00,
47,16,bottom,host,307.776,336.288,127,94,0.00,
47,16,bottom,other,409.132,332.06,235,61,0.00,
47,17,bottom,host,315.762,342.306,127,94,0.00,
47,17,bottom,other,400.94,337.796,235,61,0.00,
47,18,bottom,host,323.748,348.324,127,94,0.00,
47,18,bottom,other,392.748,343.532,235,61,0.00,
47,19,bottom,host,331.734,354.342,127,94,0.00,
47,19,bottom,other,384.556,349.268,235,61,0.00,
47,20,bottom,host,339.72,360.36,127,94,0.00,
47,20,bottom,other,376.364,355.004,235,61,0.00,
47,21,bottom,host,339.72,360.36,127,94,0.00,
47,21,bottom,other,376.364,355.004,235,61,0.00,
47,22,bottom,host,339.72,360.36,127,94,0.00,
47,22,bottom,other,376.364,355.004,235,61,0.00,
48,1,top,host,190,240,90,94,0.00,
48,1,top,other,530,240,270,61,0.00,
48,2,top,host,200,240,90,94,0.00,
48,2,top,other,520,240,270,61,0.00,
48,3,top,host,210,240,90,94,0.00,
48,3,top,other,510,240,270,61,0.00,
48,4,top,host,220,240,90,94,0.00,
48,4,top,other,500,240,270,61,0.00,
48,5,top,host,230,240,90,94,0.00,
48,5,top,other,490,240,270,61,0.00,
48,6,top,host,240,240,90,94,0.00,
48,6,top,other,480,240,270,61,0.00,
48,7,top,host,248.48,234.701,58,94,0.00,
48,7,top,other,470,240,270,61,0.00,
48,8,top,host,256.96,229.402,58,94,0.00,
48,8,top,other,460,240,270,61,0.00,
48,9,top,host,262.978,221.416,37,94,0.00,
48,9,top,other,450,240,270,61,0.00,
48,10,top,host,268.996,213.43,37,94,0.00,
48,10,top,other,440,240,270,61,0.00,
48,11,top,host,275.014,205.444,37,94,0.00,
48,11,top,other,430,240,270,61,0.00,
48,12,top,host,281.575,197.897,41,94,0.00,
48,12,top,other,420,240,270,61,0.00,
48,13,top,host,288.136,190.35,41,94,0.00,
48,13,top,other,410,240,270,61,0.00,
48,14,top,host,294.697,182.803,41,94,0.00,
48,14,top,other,400,240,270,61,0.00,
48,15,top,host,301.258,175.256,41,94,0.00,
48,15,top,other,390,240,270,61,0.00,
48,16,top,host,307.819,167.709,41,94,0.00,
48,16,top,other,380,240,270,61,0.00,
48,17,top,host,314.38,160.162,41,94,0.00,
48,17,top,other,370,240,270,61,0.00,
48,18,top,host,320.941,152.615,41,94,0.00,
48,18,top,other,360,240,270,61,0.00,
48,19,top,host,327.502,145.068,41,94,0.00,
48,19,top,other,350,240,270,61,0.00,
48,20,top,host,334.063,137.521,41,94,0.00,
48,20,top,other,340,240,270,61,0.00,
48,21,top,host,340.624,129.974,41,94,0.00,
48,21,top,other,330,240,270,61,0.00,
48,22,top,host,347.185,122.427,41,98,0.00,
48,22,top,other,320,240,270,62,0.00,
48,23,top,host,347.185,122.427,41,98,0.00,
48,23,top,other,320,240,270,62,0.00,
48,24,top,host,347.185,122.427,41,98,0.00,
48,24,top,other,320,240,270,62,0.00,
49,1,top,host,190,240,90,98,0.00,
49,1,top,other,530,240,270,62,0.00,
49,2,top,host,200,240,90,98,0.00,
49,2,top,other,520,240,270,62,0.00,
49,3,top,host,210,240,90,98,0.00,
49,3,top,other,510,240,270,62,0.00,
49,4,top,host,220,240,90,98,0.00,
49,4,top,other,500,240,270,62,0.00,
49,5,top,host,230,240,90,98,0.00,
49,5,top,other,490,240,270,62,0.00,
49,6,top,host,237.193,233.053,46,98,0.00,
49,6,top,other,480,240,270,62,0.00,
49,7,top,host,244.386,226.106,46,98,0.00,
49,7,top,other,470,240,270,62,0.00,
49,8,top,host,251.579,219.159,46,98,0.00,
49,8,top,other,460,240,270,62,0.00,
49,9,top,host,258.772,212.212,46,98,0.00,
49,9,top,other,450,240,270,62,0.00,
49,10,top,host,265.965,205.265,46,98,0.00,
49,10,top,other,440,240,270,62,0.00,
49,11,top,host,273.158,198.318,46,98,0.00,
49,11,top,other,430,240,270,62,0.00,
49,12,top,host,280.351,191.371,46,98,0.00,
49,12,top,other,420,240,270,62,0.00,
49,13,top,host,287.544,184.424,46,98,0.00,
49,13,top,other,410,240,270,62,0.00,
49,14,top,host,294.737,177.477,46,98,0.00,
49,14,top,other,400,240,270,62,0.00,
49,15,top,host,301.93,170.53,46,98,0.00,
49,15,top,other,390,240,270,62,0.00,
49,16,top,host,309.123,163.583,46,98,0.00,
49,16,top,other,380,240,270,62,0.00,
49,17,top,host,316.316,156.636,46,98,0.00,
49,17,top,other,370,240,270,62,0.00,
49,18,top,host,323.509,149.689,46,98,0.00,
49,18,top,other,360,240,270,62,0.00,
49,19,top,host,330.702,142.742,46,98,0.00,
49,19,top,other,350,240,270,62,0.00,
49,20,top,host,337.895,135.795,46,98,0.00,
49,20,top,other,340,240,270,62,0.00,
49,21,top,host,345.088,128.848,46,102,0.00,
49,21,top,other,330,240,270,63,0.00,
49,22,top,host,345.088,128.848,46,102,0.00,
49,22,top,other,331.392,249.903,172,63,0.00,
49,23,top,host,345.088,128.848,46,102,0.00,
49,23,top,other,332.784,259.806,172,63,0.00,
50,1,bottom,host,190,240,90,102,0.00,
50,1,bottom,other,531.613,245.446,237,63,0.00,
50,2,bottom,host,198.29,245.592,124,102,0.00,
50,2,bottom,other,523.226,250.892,237,63,0.00,
50,3,bottom,host,206.58,251.184,124,102,0.00,
50,3,bottom,other,514.839,256.338,237,63,0.00,
50,4,bottom,host,214.87,256.776,124,102,0.00,
50,4,bottom,other,506.452,261.784,237,63,0.00,
50,5,bottom,host,223.16,262.368,124,102,0.00,
50,5,bottom,other,498.065,267.23,237,63,0.00,
50,6,bottom,host,231.45,267.96,124,102,0.00,
50,6,bottom,other,489.678,272.676,237,63,0.00,
50,7,bottom,host,239.74,273.552,124,102,0.00,
50,7,bottom,other,481.291,278.122,237,63,0.00,
50,8,bottom,host,248.03,279.144,124,102,0.00,
50,8,bottom,other,472.904,283.568,237,63,0.00,
50,9,bottom,host,256.32,284.736,124,102,0.00,
50,9,bottom,other,464.517,289.014,237,63,0.00,
50,10,bottom,host,264.61,290.328,124,102,0.00,
50,10,bottom,other,456.13,294.46,237,63,0.00,
50,11,bottom,host,272.9,295.92,124,102,0.00,
50,11,bottom,other,447.743,299.906,237,63,0.00,
50,12,bottom,host,281.19,301.512,124,102,0.00,
50,12,bottom,other,439.356,305.352,237,63,0.00,
50,13,bottom,host,288.85,295.084,50,102,0.00,
50,13,bottom,other,430.969,310.798,237,63,0.00,
50,14,bottom,host,296.51,288.656,50,102,0.00,
50,14,bottom,other,422.582,316.244,237,63,0.00,
50,15,bottom,host,304.17,282.228,50,102,0.00,
50,15,bottom,other,414.195,321.69,237,63,0.00,
50,16,bottom,host,311.83,275.8,50,102,0.00,
50,16,bottom,other,405.808,327.136,237,63,0.00,
50,17,bottom,host,319.49,269.372,50,102,0.00,
50,17,bottom,other,397.421,332.582,237,63,0.00,
50,18,bottom,host,327.15,262.944,50,102,0.00,
50,18,bottom,other,389.034,338.028,237,63,0.00,
50,19,bottom,host,334.81,256.516,50,102,0.00,
50,19,bottom,other,380.647,343.474,237,63,0.00,
50,20,bottom,host,342.47,250.088,50,103,0.00,
50,20,bottom,other,372.26,348.92,237,67,0.00,
50,21,bottom,host,346.377,259.293,157,103,0.00,
50,21,bottom,other,372.26,348.92,237,67,0.00,
50,22,bottom,host,350.284,268.498,157,103,0.00,
50,22,bottom,other,372.26,348.92,237,67,0.00,
