1,1,bottom,host,189.205,236.093,67,0,0,
1,1,bottom,other,540,240,180,0,0,
1,2,bottom,host,198.41,232.186,67,0,0,
1,2,bottom,other,540,240,180,0,0,
1,3,bottom,host,207.615,228.279,67,0,0,
1,3,bottom,other,531.71,234.408,304,0,0,
1,4,bottom,host,216.82,224.372,67,0,0,
1,4,bottom,other,523.42,228.816,304,0,0,
1,5,bottom,host,210.392,232.032,220,0,0,
1,5,bottom,other,515.13,223.224,304,0,0,
1,6,bottom,host,210.392,232.032,220,0,0,
1,6,bottom,other,506.84,217.632,304,0,0,
1,7,bottom,host,210.392,232.032,220,0,0,
1,7,bottom,other,498.55,212.04,304,0,0,
1,8,bottom,host,210.392,232.032,220,0,0,
1,8,bottom,other,490.07,206.741,302,0,0,
1,9,bottom,host,219.221,236.727,118,0,0,
1,9,bottom,other,481.498,201.591,301,0,0,
1,10,bottom,host,228.05,241.422,118,0,0,
1,10,bottom,other,472.926,196.441,301,0,0,
1,11,bottom,host,236.879,246.117,118,0,0,
1,11,bottom,other,464.446,191.142,302,0,0,
1,12,bottom,host,245.708,250.812,118,0,0,
1,12,bottom,other,455.966,185.843,302,0,0,
1,13,bottom,host,254.537,255.507,118,0,0,
1,13,bottom,other,447.486,180.544,302,0,0,
1,14,bottom,host,263.366,260.202,118,0,0,
1,14,bottom,other,438.914,175.394,301,0,0,
1,15,bottom,host,263.366,260.202,118,0,0,
1,15,bottom,other,430.342,170.244,301,0,0,
1,16,bottom,host,263.366,260.202,118,0,0,
1,16,bottom,other,421.77,165.094,301,0,0,
1,17,bottom,host,263.366,260.202,118,0,0,
1,17,bottom,other,413.198,159.944,301,0,0,
1,18,bottom,host,263.366,260.202,118,0,0,
1,18,bottom,other,404.626,154.794,301,0,0,
1,19,bottom,host,263.366,260.202,118,0,0,
1,19,bottom,other,396.054,149.644,301,0,0,
1,20,bottom,host,263.366,260.202,118,0,0,
1,20,bottom,other,387.482,144.494,301,0,0,
1,21,bottom,host,263.366,260.202,118,0,0,
1,21,bottom,other,378.91,139.344,301,0,0,
1,22,bottom,host,263.366,260.202,118,4,0,
1,22,bottom,other,370.338,134.194,301,1,0,
1,23,bottom,host,263.366,260.202,118,4,0,
1,23,bottom,other,361.858,128.895,302,1,0,
1,24,bottom,host,263.366,260.202,118,4,0,
1,24,bottom,other,361.858,128.895,145,1,0,
2,1,top,host,190,240,90,4,0,
2,1,top,other,530,240,270,1,0,
2,2,top,host,200,240,90,4,0,
2,2,top,other,521.613,234.554,303,1,0,
2,3,top,host,208.29,234.408,56,4,0,
2,3,top,other,513.323,228.962,304,1,0,
2,4,top,host,216.58,228.816,56,4,0,
2,4,top,other,505.033,223.37,304,1,0,
2,5,top,host,224.87,223.224,56,4,0,
2,5,top,other,496.743,217.778,304,1,0,
2,6,top,host,233.16,217.632,56,4,0,
2,6,top,other,488.453,212.186,304,1,0,
2,7,top,host,241.45,212.04,56,4,0,
2,7,top,other,480.163,206.594,304,1,0,
2,8,top,host,249.74,206.448,56,4,0,
2,8,top,other,471.873,201.002,304,1,0,
2,9,top,host,258.03,200.856,56,4,0,
2,9,top,other,463.583,195.41,304,1,0,
2,10,top,host,266.32,195.264,56,4,0,
2,10,top,other,455.391,189.674,305,1,0,
2,11,top,host,274.61,189.672,56,4,0,
2,11,top,other,447.199,183.938,305,1,0,
2,12,top,host,282.9,184.08,56,4,0,
2,12,top,other,438.909,178.346,304,1,0,
2,13,top,host,291.19,178.488,56,4,0,
2,13,top,other,430.619,172.754,304,1,0,
2,14,top,host,299.48,172.896,56,4,0,
2,14,top,other,422.427,167.018,305,1,0,
2,15,top,host,307.77,167.304,56,4,0,
2,15,top,other,414.137,161.426,304,1,0,
2,16,top,host,316.06,161.712,56,4,0,
2,16,top,other,405.847,155.834,304,1,0,
2,17,top,host,324.35,156.12,56,4,0,
2,17,top,other,397.655,150.098,305,1,0,
2,18,top,host,332.64,150.528,56,4,0,
2,18,top,other,399.391,159.946,170,1,0,
2,19,top,host,340.93,144.936,56,4,0,
2,19,top,other,401.127,169.794,170,1,0,
2,20,top,host,349.22,139.344,56,4,0,
2,20,top,other,402.691,179.671,171,1,0,
2,21,top,host,357.51,133.752,56,8,0,
2,21,top,other,404.255,189.548,171,2,0,
2,22,top,host,357.51,133.752,56,8,0,
2,22,top,other,405.819,199.425,171,2,0,
2,23,top,host,357.51,133.752,56,8,0,
2,23,top,other,407.383,209.302,171,2,0,
3,1,bottom,host,190,240,90,8,0,
3,1,bottom,other,531.808,245.736,235,2,0,
3,2,bottom,host,198.29,245.592,124,8,0,
3,2,bottom,other,523.616,251.472,235,2,0,
3,3,bottom,host,206.58,251.184,124,8,0,
3,3,bottom,other,515.424,257.208,235,2,0,
3,4,bottom,host,214.87,256.776,124,8,0,
3,4,bottom,other,507.232,262.944,235,2,0,
3,5,bottom,host,223.16,262.368,124,8,0,
3,5,bottom,other,499.04,268.68,235,2,0,
3,6,bottom,host,231.45,267.96,124,8,0,
3,6,bottom,other,490.848,274.416,235,2,0,
3,7,bottom,host,239.74,273.552,124,8,0,
3,7,bottom,other,482.656,280.152,235,2,0,
3,8,bottom,host,248.03,279.144,124,8,0,
3,8,bottom,other,474.464,285.888,235,2,0,
3,9,bottom,host,256.32,284.736,124,8,0,
3,9,bottom,other,466.272,291.624,235,2,0,
3,10,bottom,host,264.61,290.328,124,8,0,
3,10,bottom,other,458.08,297.36,235,2,0,
3,11,bottom,host,272.9,295.92,124,8,0,
3,11,bottom,other,449.888,303.096,235,2,0,
3,12,bottom,host,281.19,301.512,124,8,0,
3,12,bottom,other,441.696,308.832,235,2,0,
3,13,bottom,host,289.48,307.104,124,8,0,
3,13,bottom,other,433.504,314.568,235,2,0,
3,14,bottom,host,297.77,312.696,124,8,0,
3,14,bottom,other,425.312,320.304,235,2,0,
3,15,bottom,host,306.06,318.288,124,8,0,
3,15,bottom,other,417.12,326.04,235,2,0,
3,16,bottom,host,314.35,323.88,124,8,0,
3,16,bottom,other,408.928,331.776,235,2,0,
3,17,bottom,host,322.64,329.472,124,8,0,
3,17,bottom,other,400.736,337.512,235,2,0,
3,18,bottom,host,330.93,335.064,124,8,0,
3,18,bottom,other,392.446,343.104,236,2,0,
3,19,bottom,host,339.22,340.656,124,8,0,
3,19,bottom,other,384.254,348.84,235,2,0,
3,20,bottom,host,347.51,346.248,124,8,0,
3,20,bottom,other,376.062,354.576,235,2,0,
3,21,bottom,host,347.51,346.248,124,8,0,
3,21,bottom,other,367.772,360.168,236,2,0,
3,22,bottom,host,347.51,346.248,124,8,0,
3,22,bottom,other,359.482,365.76,236,2,0,
4,1,top,host,190,240,90,8,0,
4,1,top,other,530,240,270,2,0,
4,2,top,host,200,240,90,8,0,
4,2,top,other,520,240,270,2,0,
4,3,top,host,210,240,90,8,0,
4,3,top,other,511.91,234.122,306,2,0,
4,4,top,host,218.09,234.122,54,8,0,
4,4,top,other,503.82,228.244,306,2,0,
4,5,top,host,226.18,228.244,54,8,0,
4,5,top,other,495.73,222.366,306,2,0,
4,6,top,host,234.27,222.366,54,8,0,
4,6,top,other,487.64,216.488,306,2,0,
4,7,top,host,242.36,216.488,54,8,0,
4,7,top,other,479.55,210.61,306,2,0,
4,8,top,host,250.45,210.61,54,8,0,
4,8,top,other,472.859,218.041,222,2,0,
4,9,top,host,258.54,204.732,54,8,0,
4,9,top,other,466.168,225.472,222,2,0,
4,10,top,host,266.63,198.854,54,8,0,
4,10,top,other,459.477,232.903,222,2,0,
4,11,top,host,274.72,192.976,54,8,0,
4,11,top,other,452.916,240.45,221,2,0,
4,12,top,host,282.81,187.098,54,8,0,
4,12,top,other,446.355,247.997,221,2,0,
4,13,top,host,290.9,181.22,54,8,0,
4,13,top,other,439.794,255.544,221,2,0,
4,14,top,host,298.99,175.342,54,8,0,
4,14,top,other,433.233,263.091,221,2,0,
4,15,top,host,307.08,169.464,54,8,0,
4,15,top,other,426.672,270.638,221,2,0,
4,16,top,host,315.17,163.586,54,8,0,
4,16,top,other,419.981,278.069,222,2,0,
4,17,top,host,323.26,157.708,54,8,0,
4,17,top,other,413.29,285.5,222,2,0,
4,18,top,host,331.35,151.83,54,8,0,
4,18,top,other,406.729,293.047,221,2,0,
4,19,top,host,339.44,145.952,54,8,0,
4,19,top,other,400.168,300.594,221,2,0,
4,20,top,host,347.53,140.074,54,8,0,
4,20,top,other,393.477,308.025,222,2,0,
4,21,top,host,355.62,134.196,54,12,0,
4,21,top,other,386.786,315.456,222,3,0,
4,22,top,host,355.62,134.196,54,12,0,
4,22,top,other,379.966,322.77,223,3,0,
4,23,top,host,355.62,134.196,54,12,0,
4,23,top,other,373.146,330.084,223,3,0,
5,1,bottom,host,190,240,90,12,0,
5,1,bottom,other,530,240,270,3,0,
5,2,bottom,host,198.09,245.878,126,12,0,
5,2,bottom,other,520,240,270,3,0,
5,3,bottom,host,206.18,251.756,126,12,0,
5,3,bottom,other,510,240,270,3,0,
5,4,bottom,host,214.27,257.634,126,12,0,
5,4,bottom,other,500,240,270,3,0,
5,5,bottom,host,222.36,263.512,126,12,0,
5,5,bottom,other,490,240,270,3,0,
5,6,bottom,host,230.45,269.39,126,12,0,
5,6,bottom,other,482.686,233.18,313,3,0,
5,7,bottom,host,238.54,275.268,126,12,0,
5,7,bottom,other,475.255,226.489,312,3,0,
5,8,bottom,host,246.63,281.146,126,12,0,
5,8,bottom,other,467.824,219.798,312,3,0,
5,9,bottom,host,254.72,287.024,126,12,0,
5,9,bottom,other,460.393,213.107,312,3,0,
5,10,bottom,host,262.81,292.902,126,12,0,
5,10,bottom,other,452.962,206.416,312,3,0,
5,11,bottom,host,270.9,298.78,126,12,0,
5,11,bottom,other,445.531,199.725,312,3,0,
5,12,bottom,host,278.99,304.658,126,12,0,
5,12,bottom,other,438.1,193.034,312,3,0,
5,13,bottom,host,287.08,310.536,126,12,0,
5,13,bottom,other,430.669,186.343,312,3,0,
5,14,bottom,host,295.17,316.414,126,12,0,
5,14,bottom,other,423.238,179.652,312,3,0,
5,15,bottom,host,303.26,322.292,126,12,0,
5,15,bottom,other,415.924,172.832,313,3,0,
5,16,bottom,host,311.35,328.17,126,12,0,
5,16,bottom,other,408.61,166.012,313,3,0,
5,17,bottom,host,319.44,334.048,126,12,0,
5,17,bottom,other,401.179,159.321,312,3,0,
5,18,bottom,host,327.53,339.926,126,12,0,
5,18,bottom,other,393.748,152.63,312,3,0,
5,19,bottom,host,335.62,345.804,126,12,0,
5,19,bottom,other,386.434,145.81,313,3,0,
5,20,bottom,host,343.71,351.682,126,12,0,
5,20,bottom,other,379.12,138.99,313,3,0,
5,21,bottom,host,351.8,357.56,126,16,0,
5,21,bottom,other,371.806,132.17,313,4,0,
5,22,bottom,host,351.8,357.56,126,16,0,
5,22,bottom,other,364.375,125.479,312,4,0,
5,23,bottom,host,351.8,357.56,126,16,0,
5,23,bottom,other,364.375,125.479,312,4,0,
6,1,bottom,host,188.387,245.446,123,16,0,
6,1,bottom,other,530,240,270,4,0,
6,2,bottom,host,196.774,250.892,123,16,0,
6,2,bottom,other,520,240,270,4,0,
6,3,bottom,host,205.161,256.338,123,16,0,
6,3,bottom,other,510,240,270,4,0,
6,4,bottom,host,213.548,261.784,123,16,0,
6,4,bottom,other,500,240,270,4,0,
6,5,bottom,host,221.935,267.23,123,16,0,
6,5,bottom,other,490,240,270,4,0,
6,6,bottom,host,230.322,272.676,123,16,0,
6,6,bottom,other,480,240,270,4,0,
6,7,bottom,host,238.709,278.122,123,16,0,
6,7,bottom,other,470,240,270,4,0,
6,8,bottom,host,247.096,283.568,123,16,0,
6,8,bottom,other,463.309,232.569,318,4,0,
6,9,bottom,host,255.483,289.014,123,16,0,
6,9,bottom,other,456.618,225.138,318,4,0,
6,10,bottom,host,263.87,294.46,123,16,0,
6,10,bottom,other,449.927,217.707,318,4,0,
6,11,bottom,host,272.257,299.906,123,16,0,
6,11,bottom,other,443.236,210.276,318,4,0,
6,12,bottom,host,280.644,305.352,123,16,0,
6,12,bottom,other,436.545,202.845,318,4,0,
6,13,bottom,host,289.031,310.798,123,16,0,
6,13,bottom,other,429.854,195.414,318,4,0,
6,14,bottom,host,297.418,316.244,123,16,0,
6,14,bottom,other,423.034,188.1,317,4,0,
6,15,bottom,host,305.805,321.69,123,16,0,
6,15,bottom,other,416.214,180.786,317,4,0,
6,16,bottom,host,314.192,327.136,123,16,0,
6,16,bottom,other,409.394,173.472,317,4,0,
6,17,bottom,host,322.579,332.582,123,16,0,
6,17,bottom,other,402.703,166.041,318,4,0,
6,18,bottom,host,330.966,338.028,123,16,0,
6,18,bottom,other,396.012,158.61,318,4,0,
6,19,bottom,host,339.353,343.474,123,16,0,
6,19,bottom,other,389.321,151.179,318,4,0,
6,20,bottom,host,347.74,348.92,123,20,0,
6,20,bottom,other,382.63,143.748,318,5,0,
6,21,bottom,host,347.74,348.92,123,20,0,
6,21,bottom,other,382.63,143.748,318,5,0,
6,22,bottom,host,347.74,348.92,123,20,0,
6,22,bottom,other,382.63,143.748,318,5,0,
7,1,top,host,190,240,90,20,0,
7,1,top,other,530,240,270,5,0,
7,2,top,host,200,240,90,20,0,
7,2,top,other,520,240,270,5,0,
7,3,top,host,210,240,90,20,0,
7,3,top,other,510,240,270,5,0,
7,4,top,host,220,240,90,20,0,
7,4,top,other,500,240,270,5,0,
7,5,top,host,230,240,90,20,0,
7,5,top,other,490,240,270,5,0,
7,6,top,host,237.314,246.82,133,20,0,
7,6,top,other,480,240,270,5,0,
7,7,top,host,244.628,253.64,133,20,0,
7,7,top,other,470,240,270,5,0,
7,8,top,host,251.942,260.46,133,20,0,
7,8,top,other,460,240,270,5,0,
7,9,top,host,259.256,267.28,133,20,0,
7,9,top,other,453.439,232.453,319,5,0,
7,10,top,host,266.57,274.1,133,20,0,
7,10,top,other,446.878,224.906,319,5,0,
7,11,top,host,273.884,280.92,133,20,0,
7,11,top,other,440.317,217.359,319,5,0,
7,12,top,host,281.198,287.74,133,20,0,
7,12,top,other,433.626,209.928,318,5,0,
7,13,top,host,288.512,294.56,133,20,0,
7,13,top,other,426.935,202.497,318,5,0,
7,14,top,host,295.826,301.38,133,20,0,
7,14,top,other,420.244,195.066,318,5,0,
7,15,top,host,303.14,308.2,133,20,0,
7,15,top,other,413.683,187.519,319,5,0,
7,16,top,host,310.454,315.02,133,20,0,
7,16,top,other,407.122,179.972,319,5,0,
7,17,top,host,317.768,321.84,133,20,0,
7,17,top,other,400.561,172.425,319,5,0,
7,18,top,host,325.082,328.66,133,20,0,
7,18,top,other,394,164.878,319,5,0,
7,19,top,host,332.396,335.48,133,20,0,
7,19,top,other,387.309,157.447,318,5,0,
7,20,top,host,339.71,342.3,133,20,0,
7,20,top,other,380.618,150.016,318,5,0,
7,21,top,host,347.024,349.12,133,21,0,
7,21,top,other,373.927,142.585,318,9,0,
7,22,top,host,347.024,349.12,133,21,0,
7,22,top,other,367.366,135.038,319,9,0,
7,23,top,host,347.024,349.12,133,21,0,
7,23,top,other,360.805,127.491,319,9,0,
8,1,top,host,188.48,234.701,58,21,0,
8,1,top,other,531.613,234.554,303,9,0,
8,2,top,host,196.96,229.402,58,21,0,
8,2,top,other,523.226,229.108,303,9,0,
8,3,top,host,205.44,224.103,58,21,0,
8,3,top,other,514.839,223.662,303,9,0,
8,4,top,host,213.92,218.804,58,21,0,
8,4,top,other,506.452,218.216,303,9,0,
8,5,top,host,222.4,213.505,58,21,0,
8,5,top,other,499.259,225.163,226,9,0,
8,6,top,host,230.88,208.206,58,21,0,
8,6,top,other,492.066,232.11,226,9,0,
8,7,top,host,239.36,202.907,58,21,0,
8,7,top,other,484.873,239.057,226,9,0,
8,8,top,host,247.84,197.608,58,21,0,
8,8,top,other,477.68,246.004,226,9,0,
8,9,top,host,256.32,192.309,58,21,0,
8,9,top,other,470.487,252.951,226,9,0,
8,10,top,host,264.8,187.01,58,21,0,
8,10,top,other,463.294,259.898,226,9,0,
8,11,top,host,273.28,181.711,58,21,0,
8,11,top,other,456.101,266.845,226,9,0,
8,12,top,host,281.76,176.412,58,21,0,
8,12,top,other,448.908,273.792,226,9,0,
8,13,top,host,290.24,171.113,58,21,0,
8,13,top,other,441.715,280.739,226,9,0,
8,14,top,host,298.72,165.814,58,21,0,
8,14,top,other,434.522,287.686,226,9,0,
8,15,top,host,307.2,160.515,58,21,0,
8,15,top,other,427.329,294.633,226,9,0,
8,16,top,host,315.68,155.216,58,21,0,
8,16,top,other,420.136,301.58,226,9,0,
8,17,top,host,324.16,149.917,58,21,0,
8,17,top,other,412.943,308.527,226,9,0,
8,18,top,host,332.64,144.618,58,21,0,
8,18,top,other,405.75,315.474,226,9,0,
8,19,top,host,341.12,139.319,58,21,0,
8,19,top,other,398.436,322.294,227,9,0,
8,20,top,host,349.6,134.02,58,25,0,
8,20,top,other,391.365,329.365,225,10,0,
8,21,top,host,349.6,134.02,58,25,0,
8,21,top,other,384.294,336.436,225,10,0,
8,22,top,host,349.6,134.02,58,25,0,
8,22,top,other,377.223,343.507,225,10,0,
9,1,bottom,host,188.387,245.446,123,25,0,
9,1,bottom,other,530,240,270,10,0,
9,2,bottom,host,196.774,250.892,123,25,0,
9,2,bottom,other,521.71,245.592,236,10,0,
9,3,bottom,host,205.161,256.338,123,25,0,
9,3,bottom,other,513.62,251.47,234,10,0,
9,4,bottom,host,213.548,261.784,123,25,0,
9,4,bottom,other,505.53,257.348,234,10,0,
9,5,bottom,host,221.935,267.23,123,25,0,
9,5,bottom,other,497.44,263.226,234,10,0,
9,6,bottom,host,230.322,272.676,123,25,0,
9,6,bottom,other,489.35,269.104,234,10,0,
9,7,bottom,host,238.709,278.122,123,25,0,
9,7,bottom,other,482.279,262.033,315,10,0,
9,8,bottom,host,247.096,283.568,123,25,0,
9,8,bottom,other,475.588,254.602,318,10,0,
9,9,bottom,host,255.483,289.014,123,25,0,
9,9,bottom,other,468.897,247.171,318,10,0,
9,10,bottom,host,263.87,294.46,123,25,0,
9,10,bottom,other,461.466,253.862,228,10,0,
9,11,bottom,host,272.257,299.906,123,25,0,
9,11,bottom,other,454.035,260.553,228,10,0,
9,12,bottom,host,280.644,305.352,123,25,0,
9,12,bottom,other,448.299,252.361,325,10,0,
9,13,bottom,host,289.031,310.798,123,25,0,
9,13,bottom,other,443,243.881,328,10,0,
9,14,bottom,host,297.418,316.244,123,25,0,
9,14,bottom,other,437.701,235.401,328,10,0,
9,15,bottom,host,305.805,321.69,123,25,0,
9,15,bottom,other,432.402,226.921,328,10,0,
9,16,bottom,host,314.192,327.136,123,25,0,
9,16,bottom,other,427.103,218.441,328,10,0,
9,17,bottom,host,322.579,332.582,123,25,0,
9,17,bottom,other,421.804,209.961,328,10,0,
9,18,bottom,host,330.966,338.028,123,25,0,
9,18,bottom,other,416.505,201.481,328,10,0,
9,19,bottom,host,339.353,343.474,123,25,0,
9,19,bottom,other,411.206,193.001,328,10,0,
9,20,bottom,host,347.74,348.92,123,29,0,
9,20,bottom,other,405.907,184.521,328,11,0,
9,21,bottom,host,347.74,348.92,123,29,0,
9,21,bottom,other,400.608,176.041,328,11,0,
9,22,bottom,host,347.74,348.92,123,29,0,
9,22,bottom,other,395.309,167.561,328,11,0,
10,1,top,host,190,240,90,29,0,
10,1,top,other,530,240,270,11,0,
10,2,top,host,198.387,234.554,57,29,0,
10,2,top,other,520,240,270,11,0,
10,3,top,host,206.774,229.108,57,29,0,
10,3,top,other,511.91,234.122,306,11,0,
10,4,top,host,215.161,223.662,57,29,0,
10,4,top,other,503.82,228.244,306,11,0,
10,5,top,host,223.548,218.216,57,29,0,
10,5,top,other,495.73,222.366,306,11,0,
10,6,top,host,231.935,212.77,57,29,0,
10,6,top,other,487.64,216.488,306,11,0,
10,7,top,host,240.322,207.324,57,29,0,
10,7,top,other,479.448,210.752,305,11,0,
10,8,top,host,248.709,201.878,57,29,0,
10,8,top,other,471.256,205.016,305,11,0,
10,9,top,host,257.096,196.432,57,29,0,
10,9,top,other,463.064,199.28,305,11,0,
10,10,top,host,265.483,190.986,57,29,0,
10,10,top,other,454.974,193.402,306,11,0,
10,11,top,host,273.87,185.54,57,29,0,
10,11,top,other,446.884,187.524,306,11,0,
10,12,top,host,282.257,180.094,57,29,0,
10,12,top,other,438.794,181.646,306,11,0,
10,13,top,host,290.644,174.648,57,29,0,
10,13,top,other,430.704,175.768,306,11,0,
10,14,top,host,299.031,169.202,57,29,0,
10,14,top,other,426.797,184.973,203,11,0,
10,15,top,host,307.418,163.756,57,29,0,
10,15,top,other,423.377,194.37,200,11,0,
10,16,top,host,315.805,158.31,57,29,0,
10,16,top,other,419.957,203.767,200,11,0,
10,17,top,host,324.192,152.864,57,29,0,
10,17,top,other,416.537,213.164,200,11,0,
10,18,top,host,332.579,147.418,57,29,0,
10,18,top,other,413.117,222.561,200,11,0,
10,19,top,host,340.966,141.972,57,29,0,
10,19,top,other,409.697,231.958,200,11,0,
10,20,top,host,349.353,136.526,57,29,0,
10,20,top,other,406.277,241.355,200,11,0,
10,21,top,host,357.74,131.08,57,33,0,
10,21,top,other,402.857,250.752,200,12,0,
10,22,top,host,357.74,131.08,57,33,0,
10,22,top,other,402.857,250.752,200,12,0,
10,23,top,host,357.74,131.08,57,33,0,
10,23,top,other,402.857,250.752,200,12,0,
11,1,bottom,host,190,240,90,33,0,
11,1,bottom,other,530,240,270,12,0,
11,2,bottom,host,200,240,90,33,0,
11,2,bottom,other,520,240,270,12,0,
11,3,bottom,host,210,240,90,33,0,
11,3,bottom,other,510.437,242.924,253,12,0,
11,4,bottom,host,220,240,90,33,0,
11,4,bottom,other,500.874,245.848,253,12,0,
11,5,bottom,host,227.771,246.293,129,33,0,
11,5,bottom,other,491.311,248.772,253,12,0,
11,6,bottom,host,235.542,252.586,129,33,0,
11,6,bottom,other,484.62,256.203,222,12,0,
11,7,bottom,host,243.313,258.879,129,33,0,
11,7,bottom,other,478.059,263.75,221,12,0,
11,8,bottom,host,251.084,265.172,129,33,0,
11,8,bottom,other,471.631,271.41,220,12,0,
11,9,bottom,host,258.855,271.465,129,33,0,
11,9,bottom,other,465.203,279.07,220,12,0,
11,10,bottom,host,266.626,277.758,129,33,0,
11,10,bottom,other,458.775,286.73,220,12,0,
11,11,bottom,host,274.397,284.051,129,33,0,
11,11,bottom,other,452.347,294.39,220,12,0,
11,12,bottom,host,282.168,290.344,129,33,0,
11,12,bottom,other,445.919,302.05,220,12,0,
11,13,bottom,host,289.939,296.637,129,33,0,
11,13,bottom,other,438.372,308.611,229,12,0,
11,14,bottom,host,297.71,302.93,129,33,0,
11,14,bottom,other,430.712,315.039,230,12,0,
11,15,bottom,host,305.481,309.223,129,33,0,
11,15,bottom,other,422.941,321.332,231,12,0,
11,16,bottom,host,313.252,315.516,129,33,0,
11,16,bottom,other,415.281,327.76,230,12,0,
11,17,bottom,host,321.023,321.809,129,33,0,
11,17,bottom,other,407.621,334.188,230,12,0,
11,18,bottom,host,328.794,328.102,129,33,0,
11,18,bottom,other,399.85,340.481,231,12,0,
11,19,bottom,host,336.565,334.395,129,33,0,
11,19,bottom,other,392.079,346.774,231,12,0,
11,20,bottom,host,344.336,340.688,129,33,0,
11,20,bottom,other,384.419,353.202,230,12,0,
11,21,bottom,host,352.107,346.981,129,33,0,
11,21,bottom,other,376.648,359.495,231,12,0,
11,22,bottom,host,352.107,346.981,129,33,0,
11,22,bottom,other,368.877,365.788,231,12,0,
11,23,bottom,host,352.107,346.981,129,33,0,
11,23,bottom,other,368.877,365.788,230,12,0,
12,1,bottom,host,190,240,90,33,0,
12,1,bottom,other,531.613,245.446,237,12,0,
12,2,bottom,host,200,240,90,33,0,
12,2,bottom,other,523.226,250.892,237,12,0,
12,3,bottom,host,208.09,245.878,126,33,0,
12,3,bottom,other,514.839,256.338,237,12,0,
12,4,bottom,host,216.18,251.756,126,33,0,
12,4,bottom,other,506.452,261.784,237,12,0,
12,5,bottom,host,224.27,257.634,126,33,0,
12,5,bottom,other,498.065,267.23,237,12,0,
12,6,bottom,host,232.36,263.512,126,33,0,
12,6,bottom,other,489.678,272.676,237,12,0,
12,7,bottom,host,240.45,269.39,126,33,0,
12,7,bottom,other,481.291,278.122,237,12,0,
12,8,bottom,host,248.54,275.268,126,33,0,
12,8,bottom,other,473.744,271.561,311,12,0,
12,9,bottom,host,256.63,281.146,126,33,0,
12,9,bottom,other,466.551,264.614,314,12,0,
12,10,bottom,host,264.72,287.024,126,33,0,
12,10,bottom,other,459.48,257.543,315,12,0,
12,11,bottom,host,272.81,292.902,126,33,0,
12,11,bottom,other,452.409,250.472,315,12,0,
12,12,bottom,host,280.9,298.78,126,33,0,
12,12,bottom,other,446.252,242.592,322,12,0,
12,13,bottom,host,288.99,304.658,126,33,0,
12,13,bottom,other,440.095,234.712,322,12,0,
12,14,bottom,host,297.08,310.536,126,33,0,
12,14,bottom,other,433.938,226.832,322,12,0,
12,15,bottom,host,305.17,316.414,126,33,0,
12,15,bottom,other,427.781,218.952,322,12,0,
12,16,bottom,host,313.26,322.292,126,33,0,
12,16,bottom,other,421.624,211.072,322,12,0,
12,17,bottom,host,321.35,328.17,126,33,0,
12,17,bottom,other,415.467,203.192,322,12,0,
12,18,bottom,host,329.44,334.048,126,33,0,
12,18,bottom,other,409.31,195.312,322,12,0,
12,19,bottom,host,337.53,339.926,126,33,0,
12,19,bottom,other,403.153,187.432,322,12,0,
12,20,bottom,host,345.62,345.804,126,33,0,
12,20,bottom,other,396.86,179.661,321,12,0,
12,21,bottom,host,353.71,351.682,126,37,0,
12,21,bottom,other,390.567,171.89,321,13,0,
12,22,bottom,host,353.71,351.682,126,37,0,
12,22,bottom,other,390.567,171.89,321,13,0,
12,23,bottom,host,353.71,351.682,126,37,0,
12,23,bottom,other,390.567,171.89,321,13,0,
13,1,top,host,190,240,90,37,0,
13,1,top,other,530.664,236.416,291,13,0,
13,2,top,host,200,240,90,37,0,
13,2,top,other,522.893,242.709,231,13,0,
13,3,top,host,208.192,234.264,55,37,0,
13,3,top,other,515.122,249.002,231,13,0,
13,4,top,host,216.384,228.528,55,37,0,
13,4,top,other,507.351,255.295,231,13,0,
13,5,top,host,224.576,222.792,55,37,0,
13,5,top,other,499.58,261.588,231,13,0,
13,6,top,host,232.768,217.056,55,37,0,
13,6,top,other,491.7,267.745,232,13,0,
13,7,top,host,240.96,211.32,55,37,0,
13,7,top,other,483.82,273.902,232,13,0,
13,8,top,host,249.152,205.584,55,37,0,
13,8,top,other,475.94,280.059,232,13,0,
13,9,top,host,257.344,199.848,55,37,0,
13,9,top,other,468.06,286.216,232,13,0,
13,10,top,host,265.536,194.112,55,37,0,
13,10,top,other,460.18,292.373,232,13,0,
13,11,top,host,273.728,188.376,55,37,0,
13,11,top,other,452.3,298.53,232,13,0,
13,12,top,host,281.92,182.64,55,37,0,
13,12,top,other,444.42,304.687,232,13,0,
13,13,top,host,290.112,176.904,55,37,0,
13,13,top,other,436.434,310.705,233,13,0,
13,14,top,host,298.304,171.168,55,37,0,
13,14,top,other,428.448,316.723,233,13,0,
13,15,top,host,306.496,165.432,55,37,0,
13,15,top,other,420.462,322.741,233,13,0,
13,16,top,host,314.688,159.696,55,37,0,
13,16,top,other,412.476,328.759,233,13,0,
13,17,top,host,322.88,153.96,55,37,0,
13,17,top,other,404.49,334.777,233,13,0,
13,18,top,host,331.072,148.224,55,37,0,
13,18,top,other,396.504,340.795,233,13,0,
13,19,top,host,339.264,142.488,55,37,0,
13,19,top,other,388.518,346.813,233,13,0,
13,20,top,host,347.456,136.752,55,37,0,
13,20,top,other,380.532,352.831,233,13,0,
13,21,top,host,355.648,131.016,55,41,0,
13,21,top,other,372.546,358.849,233,14,0,
13,22,top,host,355.648,131.016,55,41,0,
13,22,top,other,364.56,364.867,233,14,0,
13,23,top,host,355.648,131.016,55,41,0,
13,23,top,other,364.56,364.867,233,14,0,
14,1,bottom,host,190,240,90,41,0,
14,1,bottom,other,530,240,270,14,0,
14,2,bottom,host,197.986,246.018,127,41,0,
14,2,bottom,other,520,240,270,14,0,
14,3,bottom,host,205.972,252.036,127,41,0,
14,3,bottom,other,511.34,235,300,14,0,
14,4,bottom,host,213.958,258.054,127,41,0,
14,4,bottom,other,502.68,230,300,14,0,
14,5,bottom,host,221.944,264.072,127,41,0,
14,5,bottom,other,494.02,225,300,14,0,
14,6,bottom,host,229.93,270.09,127,41,0,
14,6,bottom,other,485.448,219.85,301,14,0,
14,7,bottom,host,237.916,276.108,127,41,0,
14,7,bottom,other,476.876,214.7,301,14,0,
14,8,bottom,host,245.902,282.126,127,41,0,
14,8,bottom,other,468.304,209.55,301,14,0,
14,9,bottom,host,253.888,288.144,127,41,0,
14,9,bottom,other,459.644,204.55,300,14,0,
14,10,bottom,host,261.874,294.162,127,41,0,
14,10,bottom,other,450.984,199.55,300,14,0,
14,11,bottom,host,269.86,300.18,127,41,0,
14,11,bottom,other,442.324,194.55,300,14,0,
14,12,bottom,host,277.846,306.198,127,41,0,
14,12,bottom,other,433.664,189.55,300,14,0,
14,13,bottom,host,285.832,312.216,127,41,0,
14,13,bottom,other,425.004,184.55,300,14,0,
14,14,bottom,host,293.818,318.234,127,41,0,
14,14,bottom,other,416.344,179.55,300,14,0,
14,15,bottom,host,301.804,324.252,127,41,0,
14,15,bottom,other,407.684,174.55,300,14,0,
14,16,bottom,host,309.79,330.27,127,41,0,
14,16,bottom,other,399.024,169.55,300,14,0,
14,17,bottom,host,317.776,336.288,127,41,0,
14,17,bottom,other,390.364,164.55,300,14,0,
14,18,bottom,host,325.762,342.306,127,41,0,
14,18,bottom,other,381.704,159.55,300,14,0,
14,19,bottom,host,333.748,348.324,127,41,0,
14,19,bottom,other,373.044,154.55,300,14,0,
14,20,bottom,host,341.734,354.342,127,41,0,
14,20,bottom,other,364.384,149.55,300,14,0,
14,21,bottom,host,349.72,360.36,127,45,0,
14,21,bottom,other,355.724,144.55,300,15,0,
14,22,bottom,host,349.72,360.36,127,45,0,
14,22,bottom,other,355.724,144.55,300,15,0,
14,23,bottom,host,349.72,360.36,127,45,0,
14,23,bottom,other,355.724,144.55,301,15,0,
15,1,bottom,host,190,240,90,45,0,
15,1,bottom,other,531.613,234.554,303,15,0,
15,2,bottom,host,198.29,245.592,124,45,0,
15,2,bottom,other,523.226,229.108,303,15,0,
15,3,bottom,host,206.58,251.184,124,45,0,
15,3,bottom,other,514.746,223.809,302,15,0,
15,4,bottom,host,214.87,256.776,124,45,0,
15,4,bottom,other,506.266,218.51,302,15,0,
15,5,bottom,host,223.16,262.368,124,45,0,
15,5,bottom,other,497.786,213.211,302,15,0,
15,6,bottom,host,231.45,267.96,124,45,0,
15,6,bottom,other,489.399,207.765,303,15,0,
15,7,bottom,host,239.74,273.552,124,45,0,
15,7,bottom,other,481.012,202.319,303,15,0,
15,8,bottom,host,248.03,279.144,124,45,0,
15,8,bottom,other,472.625,196.873,303,15,0,
15,9,bottom,host,256.32,284.736,124,45,0,
15,9,bottom,other,464.145,191.574,302,15,0,
15,10,bottom,host,264.61,290.328,124,45,0,
15,10,bottom,other,455.665,186.275,302,15,0,
15,11,bottom,host,272.9,295.92,124,45,0,
15,11,bottom,other,447.278,180.829,303,15,0,
15,12,bottom,host,281.19,301.512,124,45,0,
15,12,bottom,other,438.891,175.383,303,15,0,
15,13,bottom,host,289.48,307.104,124,45,0,
15,13,bottom,other,430.411,170.084,302,15,0,
15,14,bottom,host,297.77,312.696,124,45,0,
15,14,bottom,other,421.931,164.785,302,15,0,
15,15,bottom,host,306.06,318.288,124,45,0,
15,15,bottom,other,413.451,159.486,302,15,0,
15,16,bottom,host,314.35,323.88,124,45,0,
15,16,bottom,other,404.879,154.336,301,15,0,
15,17,bottom,host,322.64,329.472,124,45,0,
15,17,bottom,other,395.969,149.796,297,15,0,
15,18,bottom,host,330.93,335.064,124,45,0,
15,18,bottom,other,387.14,145.101,298,15,0,
15,19,bottom,host,339.22,340.656,124,45,0,
15,19,bottom,other,377.935,141.194,293,15,0,
15,20,bottom,host,347.51,346.248,124,45,0,
15,20,bottom,other,370.504,147.885,228,15,0,
15,21,bottom,host,355.8,351.84,124,49,0,
15,21,bottom,other,363.073,154.576,228,16,0,
15,22,bottom,host,355.8,351.84,124,49,0,
15,22,bottom,other,363.073,154.576,228,16,0,
15,23,bottom,host,355.8,351.84,124,49,0,
15,23,bottom,other,363.073,154.576,228,16,0,
16,1,bottom,host,190,240,90,49,0,
16,1,bottom,other,530.123,241.564,261,16,0,
16,2,bottom,host,198.29,245.592,124,49,0,
16,2,bottom,other,520.246,243.128,261,16,0,
16,3,bottom,host,206.58,251.184,124,49,0,
16,3,bottom,other,512.26,237.11,307,16,0,
16,4,bottom,host,214.87,256.776,124,49,0,
16,4,bottom,other,504.489,230.817,309,16,0,
16,5,bottom,host,223.16,262.368,124,49,0,
16,5,bottom,other,496.718,224.524,309,16,0,
16,6,bottom,host,231.45,267.96,124,49,0,
16,6,bottom,other,488.947,218.231,309,16,0,
16,7,bottom,host,239.74,273.552,124,49,0,
16,7,bottom,other,481.176,211.938,309,16,0,
16,8,bottom,host,248.03,279.144,124,49,0,
16,8,bottom,other,473.405,205.645,309,16,0,
16,9,bottom,host,256.32,284.736,124,49,0,
16,9,bottom,other,465.634,199.352,309,16,0,
16,10,bottom,host,264.61,290.328,124,49,0,
16,10,bottom,other,457.863,193.059,309,16,0,
16,11,bottom,host,272.9,295.92,124,49,0,
16,11,bottom,other,450.092,186.766,309,16,0,
16,12,bottom,host,281.19,301.512,124,49,0,
16,12,bottom,other,442.321,180.473,309,16,0,
16,13,bottom,host,289.48,307.104,124,49,0,
16,13,bottom,other,434.55,174.18,309,16,0,
16,14,bottom,host,297.77,312.696,124,49,0,
16,14,bottom,other,426.779,167.887,309,16,0,
16,15,bottom,host,306.06,318.288,124,49,0,
16,15,bottom,other,419.008,161.594,309,16,0,
16,16,bottom,host,314.35,323.88,124,49,0,
16,16,bottom,other,411.237,155.301,309,16,0,
16,17,bottom,host,322.64,329.472,124,49,0,
16,17,bottom,other,403.466,149.008,309,16,0,
16,18,bottom,host,330.93,335.064,124,49,0,
16,18,bottom,other,395.695,142.715,309,16,0,
16,19,bottom,host,339.22,340.656,124,49,0,
16,19,bottom,other,387.924,136.422,309,16,0,
16,20,bottom,host,347.51,346.248,124,49,0,
16,20,bottom,other,380.153,130.129,309,16,0,
16,21,bottom,host,355.8,351.84,124,53,0,
16,21,bottom,other,372.382,123.836,309,17,0,
16,22,bottom,host,355.8,351.84,124,53,0,
16,22,bottom,other,372.382,123.836,309,17,0,
16,23,bottom,host,355.8,351.84,124,53,0,
16,23,bottom,other,372.382,123.836,309,17,0,
17,1,top,host,190,240,90,53,0,
17,1,top,other,531.808,234.264,305,17,0,
17,2,top,host,198.09,234.122,54,53,0,
17,2,top,other,523.616,228.528,305,17,0,
17,3,top,host,206.18,228.244,54,53,0,
17,3,top,other,515.63,234.546,233,17,0,
17,4,top,host,214.27,222.366,54,53,0,
17,4,top,other,507.644,240.564,233,17,0,
17,5,top,host,222.36,216.488,54,53,0,
17,5,top,other,499.658,246.582,233,17,0,
17,6,top,host,230.45,210.61,54,53,0,
17,6,top,other,491.672,252.6,233,17,0,
17,7,top,host,238.54,204.732,54,53,0,
17,7,top,other,483.686,258.618,233,17,0,
17,8,top,host,246.63,198.854,54,53,0,
17,8,top,other,475.7,264.636,233,17,0,
17,9,top,host,254.72,192.976,54,53,0,
17,9,top,other,467.714,270.654,233,17,0,
17,10,top,host,262.81,187.098,54,53,0,
17,10,top,other,459.728,276.672,233,17,0,
17,11,top,host,270.9,181.22,54,53,0,
17,11,top,other,451.742,282.69,233,17,0,
17,12,top,host,278.99,175.342,54,53,0,
17,12,top,other,443.756,288.708,233,17,0,
17,13,top,host,287.08,169.464,54,53,0,
17,13,top,other,435.77,294.726,233,17,0,
17,14,top,host,295.17,163.586,54,53,0,
17,14,top,other,427.784,300.744,233,17,0,
17,15,top,host,303.26,157.708,54,53,0,
17,15,top,other,419.798,306.762,233,17,0,
17,16,top,host,311.35,151.83,54,53,0,
17,16,top,other,411.812,312.78,233,17,0,
17,17,top,host,319.44,145.952,54,53,0,
17,17,top,other,403.826,318.798,233,17,0,
17,18,top,host,327.53,140.074,54,53,0,
17,18,top,other,395.84,324.816,233,17,0,
17,19,top,host,335.62,134.196,54,53,0,
17,19,top,other,387.854,330.834,233,17,0,
17,20,top,host,343.71,128.318,54,53,0,
17,20,top,other,379.868,336.852,233,17,0,
17,21,top,host,351.8,122.44,54,57,0,
17,21,top,other,371.882,342.87,233,18,0,
17,22,top,host,351.8,122.44,54,57,0,
17,22,top,other,371.882,342.87,233,18,0,
17,23,top,host,351.8,122.44,54,57,0,
17,23,top,other,371.882,342.87,233,18,0,
18,1,bottom,host,190,240,90,57,0,
18,1,bottom,other,530,240,270,18,0,
18,2,bottom,host,200,240,90,57,0,
18,2,bottom,other,520,240,270,18,0,
18,3,bottom,host,208.192,245.736,125,57,0,
18,3,bottom,other,510,240,270,18,0,
18,4,bottom,host,216.384,251.472,125,57,0,
18,4,bottom,other,501.91,245.878,234,18,0,
18,5,bottom,host,224.576,257.208,125,57,0,
18,5,bottom,other,493.82,251.756,234,18,0,
18,6,bottom,host,232.768,262.944,125,57,0,
18,6,bottom,other,485.73,257.634,234,18,0,
18,7,bottom,host,240.96,268.68,125,57,0,
18,7,bottom,other,477.64,263.512,234,18,0,
18,8,bottom,host,249.152,274.416,125,57,0,
18,8,bottom,other,469.55,269.39,234,18,0,
18,9,bottom,host,257.344,280.152,125,57,0,
18,9,bottom,other,461.46,275.268,234,18,0,
18,10,bottom,host,265.536,285.888,125,57,0,
18,10,bottom,other,453.37,281.146,234,18,0,
18,11,bottom,host,273.728,291.624,125,57,0,
18,11,bottom,other,445.28,287.024,234,18,0,
18,12,bottom,host,281.92,297.36,125,57,0,
18,12,bottom,other,437.19,292.902,234,18,0,
18,13,bottom,host,290.112,303.096,125,57,0,
18,13,bottom,other,429.1,298.78,234,18,0,
18,14,bottom,host,298.304,308.832,125,57,0,
18,14,bottom,other,421.01,304.658,234,18,0,
18,15,bottom,host,306.496,314.568,125,57,0,
18,15,bottom,other,412.92,310.536,234,18,0,
18,16,bottom,host,314.688,320.304,125,57,0,
18,16,bottom,other,404.83,316.414,234,18,0,
18,17,bottom,host,322.88,326.04,125,57,0,
18,17,bottom,other,396.74,322.292,234,18,0,
18,18,bottom,host,331.072,331.776,125,57,0,
18,18,bottom,other,388.65,328.17,234,18,0,
18,19,bottom,host,339.264,337.512,125,57,0,
18,19,bottom,other,380.99,321.742,310,18,0,
18,20,bottom,host,347.456,343.248,125,57,0,
18,20,bottom,other,373.33,315.314,310,18,0,
18,21,bottom,host,355.648,348.984,125,57,0,
18,21,bottom,other,365.67,308.886,310,18,0,
18,22,bottom,host,355.648,348.984,125,57,0,
18,22,bottom,other,365.67,308.886,310,18,0,
18,23,bottom,host,355.648,348.984,125,57,0,
18,23,bottom,other,365.67,308.886,310,18,0,
19,1,top,host,190,240,90,57,0,
19,1,top,other,530.297,242.419,256,18,0,
19,2,top,host,200,240,90,57,0,
19,2,top,other,520.594,244.838,256,18,0,
19,3,top,host,208.192,234.264,55,57,0,
19,3,top,other,510.891,247.257,256,18,0,
19,4,top,host,216.384,228.528,55,57,0,
19,4,top,other,501.188,249.676,256,18,0,
19,5,top,host,224.576,222.792,55,57,0,
19,5,top,other,491.485,252.095,256,18,0,
19,6,top,host,232.768,217.056,55,57,0,
19,6,top,other,483.825,258.523,230,18,0,
19,7,top,host,240.96,211.32,55,57,0,
19,7,top,other,476.165,264.951,230,18,0,
19,8,top,host,249.152,205.584,55,57,0,
19,8,top,other,468.505,271.379,230,18,0,
19,9,top,host,257.344,199.848,55,57,0,
19,9,top,other,460.845,277.807,230,18,0,
19,10,top,host,265.536,194.112,55,57,0,
19,10,top,other,453.185,284.235,230,18,0,
19,11,top,host,273.728,188.376,55,57,0,
19,11,top,other,445.525,290.663,230,18,0,
19,12,top,host,281.92,182.64,55,57,0,
19,12,top,other,437.865,297.091,230,18,0,
19,13,top,host,290.112,176.904,55,57,0,
19,13,top,other,430.205,303.519,230,18,0,
19,14,top,host,298.304,171.168,55,57,0,
19,14,top,other,422.545,309.947,230,18,0,
19,15,top,host,306.496,165.432,55,57,0,
19,15,top,other,414.885,316.375,230,18,0,
19,16,top,host,314.688,159.696,55,57,0,
19,16,top,other,407.225,322.803,230,18,0,
19,17,top,host,322.88,153.96,55,57,0,
19,17,top,other,399.565,329.231,230,18,0,
19,18,top,host,331.072,148.224,55,57,0,
19,18,top,other,391.905,335.659,230,18,0,
19,19,top,host,339.264,142.488,55,57,0,
19,19,top,other,384.245,342.087,230,18,0,
19,20,top,host,347.456,136.752,55,57,0,
19,20,top,other,376.585,348.515,230,18,0,
19,21,top,host,355.648,131.016,55,61,0,
19,21,top,other,368.925,354.943,230,19,0,
19,22,top,host,355.648,131.016,55,61,0,
19,22,top,other,368.925,354.943,230,19,0,
19,23,top,host,355.648,131.016,55,61,0,
19,23,top,other,368.925,354.943,230,19,0,
20,1,bottom,host,190,240,90,61,0,
20,1,bottom,other,531.808,234.264,305,19,0,
20,2,bottom,host,200,240,90,61,0,
20,2,bottom,other,523.616,228.528,305,19,0,
20,3,bottom,host,210,240,90,61,0,
20,3,bottom,other,515.424,222.792,305,19,0,
20,4,bottom,host,220,240,90,61,0,
20,4,bottom,other,507.232,217.056,305,19,0,
20,5,bottom,host,230,240,90,61,0,
20,5,bottom,other,499.04,211.32,305,19,0,
20,6,bottom,host,240,240,90,61,0,
20,6,bottom,other,490.848,205.584,305,19,0,
20,7,bottom,host,250,240,90,61,0,
20,7,bottom,other,482.656,199.848,305,19,0,
20,8,bottom,host,260,240,90,61,0,
20,8,bottom,other,474.464,194.112,305,19,0,
20,9,bottom,host,266.691,247.431,138,61,0,
20,9,bottom,other,466.272,188.376,305,19,0,
20,10,bottom,host,273.382,254.862,138,61,0,
20,10,bottom,other,458.08,182.64,305,19,0,
20,11,bottom,host,280.073,262.293,138,61,0,
20,11,bottom,other,449.888,176.904,305,19,0,
20,12,bottom,host,286.764,269.724,138,61,0,
20,12,bottom,other,441.696,171.168,305,19,0,
20,13,bottom,host,293.455,277.155,138,61,0,
20,13,bottom,other,433.504,165.432,305,19,0,
20,14,bottom,host,300.146,284.586,138,61,0,
20,14,bottom,other,425.312,159.696,305,19,0,
20,15,bottom,host,306.837,292.017,138,61,0,
20,15,bottom,other,417.12,153.96,305,19,0,
20,16,bottom,host,313.528,299.448,138,61,0,
20,16,bottom,other,408.928,148.224,305,19,0,
20,17,bottom,host,320.219,306.879,138,61,0,
20,17,bottom,other,400.736,142.488,305,19,0,
20,18,bottom,host,326.91,314.31,138,61,0,
20,18,bottom,other,392.544,136.752,305,19,0,
20,19,bottom,host,333.601,321.741,138,61,0,
20,19,bottom,other,384.352,131.016,305,19,0,
20,20,bottom,host,340.292,329.172,138,65,0,
20,20,bottom,other,376.16,125.28,305,20,0,
20,21,bottom,host,340.292,329.172,138,65,0,
20,21,bottom,other,376.16,125.28,305,20,0,
20,22,bottom,host,340.292,329.172,138,65,0,
20,22,bottom,other,376.16,125.28,305,20,0,
21,1,bottom,host,190,240,90,65,0,
21,1,bottom,other,531.254,244.848,241,20,0,
21,2,bottom,host,198.09,245.878,126,65,0,
21,2,bottom,other,522.964,250.44,236,20,0,
21,3,bottom,host,206.18,251.756,126,65,0,
21,3,bottom,other,514.674,256.032,236,20,0,
21,4,bottom,host,214.27,257.634,126,65,0,
21,4,bottom,other,506.384,261.624,236,20,0,
21,5,bottom,host,222.36,263.512,126,65,0,
21,5,bottom,other,498.094,267.216,236,20,0,
21,6,bottom,host,230.45,269.39,126,65,0,
21,6,bottom,other,489.804,272.808,236,20,0,
21,7,bottom,host,238.54,275.268,126,65,0,
21,7,bottom,other,481.514,278.4,236,20,0,
21,8,bottom,host,246.63,281.146,126,65,0,
21,8,bottom,other,473.224,283.992,236,20,0,
21,9,bottom,host,254.72,287.024,126,65,0,
21,9,bottom,other,464.934,289.584,236,20,0,
21,10,bottom,host,262.81,292.902,126,65,0,
21,10,bottom,other,456.644,295.176,236,20,0,
21,11,bottom,host,270.9,298.78,126,65,0,
21,11,bottom,other,448.354,300.768,236,20,0,
21,12,bottom,host,278.99,304.658,126,65,0,
21,12,bottom,other,440.064,306.36,236,20,0,
21,13,bottom,host,287.08,310.536,126,65,0,
21,13,bottom,other,431.774,311.952,236,20,0,
21,14,bottom,host,295.17,316.414,126,65,0,
21,14,bottom,other,423.484,317.544,236,20,0,
21,15,bottom,host,303.26,322.292,126,65,0,
21,15,bottom,other,415.194,323.136,236,20,0,
21,16,bottom,host,311.35,328.17,126,65,0,
21,16,bottom,other,406.904,328.728,236,20,0,
21,17,bottom,host,319.44,334.048,126,65,0,
21,17,bottom,other,398.614,334.32,236,20,0,
21,18,bottom,host,327.53,339.926,126,65,0,
21,18,bottom,other,390.324,339.912,236,20,0,
21,19,bottom,host,335.62,345.804,126,65,0,
21,19,bottom,other,382.034,345.504,236,20,0,
21,20,bottom,host,343.71,351.682,126,65,0,
21,20,bottom,other,373.744,351.096,236,20,0,
21,21,bottom,host,343.71,351.682,126,65,0,
21,21,bottom,other,373.744,351.096,236,20,0,
21,22,bottom,host,343.71,351.682,126,65,0,
21,22,bottom,other,373.744,351.096,236,20,0,
22,1,top,host,190,240,90,65,0,
22,1,top,other,530,240,270,20,0,
22,2,top,host,198.48,234.701,58,65,0,
22,2,top,other,521.428,245.15,239,20,0,
22,3,top,host,206.96,229.402,58,65,0,
22,3,top,other,512.856,250.3,239,20,0,
22,4,top,host,215.44,224.103,58,65,0,
22,4,top,other,504.284,255.45,239,20,0,
22,5,top,host,223.92,218.804,58,65,0,
22,5,top,other,495.712,260.6,239,20,0,
22,6,top,host,232.4,213.505,58,65,0,
22,6,top,other,487.14,265.75,239,20,0,
22,7,top,host,240.88,208.206,58,65,0,
22,7,top,other,478.568,270.9,239,20,0,
22,8,top,host,249.36,202.907,58,65,0,
22,8,top,other,469.996,276.05,239,20,0,
22,9,top,host,257.84,197.608,58,65,0,
22,9,top,other,462.225,282.343,231,20,0,
22,10,top,host,266.32,192.309,58,65,0,
22,10,top,other,454.454,288.636,231,20,0,
22,11,top,host,274.8,187.01,58,65,0,
22,11,top,other,446.683,294.929,231,20,0,
22,12,top,host,283.28,181.711,58,65,0,
22,12,top,other,438.912,301.222,231,20,0,
22,13,top,host,291.76,176.412,58,65,0,
22,13,top,other,431.141,307.515,231,20,0,
22,14,top,host,300.24,171.113,58,65,0,
22,14,top,other,423.37,313.808,231,20,0,
22,15,top,host,308.72,165.814,58,65,0,
22,15,top,other,415.599,320.101,231,20,0,
22,16,top,host,317.2,160.515,58,65,0,
22,16,top,other,407.828,326.394,231,20,0,
22,17,top,host,325.68,155.216,58,65,0,
22,17,top,other,400.057,332.687,231,20,0,
22,18,top,host,334.16,149.917,58,65,0,
22,18,top,other,392.286,338.98,231,20,0,
22,19,top,host,342.64,144.618,58,65,0,
22,19,top,other,384.515,345.273,231,20,0,
22,20,top,host,351.12,139.319,58,65,0,
22,20,top,other,376.744,351.566,231,20,0,
22,21,top,host,359.6,134.02,58,69,0,
22,21,top,other,368.973,357.859,231,21,0,
22,22,top,host,359.6,134.02,58,69,0,
22,22,top,other,368.973,357.859,231,21,0,
22,23,top,host,359.6,134.02,58,69,0,
22,23,top,other,368.973,357.859,231,21,0,
23,1,bottom,host,190,240,90,69,0,
23,1,bottom,other,530,240,270,21,0,
23,2,bottom,host,197.986,246.018,127,69,0,
23,2,bottom,other,520,240,270,21,0,
23,3,bottom,host,205.972,252.036,127,69,0,
23,3,bottom,other,511.808,245.736,235,21,0,
23,4,bottom,host,213.958,258.054,127,69,0,
23,4,bottom,other,503.822,251.754,233,21,0,
23,5,bottom,host,221.944,264.072,127,69,0,
23,5,bottom,other,495.836,257.772,233,21,0,
23,6,bottom,host,229.93,270.09,127,69,0,
23,6,bottom,other,488.643,250.825,314,21,0,
23,7,bottom,host,237.916,276.108,127,69,0,
23,7,bottom,other,481.45,243.878,314,21,0,
23,8,bottom,host,245.902,282.126,127,69,0,
23,8,bottom,other,474.257,236.931,314,21,0,
23,9,bottom,host,253.888,288.144,127,69,0,
23,9,bottom,other,467.064,229.984,314,21,0,
23,10,bottom,host,261.874,294.162,127,69,0,
23,10,bottom,other,459.871,223.037,314,21,0,
23,11,bottom,host,269.86,300.18,127,69,0,
23,11,bottom,other,451.679,217.301,305,21,0,
23,12,bottom,host,277.846,306.198,127,69,0,
23,12,bottom,other,443.487,211.565,305,21,0,
23,13,bottom,host,285.832,312.216,127,69,0,
23,13,bottom,other,435.295,205.829,305,21,0,
23,14,bottom,host,293.818,318.234,127,69,0,
23,14,bottom,other,427.103,200.093,305,21,0,
23,15,bottom,host,301.804,324.252,127,69,0,
23,15,bottom,other,418.911,194.357,305,21,0,
23,16,bottom,host,309.79,330.27,127,69,0,
23,16,bottom,other,410.719,188.621,305,21,0,
23,17,bottom,host,317.776,336.288,127,69,0,
23,17,bottom,other,402.527,182.885,305,21,0,
23,18,bottom,host,325.762,342.306,127,69,0,
23,18,bottom,other,394.335,177.149,305,21,0,
23,19,bottom,host,333.748,348.324,127,69,0,
23,19,bottom,other,386.143,171.413,305,21,0,
23,20,bottom,host,341.734,354.342,127,69,0,
23,20,bottom,other,377.951,165.677,305,21,0,
23,21,bottom,host,349.72,360.36,127,73,0,
23,21,bottom,other,369.759,159.941,305,22,0,
23,22,bottom,host,349.72,360.36,127,73,0,
23,22,bottom,other,369.759,159.941,305,22,0,
23,23,bottom,host,349.72,360.36,127,73,0,
23,23,bottom,other,369.759,159.941,305,22,0,
24,1,top,host,190,240,90,73,0,
24,1,top,other,530,240,270,22,0,
24,2,top,host,200,240,90,73,0,
24,2,top,other,520,240,270,22,0,
24,3,top,host,207.986,233.982,53,73,0,
24,3,top,other,510,240,270,22,0,
24,4,top,host,215.972,227.964,53,73,0,
24,4,top,other,502.229,246.293,231,22,0,
24,5,top,host,223.958,221.946,53,73,0,
24,5,top,other,494.458,252.586,231,22,0,
24,6,top,host,231.944,215.928,53,73,0,
24,6,top,other,486.472,258.604,233,22,0,
24,7,top,host,239.93,209.91,53,73,0,
24,7,top,other,478.592,264.761,232,22,0,
24,8,top,host,247.916,203.892,53,73,0,
24,8,top,other,470.712,270.918,232,22,0,
24,9,top,host,255.902,197.874,53,73,0,
24,9,top,other,462.832,277.075,232,22,0,
24,10,top,host,263.888,191.856,53,73,0,
24,10,top,other,455.061,270.782,309,22,0,
24,11,top,host,271.874,185.838,53,73,0,
24,11,top,other,447.29,264.489,309,22,0,
24,12,top,host,279.86,179.82,53,73,0,
24,12,top,other,439.519,258.196,309,22,0,
24,13,top,host,287.846,173.802,53,73,0,
24,13,top,other,431.748,251.903,309,22,0,
24,14,top,host,295.832,167.784,53,73,0,
24,14,top,other,426.012,260.095,215,22,0,
24,15,top,host,303.818,161.766,53,73,0,
24,15,top,other,420.862,268.667,211,22,0,
24,16,top,host,311.804,155.748,53,73,0,
24,16,top,other,415.712,277.239,211,22,0,
24,17,top,host,319.79,149.73,53,73,0,
24,17,top,other,410.562,285.811,211,22,0,
24,18,top,host,327.776,143.712,53,73,0,
24,18,top,other,405.412,294.383,211,22,0,
24,19,top,host,335.762,137.694,53,73,0,
24,19,top,other,400.262,302.955,211,22,0,
24,20,top,host,343.748,131.676,53,73,0,
24,20,top,other,395.112,311.527,211,22,0,
24,21,top,host,351.734,125.658,53,77,0,
24,21,top,other,389.813,320.007,212,23,0,
24,22,top,host,351.734,125.658,53,77,0,
24,22,top,other,389.813,320.007,212,23,0,
24,23,top,host,351.734,125.658,53,77,0,
24,23,top,other,389.813,320.007,212,23,0,
25,1,bottom,host,190,240,90,77,0,
25,1,bottom,other,530,240,270,23,0,
25,2,bottom,host,200,240,90,77,0,
25,2,bottom,other,521.613,234.554,303,23,0,
25,3,bottom,host,208.192,245.736,125,77,0,
25,3,bottom,other,513.421,228.818,305,23,0,
25,4,bottom,host,216.384,251.472,125,77,0,
25,4,bottom,other,505.229,223.082,305,23,0,
25,5,bottom,host,224.576,257.208,125,77,0,
25,5,bottom,other,497.037,217.346,305,23,0,
25,6,bottom,host,232.768,262.944,125,77,0,
25,6,bottom,other,488.845,211.61,305,23,0,
25,7,bottom,host,240.96,268.68,125,77,0,
25,7,bottom,other,480.653,205.874,305,23,0,
25,8,bottom,host,249.152,274.416,125,77,0,
25,8,bottom,other,472.461,200.138,305,23,0,
25,9,bottom,host,257.344,280.152,125,77,0,
25,9,bottom,other,464.269,194.402,305,23,0,
25,10,bottom,host,265.536,285.888,125,77,0,
25,10,bottom,other,456.077,188.666,305,23,0,
25,11,bottom,host,273.728,291.624,125,77,0,
25,11,bottom,other,447.885,182.93,305,23,0,
25,12,bottom,host,281.92,297.36,125,77,0,
25,12,bottom,other,439.313,177.78,301,23,0,
25,13,bottom,host,290.112,303.096,125,77,0,
25,13,bottom,other,430.741,172.63,301,23,0,
25,14,bottom,host,298.304,308.832,125,77,0,
25,14,bottom,other,422.169,167.48,301,23,0,
25,15,bottom,host,306.496,314.568,125,77,0,
25,15,bottom,other,413.597,162.33,301,23,0,
25,16,bottom,host,314.688,320.304,125,77,0,
25,16,bottom,other,405.025,157.18,301,23,0,
25,17,bottom,host,322.88,326.04,125,77,0,
25,17,bottom,other,396.453,152.03,301,23,0,
25,18,bottom,host,331.072,331.776,125,77,0,
25,18,bottom,other,387.881,146.88,301,23,0,
25,19,bottom,host,339.264,337.512,125,77,0,
25,19,bottom,other,379.309,141.73,301,23,0,
25,20,bottom,host,347.456,343.248,125,77,0,
25,20,bottom,other,370.737,136.58,301,23,0,
25,21,bottom,host,355.648,348.984,125,81,0,
25,21,bottom,other,362.165,131.43,301,24,0,
25,22,bottom,host,355.648,348.984,125,81,0,
25,22,bottom,other,362.165,131.43,301,24,0,
25,23,bottom,host,355.648,348.984,125,81,0,
25,23,bottom,other,362.165,131.43,301,24,0,
26,1,top,host,190,240,90,81,0,
26,1,top,other,530,240,270,24,0,
26,2,top,host,198.09,234.122,54,81,0,
26,2,top,other,520,240,270,24,0,
26,3,top,host,206.18,228.244,54,81,0,
26,3,top,other,510,240,270,24,0,
26,4,top,host,214.27,222.366,54,81,0,
26,4,top,other,502.014,246.018,233,24,0,
26,5,top,host,222.36,216.488,54,81,0,
26,5,top,other,494.028,252.036,233,24,0,
26,6,top,host,230.45,210.61,54,81,0,
26,6,top,other,486.042,258.054,233,24,0,
26,7,top,host,238.54,204.732,54,81,0,
26,7,top,other,478.056,264.072,233,24,0,
26,8,top,host,246.63,198.854,54,81,0,
26,8,top,other,470.07,270.09,233,24,0,
26,9,top,host,254.72,192.976,54,81,0,
26,9,top,other,462.084,276.108,233,24,0,
26,10,top,host,262.81,187.098,54,81,0,
26,10,top,other,454.098,282.126,233,24,0,
26,11,top,host,270.9,181.22,54,81,0,
26,11,top,other,446.112,288.144,233,24,0,
26,12,top,host,278.99,175.342,54,81,0,
26,12,top,other,438.126,294.162,233,24,0,
26,13,top,host,287.08,169.464,54,81,0,
26,13,top,other,430.14,300.18,233,24,0,
26,14,top,host,295.17,163.586,54,81,0,
26,14,top,other,422.154,306.198,233,24,0,
26,15,top,host,303.26,157.708,54,81,0,
26,15,top,other,414.168,312.216,233,24,0,
26,16,top,host,311.35,151.83,54,81,0,
26,16,top,other,406.182,318.234,233,24,0,
26,17,top,host,319.44,145.952,54,81,0,
26,17,top,other,398.751,324.925,228,24,0,
26,18,top,host,327.53,140.074,54,81,0,
26,18,top,other,391.32,331.616,228,24,0,
26,19,top,host,335.62,134.196,54,81,0,
26,19,top,other,383.889,338.307,228,24,0,
26,20,top,host,343.71,128.318,54,81,0,
26,20,top,other,376.458,344.998,228,24,0,
26,21,top,host,351.8,122.44,54,85,0,
26,21,top,other,369.027,351.689,228,25,0,
26,22,top,host,351.8,122.44,54,85,0,
26,22,top,other,369.027,351.689,228,25,0,
26,23,top,host,351.8,122.44,54,85,0,
26,23,top,other,369.027,351.689,228,25,0,
27,1,top,host,190,240,90,85,0,
27,1,top,other,530,240,270,25,0,
27,2,top,host,200,240,90,85,0,
27,2,top,other,521.808,245.736,235,25,0,
27,3,top,host,208.192,234.264,55,85,0,
27,3,top,other,513.616,251.472,235,25,0,
27,4,top,host,216.384,228.528,55,85,0,
27,4,top,other,505.424,257.208,235,25,0,
27,5,top,host,224.576,222.792,55,85,0,
27,5,top,other,497.232,262.944,235,25,0,
27,6,top,host,232.768,217.056,55,85,0,
27,6,top,other,489.04,268.68,235,25,0,
27,7,top,host,240.96,211.32,55,85,0,
27,7,top,other,480.848,274.416,235,25,0,
27,8,top,host,249.152,205.584,55,85,0,
27,8,top,other,472.656,280.152,235,25,0,
27,9,top,host,257.344,199.848,55,85,0,
27,9,top,other,464.464,285.888,235,25,0,
27,10,top,host,265.536,194.112,55,85,0,
27,10,top,other,456.272,291.624,235,25,0,
27,11,top,host,273.728,188.376,55,85,0,
27,11,top,other,448.08,297.36,235,25,0,
27,12,top,host,281.92,182.64,55,85,0,
27,12,top,other,439.888,303.096,235,25,0,
27,13,top,host,290.112,176.904,55,85,0,
27,13,top,other,431.696,308.832,235,25,0,
27,14,top,host,298.304,171.168,55,85,0,
27,14,top,other,423.606,314.71,234,25,0,
27,15,top,host,306.496,165.432,55,85,0,
27,15,top,other,415.516,320.588,234,25,0,
27,16,top,host,314.688,159.696,55,85,0,
27,16,top,other,407.426,326.466,234,25,0,
27,17,top,host,322.88,153.96,55,85,0,
27,17,top,other,399.336,332.344,234,25,0,
27,18,top,host,331.072,148.224,55,85,0,
27,18,top,other,391.246,338.222,234,25,0,
27,19,top,host,339.264,142.488,55,85,0,
27,19,top,other,383.156,344.1,234,25,0,
27,20,top,host,347.456,136.752,55,85,0,
27,20,top,other,375.066,349.978,234,25,0,
27,21,top,host,355.648,131.016,55,89,0,
27,21,top,other,366.976,355.856,234,26,0,
27,22,top,host,355.648,131.016,55,89,0,
27,22,top,other,366.976,355.856,234,26,0,
27,23,top,host,355.648,131.016,55,89,0,
27,23,top,other,366.976,355.856,234,26,0,
28,1,top,host,190,240,90,89,0,
28,1,top,other,531.613,245.446,237,26,0,
28,2,top,host,200,240,90,89,0,
28,2,top,other,523.226,250.892,237,26,0,
28,3,top,host,208.09,234.122,54,89,0,
28,3,top,other,514.839,256.338,237,26,0,
28,4,top,host,216.18,228.244,54,89,0,
28,4,top,other,506.452,261.784,237,26,0,
28,5,top,host,224.27,222.366,54,89,0,
28,5,top,other,498.065,267.23,237,26,0,
28,6,top,host,232.36,216.488,54,89,0,
28,6,top,other,489.678,272.676,237,26,0,
28,7,top,host,240.45,210.61,54,89,0,
28,7,top,other,481.291,278.122,237,26,0,
28,8,top,host,248.54,204.732,54,89,0,
28,8,top,other,472.904,283.568,237,26,0,
28,9,top,host,256.63,198.854,54,89,0,
28,9,top,other,464.517,289.014,237,26,0,
28,10,top,host,264.72,192.976,54,89,0,
28,10,top,other,456.13,294.46,237,26,0,
28,11,top,host,272.81,187.098,54,89,0,
28,11,top,other,447.743,299.906,237,26,0,
28,12,top,host,280.9,181.22,54,89,0,
28,12,top,other,439.356,305.352,237,26,0,
28,13,top,host,288.99,175.342,54,89,0,
28,13,top,other,430.969,310.798,237,26,0,
28,14,top,host,297.08,169.464,54,89,0,
28,14,top,other,422.582,316.244,237,26,0,
28,15,top,host,305.17,163.586,54,89,0,
28,15,top,other,414.195,321.69,237,26,0,
28,16,top,host,313.26,157.708,54,89,0,
28,16,top,other,405.808,327.136,237,26,0,
28,17,top,host,321.35,151.83,54,89,0,
28,17,top,other,397.421,332.582,237,26,0,
28,18,top,host,329.44,145.952,54,89,0,
28,18,top,other,389.034,338.028,237,26,0,
28,19,top,host,337.53,140.074,54,89,0,
28,19,top,other,380.647,343.474,237,26,0,
28,20,top,host,345.62,134.196,54,93,0,
28,20,top,other,372.26,348.92,237,27,0,
28,21,top,host,345.62,134.196,54,93,0,
28,21,top,other,372.26,348.92,237,27,0,
28,22,top,host,345.62,134.196,54,93,0,
28,22,top,other,372.26,348.92,237,27,0,
29,1,bottom,host,190,240,90,93,0,
29,1,bottom,other,530,240,270,27,0,
29,2,bottom,host,198.29,245.592,124,93,0,
29,2,bottom,other,520,240,270,27,0,
29,3,bottom,host,206.58,251.184,124,93,0,
29,3,bottom,other,510,240,270,27,0,
29,4,bottom,host,214.87,256.776,124,93,0,
29,4,bottom,other,502.014,233.982,307,27,0,
29,5,bottom,host,223.16,262.368,124,93,0,
29,5,bottom,other,494.028,227.964,307,27,0,
29,6,bottom,host,231.45,267.96,124,93,0,
29,6,bottom,other,486.042,221.946,307,27,0,
29,7,bottom,host,239.74,273.552,124,93,0,
29,7,bottom,other,478.056,215.928,307,27,0,
29,8,bottom,host,248.03,279.144,124,93,0,
29,8,bottom,other,470.07,209.91,307,27,0,
29,9,bottom,host,256.32,284.736,124,93,0,
29,9,bottom,other,462.084,203.892,307,27,0,
29,10,bottom,host,264.61,290.328,124,93,0,
29,10,bottom,other,454.098,197.874,307,27,0,
29,11,bottom,host,272.9,295.92,124,93,0,
29,11,bottom,other,446.438,191.446,310,27,0,
29,12,bottom,host,281.19,301.512,124,93,0,
29,12,bottom,other,438.778,185.018,310,27,0,
29,13,bottom,host,289.48,307.104,124,93,0,
29,13,bottom,other,431.118,178.59,310,27,0,
29,14,bottom,host,297.77,312.696,124,93,0,
29,14,bottom,other,423.458,172.162,310,27,0,
29,15,bottom,host,306.06,318.288,124,93,0,
29,15,bottom,other,415.798,165.734,310,27,0,
29,16,bottom,host,314.35,323.88,124,93,0,
29,16,bottom,other,408.138,159.306,310,27,0,
29,17,bottom,host,322.64,329.472,124,93,0,
29,17,bottom,other,400.478,152.878,310,27,0,
29,18,bottom,host,330.93,335.064,124,93,0,
29,18,bottom,other,392.818,146.45,310,27,0,
29,19,bottom,host,339.22,340.656,124,93,0,
29,19,bottom,other,385.158,140.022,310,27,0,
29,20,bottom,host,347.51,346.248,124,93,0,
29,20,bottom,other,377.498,133.594,310,27,0,
29,21,bottom,host,355.8,351.84,124,97,0,
29,21,bottom,other,369.838,127.166,310,28,0,
29,22,bottom,host,355.8,351.84,124,97,0,
29,22,bottom,other,369.838,127.166,310,28,0,
29,23,bottom,host,355.8,351.84,124,97,0,
29,23,bottom,other,369.838,127.166,310,28,0,
30,1,bottom,host,190,240,90,97,0,
30,1,bottom,other,530,240,270,28,0,
30,2,bottom,host,198.29,245.592,124,97,0,
30,2,bottom,other,521.52,245.299,238,28,0,
30,3,bottom,host,206.58,251.184,124,97,0,
30,3,bottom,other,513.04,250.598,238,28,0,
30,4,bottom,host,214.87,256.776,124,97,0,
30,4,bottom,other,504.56,255.897,238,28,0,
30,5,bottom,host,223.16,262.368,124,97,0,
30,5,bottom,other,496.08,261.196,238,28,0,
30,6,bottom,host,231.45,267.96,124,97,0,
30,6,bottom,other,488.42,254.768,310,28,0,
30,7,bottom,host,239.74,273.552,124,97,0,
30,7,bottom,other,480.76,248.34,310,28,0,
30,8,bottom,host,248.03,279.144,124,97,0,
30,8,bottom,other,473.1,241.912,310,28,0,
30,9,bottom,host,256.32,284.736,124,97,0,
30,9,bottom,other,465.44,235.484,310,28,0,
30,10,bottom,host,264.61,290.328,124,97,0,
30,10,bottom,other,457.78,229.056,310,28,0,
30,11,bottom,host,272.9,295.92,124,97,0,
30,11,bottom,other,450.12,222.628,310,28,0,
30,12,bottom,host,281.19,301.512,124,97,0,
30,12,bottom,other,443.559,215.081,319,28,0,
30,13,bottom,host,289.48,307.104,124,97,0,
30,13,bottom,other,436.998,207.534,319,28,0,
30,14,bottom,host,297.77,312.696,124,97,0,
30,14,bottom,other,430.437,199.987,319,28,0,
30,15,bottom,host,306.06,318.288,124,97,0,
30,15,bottom,other,423.876,192.44,319,28,0,
30,16,bottom,host,314.35,323.88,124,97,0,
30,16,bottom,other,417.315,184.893,319,28,0,
30,17,bottom,host,322.64,329.472,124,97,0,
30,17,bottom,other,410.754,177.346,319,28,0,
30,18,bottom,host,330.93,335.064,124,97,0,
30,18,bottom,other,404.193,169.799,319,28,0,
30,19,bottom,host,339.22,340.656,124,97,0,
30,19,bottom,other,397.632,162.252,319,28,0,
30,20,bottom,host,347.51,346.248,124,97,0,
30,20,bottom,other,391.071,154.705,319,28,0,
30,21,bottom,host,355.8,351.84,124,101,0,
30,21,bottom,other,384.51,147.158,319,29,0,
30,22,bottom,host,355.8,351.84,124,101,0,
30,22,bottom,other,384.51,147.158,319,29,0,
30,23,bottom,host,355.8,351.84,124,101,0,
30,23,bottom,other,384.51,147.158,319,29,0,
31,1,top,host,190,240,90,101,0,
31,1,top,other,530,240,270,29,0,
31,2,top,host,198.29,234.408,56,101,0,
31,2,top,other,520,240,270,29,0,
31,3,top,host,206.58,228.816,56,101,0,
31,3,top,other,511.71,245.592,236,29,0,
31,4,top,host,214.87,223.224,56,101,0,
31,4,top,other,503.42,251.184,236,29,0,
31,5,top,host,223.16,217.632,56,101,0,
31,5,top,other,495.13,256.776,236,29,0,
31,6,top,host,231.45,212.04,56,101,0,
31,6,top,other,486.84,262.368,236,29,0,
31,7,top,host,239.74,206.448,56,101,0,
31,7,top,other,478.55,267.96,236,29,0,
31,8,top,host,248.03,200.856,56,101,0,
31,8,top,other,470.26,273.552,236,29,0,
31,9,top,host,256.32,195.264,56,101,0,
31,9,top,other,461.97,279.144,236,29,0,
31,10,top,host,264.61,189.672,56,101,0,
31,10,top,other,453.68,284.736,236,29,0,
31,11,top,host,272.9,184.08,56,101,0,
31,11,top,other,445.39,290.328,236,29,0,
31,12,top,host,281.19,178.488,56,101,0,
31,12,top,other,437.1,295.92,236,29,0,
31,13,top,host,289.48,172.896,56,101,0,
31,13,top,other,428.81,301.512,236,29,0,
31,14,top,host,297.77,167.304,56,101,0,
31,14,top,other,420.52,307.104,236,29,0,
31,15,top,host,306.06,161.712,56,101,0,
31,15,top,other,412.23,312.696,236,29,0,
31,16,top,host,314.35,156.12,56,101,0,
31,16,top,other,403.94,318.288,236,29,0,
31,17,top,host,322.64,150.528,56,101,0,
31,17,top,other,395.65,323.88,236,29,0,
31,18,top,host,330.93,144.936,56,101,0,
31,18,top,other,387.36,329.472,236,29,0,
31,19,top,host,339.22,139.344,56,101,0,
31,19,top,other,379.07,335.064,236,29,0,
31,20,top,host,347.51,133.752,56,101,0,
31,20,top,other,370.78,340.656,236,29,0,
31,21,top,host,355.8,128.16,56,105,0,
31,21,top,other,362.49,346.248,236,30,0,
31,22,top,host,355.8,128.16,56,105,0,
31,22,top,other,362.49,346.248,236,30,0,
31,23,top,host,355.8,128.16,56,105,0,
31,23,top,other,362.49,346.248,236,30,0,
32,1,bottom,host,190,240,90,105,0,
32,1,bottom,other,531.71,234.408,304,30,0,
32,2,bottom,host,198.192,245.736,125,105,0,
32,2,bottom,other,523.42,228.816,304,30,0,
32,3,bottom,host,206.384,251.472,125,105,0,
32,3,bottom,other,515.13,223.224,304,30,0,
32,4,bottom,host,214.576,257.208,125,105,0,
32,4,bottom,other,506.84,217.632,304,30,0,
32,5,bottom,host,222.768,262.944,125,105,0,
32,5,bottom,other,498.55,212.04,304,30,0,
32,6,bottom,host,230.96,268.68,125,105,0,
32,6,bottom,other,490.26,206.448,304,30,0,
32,7,bottom,host,239.152,274.416,125,105,0,
32,7,bottom,other,481.97,200.856,304,30,0,
32,8,bottom,host,247.344,280.152,125,105,0,
32,8,bottom,other,473.68,195.264,304,30,0,
32,9,bottom,host,255.536,285.888,125,105,0,
32,9,bottom,other,465.39,189.672,304,30,0,
32,10,bottom,host,263.728,291.624,125,105,0,
32,10,bottom,other,457.1,184.08,304,30,0,
32,11,bottom,host,271.92,297.36,125,105,0,
32,11,bottom,other,448.81,178.488,304,30,0,
32,12,bottom,host,280.112,303.096,125,105,0,
32,12,bottom,other,440.52,172.896,304,30,0,
32,13,bottom,host,288.304,308.832,125,105,0,
32,13,bottom,other,432.23,167.304,304,30,0,
32,14,bottom,host,296.496,314.568,125,105,0,
32,14,bottom,other,423.94,161.712,304,30,0,
32,15,bottom,host,304.688,320.304,125,105,0,
32,15,bottom,other,415.65,156.12,304,30,0,
32,16,bottom,host,312.88,326.04,125,105,0,
32,16,bottom,other,407.36,150.528,304,30,0,
32,17,bottom,host,321.072,331.776,125,105,0,
32,17,bottom,other,399.07,144.936,304,30,0,
32,18,bottom,host,329.264,337.512,125,105,0,
32,18,bottom,other,390.78,139.344,304,30,0,
32,19,bottom,host,337.456,343.248,125,105,0,
32,19,bottom,other,382.49,133.752,304,30,0,
32,20,bottom,host,345.648,348.984,125,109,0,
32,20,bottom,other,374.2,128.16,304,31,0,
32,21,bottom,host,345.648,348.984,125,109,0,
32,21,bottom,other,374.2,128.16,304,31,0,
32,22,bottom,host,345.648,348.984,125,109,0,
32,22,bottom,other,374.2,128.16,304,31,0,
33,1,top,host,190,240,90,109,0,
33,1,top,other,531.613,245.446,237,31,0,
33,2,top,host,200,240,90,109,0,
33,2,top,other,523.226,250.892,237,31,0,
33,3,top,host,208.387,234.554,57,109,0,
33,3,top,other,514.936,256.484,236,31,0,
33,4,top,host,216.774,229.108,57,109,0,
33,4,top,other,506.646,262.076,236,31,0,
33,5,top,host,225.161,223.662,57,109,0,
33,5,top,other,498.356,267.668,236,31,0,
33,6,top,host,233.548,218.216,57,109,0,
33,6,top,other,490.066,273.26,236,31,0,
33,7,top,host,241.935,212.77,57,109,0,
33,7,top,other,481.679,278.706,237,31,0,
33,8,top,host,250.322,207.324,57,109,0,
33,8,top,other,473.389,284.298,236,31,0,
33,9,top,host,258.709,201.878,57,109,0,
33,9,top,other,465.099,289.89,236,31,0,
33,10,top,host,267.096,196.432,57,109,0,
33,10,top,other,456.809,295.482,236,31,0,
33,11,top,host,275.483,190.986,57,109,0,
33,11,top,other,448.519,301.074,236,31,0,
33,12,top,host,283.87,185.54,57,109,0,
33,12,top,other,440.229,306.666,236,31,0,
33,13,top,host,292.257,180.094,57,109,0,
33,13,top,other,431.939,312.258,236,31,0,
33,14,top,host,300.644,174.648,57,109,0,
33,14,top,other,423.649,317.85,236,31,0,
33,15,top,host,309.031,169.202,57,109,0,
33,15,top,other,415.359,323.442,236,31,0,
33,16,top,host,317.418,163.756,57,109,0,
33,16,top,other,407.069,329.034,236,31,0,
33,17,top,host,325.805,158.31,57,109,0,
33,17,top,other,398.779,334.626,236,31,0,
33,18,top,host,334.192,152.864,57,109,0,
33,18,top,other,390.489,340.218,236,31,0,
33,19,top,host,342.579,147.418,57,109,0,
33,19,top,other,382.199,345.81,236,31,0,
33,20,top,host,350.966,141.972,57,113,0,
33,20,top,other,373.909,351.402,236,32,0,
33,21,top,host,350.966,141.972,57,113,0,
33,21,top,other,373.909,351.402,236,32,0,
33,22,top,host,350.966,141.972,57,113,0,
33,22,top,other,373.909,351.402,236,32,0,
34,1,top,host,190,240,90,113,0,
34,1,top,other,531.808,234.264,305,32,0,
34,2,top,host,200,240,90,113,0,
34,2,top,other,523.518,228.672,304,32,0,
34,3,top,host,208.29,234.408,56,113,0,
34,3,top,other,515.228,223.08,304,32,0,
34,4,top,host,216.58,228.816,56,113,0,
34,4,top,other,506.938,217.488,304,32,0,
34,5,top,host,224.87,223.224,56,113,0,
34,5,top,other,498.648,211.896,304,32,0,
34,6,top,host,233.16,217.632,56,113,0,
34,6,top,other,490.358,206.304,304,32,0,
34,7,top,host,241.45,212.04,56,113,0,
34,7,top,other,482.068,200.712,304,32,0,
34,8,top,host,249.74,206.448,56,113,0,
34,8,top,other,473.778,195.12,304,32,0,
34,9,top,host,258.03,200.856,56,113,0,
34,9,top,other,465.488,189.528,304,32,0,
34,10,top,host,266.32,195.264,56,113,0,
34,10,top,other,457.198,183.936,304,32,0,
34,11,top,host,274.61,189.672,56,113,0,
34,11,top,other,448.908,178.344,304,32,0,
34,12,top,host,282.9,184.08,56,113,0,
34,12,top,other,440.618,172.752,304,32,0,
34,13,top,host,291.19,178.488,56,113,0,
34,13,top,other,432.328,167.16,304,32,0,
34,14,top,host,299.48,172.896,56,113,0,
34,14,top,other,424.038,161.568,304,32,0,
34,15,top,host,307.77,167.304,56,113,0,
34,15,top,other,415.748,155.976,304,32,0,
34,16,top,host,316.06,161.712,56,113,0,
34,16,top,other,407.458,150.384,304,32,0,
34,17,top,host,324.35,156.12,56,113,0,
34,17,top,other,399.168,144.792,304,32,0,
34,18,top,host,332.64,150.528,56,113,0,
34,18,top,other,390.878,139.2,304,32,0,
34,19,top,host,340.93,144.936,56,113,0,
34,19,top,other,382.588,133.608,304,32,0,
34,20,top,host,349.22,139.344,56,113,0,
34,20,top,other,374.298,128.016,304,32,0,
34,21,top,host,349.22,139.344,56,113,0,
34,21,top,other,374.298,128.016,304,32,0,
34,22,top,host,349.22,139.344,56,113,0,
34,22,top,other,374.298,128.016,304,32,0,
35,1,bottom,host,190,240,90,113,0,
35,1,bottom,other,531.613,234.554,303,32,0,
35,2,bottom,host,198.29,245.592,124,113,0,
35,2,bottom,other,523.226,229.108,303,32,0,
35,3,bottom,host,206.58,251.184,124,113,0,
35,3,bottom,other,514.936,223.516,304,32,0,
35,4,bottom,host,214.87,256.776,124,113,0,
35,4,bottom,other,506.646,217.924,304,32,0,
35,5,bottom,host,223.16,262.368,124,113,0,
35,5,bottom,other,498.356,212.332,304,32,0,
35,6,bottom,host,231.45,267.96,124,113,0,
35,6,bottom,other,490.066,206.74,304,32,0,
35,7,bottom,host,239.74,273.552,124,113,0,
35,7,bottom,other,481.776,201.148,304,32,0,
35,8,bottom,host,248.03,279.144,124,113,0,
35,8,bottom,other,473.486,195.556,304,32,0,
35,9,bottom,host,256.32,284.736,124,113,0,
35,9,bottom,other,465.196,189.964,304,32,0,
35,10,bottom,host,264.61,290.328,124,113,0,
35,10,bottom,other,456.906,184.372,304,32,0,
35,11,bottom,host,272.9,295.92,124,113,0,
35,11,bottom,other,448.616,178.78,304,32,0,
35,12,bottom,host,281.19,301.512,124,113,0,
35,12,bottom,other,440.326,173.188,304,32,0,
35,13,bottom,host,289.48,307.104,124,113,0,
35,13,bottom,other,432.036,167.596,304,32,0,
35,14,bottom,host,297.77,312.696,124,113,0,
35,14,bottom,other,423.746,162.004,304,32,0,
35,15,bottom,host,306.06,318.288,124,113,0,
35,15,bottom,other,415.456,156.412,304,32,0,
35,16,bottom,host,314.35,323.88,124,113,0,
35,16,bottom,other,407.166,150.82,304,32,0,
35,17,bottom,host,322.64,329.472,124,113,0,
35,17,bottom,other,398.876,145.228,304,32,0,
35,18,bottom,host,330.93,335.064,124,113,0,
35,18,bottom,other,390.586,139.636,304,32,0,
35,19,bottom,host,339.22,340.656,124,113,0,
35,19,bottom,other,382.296,134.044,304,32,0,
35,20,bottom,host,347.51,346.248,124,117,0,
35,20,bottom,other,374.006,128.452,304,33,0,
35,21,bottom,host,347.51,346.248,124,117,0,
35,21,bottom,other,374.006,128.452,304,33,0,
35,22,bottom,host,347.51,346.248,124,117,0,
35,22,bottom,other,374.006,128.452,304,33,0,
36,1,bottom,host,190,240,90,117,0,
36,1,bottom,other,531.71,234.408,304,33,0,
36,2,bottom,host,200,240,90,117,0,
36,2,bottom,other,523.42,228.816,304,33,0,
36,3,bottom,host,210,240,90,117,0,
36,3,bottom,other,515.13,223.224,304,33,0,
36,4,bottom,host,220,240,90,117,0,
36,4,bottom,other,506.84,217.632,304,33,0,
36,5,bottom,host,227.66,233.572,50,117,0,
36,5,bottom,other,498.55,212.04,304,33,0,
36,6,bottom,host,235.32,227.144,50,117,0,
36,6,bottom,other,490.26,206.448,304,33,0,
36,7,bottom,host,242.98,220.716,50,117,0,
36,7,bottom,other,481.97,200.856,304,33,0,
36,8,bottom,host,250.64,214.288,50,117,0,
36,8,bottom,other,473.68,195.264,304,33,0,
36,9,bottom,host,258.3,207.86,50,117,0,
36,9,bottom,other,465.39,189.672,304,33,0,
36,10,bottom,host,265.96,201.432,50,117,0,
36,10,bottom,other,457.1,184.08,304,33,0,
36,11,bottom,host,273.62,195.004,50,117,0,
36,11,bottom,other,448.81,178.488,304,33,0,
36,12,bottom,host,281.28,188.576,50,117,0,
36,12,bottom,other,440.52,172.896,304,33,0,
36,13,bottom,host,288.94,182.148,50,117,0,
36,13,bottom,other,432.23,167.304,304,33,0,
36,14,bottom,host,296.6,175.72,50,117,0,
36,14,bottom,other,423.94,161.712,304,33,0,
36,15,bottom,host,304.26,169.292,50,117,0,
36,15,bottom,other,415.65,156.12,304,33,0,
36,16,bottom,host,311.92,162.864,50,117,0,
36,16,bottom,other,407.36,150.528,304,33,0,
36,17,bottom,host,319.58,156.436,50,117,0,
36,17,bottom,other,399.07,144.936,304,33,0,
36,18,bottom,host,327.24,150.008,50,117,0,
36,18,bottom,other,390.78,139.344,304,33,0,
36,19,bottom,host,334.9,143.58,50,117,0,
36,19,bottom,other,382.49,133.752,304,33,0,
36,20,bottom,host,342.56,137.152,50,117,0,
36,20,bottom,other,374.2,128.16,304,33,0,
36,21,bottom,host,342.56,137.152,50,117,0,
36,21,bottom,other,374.2,128.16,304,33,0,
36,22,bottom,host,342.56,137.152,50,117,0,
36,22,bottom,other,374.2,128.16,304,33,0,
37,1,bottom,host,190,240,90,117,0,
37,1,bottom,other,530,240,270,33,0,
37,2,bottom,host,198.29,245.592,124,117,0,
37,2,bottom,other,521.613,234.554,303,33,0,
37,3,bottom,host,206.58,251.184,124,117,0,
37,3,bottom,other,513.226,229.108,303,33,0,
37,4,bottom,host,214.87,256.776,124,117,0,
37,4,bottom,other,504.839,223.662,303,33,0,
37,5,bottom,host,223.16,262.368,124,117,0,
37,5,bottom,other,496.452,218.216,303,33,0,
37,6,bottom,host,231.45,267.96,124,117,0,
37,6,bottom,other,488.065,212.77,303,33,0,
37,7,bottom,host,239.74,273.552,124,117,0,
37,7,bottom,other,479.678,207.324,303,33,0,
37,8,bottom,host,248.03,279.144,124,117,0,
37,8,bottom,other,471.291,201.878,303,33,0,
37,9,bottom,host,256.32,284.736,124,117,0,
37,9,bottom,other,462.904,196.432,303,33,0,
37,10,bottom,host,264.61,290.328,124,117,0,
37,10,bottom,other,454.517,190.986,303,33,0,
37,11,bottom,host,272.9,295.92,124,117,0,
37,11,bottom,other,446.13,185.54,303,33,0,
37,12,bottom,host,281.19,301.512,124,117,0,
37,12,bottom,other,437.743,180.094,303,33,0,
37,13,bottom,host,289.48,307.104,124,117,0,
37,13,bottom,other,429.356,174.648,303,33,0,
37,14,bottom,host,297.77,312.696,124,117,0,
37,14,bottom,other,420.969,169.202,303,33,0,
37,15,bottom,host,306.06,318.288,124,117,0,
37,15,bottom,other,412.582,163.756,303,33,0,
37,16,bottom,host,314.35,323.88,124,117,0,
37,16,bottom,other,404.195,158.31,303,33,0,
37,17,bottom,host,322.64,329.472,124,117,0,
37,17,bottom,other,395.808,152.864,303,33,0,
37,18,bottom,host,330.93,335.064,124,117,0,
37,18,bottom,other,387.421,147.418,303,33,0,
37,19,bottom,host,339.22,340.656,124,117,0,
37,19,bottom,other,379.034,141.972,303,33,0,
37,20,bottom,host,347.51,346.248,124,117,0,
37,20,bottom,other,370.647,136.526,303,33,0,
37,21,bottom,host,355.8,351.84,124,121,0,
37,21,bottom,other,362.26,131.08,303,34,0,
37,22,bottom,host,355.8,351.84,124,121,0,
37,22,bottom,other,362.26,131.08,303,34,0,
37,23,bottom,host,355.8,351.84,124,121,0,
37,23,bottom,other,362.26,131.08,303,34,0,
38,1,bottom,host,190,240,90,121,0,
38,1,bottom,other,530,240,270,34,0,
38,2,bottom,host,198.29,245.592,124,121,0,
38,2,bottom,other,520,240,270,34,0,
38,3,bottom,host,206.58,251.184,124,121,0,
38,3,bottom,other,510,240,270,34,0,
38,4,bottom,host,214.87,256.776,124,121,0,
38,4,bottom,other,502.014,233.982,307,34,0,
38,5,bottom,host,223.16,262.368,124,121,0,
38,5,bottom,other,494.028,227.964,307,34,0,
38,6,bottom,host,231.45,267.96,124,121,0,
38,6,bottom,other,486.042,221.946,307,34,0,
38,7,bottom,host,239.74,273.552,124,121,0,
38,7,bottom,other,478.056,215.928,307,34,0,
38,8,bottom,host,248.03,279.144,124,121,0,
38,8,bottom,other,470.07,209.91,307,34,0,
38,9,bottom,host,256.32,284.736,124,121,0,
38,9,bottom,other,462.084,203.892,307,34,0,
38,10,bottom,host,264.61,290.328,124,121,0,
38,10,bottom,other,454.098,197.874,307,34,0,
38,11,bottom,host,272.9,295.92,124,121,0,
38,11,bottom,other,446.112,191.856,307,34,0,
38,12,bottom,host,281.19,301.512,124,121,0,
38,12,bottom,other,438.126,185.838,307,34,0,
38,13,bottom,host,289.48,307.104,124,121,0,
38,13,bottom,other,430.14,179.82,307,34,0,
38,14,bottom,host,297.77,312.696,124,121,0,
38,14,bottom,other,422.154,173.802,307,34,0,
38,15,bottom,host,306.06,318.288,124,121,0,
38,15,bottom,other,414.168,167.784,307,34,0,
38,16,bottom,host,314.35,323.88,124,121,0,
38,16,bottom,other,406.182,161.766,307,34,0,
38,17,bottom,host,322.64,329.472,124,121,0,
38,17,bottom,other,398.196,155.748,307,34,0,
38,18,bottom,host,330.93,335.064,124,121,0,
38,18,bottom,other,390.21,149.73,307,34,0,
38,19,bottom,host,339.22,340.656,124,121,0,
38,19,bottom,other,382.224,143.712,307,34,0,
38,20,bottom,host,347.51,346.248,124,121,0,
38,20,bottom,other,374.238,137.694,307,34,0,
38,21,bottom,host,355.8,351.84,124,125,0,
38,21,bottom,other,366.252,131.676,307,35,0,
38,22,bottom,host,355.8,351.84,124,125,0,
38,22,bottom,other,366.252,131.676,307,35,0,
38,23,bottom,host,355.8,351.84,124,125,0,
38,23,bottom,other,366.252,131.676,307,35,0,
39,1,bottom,host,190,240,90,125,0,
39,1,bottom,other,530.297,242.419,256,35,0,
39,2,bottom,host,198.192,245.736,125,125,0,
39,2,bottom,other,520.594,244.838,256,35,0,
39,3,bottom,host,206.384,251.472,125,125,0,
39,3,bottom,other,510.891,247.257,256,35,0,
39,4,bottom,host,214.576,257.208,125,125,0,
39,4,bottom,other,501.188,249.676,256,35,0,
39,5,bottom,host,222.768,262.944,125,125,0,
39,5,bottom,other,491.485,252.095,256,35,0,
39,6,bottom,host,230.96,268.68,125,125,0,
39,6,bottom,other,481.782,254.514,256,35,0,
39,7,bottom,host,239.152,274.416,125,125,0,
39,7,bottom,other,473.692,260.392,234,35,0,
39,8,bottom,host,247.344,280.152,125,125,0,
39,8,bottom,other,465.602,266.27,234,35,0,
39,9,bottom,host,255.536,285.888,125,125,0,
39,9,bottom,other,457.512,272.148,234,35,0,
39,10,bottom,host,263.728,291.624,125,125,0,
39,10,bottom,other,449.422,278.026,234,35,0,
39,11,bottom,host,271.92,297.36,125,125,0,
39,11,bottom,other,440.676,273.178,299,35,0,
39,12,bottom,host,280.112,303.096,125,125,0,
39,12,bottom,other,431.93,268.33,299,35,0,
39,13,bottom,host,288.304,308.832,125,125,0,
39,13,bottom,other,423.184,263.482,299,35,0,
39,14,bottom,host,296.496,314.568,125,125,0,
39,14,bottom,other,414.438,258.634,299,35,0,
39,15,bottom,host,304.688,320.304,125,125,0,
39,15,bottom,other,405.692,253.786,299,35,0,
39,16,bottom,host,312.88,326.04,125,125,0,
39,16,bottom,other,395.716,254.484,266,35,0,
39,17,bottom,host,321.072,331.776,125,125,0,
39,17,bottom,other,385.74,255.182,266,35,0,
39,18,bottom,host,329.264,337.512,125,125,0,
39,18,bottom,other,385.74,255.182,266,35,0,
39,19,bottom,host,337.456,343.248,125,125,0,
39,19,bottom,other,385.74,255.182,266,35,0,
39,20,bottom,host,345.648,348.984,125,125,0,
39,20,bottom,other,385.74,255.182,266,35,0,
39,21,bottom,host,353.84,354.72,125,129,0,
39,21,bottom,other,385.74,255.182,266,36,0,
39,22,bottom,host,353.84,354.72,125,129,0,
39,22,bottom,other,385.74,255.182,266,36,0,
39,23,bottom,host,353.84,354.72,125,129,0,
39,23,bottom,other,385.74,255.182,266,36,0,
40,1,bottom,host,190,240,90,129,0,
40,1,bottom,other,530,240,270,36,0,
40,2,bottom,host,198.192,245.736,125,129,0,
40,2,bottom,other,520,240,270,36,0,
40,3,bottom,host,206.384,251.472,125,129,0,
40,3,bottom,other,510,240,270,36,0,
40,4,bottom,host,214.576,257.208,125,129,0,
40,4,bottom,other,500,240,270,36,0,
40,5,bottom,host,222.768,262.944,125,129,0,
40,5,bottom,other,490,240,270,36,0,
40,6,bottom,host,230.96,268.68,125,129,0,
40,6,bottom,other,480,240,270,36,0,
40,7,bottom,host,239.152,274.416,125,129,0,
40,7,bottom,other,470,240,270,36,0,
40,8,bottom,host,247.344,280.152,125,129,0,
40,8,bottom,other,460,240,270,36,0,
40,9,bottom,host,255.536,285.888,125,129,0,
40,9,bottom,other,450,240,270,36,0,
40,10,bottom,host,263.728,291.624,125,129,0,
40,10,bottom,other,440,240,270,36,0,
40,11,bottom,host,271.92,297.36,125,129,0,
40,11,bottom,other,430,240,270,36,0,
40,12,bottom,host,280.112,303.096,125,129,0,
40,12,bottom,other,420,240,270,36,0,
40,13,bottom,host,288.304,308.832,125,129,0,
40,13,bottom,other,410,240,270,36,0,
40,14,bottom,host,296.496,314.568,125,129,0,
40,14,bottom,other,400,240,270,36,0,
40,15,bottom,host,304.688,320.304,125,129,0,
40,15,bottom,other,390,240,270,36,0,
40,16,bottom,host,312.88,326.04,125,129,0,
40,16,bottom,other,380,240,270,36,0,
40,17,bottom,host,321.072,331.776,125,129,0,
40,17,bottom,other,370,240,270,36,0,
40,18,bottom,host,329.264,337.512,125,129,0,
40,18,bottom,other,360,240,270,36,0,
40,19,bottom,host,337.456,343.248,125,129,0,
40,19,bottom,other,350,240,270,36,0,
40,20,bottom,host,345.648,348.984,125,129,0,
40,20,bottom,other,340,240,270,36,0,
40,21,bottom,host,353.84,354.72,125,133,0,
40,21,bottom,other,330,240,270,37,0,
40,22,bottom,host,353.84,354.72,125,133,0,
40,22,bottom,other,330,240,270,37,0,
40,23,bottom,host,353.84,354.72,125,133,0,
40,23,bottom,other,330,240,270,37,0,
41,1,top,host,190,240,90,133,0,
41,1,top,other,530,240,270,37,0,
41,2,top,host,198.09,234.122,54,133,0,
41,2,top,other,520,240,270,37,0,
41,3,top,host,206.18,228.244,54,133,0,
41,3,top,other,510,240,270,37,0,
41,4,top,host,214.27,222.366,54,133,0,
41,4,top,other,500,240,270,37,0,
41,5,top,host,222.36,216.488,54,133,0,
41,5,top,other,490,240,270,37,0,
41,6,top,host,230.45,210.61,54,133,0,
41,6,top,other,480,240,270,37,0,
41,7,top,host,238.54,204.732,54,133,0,
41,7,top,other,470,240,270,37,0,
41,8,top,host,246.63,198.854,54,133,0,
41,8,top,other,460,240,270,37,0,
41,9,top,host,254.72,192.976,54,133,0,
41,9,top,other,450,240,270,37,0,
41,10,top,host,262.81,187.098,54,133,0,
41,10,top,other,440,240,270,37,0,
41,11,top,host,270.9,181.22,54,133,0,
41,11,top,other,430,240,270,37,0,
41,12,top,host,278.99,175.342,54,133,0,
41,12,top,other,420,240,270,37,0,
41,13,top,host,287.08,169.464,54,133,0,
41,13,top,other,410,240,270,37,0,
41,14,top,host,295.17,163.586,54,133,0,
41,14,top,other,400,240,270,37,0,
41,15,top,host,303.26,157.708,54,133,0,
41,15,top,other,390,240,270,37,0,
41,16,top,host,311.35,151.83,54,133,0,
41,16,top,other,380,240,270,37,0,
41,17,top,host,319.44,145.952,54,133,0,
41,17,top,other,370,240,270,37,0,
41,18,top,host,327.53,140.074,54,133,0,
41,18,top,other,360,240,270,37,0,
41,19,top,host,335.62,134.196,54,133,0,
41,19,top,other,350,240,270,37,0,
41,20,top,host,343.71,128.318,54,133,0,
41,20,top,other,340,240,270,37,0,
41,21,top,host,351.8,122.44,54,137,0,
41,21,top,other,330,240,270,38,0,
41,22,top,host,351.8,122.44,54,137,0,
41,22,top,other,330,240,270,38,0,
41,23,top,host,351.8,122.44,54,137,0,
41,23,top,other,330,240,270,38,0,
42,1,top,host,190,240,90,137,0,
42,1,top,other,530,240,270,38,0,
42,2,top,host,200,240,90,137,0,
42,2,top,other,520,240,270,38,0,
42,3,top,host,208.29,234.408,56,137,0,
42,3,top,other,510,240,270,38,0,
42,4,top,host,216.58,228.816,56,137,0,
42,4,top,other,500,240,270,38,0,
42,5,top,host,224.87,223.224,56,137,0,
42,5,top,other,490,240,270,38,0,
42,6,top,host,233.16,217.632,56,137,0,
42,6,top,other,480,240,270,38,0,
42,7,top,host,241.45,212.04,56,137,0,
42,7,top,other,470,240,270,38,0,
42,8,top,host,249.74,206.448,56,137,0,
42,8,top,other,460,240,270,38,0,
42,9,top,host,258.03,200.856,56,137,0,
42,9,top,other,450,240,270,38,0,
42,10,top,host,266.32,195.264,56,137,0,
42,10,top,other,440,240,270,38,0,
42,11,top,host,274.61,189.672,56,137,0,
42,11,top,other,430,240,270,38,0,
42,12,top,host,282.9,184.08,56,137,0,
42,12,top,other,420,240,270,38,0,
42,13,top,host,291.19,178.488,56,137,0,
42,13,top,other,410,240,270,38,0,
42,14,top,host,299.48,172.896,56,137,0,
42,14,top,other,400,240,270,38,0,
