1,1,top,host,180,240,56,0,0.00,
1,1,top,other,540,240,236,0,0.00,
1,2,top,host,192.436,231.612,56,0,0.00,
1,2,top,other,527.564,248.388,236,0,0.00,
1,3,top,host,204.872,223.224,56,0,0.00,
1,3,top,other,515.128,256.776,236,0,0.00,
1,4,top,host,217.308,214.836,56,0,0.00,
1,4,top,other,502.692,265.164,236,0,0.00,
1,5,top,host,229.744,206.448,56,0,0.00,
1,5,top,other,490.256,273.552,236,0,0.00,
1,6,top,host,242.18,198.06,56,0,0.00,
1,6,top,other,477.82,281.94,236,0,0.00,
1,7,top,host,254.616,189.672,56,0,0.00,
1,7,top,other,465.384,290.328,236,0,0.00,
1,8,top,host,267.052,181.284,56,0,0.00,
1,8,top,other,452.948,298.716,236,0,0.00,
1,9,top,host,279.488,172.896,56,0,0.00,
1,9,top,other,440.512,307.104,236,0,0.00,
1,10,top,host,291.924,164.508,56,0,0.00,
1,10,top,other,428.076,315.492,236,0,0.00,
1,11,top,host,304.36,156.12,56,0,0.00,
1,11,top,other,415.64,323.88,236,0,0.00,
1,12,top,host,316.796,147.732,56,0,0.00,
1,12,top,other,403.204,332.268,236,0,0.00,
1,13,top,host,329.232,139.344,56,0,0.00,
1,13,top,other,390.768,340.656,236,0,0.00,
1,14,top,host,341.668,130.956,56,0,0.00,
1,14,top,other,378.332,349.044,236,0,0.00,
1,15,top,host,354.104,122.568,56,4,0.00,
1,15,top,other,365.896,357.432,236,1,0.00,
1,16,top,host,354.104,122.568,56,4,0.00,
1,16,top,other,365.896,357.432,236,1,0.00,
1,17,top,host,354.104,122.568,56,4,0.00,
1,17,top,other,365.896,357.432,236,1,0.00,
2,1,bottom,host,180,240,124,4,0.00,
2,1,bottom,other,540,240,236,1,0.00,
2,2,bottom,host,192.436,248.388,124,4,0.00,
2,2,bottom,other,527.564,248.388,236,1,0.00,
2,3,bottom,host,204.872,256.776,124,4,0.00,
2,3,bottom,other,515.128,256.776,236,1,0.00,
2,4,bottom,host,217.308,265.164,124,4,0.00,
2,4,bottom,other,502.692,265.164,236,1,0.00,
2,5,bottom,host,229.744,273.552,124,4,0.00,
2,5,bottom,other,490.256,273.552,236,1,0.00,
2,6,bottom,host,242.18,281.94,124,4,0.00,
2,6,bottom,other,477.82,281.94,236,1,0.00,
2,7,bottom,host,254.616,290.328,124,4,0.00,
2,7,bottom,other,465.384,290.328,236,1,0.00,
2,8,bottom,host,267.052,298.716,124,4,0.00,
2,8,bottom,other,452.948,298.716,236,1,0.00,
2,9,bottom,host,279.488,307.104,124,4,0.00,
2,9,bottom,other,440.512,307.104,236,1,0.00,
2,10,bottom,host,291.924,315.492,124,4,0.00,
2,10,bottom,other,428.076,315.492,236,1,0.00,
2,11,bottom,host,304.36,323.88,124,4,0.00,
2,11,bottom,other,415.64,323.88,236,1,0.00,
2,12,bottom,host,316.796,332.268,124,4,0.00,
2,12,bottom,other,403.204,332.268,236,1,0.00,
2,13,bottom,host,329.232,340.656,124,4,0.00,
2,13,bottom,other,390.768,340.656,236,1,0.00,
2,14,bottom,host,341.668,349.044,124,4,0.00,
2,14,bottom,other,378.332,349.044,236,1,0.00,
2,15,bottom,host,354.104,357.432,124,4,0.00,
2,15,bottom,other,365.896,357.432,236,1,0.00,
2,16,bottom,host,354.104,357.432,124,4,0.00,
2,16,bottom,other,365.896,357.432,236,1,0.00,
2,17,bottom,host,354.104,357.432,124,4,0.00,
2,17,bottom,other,365.896,357.432,236,1,0.00,
3,1,top,host,180,240,56,4,0.00,
3,1,top,other,540,240,236,1,0.00,
3,2,top,host,192.436,231.612,56,4,0.00,
3,2,top,other,527.564,248.388,236,1,0.00,
3,3,top,host,204.872,223.224,56,4,0.00,
3,3,top,other,515.128,256.776,236,1,0.00,
3,4,top,host,217.308,214.836,56,4,0.00,
3,4,top,other,502.692,265.164,236,1,0.00,
3,5,top,host,229.744,206.448,56,4,0.00,
3,5,top,other,490.256,273.552,236,1,0.00,
3,6,top,host,242.18,198.06,56,4,0.00,
3,6,top,other,477.82,281.94,236,1,0.00,
3,7,top,host,254.616,189.672,56,4,0.00,
3,7,top,other,465.384,290.328,236,1,0.00,
3,8,top,host,267.052,181.284,56,4,0.00,
3,8,top,other,452.948,298.716,236,1,0.00,
3,9,top,host,279.488,172.896,56,4,0.00,
3,9,top,other,440.512,307.104,236,1,0.00,
3,10,top,host,291.924,164.508,56,4,0.00,
3,10,top,other,428.076,315.492,236,1,0.00,
3,11,top,host,304.36,156.12,56,4,0.00,
3,11,top,other,415.64,323.88,236,1,0.00,
3,12,top,host,316.796,147.732,56,4,0.00,
3,12,top,other,403.204,332.268,236,1,0.00,
3,13,top,host,329.232,139.344,56,4,0.00,
3,13,top,other,390.768,340.656,236,1,0.00,
3,14,top,host,341.668,130.956,56,4,0.00,
3,14,top,other,378.332,349.044,236,1,0.00,
3,15,top,host,354.104,122.568,56,8,0.00,
3,15,top,other,365.896,357.432,236,2,0.00,
3,16,top,host,354.104,122.568,56,8,0.00,
3,16,top,other,365.896,357.432,236,2,0.00,
3,17,top,host,354.104,122.568,56,8,0.00,
3,17,top,other,365.896,357.432,236,2,0.00,
4,1,top,host,180,240,56,8,0.00,
4,1,top,other,540,240,304,2,0.00,
4,2,top,host,192.436,231.612,56,8,0.00,
4,2,top,other,527.564,231.612,304,2,0.00,
4,3,top,host,204.872,223.224,56,8,0.00,
4,3,top,other,515.128,223.224,304,2,0.00,
4,4,top,host,217.308,214.836,56,8,0.00,
4,4,top,other,502.692,214.836,304,2,0.00,
4,5,top,host,229.744,206.448,56,8,0.00,
4,5,top,other,490.256,206.448,304,2,0.00,
4,6,top,host,242.18,198.06,56,8,0.00,
4,6,top,other,477.82,198.06,304,2,0.00,
4,7,top,host,254.616,189.672,56,8,0.00,
4,7,top,other,465.384,189.672,304,2,0.00,
4,8,top,host,267.052,181.284,56,8,0.00,
4,8,top,other,452.948,181.284,304,2,0.00,
4,9,top,host,279.488,172.896,56,8,0.00,
4,9,top,other,440.512,172.896,304,2,0.00,
4,10,top,host,291.924,164.508,56,8,0.00,
4,10,top,other,428.076,164.508,304,2,0.00,
4,11,top,host,304.36,156.12,56,8,0.00,
4,11,top,other,415.64,156.12,304,2,0.00,
4,12,top,host,316.796,147.732,56,8,0.00,
4,12,top,other,403.204,147.732,304,2,0.00,
4,13,top,host,329.232,139.344,56,8,0.00,
4,13,top,other,390.768,139.344,304,2,0.00,
4,14,top,host,341.668,130.956,56,8,0.00,
4,14,top,other,378.332,130.956,304,2,0.00,
4,15,top,host,354.104,122.568,56,8,0.00,
4,15,top,other,365.896,122.568,304,2,0.00,
4,16,top,host,354.104,122.568,56,8,0.00,
4,16,top,other,365.896,122.568,304,2,0.00,
4,17,top,host,354.104,122.568,56,8,0.00,
4,17,top,other,365.896,122.568,304,2,0.00,
5,1,bottom,host,180,240,124,8,0.00,
5,1,bottom,other,540,240,304,2,0.00,
5,2,bottom,host,192.436,248.388,124,8,0.00,
5,2,bottom,other,527.564,231.612,304,2,0.00,
5,3,bottom,host,204.872,256.776,124,8,0.00,
5,3,bottom,other,515.128,223.224,304,2,0.00,
5,4,bottom,host,217.308,265.164,124,8,0.00,
5,4,bottom,other,502.692,214.836,304,2,0.00,
5,5,bottom,host,229.744,273.552,124,8,0.00,
5,5,bottom,other,490.256,206.448,304,2,0.00,
5,6,bottom,host,242.18,281.94,124,8,0.00,
5,6,bottom,other,477.82,198.06,304,2,0.00,
5,7,bottom,host,254.616,290.328,124,8,0.00,
5,7,bottom,other,465.384,189.672,304,2,0.00,
5,8,bottom,host,267.052,298.716,124,8,0.00,
5,8,bottom,other,452.948,181.284,304,2,0.00,
5,9,bottom,host,279.488,307.104,124,8,0.00,
5,9,bottom,other,440.512,172.896,304,2,0.00,
5,10,bottom,host,291.924,315.492,124,8,0.00,
5,10,bottom,other,428.076,164.508,304,2,0.00,
5,11,bottom,host,304.36,323.88,124,8,0.00,
5,11,bottom,other,415.64,156.12,304,2,0.00,
5,12,bottom,host,316.796,332.268,124,8,0.00,
5,12,bottom,other,403.204,147.732,304,2,0.00,
5,13,bottom,host,329.232,340.656,124,8,0.00,
5,13,bottom,other,390.768,139.344,304,2,0.00,
5,14,bottom,host,341.668,349.044,124,8,0.00,
5,14,bottom,other,378.332,130.956,304,2,0.00,
5,15,bottom,host,354.104,357.432,124,12,0.00,
5,15,bottom,other,365.896,122.568,304,3,0.00,
5,16,bottom,host,354.104,357.432,124,12,0.00,
5,16,bottom,other,365.896,122.568,304,3,0.00,
5,17,bottom,host,354.104,357.432,124,12,0.00,
5,17,bottom,other,365.896,122.568,304,3,0.00,
6,1,bottom,host,180,240,124,12,0.00,
6,1,bottom,other,540,240,304,3,0.00,
6,2,bottom,host,192.436,248.388,124,12,0.00,
6,2,bottom,other,527.564,231.612,304,3,0.00,
6,3,bottom,host,204.872,256.776,124,12,0.00,
6,3,bottom,other,515.128,223.224,304,3,0.00,
6,4,bottom,host,217.308,265.164,124,12,0.00,
6,4,bottom,other,502.692,214.836,304,3,0.00,
6,5,bottom,host,229.744,273.552,124,12,0.00,
6,5,bottom,other,490.256,206.448,304,3,0.00,
6,6,bottom,host,242.18,281.94,124,12,0.00,
6,6,bottom,other,477.82,198.06,304,3,0.00,
6,7,bottom,host,254.616,290.328,124,12,0.00,
6,7,bottom,other,465.384,189.672,304,3,0.00,
6,8,bottom,host,267.052,298.716,124,12,0.00,
6,8,bottom,other,452.948,181.284,304,3,0.00,
6,9,bottom,host,279.488,307.104,124,12,0.00,
6,9,bottom,other,440.512,172.896,304,3,0.00,
6,10,bottom,host,291.924,315.492,124,12,0.00,
6,10,bottom,other,428.076,164.508,304,3,0.00,
6,11,bottom,host,304.36,323.88,124,12,0.00,
6,11,bottom,other,415.64,156.12,304,3,0.00,
6,12,bottom,host,316.796,332.268,124,12,0.00,
6,12,bottom,other,403.204,147.732,304,3,0.00,
6,13,bottom,host,329.232,340.656,124,12,0.00,
6,13,bottom,other,390.768,139.344,304,3,0.00,
6,14,bottom,host,341.668,349.044,124,12,0.00,
6,14,bottom,other,378.332,130.956,304,3,0.00,
6,15,bottom,host,354.104,357.432,124,16,0.00,
6,15,bottom,other,365.896,122.568,304,4,0.00,
6,16,bottom,host,354.104,357.432,124,16,0.00,
6,16,bottom,other,365.896,122.568,304,4,0.00,
6,17,bottom,host,354.104,357.432,124,16,0.00,
6,17,bottom,other,365.896,122.568,304,4,0.00,
7,1,bottom,host,180,240,124,16,0.00,
7,1,bottom,other,540,240,304,4,0.00,
7,2,bottom,host,192.436,248.388,124,16,0.00,
7,2,bottom,other,527.564,231.612,304,4,0.00,
7,3,bottom,host,204.872,256.776,124,16,0.00,
7,3,bottom,other,515.128,223.224,304,4,0.00,
7,4,bottom,host,217.308,265.164,124,16,0.00,
7,4,bottom,other,502.692,214.836,304,4,0.00,
7,5,bottom,host,229.744,273.552,124,16,0.00,
7,5,bottom,other,490.256,206.448,304,4,0.00,
7,6,bottom,host,242.18,281.94,124,16,0.00,
7,6,bottom,other,477.82,198.06,304,4,0.00,
7,7,bottom,host,254.616,290.328,124,16,0.00,
7,7,bottom,other,465.384,189.672,304,4,0.00,
7,8,bottom,host,267.052,298.716,124,16,0.00,
7,8,bottom,other,452.948,181.284,304,4,0.00,
7,9,bottom,host,279.488,307.104,124,16,0.00,
7,9,bottom,other,440.512,172.896,304,4,0.00,
7,10,bottom,host,291.924,315.492,124,16,0.00,
7,10,bottom,other,428.076,164.508,304,4,0.00,
7,11,bottom,host,304.36,323.88,124,16,0.00,
7,11,bottom,other,415.64,156.12,304,4,0.00,
7,12,bottom,host,316.796,332.268,124,16,0.00,
7,12,bottom,other,403.204,147.732,304,4,0.00,
7,13,bottom,host,329.232,340.656,124,16,0.00,
7,13,bottom,other,390.768,139.344,304,4,0.00,
7,14,bottom,host,341.668,349.044,124,16,0.00,
7,14,bottom,other,378.332,130.956,304,4,0.00,
7,15,bottom,host,354.104,357.432,124,20,0.00,
7,15,bottom,other,365.896,122.568,304,5,0.00,
7,16,bottom,host,354.104,357.432,124,20,0.00,
7,16,bottom,other,365.896,122.568,304,5,0.00,
7,17,bottom,host,354.104,357.432,124,20,0.00,
7,17,bottom,other,365.896,122.568,304,5,0.00,
8,1,bottom,host,180,240,124,20,0.00,
8,1,bottom,other,540,240,304,5,0.00,
8,2,bottom,host,192.436,248.388,124,20,0.00,
8,2,bottom,other,527.564,231.612,304,5,0.00,
8,3,bottom,host,204.872,256.776,124,20,0.00,
8,3,bottom,other,515.128,223.224,304,5,0.00,
8,4,bottom,host,217.308,265.164,124,20,0.00,
8,4,bottom,other,502.692,214.836,304,5,0.00,
8,5,bottom,host,229.744,273.552,124,20,0.00,
8,5,bottom,other,490.256,206.448,304,5,0.00,
8,6,bottom,host,242.18,281.94,124,20,0.00,
8,6,bottom,other,477.82,198.06,304,5,0.00,
8,7,bottom,host,254.616,290.328,124,20,0.00,
8,7,bottom,other,465.384,189.672,304,5,0.00,
8,8,bottom,host,267.052,298.716,124,20,0.00,
8,8,bottom,other,452.948,181.284,304,5,0.00,
8,9,bottom,host,279.488,307.104,124,20,0.00,
8,9,bottom,other,440.512,172.896,304,5,0.00,
8,10,bottom,host,291.924,315.492,124,20,0.00,
8,10,bottom,other,428.076,164.508,304,5,0.00,
8,11,bottom,host,304.36,323.88,124,20,0.00,
8,11,bottom,other,415.64,156.12,304,5,0.00,
8,12,bottom,host,316.796,332.268,124,20,0.00,
8,12,bottom,other,403.204,147.732,304,5,0.00,
8,13,bottom,host,329.232,340.656,124,20,0.00,
8,13,bottom,other,390.768,139.344,304,5,0.00,
8,14,bottom,host,341.668,349.044,124,20,0.00,
8,14,bottom,other,378.332,130.956,304,5,0.00,
8,15,bottom,host,354.104,357.432,124,24,0.00,
8,15,bottom,other,365.896,122.568,304,6,0.00,
8,16,bottom,host,354.104,357.432,124,24,0.00,
8,16,bottom,other,365.896,122.568,304,6,0.00,
8,17,bottom,host,354.104,357.432,124,24,0.00,
8,17,bottom,other,365.896,122.568,304,6,0.00,
9,1,top,host,180,240,56,24,0.00,
9,1,top,other,540,240,304,6,0.00,
9,2,top,host,192.436,231.612,56,24,0.00,
9,2,top,other,527.564,231.612,304,6,0.00,
9,3,top,host,204.872,223.224,56,24,0.00,
9,3,top,other,515.128,223.224,304,6,0.00,
9,4,top,other,502.692,214.836,304,6,0.00,
9,4,top,host,217.308,214.836,56,24,0.00,
9,5,top,host,229.744,206.448,56,24,0.00,
9,5,top,other,490.256,206.448,304,6,0.00,
9,6,top,host,242.18,198.06,56,24,0.00,
9,6,top,other,477.82,198.06,304,6,0.00,
9,7,top,host,254.616,189.672,56,24,0.00,
9,7,top,other,465.384,189.672,304,6,0.00,
9,8,top,host,267.052,181.284,56,24,0.00,
9,8,top,other,452.948,181.284,304,6,0.00,
9,9,top,host,279.488,172.896,56,24,0.00,
9,9,top,other,440.512,172.896,304,6,0.00,
9,10,top,host,291.924,164.508,56,24,0.00,
9,10,top,other,428.076,164.508,304,6,0.00,
9,11,top,host,304.36,156.12,56,24,0.00,
9,11,top,other,415.64,156.12,304,6,0.00,
9,12,top,host,316.796,147.732,56,24,0.00,
9,12,top,other,403.204,147.732,304,6,0.00,
9,13,top,host,329.232,139.344,56,24,0.00,
9,13,top,other,390.768,139.344,304,6,0.00,
9,14,top,host,341.668,130.956,56,24,0.00,
9,14,top,other,378.332,130.956,304,6,0.00,
9,15,top,host,354.104,122.568,56,24,0.00,
9,15,top,other,365.896,122.568,304,6,0.00,
9,16,top,host,354.104,122.568,56,24,0.00,
9,16,top,other,365.896,122.568,304,6,0.00,
9,17,top,host,354.104,122.568,56,24,0.00,
9,17,top,other,365.896,122.568,304,6,0.00,
10,1,bottom,host,180,240,124,24,0.00,
10,1,bottom,other,540,240,304,6,0.00,
10,2,bottom,host,192.436,248.388,124,24,0.00,
10,2,bottom,other,527.564,231.612,304,6,0.00,
10,3,bottom,host,204.872,256.776,124,24,0.00,
10,3,bottom,other,515.128,223.224,304,6,0.00,
10,4,bottom,host,217.308,265.164,124,24,0.00,
10,4,bottom,other,502.692,214.836,304,6,0.00,
10,5,bottom,host,229.744,273.552,124,24,0.00,
10,5,bottom,other,490.256,206.448,304,6,0.00,
10,6,bottom,host,242.18,281.94,124,24,0.00,
10,6,bottom,other,477.82,198.06,304,6,0.00,
10,7,bottom,host,254.616,290.328,124,24,0.00,
10,7,bottom,other,465.384,189.672,304,6,0.00,
10,8,bottom,host,267.052,298.716,124,24,0.00,
10,8,bottom,other,452.948,181.284,304,6,0.00,
10,9,bottom,host,279.488,307.104,124,24,0.00,
10,9,bottom,other,440.512,172.896,304,6,0.00,
10,10,bottom,host,291.924,315.492,124,24,0.00,
10,10,bottom,other,428.076,164.508,304,6,0.00,
10,11,bottom,host,304.36,323.88,124,24,0.00,
10,11,bottom,other,415.64,156.12,304,6,0.00,
10,12,bottom,host,316.796,332.268,124,24,0.00,
10,12,bottom,other,403.204,147.732,304,6,0.00,
10,13,bottom,host,329.232,340.656,124,24,0.00,
10,13,bottom,other,390.768,139.344,304,6,0.00,
10,14,bottom,host,341.668,349.044,124,24,0.00,
10,14,bottom,other,378.332,130.956,304,6,0.00,
10,15,bottom,host,354.104,357.432,124,28,0.00,
10,15,bottom,other,365.896,122.568,304,7,0.00,
10,16,bottom,host,354.104,357.432,124,28,0.00,
10,16,bottom,other,365.896,122.568,304,7,0.00,
10,17,bottom,host,354.104,357.432,124,28,0.00,
10,17,bottom,other,365.896,122.568,304,7,0.00,
11,1,top,host,180,240,56,28,0.00,
11,1,top,other,540,240,236,7,0.00,
11,2,top,host,192.436,231.612,56,28,0.00,
11,2,top,other,527.564,248.388,236,7,0.00,
11,3,top,host,204.872,223.224,56,28,0.00,
11,3,top,other,515.128,256.776,236,7,0.00,
11,4,top,host,217.308,214.836,56,28,0.00,
11,4,top,other,502.692,265.164,236,7,0.00,
11,5,top,host,229.744,206.448,56,28,0.00,
11,5,top,other,490.256,273.552,236,7,0.00,
11,6,top,host,242.18,198.06,56,28,0.00,
11,6,top,other,477.82,281.94,236,7,0.00,
11,7,top,host,254.616,189.672,56,28,0.00,
11,7,top,other,465.384,290.328,236,7,0.00,
11,8,top,host,267.052,181.284,56,28,0.00,
11,8,top,other,452.948,298.716,236,7,0.00,
11,9,top,host,279.488,172.896,56,28,0.00,
11,9,top,other,440.512,307.104,236,7,0.00,
11,10,top,host,291.924,164.508,56,28,0.00,
11,10,top,other,428.076,315.492,236,7,0.00,
11,11,top,host,304.36,156.12,56,28,0.00,
11,11,top,other,415.64,323.88,236,7,0.00,
11,12,top,host,316.796,147.732,56,28,0.00,
11,12,top,other,403.204,332.268,236,7,0.00,
11,13,top,host,329.232,139.344,56,28,0.00,
11,13,top,other,390.768,340.656,236,7,0.00,
11,14,top,host,341.668,130.956,56,28,0.00,
11,14,top,other,378.332,349.044,236,7,0.00,
11,15,top,host,354.104,122.568,56,32,0.00,
11,15,top,other,365.896,357.432,236,8,0.00,
11,16,top,host,354.104,122.568,56,32,0.00,
11,16,top,other,365.896,357.432,236,8,0.00,
11,17,top,host,354.104,122.568,56,32,0.00,
11,17,top,other,365.896,357.432,236,8,0.00,
12,1,bottom,host,180,240,124,32,0.00,
12,1,bottom,other,540,240,304,8,0.00,
12,2,bottom,host,192.436,248.388,124,32,0.00,
12,2,bottom,other,527.564,231.612,304,8,0.00,
12,3,bottom,host,204.872,256.776,124,32,0.00,
12,3,bottom,other,515.128,223.224,304,8,0.00,
12,4,bottom,host,217.308,265.164,124,32,0.00,
12,4,bottom,other,502.692,214.836,304,8,0.00,
12,5,bottom,host,229.744,273.552,124,32,0.00,
12,5,bottom,other,490.256,206.448,304,8,0.00,
12,6,bottom,host,242.18,281.94,124,32,0.00,
12,6,bottom,other,477.82,198.06,304,8,0.00,
12,7,bottom,host,254.616,290.328,124,32,0.00,
12,7,bottom,other,465.384,189.672,304,8,0.00,
12,8,bottom,host,267.052,298.716,124,32,0.00,
12,8,bottom,other,452.948,181.284,304,8,0.00,
12,9,bottom,host,279.488,307.104,124,32,0.00,
12,9,bottom,other,440.512,172.896,304,8,0.00,
12,10,bottom,host,291.924,315.492,124,32,0.00,
12,10,bottom,other,428.076,164.508,304,8,0.00,
12,11,bottom,host,304.36,323.88,124,32,0.00,
12,11,bottom,other,415.64,156.12,304,8,0.00,
12,12,bottom,host,316.796,332.268,124,32,0.00,
12,12,bottom,other,403.204,147.732,304,8,0.00,
12,13,bottom,host,329.232,340.656,124,32,0.00,
12,13,bottom,other,390.768,139.344,304,8,0.00,
12,14,bottom,host,341.668,349.044,124,32,0.00,
12,14,bottom,other,378.332,130.956,304,8,0.00,
12,15,bottom,host,354.104,357.432,124,36,0.00,
12,15,bottom,other,365.896,122.568,304,9,0.00,
12,16,bottom,host,354.104,357.432,124,36,0.00,
12,16,bottom,other,365.896,122.568,304,9,0.00,
12,17,bottom,host,354.104,357.432,124,36,0.00,
12,17,bottom,other,365.896,122.568,304,9,0.00,
13,1,bottom,host,180,240,124,36,0.00,
13,1,bottom,other,540,240,304,9,0.00,
13,2,bottom,host,192.436,248.388,124,36,0.00,
13,2,bottom,other,527.564,231.612,304,9,0.00,
13,3,bottom,host,204.872,256.776,124,36,0.00,
13,3,bottom,other,515.128,223.224,304,9,0.00,
13,4,bottom,host,217.308,265.164,124,36,0.00,
13,4,bottom,other,502.692,214.836,304,9,0.00,
13,5,bottom,host,229.744,273.552,124,36,0.00,
13,5,bottom,other,490.256,206.448,304,9,0.00,
13,6,bottom,host,242.18,281.94,124,36,0.00,
13,6,bottom,other,477.82,198.06,304,9,0.00,
13,7,bottom,host,254.616,290.328,124,36,0.00,
13,7,bottom,other,465.384,189.672,304,9,0.00,
13,8,bottom,host,267.052,298.716,124,36,0.00,
13,8,bottom,other,452.948,181.284,304,9,0.00,
13,9,bottom,host,279.488,307.104,124,36,0.00,
13,9,bottom,other,440.512,172.896,304,9,0.00,
13,10,bottom,host,291.924,315.492,124,36,0.00,
13,10,bottom,other,428.076,164.508,304,9,0.00,
13,11,bottom,host,304.36,323.88,124,36,0.00,
13,11,bottom,other,415.64,156.12,304,9,0.00,
13,12,bottom,host,316.796,332.268,124,36,0.00,
13,12,bottom,other,403.204,147.732,304,9,0.00,
13,13,bottom,host,329.232,340.656,124,36,0.00,
13,13,bottom,other,390.768,139.344,304,9,0.00,
13,14,bottom,host,341.668,349.044,124,36,0.00,
13,14,bottom,other,378.332,130.956,304,9,0.00,
13,15,bottom,host,354.104,357.432,124,40,0.00,
13,15,bottom,other,365.896,122.568,304,10,0.00,
13,16,bottom,host,354.104,357.432,124,40,0.00,
13,16,bottom,other,365.896,122.568,304,10,0.00,
13,17,bottom,host,354.104,357.432,124,40,0.00,
13,17,bottom,other,365.896,122.568,304,10,0.00,
14,1,bottom,host,180,240,124,40,0.00,
14,1,bottom,other,540,240,304,10,0.00,
14,2,bottom,host,192.436,248.388,124,40,0.00,
14,2,bottom,other,527.564,231.612,304,10,0.00,
14,3,bottom,host,204.872,256.776,124,40,0.00,
14,3,bottom,other,515.128,223.224,304,10,0.00,
14,4,bottom,host,217.308,265.164,124,40,0.00,
14,4,bottom,other,502.692,214.836,304,10,0.00,
14,5,bottom,host,229.744,273.552,124,40,0.00,
14,5,bottom,other,490.256,206.448,304,10,0.00,
14,6,bottom,host,242.18,281.94,124,40,0.00,
14,6,bottom,other,477.82,198.06,304,10,0.00,
14,7,bottom,host,254.616,290.328,124,40,0.00,
14,7,bottom,other,465.384,189.672,304,10,0.00,
14,8,bottom,host,267.052,298.716,124,40,0.00,
14,8,bottom,other,452.948,181.284,304,10,0.00,
14,9,bottom,host,279.488,307.104,124,40,0.00,
14,9,bottom,other,440.512,172.896,304,10,0.00,
14,10,bottom,host,291.924,315.492,124,40,0.00,
14,10,bottom,other,428.076,164.508,304,10,0.00,
14,11,bottom,host,304.36,323.88,124,40,0.00,
14,11,bottom,other,415.64,156.12,304,10,0.00,
14,12,bottom,host,316.796,332.268,124,40,0.00,
14,12,bottom,other,403.204,147.732,304,10,0.00,
14,13,bottom,host,329.232,340.656,124,40,0.00,
14,13,bottom,other,390.768,139.344,304,10,0.00,
14,14,bottom,host,341.668,349.044,124,40,0.00,
14,14,bottom,other,378.332,130.956,304,10,0.00,
14,15,bottom,host,354.104,357.432,124,44,0.00,
14,15,bottom,other,365.896,122.568,304,11,0.00,
14,16,bottom,host,354.104,357.432,124,44,0.00,
14,16,bottom,other,365.896,122.568,304,11,0.00,
14,17,bottom,host,354.104,357.432,124,44,0.00,
14,17,bottom,other,365.896,122.568,304,11,0.00,
15,1,top,host,180,240,56,44,0.00,
15,1,top,other,540,240,236,11,0.00,
15,2,top,host,192.436,231.612,56,44,0.00,
15,2,top,other,527.564,248.388,236,11,0.00,
15,3,top,host,204.872,223.224,56,44,0.00,
15,3,top,other,515.128,256.776,236,11,0.00,
15,4,top,host,217.308,214.836,56,44,0.00,
15,4,top,other,502.692,265.164,236,11,0.00,
15,5,top,host,229.744,206.448,56,44,0.00,
15,5,top,other,490.256,273.552,236,11,0.00,
15,6,top,host,242.18,198.06,56,44,0.00,
15,6,top,other,477.82,281.94,236,11,0.00,
15,7,top,host,254.616,189.672,56,44,0.00,
15,7,top,other,465.384,290.328,236,11,0.00,
15,8,top,host,267.052,181.284,56,44,0.00,
15,8,top,other,452.948,298.716,236,11,0.00,
15,9,top,host,279.488,172.896,56,44,0.00,
15,9,top,other,440.512,307.104,236,11,0.00,
15,10,top,host,291.924,164.508,56,44,0.00,
15,10,top,other,428.076,315.492,236,11,0.00,
15,11,top,host,304.36,156.12,56,44,0.00,
15,11,top,other,415.64,323.88,236,11,0.00,
15,12,top,host,316.796,147.732,56,44,0.00,
15,12,top,other,403.204,332.268,236,11,0.00,
15,13,top,host,329.232,139.344,56,44,0.00,
15,13,top,other,390.768,340.656,236,11,0.00,
15,14,top,host,341.668,130.956,56,44,0.00,
15,14,top,other,378.332,349.044,236,11,0.00,
15,15,top,host,354.104,122.568,56,48,0.00,
15,15,top,other,365.896,357.432,236,12,0.00,
15,16,top,host,354.104,122.568,56,48,0.00,
15,16,top,other,365.896,357.432,236,12,0.00,
15,17,top,host,354.104,122.568,56,48,0.00,
15,17,top,other,365.896,357.432,236,12,0.00,
16,1,bottom,host,180,240,124,48,0.00,
16,1,bottom,other,540,240,304,12,0.00,
16,2,bottom,host,192.436,248.388,124,48,0.00,
16,2,bottom,other,527.564,231.612,304,12,0.00,
16,3,bottom,host,204.872,256.776,124,48,0.00,
16,3,bottom,other,515.128,223.224,304,12,0.00,
16,4,bottom,host,217.308,265.164,124,48,0.00,
16,4,bottom,other,502.692,214.836,304,12,0.00,
16,5,bottom,host,229.744,273.552,124,48,0.00,
16,5,bottom,other,490.256,206.448,304,12,0.00,
16,6,bottom,host,242.18,281.94,124,48,0.00,
16,6,bottom,other,477.82,198.06,304,12,0.00,
16,7,bottom,host,254.616,290.328,124,48,0.00,
16,7,bottom,other,465.384,189.672,304,12,0.00,
16,8,bottom,host,267.052,298.716,124,48,0.00,
16,8,bottom,other,452.948,181.284,304,12,0.00,
16,9,bottom,host,279.488,307.104,124,48,0.00,
16,9,bottom,other,440.512,172.896,304,12,0.00,
16,10,bottom,host,291.924,315.492,124,48,0.00,
16,10,bottom,other,428.076,164.508,304,12,0.00,
16,11,bottom,host,304.36,323.88,124,48,0.00,
16,11,bottom,other,415.64,156.12,304,12,0.00,
16,12,bottom,host,316.796,332.268,124,48,0.00,
16,12,bottom,other,403.204,147.732,304,12,0.00,
16,13,bottom,host,329.232,340.656,124,48,0.00,
16,13,bottom,other,390.768,139.344,304,12,0.00,
16,14,bottom,host,341.668,349.044,124,48,0.00,
16,14,bottom,other,378.332,130.956,304,12,0.00,
16,15,bottom,host,354.104,357.432,124,52,0.00,
16,15,bottom,other,365.896,122.568,304,13,0.00,
16,16,bottom,host,354.104,357.432,124,52,0.00,
16,16,bottom,other,365.896,122.568,304,13,0.00,
16,17,bottom,host,354.104,357.432,124,52,0.00,
16,17,bottom,other,365.896,122.568,304,13,0.00,
17,1,top,host,180,240,56,52,0.00,
17,1,top,other,540,240,236,13,0.00,
17,2,top,host,192.436,231.612,56,52,0.00,
17,2,top,other,527.564,248.388,236,13,0.00,
17,3,top,host,204.872,223.224,56,52,0.00,
17,3,top,other,515.128,256.776,236,13,0.00,
17,4,top,host,217.308,214.836,56,52,0.00,
17,4,top,other,502.692,265.164,236,13,0.00,
17,5,top,host,229.744,206.448,56,52,0.00,
17,5,top,other,490.256,273.552,236,13,0.00,
17,6,top,host,242.18,198.06,56,52,0.00,
17,6,top,other,477.82,281.94,236,13,0.00,
17,7,top,host,254.616,189.672,56,52,0.00,
17,7,top,other,465.384,290.328,236,13,0.00,
17,8,top,host,267.052,181.284,56,52,0.00,
17,8,top,other,452.948,298.716,236,13,0.00,
17,9,top,host,279.488,172.896,56,52,0.00,
17,9,top,other,440.512,307.104,236,13,0.00,
17,10,top,host,291.924,164.508,56,52,0.00,
17,10,top,other,428.076,315.492,236,13,0.00,
17,11,top,host,304.36,156.12,56,52,0.00,
17,11,top,other,415.64,323.88,236,13,0.00,
17,12,top,host,316.796,147.732,56,52,0.00,
17,12,top,other,403.204,332.268,236,13,0.00,
17,13,top,host,329.232,139.344,56,52,0.00,
17,13,top,other,390.768,340.656,236,13,0.00,
17,14,top,host,341.668,130.956,56,52,0.00,
17,14,top,other,378.332,349.044,236,13,0.00,
17,15,top,host,354.104,122.568,56,56,0.00,
17,15,top,other,365.896,357.432,236,14,0.00,
17,16,top,host,354.104,122.568,56,56,0.00,
17,16,top,other,365.896,357.432,236,14,0.00,
17,17,top,host,354.104,122.568,56,56,0.00,
17,17,top,other,365.896,357.432,236,14,0.00,
18,1,top,host,180,240,56,56,0.00,
18,1,top,other,540,240,236,14,0.00,
18,2,top,host,192.436,231.612,56,56,0.00,
18,2,top,other,527.564,248.388,236,14,0.00,
18,3,top,host,204.872,223.224,56,56,0.00,
18,3,top,other,515.128,256.776,236,14,0.00,
18,4,top,host,217.308,214.836,56,56,0.00,
18,4,top,other,502.692,265.164,236,14,0.00,
18,5,top,host,229.744,206.448,56,56,0.00,
18,5,top,other,490.256,273.552,236,14,0.00,
18,6,top,host,242.18,198.06,56,56,0.00,
18,6,top,other,477.82,281.94,236,14,0.00,
18,7,top,host,254.616,189.672,56,56,0.00,
18,7,top,other,465.384,290.328,236,14,0.00,
18,8,top,host,267.052,181.284,56,56,0.00,
18,8,top,other,452.948,298.716,236,14,0.00,
18,9,top,host,279.488,172.896,56,56,0.00,
18,9,top,other,440.512,307.104,236,14,0.00,
18,10,top,host,291.924,164.508,56,56,0.00,
18,10,top,other,428.076,315.492,236,14,0.00,
18,11,top,host,304.36,156.12,56,56,0.00,
18,11,top,other,415.64,323.88,236,14,0.00,
18,12,top,host,316.796,147.732,56,56,0.00,
18,12,top,other,403.204,332.268,236,14,0.00,
18,13,top,host,329.232,139.344,56,56,0.00,
18,13,top,other,390.768,340.656,236,14,0.00,
18,14,top,host,341.668,130.956,56,56,0.00,
18,14,top,other,378.332,349.044,236,14,0.00,
18,15,top,host,354.104,122.568,56,60,0.00,
18,15,top,other,365.896,357.432,236,15,0.00,
18,16,top,host,354.104,122.568,56,60,0.00,
18,16,top,other,365.896,357.432,236,15,0.00,
18,17,top,host,354.104,122.568,56,60,0.00,
18,17,top,other,365.896,357.432,236,15,0.00,
19,1,bottom,host,180,240,124,60,0.00,
19,1,bottom,other,540,240,304,15,0.00,
19,2,bottom,host,192.436,248.388,124,60,0.00,
19,2,bottom,other,527.564,231.612,304,15,0.00,
19,3,bottom,host,204.872,256.776,124,60,0.00,
19,3,bottom,other,515.128,223.224,304,15,0.00,
19,4,bottom,host,217.308,265.164,124,60,0.00,
19,4,bottom,other,502.692,214.836,304,15,0.00,
19,5,bottom,host,229.744,273.552,124,60,0.00,
19,5,bottom,other,490.256,206.448,304,15,0.00,
19,6,bottom,host,242.18,281.94,124,60,0.00,
19,6,bottom,other,477.82,198.06,304,15,0.00,
19,7,bottom,host,254.616,290.328,124,60,0.00,
19,7,bottom,other,465.384,189.672,304,15,0.00,
19,8,bottom,host,267.052,298.716,124,60,0.00,
19,8,bottom,other,452.948,181.284,304,15,0.00,
19,9,bottom,host,279.488,307.104,124,60,0.00,
19,9,bottom,other,440.512,172.896,304,15,0.00,
19,10,bottom,host,291.924,315.492,124,60,0.00,
19,10,bottom,other,428.076,164.508,304,15,0.00,
19,11,bottom,host,304.36,323.88,124,60,0.00,
19,11,bottom,other,415.64,156.12,304,15,0.00,
19,12,bottom,host,316.796,332.268,124,60,0.00,
19,12,bottom,other,403.204,147.732,304,15,0.00,
19,13,bottom,host,329.232,340.656,124,60,0.00,
19,13,bottom,other,390.768,139.344,304,15,0.00,
19,14,bottom,host,341.668,349.044,124,60,0.00,
19,14,bottom,other,378.332,130.956,304,15,0.00,
19,15,bottom,host,354.104,357.432,124,64,0.00,
19,15,bottom,other,365.896,122.568,304,16,0.00,
19,16,bottom,host,354.104,357.432,124,64,0.00,
19,16,bottom,other,365.896,122.568,304,16,0.00,
19,17,bottom,host,354.104,357.432,124,64,0.00,
19,17,bottom,other,365.896,122.568,304,16,0.00,
20,1,bottom,host,180,240,124,64,0.00,
20,1,bottom,other,540,240,304,16,0.00,
20,2,bottom,host,192.436,248.388,124,64,0.00,
20,2,bottom,other,527.564,231.612,304,16,0.00,
20,3,bottom,host,204.872,256.776,124,64,0.00,
20,3,bottom,other,515.128,223.224,304,16,0.00,
20,4,bottom,host,217.308,265.164,124,64,0.00,
20,4,bottom,other,502.692,214.836,304,16,0.00,
20,5,bottom,host,229.744,273.552,124,64,0.00,
20,5,bottom,other,490.256,206.448,304,16,0.00,
20,6,bottom,host,242.18,281.94,124,64,0.00,
20,6,bottom,other,477.82,198.06,304,16,0.00,
20,7,bottom,host,254.616,290.328,124,64,0.00,
20,7,bottom,other,465.384,189.672,304,16,0.00,
20,8,bottom,host,267.052,298.716,124,64,0.00,
20,8,bottom,other,452.948,181.284,304,16,0.00,
20,9,bottom,host,279.488,307.104,124,64,0.00,
20,9,bottom,other,440.512,172.896,304,16,0.00,
20,10,bottom,host,291.924,315.492,124,64,0.00,
20,10,bottom,other,428.076,164.508,304,16,0.00,
20,11,bottom,host,304.36,323.88,124,64,0.00,
20,11,bottom,other,415.64,156.12,304,16,0.00,
20,12,bottom,host,316.796,332.268,124,64,0.00,
20,12,bottom,other,403.204,147.732,304,16,0.00,
20,13,bottom,host,329.232,340.656,124,64,0.00,
20,13,bottom,other,390.768,139.344,304,16,0.00,
20,14,bottom,host,341.668,349.044,124,64,0.00,
20,14,bottom,other,378.332,130.956,304,16,0.00,
20,15,bottom,host,354.104,357.432,124,68,0.00,
20,15,bottom,other,365.896,122.568,304,17,0.00,
20,16,bottom,host,354.104,357.432,124,68,0.00,
20,16,bottom,other,365.896,122.568,304,17,0.00,
20,17,bottom,host,354.104,357.432,124,68,0.00,
20,17,bottom,other,365.896,122.568,304,17,0.00,
21,1,bottom,host,180,240,124,68,0.00,
21,1,bottom,other,540,240,304,17,0.00,
21,2,bottom,host,192.436,248.388,124,68,0.00,
21,2,bottom,other,527.564,231.612,304,17,0.00,
21,3,bottom,host,204.872,256.776,124,68,0.00,
21,3,bottom,other,515.128,223.224,304,17,0.00,
21,4,bottom,host,217.308,265.164,124,68,0.00,
21,4,bottom,other,502.692,214.836,304,17,0.00,
21,5,bottom,host,229.744,273.552,124,68,0.00,
21,5,bottom,other,490.256,206.448,304,17,0.00,
21,6,bottom,host,242.18,281.94,124,68,0.00,
21,6,bottom,other,477.82,198.06,304,17,0.00,
21,7,bottom,host,254.616,290.328,124,68,0.00,
21,7,bottom,other,465.384,189.672,304,17,0.00,
21,8,bottom,host,267.052,298.716,124,68,0.00,
21,8,bottom,other,452.948,181.284,304,17,0.00,
21,9,bottom,host,279.488,307.104,124,68,0.00,
21,9,bottom,other,440.512,172.896,304,17,0.00,
21,10,bottom,host,291.924,315.492,124,68,0.00,
21,10,bottom,other,428.076,164.508,304,17,0.00,
21,11,bottom,host,304.36,323.88,124,68,0.00,
21,11,bottom,other,415.64,156.12,304,17,0.00,
21,12,bottom,host,316.796,332.268,124,68,0.00,
21,12,bottom,other,403.204,147.732,304,17,0.00,
21,13,bottom,host,329.232,340.656,124,68,0.00,
21,13,bottom,other,390.768,139.344,304,17,0.00,
21,14,bottom,host,341.668,349.044,124,68,0.00,
21,14,bottom,other,378.332,130.956,304,17,0.00,
21,15,bottom,host,354.104,357.432,124,72,0.00,
21,15,bottom,other,365.896,122.568,304,18,0.00,
21,16,bottom,host,354.104,357.432,124,72,0.00,
21,16,bottom,other,365.896,122.568,304,18,0.00,
21,17,bottom,host,354.104,357.432,124,72,0.00,
21,17,bottom,other,365.896,122.568,304,18,0.00,
22,1,bottom,host,180,240,124,72,0.00,
22,1,bottom,other,540,240,304,18,0.00,
22,2,bottom,host,192.436,248.388,124,72,0.00,
22,2,bottom,other,527.564,231.612,304,18,0.00,
22,3,bottom,host,204.872,256.776,124,72,0.00,
22,3,bottom,other,515.128,223.224,304,18,0.00,
22,4,bottom,host,217.308,265.164,124,72,0.00,
22,4,bottom,other,502.692,214.836,304,18,0.00,
22,5,bottom,host,229.744,273.552,124,72,0.00,
22,5,bottom,other,490.256,206.448,304,18,0.00,
22,6,bottom,host,242.18,281.94,124,72,0.00,
22,6,bottom,other,477.82,198.06,304,18,0.00,
22,7,bottom,host,254.616,290.328,124,72,0.00,
22,7,bottom,other,465.384,189.672,304,18,0.00,
22,8,bottom,host,267.052,298.716,124,72,0.00,
22,8,bottom,other,452.948,181.284,304,18,0.00,
22,9,bottom,host,279.488,307.104,124,72,0.00,
22,9,bottom,other,440.512,172.896,304,18,0.00,
22,10,bottom,host,291.924,315.492,124,72,0.00,
22,10,bottom,other,428.076,164.508,304,18,0.00,
22,11,bottom,host,304.36,323.88,124,72,0.00,
22,11,bottom,other,415.64,156.12,304,18,0.00,
22,12,bottom,host,316.796,332.268,124,72,0.00,
22,12,bottom,other,403.204,147.732,304,18,0.00,
22,13,bottom,host,329.232,340.656,124,72,0.00,
22,13,bottom,other,390.768,139.344,304,18,0.00,
22,14,bottom,host,341.668,349.044,124,72,0.00,
22,14,bottom,other,378.332,130.956,304,18,0.00,
22,15,bottom,host,354.104,357.432,124,76,0.00,
22,15,bottom,other,365.896,122.568,304,19,0.00,
22,16,bottom,host,354.104,357.432,124,76,0.00,
22,16,bottom,other,365.896,122.568,304,19,0.00,
22,17,bottom,host,354.104,357.432,124,76,0.00,
22,17,bottom,other,365.896,122.568,304,19,0.00,
23,1,top,host,180,240,56,76,0.00,
23,1,top,other,540,240,236,19,0.00,
23,2,top,host,192.436,231.612,56,76,0.00,
23,2,top,other,527.564,248.388,236,19,0.00,
23,3,top,host,204.872,223.224,56,76,0.00,
23,3,top,other,515.128,256.776,236,19,0.00,
23,4,top,host,217.308,214.836,56,76,0.00,
23,4,top,other,502.692,265.164,236,19,0.00,
23,5,top,host,229.744,206.448,56,76,0.00,
23,5,top,other,490.256,273.552,236,19,0.00,
23,6,top,host,242.18,198.06,56,76,0.00,
23,6,top,other,477.82,281.94,236,19,0.00,
23,7,top,host,254.616,189.672,56,76,0.00,
23,7,top,other,465.384,290.328,236,19,0.00,
23,8,top,host,267.052,181.284,56,76,0.00,
23,8,top,other,452.948,298.716,236,19,0.00,
23,9,top,host,279.488,172.896,56,76,0.00,
23,9,top,other,440.512,307.104,236,19,0.00,
23,10,top,host,291.924,164.508,56,76,0.00,
23,10,top,other,428.076,315.492,236,19,0.00,
23,11,top,host,304.36,156.12,56,76,0.00,
23,11,top,other,415.64,323.88,236,19,0.00,
23,12,top,host,316.796,147.732,56,76,0.00,
23,12,top,other,403.204,332.268,236,19,0.00,
23,13,top,host,329.232,139.344,56,76,0.00,
23,13,top,other,390.768,340.656,236,19,0.00,
23,14,top,host,341.668,130.956,56,76,0.00,
23,14,top,other,378.332,349.044,236,19,0.00,
23,15,top,host,354.104,122.568,56,80,0.00,
23,15,top,other,365.896,357.432,236,20,0.00,
23,16,top,host,354.104,122.568,56,80,0.00,
23,16,top,other,365.896,357.432,236,20,0.00,
23,17,top,host,354.104,122.568,56,80,0.00,
23,17,top,other,365.896,357.432,236,20,0.00,
24,1,top,host,180,240,56,80,0.00,
24,1,top,other,540,240,236,20,0.00,
24,2,top,host,192.436,231.612,56,80,0.00,
24,2,top,other,527.564,248.388,236,20,0.00,
24,3,top,host,204.872,223.224,56,80,0.00,
24,3,top,other,515.128,256.776,236,20,0.00,
24,4,top,host,217.308,214.836,56,80,0.00,
24,4,top,other,502.692,265.164,236,20,0.00,
24,5,top,host,229.744,206.448,56,80,0.00,
24,5,top,other,490.256,273.552,236,20,0.00,
24,6,top,host,242.18,198.06,56,80,0.00,
24,6,top,other,477.82,281.94,236,20,0.00,
24,7,top,host,254.616,189.672,56,80,0.00,
24,7,top,other,465.384,290.328,236,20,0.00,
24,8,top,host,267.052,181.284,56,80,0.00,
24,8,top,other,452.948,298.716,236,20,0.00,
24,9,top,host,279.488,172.896,56,80,0.00,
24,9,top,other,440.512,307.104,236,20,0.00,
24,10,top,host,291.924,164.508,56,80,0.00,
24,10,top,other,428.076,315.492,236,20,0.00,
24,11,top,host,304.36,156.12,56,80,0.00,
24,11,top,other,415.64,323.88,236,20,0.00,
24,12,top,host,316.796,147.732,56,80,0.00,
24,12,top,other,403.204,332.268,236,20,0.00,
24,13,top,host,329.232,139.344,56,80,0.00,
24,13,top,other,390.768,340.656,236,20,0.00,
24,14,top,host,341.668,130.956,56,80,0.00,
24,14,top,other,378.332,349.044,236,20,0.00,
24,15,top,host,354.104,122.568,56,84,0.00,
24,15,top,other,365.896,357.432,236,21,0.00,
24,16,top,host,354.104,122.568,56,84,0.00,
24,16,top,other,365.896,357.432,236,21,0.00,
24,17,top,host,354.104,122.568,56,84,0.00,
24,17,top,other,365.896,357.432,236,21,0.00,
25,1,top,host,180,240,56,84,0.00,
25,1,top,other,540,240,236,21,0.00,
25,2,top,host,192.436,231.612,56,84,0.00,
25,2,top,other,527.564,248.388,236,21,0.00,
25,3,top,host,204.872,223.224,56,84,0.00,
25,3,top,other,515.128,256.776,236,21,0.00,
25,4,top,host,217.308,214.836,56,84,0.00,
25,4,top,other,502.692,265.164,236,21,0.00,
25,5,top,host,229.744,206.448,56,84,0.00,
25,5,top,other,490.256,273.552,236,21,0.00,
25,6,top,host,242.18,198.06,56,84,0.00,
25,6,top,other,477.82,281.94,236,21,0.00,
25,7,top,host,254.616,189.672,56,84,0.00,
25,7,top,other,465.384,290.328,236,21,0.00,
25,8,top,host,267.052,181.284,56,84,0.00,
25,8,top,other,452.948,298.716,236,21,0.00,
25,9,top,host,279.488,172.896,56,84,0.00,
25,9,top,other,440.512,307.104,236,21,0.00,
25,10,top,host,291.924,164.508,56,84,0.00,
25,10,top,other,428.076,315.492,236,21,0.00,
25,11,top,host,304.36,156.12,56,84,0.00,
25,11,top,other,415.64,323.88,236,21,0.00,
25,12,top,host,316.796,147.732,56,84,0.00,
25,12,top,other,403.204,332.268,236,21,0.00,
25,13,top,host,329.232,139.344,56,84,0.00,
25,13,top,other,390.768,340.656,236,21,0.00,
25,14,top,host,341.668,130.956,56,84,0.00,
25,14,top,other,378.332,349.044,236,21,0.00,
25,15,top,host,354.104,122.568,56,88,0.00,
25,15,top,other,365.896,357.432,236,22,0.00,
25,16,top,host,354.104,122.568,56,88,0.00,
25,16,top,other,365.896,357.432,236,22,0.00,
25,17,top,host,354.104,122.568,56,88,0.00,
25,17,top,other,365.896,357.432,236,22,0.00,
26,1,top,host,180,240,56,88,0.00,
26,1,top,other,540,240,236,22,0.00,
26,2,top,host,192.436,231.612,56,88,0.00,
26,2,top,other,527.564,248.388,236,22,0.00,
26,3,top,host,204.872,223.224,56,88,0.00,
26,3,top,other,515.128,256.776,236,22,0.00,
26,4,top,host,217.308,214.836,56,88,0.00,
26,4,top,other,502.692,265.164,236,22,0.00,
26,5,top,host,229.744,206.448,56,88,0.00,
26,5,top,other,490.256,273.552,236,22,0.00,
26,6,top,host,242.18,198.06,56,88,0.00,
26,6,top,other,477.82,281.94,236,22,0.00,
26,7,top,host,254.616,189.672,56,88,0.00,
26,7,top,other,465.384,290.328,236,22,0.00,
26,8,top,host,267.052,181.284,56,88,0.00,
26,8,top,other,452.948,298.716,236,22,0.00,
26,9,top,host,279.488,172.896,56,88,0.00,
26,9,top,other,440.512,307.104,236,22,0.00,
26,10,top,host,291.924,164.508,56,88,0.00,
26,10,top,other,428.076,315.492,236,22,0.00,
26,11,top,host,304.36,156.12,56,88,0.00,
26,11,top,other,415.64,323.88,236,22,0.00,
26,12,top,host,316.796,147.732,56,88,0.00,
26,12,top,other,403.204,332.268,236,22,0.00,
26,13,top,host,329.232,139.344,56,88,0.00,
26,13,top,other,390.768,340.656,236,22,0.00,
26,14,top,host,341.668,130.956,56,88,0.00,
26,14,top,other,378.332,349.044,236,22,0.00,
26,15,top,host,354.104,122.568,56,92,0.00,
26,15,top,other,365.896,357.432,236,23,0.00,
26,16,top,host,354.104,122.568,56,92,0.00,
26,16,top,other,365.896,357.432,236,23,0.00,
26,17,top,host,354.104,122.568,56,92,0.00,
26,17,top,other,365.896,357.432,236,23,0.00,
27,1,top,host,180,240,56,92,0.00,
27,1,top,other,540,240,236,23,0.00,
27,2,top,host,192.436,231.612,56,92,0.00,
27,2,top,other,527.564,248.388,236,23,0.00,
27,3,top,host,204.872,223.224,56,92,0.00,
27,3,top,other,515.128,256.776,236,23,0.00,
27,4,top,host,217.308,214.836,56,92,0.00,
27,4,top,other,502.692,265.164,236,23,0.00,
27,5,top,host,229.744,206.448,56,92,0.00,
27,5,top,other,490.256,273.552,236,23,0.00,
27,6,top,host,242.18,198.06,56,92,0.00,
27,6,top,other,477.82,281.94,236,23,0.00,
27,7,top,host,254.616,189.672,56,92,0.00,
27,7,top,other,465.384,290.328,236,23,0.00,
27,8,top,host,267.052,181.284,56,92,0.00,
27,8,top,other,452.948,298.716,236,23,0.00,
27,9,top,host,279.488,172.896,56,92,0.00,
27,9,top,other,440.512,307.104,236,23,0.00,
27,10,top,host,291.924,164.508,56,92,0.00,
27,10,top,other,428.076,315.492,236,23,0.00,
27,11,top,host,304.36,156.12,56,92,0.00,
27,11,top,other,415.64,323.88,236,23,0.00,
27,12,top,host,316.796,147.732,56,92,0.00,
27,12,top,other,403.204,332.268,236,23,0.00,
27,13,top,host,329.232,139.344,56,92,0.00,
27,13,top,other,390.768,340.656,236,23,0.00,
27,14,top,host,341.668,130.956,56,92,0.00,
27,14,top,other,378.332,349.044,236,23,0.00,
27,15,top,host,354.104,122.568,56,96,0.00,
27,15,top,other,365.896,357.432,236,24,0.00,
27,16,top,host,354.104,122.568,56,96,0.00,
27,16,top,other,365.896,357.432,236,24,0.00,
27,17,top,host,354.104,122.568,56,96,0.00,
27,17,top,other,365.896,357.432,236,24,0.00,
28,1,top,host,180,240,56,96,0.00,
28,1,top,other,540,240,236,24,0.00,
28,2,top,host,192.436,231.612,56,96,0.00,
28,2,top,other,527.564,248.388,236,24,0.00,
28,3,top,host,204.872,223.224,56,96,0.00,
28,3,top,other,515.128,256.776,236,24,0.00,
28,4,top,host,217.308,214.836,56,96,0.00,
28,4,top,other,502.692,265.164,236,24,0.00,
28,5,top,host,229.744,206.448,56,96,0.00,
28,5,top,other,490.256,273.552,236,24,0.00,
28,6,top,host,242.18,198.06,56,96,0.00,
28,6,top,other,477.82,281.94,236,24,0.00,
28,7,top,host,254.616,189.672,56,96,0.00,
28,7,top,other,465.384,290.328,236,24,0.00,
28,8,top,host,267.052,181.284,56,96,0.00,
28,8,top,other,452.948,298.716,236,24,0.00,
28,9,top,host,279.488,172.896,56,96,0.00,
28,9,top,other,440.512,307.104,236,24,0.00,
28,10,top,host,291.924,164.508,56,96,0.00,
28,10,top,other,428.076,315.492,236,24,0.00,
28,11,top,host,304.36,156.12,56,96,0.00,
28,11,top,other,415.64,323.88,236,24,0.00,
28,12,top,host,316.796,147.732,56,96,0.00,
28,12,top,other,403.204,332.268,236,24,0.00,
28,13,top,host,329.232,139.344,56,96,0.00,
28,13,top,other,390.768,340.656,236,24,0.00,
28,14,top,host,341.668,130.956,56,96,0.00,
28,14,top,other,378.332,349.044,236,24,0.00,
28,15,top,host,354.104,122.568,56,100,0.00,
28,15,top,other,365.896,357.432,236,25,0.00,
28,16,top,host,354.104,122.568,56,100,0.00,
28,16,top,other,365.896,357.432,236,25,0.00,
28,17,top,host,354.104,122.568,56,100,0.00,
28,17,top,other,365.896,357.432,236,25,0.00,
29,1,top,host,180,240,124,100,0.00,
29,1,top,other,540,240,236,25,0.00,
29,2,top,host,192.436,248.388,124,100,0.00,
29,2,top,other,527.564,248.388,236,25,0.00,
29,3,top,host,204.872,256.776,124,100,0.00,
29,3,top,other,515.128,256.776,236,25,0.00,
29,4,top,host,217.308,265.164,124,100,0.00,
29,4,top,other,502.692,265.164,236,25,0.00,
29,5,top,host,229.744,273.552,124,100,0.00,
29,5,top,other,490.256,273.552,236,25,0.00,
29,6,top,host,242.18,281.94,124,100,0.00,
29,6,top,other,477.82,281.94,236,25,0.00,
29,7,top,host,254.616,290.328,124,100,0.00,
29,7,top,other,465.384,290.328,236,25,0.00,
29,8,top,host,267.052,298.716,124,100,0.00,
29,8,top,other,452.948,298.716,236,25,0.00,
29,9,top,host,279.488,307.104,124,100,0.00,
29,9,top,other,440.512,307.104,236,25,0.00,
29,10,top,host,291.924,315.492,124,100,0.00,
29,10,top,other,428.076,315.492,236,25,0.00,
29,11,top,host,304.36,323.88,124,100,0.00,
29,11,top,other,415.64,323.88,236,25,0.00,
29,12,top,host,316.796,332.268,124,100,0.00,
29,12,top,other,403.204,332.268,236,25,0.00,
29,13,top,host,329.232,340.656,124,100,0.00,
29,13,top,other,390.768,340.656,236,25,0.00,
29,14,top,host,341.668,349.044,124,100,0.00,
29,14,top,other,378.332,349.044,236,25,0.00,
29,15,top,host,354.104,357.432,124,100,0.00,
29,15,top,other,365.896,357.432,236,25,0.00,
29,16,top,host,354.104,357.432,124,100,0.00,
29,16,top,other,365.896,357.432,236,25,0.00,
29,17,top,host,354.104,357.432,124,100,0.00,
29,17,top,other,365.896,357.432,236,25,0.00,
30,1,bottom,host,180,240,124,100,0.00,
30,1,bottom,other,540,240,236,25,0.00,
30,2,bottom,host,192.436,248.388,124,100,0.00,
30,2,bottom,other,527.564,248.388,236,25,0.00,
30,3,bottom,host,204.872,256.776,124,100,0.00,
30,3,bottom,other,515.128,256.776,236,25,0.00,
30,4,bottom,host,217.308,265.164,124,100,0.00,
30,4,bottom,other,502.692,265.164,236,25,0.00,
30,5,bottom,host,229.744,273.552,124,100,0.00,
30,5,bottom,other,490.256,273.552,236,25,0.00,
30,6,bottom,host,242.18,281.94,124,100,0.00,
30,6,bottom,other,477.82,281.94,236,25,0.00,
30,7,bottom,host,254.616,290.328,124,100,0.00,
30,7,bottom,other,465.384,290.328,236,25,0.00,
30,8,bottom,host,267.052,298.716,124,100,0.00,
30,8,bottom,other,452.948,298.716,236,25,0.00,
30,9,bottom,host,279.488,307.104,124,100,0.00,
30,9,bottom,other,440.512,307.104,236,25,0.00,
30,10,bottom,host,291.924,315.492,124,100,0.00,
30,10,bottom,other,428.076,315.492,236,25,0.00,
30,11,bottom,host,304.36,323.88,124,100,0.00,
30,11,bottom,other,415.64,323.88,236,25,0.00,
30,12,bottom,host,316.796,332.268,124,100,0.00,
30,12,bottom,other,403.204,332.268,236,25,0.00,
30,13,bottom,host,329.232,340.656,124,100,0.00,
30,13,bottom,other,390.768,340.656,236,25,0.00,
30,14,bottom,host,341.668,349.044,124,100,0.00,
30,14,bottom,other,378.332,349.044,236,25,0.00,
30,15,bottom,host,354.104,357.432,124,100,0.00,
30,15,bottom,other,365.896,357.432,236,25,0.00,
30,16,bottom,host,354.104,357.432,124,100,0.00,
30,16,bottom,other,365.896,357.432,236,25,0.00,
30,17,bottom,host,354.104,357.432,124,100,0.00,
30,17,bottom,other,365.896,357.432,236,25,0.00,
31,1,top,host,180,240,56,100,0.00,
31,1,top,other,540,240,304,25,0.00,
31,2,top,host,192.436,231.612,56,100,0.00,
31,2,top,other,527.564,231.612,304,25,0.00,
31,3,top,host,204.872,223.224,56,100,0.00,
31,3,top,other,515.128,223.224,304,25,0.00,
31,4,top,host,217.308,214.836,56,100,0.00,
31,4,top,other,502.692,214.836,304,25,0.00,
31,5,top,host,229.744,206.448,56,100,0.00,
31,5,top,other,490.256,206.448,304,25,0.00,
31,6,top,host,242.18,198.06,56,100,0.00,
31,6,top,other,477.82,198.06,304,25,0.00,
31,7,top,host,254.616,189.672,56,100,0.00,
31,7,top,other,465.384,189.672,304,25,0.00,
31,8,top,host,267.052,181.284,56,100,0.00,
31,8,top,other,452.948,181.284,304,25,0.00,
31,9,top,host,279.488,172.896,56,100,0.00,
31,9,top,other,440.512,172.896,304,25,0.00,
31,10,top,host,291.924,164.508,56,100,0.00,
31,10,top,other,428.076,164.508,304,25,0.00,
31,11,top,host,304.36,156.12,56,100,0.00,
31,11,top,other,415.64,156.12,304,25,0.00,
31,12,top,host,316.796,147.732,56,100,0.00,
31,12,top,other,403.204,147.732,304,25,0.00,
31,13,top,host,329.232,139.344,56,100,0.00,
31,13,top,other,390.768,139.344,304,25,0.00,
31,14,top,host,341.668,130.956,56,100,0.00,
31,14,top,other,378.332,130.956,304,25,0.00,
31,15,top,host,354.104,122.568,56,100,0.00,
31,15,top,other,365.896,122.568,304,25,0.00,
31,16,top,host,354.104,122.568,56,100,0.00,
31,16,top,other,365.896,122.568,304,25,0.00,
31,17,top,host,354.104,122.568,56,100,0.00,
31,17,top,other,365.896,122.568,304,25,0.00,
32,1,bottom,host,180,240,56,100,0.00,
32,1,bottom,other,540,240,236,25,0.00,
32,2,bottom,host,192.436,231.612,56,100,0.00,
32,2,bottom,other,527.564,248.388,236,25,0.00,
32,3,bottom,host,204.872,223.224,56,100,0.00,
32,3,bottom,other,515.128,256.776,236,25,0.00,
32,4,bottom,host,217.308,214.836,56,100,0.00,
32,4,bottom,other,502.692,265.164,236,25,0.00,
32,5,bottom,host,229.744,206.448,56,100,0.00,
32,5,bottom,other,490.256,273.552,236,25,0.00,
32,6,bottom,host,242.18,198.06,56,100,0.00,
32,6,bottom,other,477.82,281.94,236,25,0.00,
32,7,bottom,host,254.616,189.672,56,100,0.00,
32,7,bottom,other,465.384,290.328,236,25,0.00,
32,8,bottom,host,267.052,181.284,56,100,0.00,
32,8,bottom,other,452.948,298.716,236,25,0.00,
32,9,bottom,host,279.488,172.896,56,100,0.00,
32,9,bottom,other,440.512,307.104,236,25,0.00,
32,10,bottom,host,291.924,164.508,56,100,0.00,
32,10,bottom,other,428.076,315.492,236,25,0.00,
32,11,bottom,host,304.36,156.12,56,100,0.00,
32,11,bottom,other,415.64,323.88,236,25,0.00,
32,12,bottom,host,316.796,147.732,56,100,0.00,
32,12,bottom,other,403.204,332.268,236,25,0.00,
32,13,bottom,host,329.232,139.344,56,100,0.00,
32,13,bottom,other,390.768,340.656,236,25,0.00,
32,14,bottom,host,341.668,130.956,56,100,0.00,
32,14,bottom,other,378.332,349.044,236,25,0.00,
32,15,bottom,host,354.104,122.568,56,101,0.00,
32,15,bottom,other,365.896,357.432,236,29,0.00,
32,16,bottom,host,354.104,122.568,56,101,0.00,
32,16,bottom,other,365.896,357.432,236,29,0.00,
32,17,bottom,host,354.104,122.568,56,101,0.00,
32,17,bottom,other,365.896,357.432,236,29,0.00,
33,1,bottom,host,180,240,56,101,0.00,
33,1,bottom,other,540,240,236,29,0.00,
33,2,bottom,host,192.436,231.612,56,101,0.00,
33,2,bottom,other,527.564,248.388,236,29,0.00,
33,3,bottom,host,204.872,223.224,56,101,0.00,
33,3,bottom,other,515.128,256.776,236,29,0.00,
33,4,bottom,host,217.308,214.836,56,101,0.00,
33,4,bottom,other,502.692,265.164,236,29,0.00,
33,5,bottom,host,229.744,206.448,56,101,0.00,
33,5,bottom,other,490.256,273.552,236,29,0.00,
33,6,bottom,host,242.18,198.06,56,101,0.00,
33,6,bottom,other,477.82,281.94,236,29,0.00,
33,7,bottom,host,254.616,189.672,56,101,0.00,
33,7,bottom,other,465.384,290.328,236,29,0.00,
33,8,bottom,host,267.052,181.284,56,101,0.00,
33,8,bottom,other,452.948,298.716,236,29,0.00,
33,9,bottom,host,279.488,172.896,56,101,0.00,
33,9,bottom,other,440.512,307.104,236,29,0.00,
33,10,bottom,host,291.924,164.508,56,101,0.00,
33,10,bottom,other,428.076,315.492,236,29,0.00,
33,11,bottom,host,304.36,156.12,56,101,0.00,
33,11,bottom,other,415.64,323.88,236,29,0.00,
33,12,bottom,host,316.796,147.732,56,101,0.00,
33,12,bottom,other,403.204,332.268,236,29,0.00,
33,13,bottom,host,329.232,139.344,56,101,0.00,
33,13,bottom,other,390.768,340.656,236,29,0.00,
33,14,bottom,host,341.668,130.956,56,101,0.00,
33,14,bottom,other,378.332,349.044,236,29,0.00,
33,15,bottom,host,354.104,122.568,56,102,0.00,
33,15,bottom,other,365.896,357.432,236,33,0.00,
33,16,bottom,host,354.104,122.568,56,102,0.00,
33,16,bottom,other,365.896,357.432,236,33,0.00,
33,17,bottom,host,354.104,122.568,56,102,0.00,
33,17,bottom,other,365.896,357.432,236,33,0.00,
34,1,top,host,180,240,124,102,0.00,
34,1,top,other,540,240,304,33,0.00,
34,2,top,host,192.436,248.388,124,102,0.00,
34,2,top,other,527.564,231.612,304,33,0.00,
34,3,top,host,204.872,256.776,124,102,0.00,
34,3,top,other,515.128,223.224,304,33,0.00,
34,4,top,host,217.308,265.164,124,102,0.00,
34,4,top,other,502.692,214.836,304,33,0.00,
34,5,top,host,229.744,273.552,124,102,0.00,
34,5,top,other,490.256,206.448,304,33,0.00,
34,6,top,host,242.18,281.94,124,102,0.00,
34,6,top,other,477.82,198.06,304,33,0.00,
34,7,top,host,254.616,290.328,124,102,0.00,
34,7,top,other,465.384,189.672,304,33,0.00,
34,8,top,host,267.052,298.716,124,102,0.00,
34,8,top,other,452.948,181.284,304,33,0.00,
34,9,top,host,279.488,307.104,124,102,0.00,
34,9,top,other,440.512,172.896,304,33,0.00,
34,10,top,host,291.924,315.492,124,102,0.00,
34,10,top,other,428.076,164.508,304,33,0.00,
34,11,top,host,304.36,323.88,124,102,0.00,
34,11,top,other,415.64,156.12,304,33,0.00,
34,12,top,host,316.796,332.268,124,102,0.00,
34,12,top,other,403.204,147.732,304,33,0.00,
34,13,top,host,329.232,340.656,124,102,0.00,
34,13,top,other,390.768,139.344,304,33,0.00,
34,14,top,host,341.668,349.044,124,102,0.00,
34,14,top,other,378.332,130.956,304,33,0.00,
34,15,top,host,354.104,357.432,124,103,0.00,
34,15,top,other,365.896,122.568,304,37,0.00,
34,16,top,host,354.104,357.432,124,103,0.00,
34,16,top,other,365.896,122.568,304,37,0.00,
34,17,top,host,354.104,357.432,124,103,0.00,
34,17,top,other,365.896,122.568,304,37,0.00,
35,1,top,host,180,240,124,103,0.00,
35,1,top,other,540,240,304,37,0.00,
35,2,top,host,192.436,248.388,124,103,0.00,
35,2,top,other,527.564,231.612,304,37,0.00,
35,3,top,host,204.872,256.776,124,103,0.00,
35,3,top,other,515.128,223.224,304,37,0.00,
35,4,top,host,217.308,265.164,124,103,0.00,
35,4,top,other,502.692,214.836,304,37,0.00,
35,5,top,host,229.744,273.552,124,103,0.00,
35,5,top,other,490.256,206.448,304,37,0.00,
35,6,top,host,242.18,281.94,124,103,0.00,
35,6,top,other,477.82,198.06,304,37,0.00,
35,7,top,host,254.616,290.328,124,103,0.00,
35,7,top,other,465.384,189.672,304,37,0.00,
35,8,top,host,267.052,298.716,124,103,0.00,
35,8,top,other,452.948,181.284,304,37,0.00,
35,9,top,host,279.488,307.104,124,103,0.00,
35,9,top,other,440.512,172.896,304,37,0.00,
35,10,top,host,291.924,315.492,124,103,0.00,
35,10,top,other,428.076,164.508,304,37,0.00,
35,11,top,host,304.36,323.88,124,103,0.00,
35,11,top,other,415.64,156.12,304,37,0.00,
35,12,top,host,316.796,332.268,124,103,0.00,
35,12,top,other,403.204,147.732,304,37,0.00,
35,13,top,host,329.232,340.656,124,103,0.00,
35,13,top,other,390.768,139.344,304,37,0.00,
35,14,top,host,341.668,349.044,124,103,0.00,
35,14,top,other,378.332,130.956,304,37,0.00,
35,15,top,host,354.104,357.432,124,104,0.00,
35,15,top,other,365.896,122.568,304,41,0.00,
35,16,top,host,354.104,357.432,124,104,0.00,
35,16,top,other,365.896,122.568,304,41,0.00,
35,17,top,host,354.104,357.432,124,104,0.00,
35,17,top,other,365.896,122.568,304,41,0.00,
36,1,top,host,180,240,124,104,0.00,
36,1,top,other,540,240,304,41,0.00,
36,2,top,host,192.436,248.388,124,104,0.00,
36,2,top,other,527.564,231.612,304,41,0.00,
36,3,top,host,204.872,256.776,124,104,0.00,
36,3,top,other,515.128,223.224,304,41,0.00,
36,4,top,host,217.308,265.164,124,104,0.00,
36,4,top,other,502.692,214.836,304,41,0.00,
36,5,top,host,229.744,273.552,124,104,0.00,
36,5,top,other,490.256,206.448,304,41,0.00,
36,6,top,host,242.18,281.94,124,104,0.00,
36,6,top,other,477.82,198.06,304,41,0.00,
36,7,top,host,254.616,290.328,124,104,0.00,
36,7,top,other,465.384,189.672,304,41,0.00,
36,8,top,host,267.052,298.716,124,104,0.00,
36,8,top,other,452.948,181.284,304,41,0.00,
36,9,top,host,279.488,307.104,124,104,0.00,
36,9,top,other,440.512,172.896,304,41,0.00,
36,10,top,host,291.924,315.492,124,104,0.00,
36,10,top,other,428.076,164.508,304,41,0.00,
36,11,top,host,304.36,323.88,124,104,0.00,
36,11,top,other,415.64,156.12,304,41,0.00,
36,12,top,host,316.796,332.268,124,104,0.00,
36,12,top,other,403.204,147.732,304,41,0.00,
36,13,top,host,329.232,340.656,124,104,0.00,
36,13,top,other,390.768,139.344,304,41,0.00,
36,14,top,host,341.668,349.044,124,104,0.00,
36,14,top,other,378.332,130.956,304,41,0.00,
36,15,top,host,354.104,357.432,124,105,0.00,
36,15,top,other,365.896,122.568,304,45,0.00,
36,16,top,host,354.104,357.432,124,105,0.00,
36,16,top,other,365.896,122.568,304,45,0.00,
36,17,top,host,354.104,357.432,124,105,0.00,
36,17,top,other,365.896,122.568,304,45,0.00,
37,1,bottom,host,180,240,56,105,0.00,
37,1,bottom,other,540,240,236,45,0.00,
37,2,bottom,host,192.436,231.612,56,105,0.00,
37,2,bottom,other,527.564,248.388,236,45,0.00,
37,3,bottom,host,204.872,223.224,56,105,0.00,
37,3,bottom,other,515.128,256.776,236,45,0.00,
37,4,bottom,host,217.308,214.836,56,105,0.00,
37,4,bottom,other,502.692,265.164,236,45,0.00,
37,5,bottom,host,229.744,206.448,56,105,0.00,
37,5,bottom,other,490.256,273.552,236,45,0.00,
37,6,bottom,host,242.18,198.06,56,105,0.00,
37,6,bottom,other,477.82,281.94,236,45,0.00,
37,7,bottom,host,254.616,189.672,56,105,0.00,
37,7,bottom,other,465.384,290.328,236,45,0.00,
37,8,bottom,host,267.052,181.284,56,105,0.00,
37,8,bottom,other,452.948,298.716,236,45,0.00,
37,9,bottom,host,279.488,172.896,56,105,0.00,
37,9,bottom,other,440.512,307.104,236,45,0.00,
37,10,bottom,host,291.924,164.508,56,105,0.00,
37,10,bottom,other,428.076,315.492,236,45,0.00,
37,11,bottom,host,304.36,156.12,56,105,0.00,
37,11,bottom,other,415.64,323.88,236,45,0.00,
37,12,bottom,host,316.796,147.732,56,105,0.00,
37,12,bottom,other,403.204,332.268,236,45,0.00,
37,13,bottom,host,329.232,139.344,56,105,0.00,
37,13,bottom,other,390.768,340.656,236,45,0.00,
37,14,bottom,host,341.668,130.956,56,105,0.00,
37,14,bottom,other,378.332,349.044,236,45,0.00,
37,15,bottom,host,354.104,122.568,56,106,0.00,
37,15,bottom,other,365.896,357.432,236,49,0.00,
37,16,bottom,host,354.104,122.568,56,106,0.00,
37,16,bottom,other,365.896,357.432,236,49,0.00,
37,17,bottom,host,354.104,122.568,56,106,0.00,
37,17,bottom,other,365.896,357.432,236,49,0.00,
38,1,top,host,180,240,124,106,0.00,
38,1,top,other,540,240,304,49,0.00,
38,2,top,host,192.436,248.388,124,106,0.00,
38,2,top,other,527.564,231.612,304,49,0.00,
38,3,top,host,204.872,256.776,124,106,0.00,
38,3,top,other,515.128,223.224,304,49,0.00,
38,4,top,host,217.308,265.164,124,106,0.00,
38,4,top,other,502.692,214.836,304,49,0.00,
38,5,top,host,229.744,273.552,124,106,0.00,
38,5,top,other,490.256,206.448,304,49,0.00,
38,6,top,host,242.18,281.94,124,106,0.00,
38,6,top,other,477.82,198.06,304,49,0.00,
38,7,top,host,254.616,290.328,124,106,0.00,
38,7,top,other,465.384,189.672,304,49,0.00,
38,8,top,host,267.052,298.716,124,106,0.00,
38,8,top,other,452.948,181.284,304,49,0.00,
38,9,top,host,279.488,307.104,124,106,0.00,
38,9,top,other,440.512,172.896,304,49,0.00,
38,10,top,host,291.924,315.492,124,106,0.00,
38,10,top,other,428.076,164.508,304,49,0.00,
38,11,top,host,304.36,323.88,124,106,0.00,
38,11,top,other,415.64,156.12,304,49,0.00,
38,12,top,host,316.796,332.268,124,106,0.00,
38,12,top,other,403.204,147.732,304,49,0.00,
38,13,top,host,329.232,340.656,124,106,0.00,
38,13,top,other,390.768,139.344,304,49,0.00,
38,14,top,host,341.668,349.044,124,106,0.00,
38,14,top,other,378.332,130.956,304,49,0.00,
38,15,top,host,354.104,357.432,124,107,0.00,
38,15,top,other,365.896,122.568,304,53,0.00,
38,16,top,host,354.104,357.432,124,107,0.00,
38,16,top,other,365.896,122.568,304,53,0.00,
38,17,top,host,354.104,357.432,124,107,0.00,
38,17,top,other,365.896,122.568,304,53,0.00,
39,1,bottom,host,180,240,56,107,0.00,
39,1,bottom,other,540,240,236,53,0.00,
39,2,bottom,host,192.436,231.612,56,107,0.00,
39,2,bottom,other,527.564,248.388,236,53,0.00,
39,3,bottom,host,204.872,223.224,56,107,0.00,
39,3,bottom,other,515.128,256.776,236,53,0.00,
39,4,bottom,host,217.308,214.836,56,107,0.00,
39,4,bottom,other,502.692,265.164,236,53,0.00,
39,5,bottom,host,229.744,206.448,56,107,0.00,
39,5,bottom,other,490.256,273.552,236,53,0.00,
39,6,bottom,host,242.18,198.06,56,107,0.00,
39,6,bottom,other,477.82,281.94,236,53,0.00,
39,7,bottom,host,254.616,189.672,56,107,0.00,
39,7,bottom,other,465.384,290.328,236,53,0.00,
39,8,bottom,host,267.052,181.284,56,107,0.00,
39,8,bottom,other,452.948,298.716,236,53,0.00,
39,9,bottom,host,279.488,172.896,56,107,0.00,
39,9,bottom,other,440.512,307.104,236,53,0.00,
39,10,bottom,host,291.924,164.508,56,107,0.00,
39,10,bottom,other,428.076,315.492,236,53,0.00,
39,11,bottom,host,304.36,156.12,56,107,0.00,
39,11,bottom,other,415.64,323.88,236,53,0.00,
39,12,bottom,host,316.796,147.732,56,107,0.00,
39,12,bottom,other,403.204,332.268,236,53,0.00,
39,13,bottom,host,329.232,139.344,56,107,0.00,
39,13,bottom,other,390.768,340.656,236,53,0.00,
39,14,bottom,host,341.668,130.956,56,107,0.00,
39,14,bottom,other,378.332,349.044,236,53,0.00,
39,15,bottom,host,354.104,122.568,56,108,0.00,
39,15,bottom,other,365.896,357.432,236,57,0.00,
39,16,bottom,host,354.104,122.568,56,108,0.00,
39,16,bottom,other,365.896,357.432,236,57,0.00,
39,17,bottom,host,354.104,122.568,56,108,0.00,
39,17,bottom,other,365.896,357.432,236,57,0.00,
40,1,top,host,180,240,124,108,0.00,
40,1,top,other,540,240,304,57,0.00,
40,2,top,host,192.436,248.388,124,108,0.00,
40,2,top,other,527.564,231.612,304,57,0.00,
40,3,top,host,204.872,256.776,124,108,0.00,
40,3,top,other,515.128,223.224,304,57,0.00,
40,4,top,host,217.308,265.164,124,108,0.00,
40,4,top,other,502.692,214.836,304,57,0.00,
40,5,top,host,229.744,273.552,124,108,0.00,
40,5,top,other,490.256,206.448,304,57,0.00,
40,6,top,host,242.18,281.94,124,108,0.00,
40,6,top,other,477.82,198.06,304,57,0.00,
40,7,top,host,254.616,290.328,124,108,0.00,
40,7,top,other,465.384,189.672,304,57,0.00,
40,8,top,host,267.052,298.716,124,108,0.00,
40,8,top,other,452.948,181.284,304,57,0.00,
40,9,top,host,279.488,307.104,124,108,0.00,
40,9,top,other,440.512,172.896,304,57,0.00,
40,10,top,host,291.924,315.492,124,108,0.00,
40,10,top,other,428.076,164.508,304,57,0.00,
40,11,top,host,304.36,323.88,124,108,0.00,
40,11,top,other,415.64,156.12,304,57,0.00,
40,12,top,host,316.796,332.268,124,108,0.00,
40,12,top,other,403.204,147.732,304,57,0.00,
40,13,top,host,329.232,340.656,124,108,0.00,
40,13,top,other,390.768,139.344,304,57,0.00,
40,14,top,host,341.668,349.044,124,108,0.00,
40,14,top,other,378.332,130.956,304,57,0.00,
40,15,top,host,354.104,357.432,124,109,0.00,
40,15,top,other,365.896,122.568,304,61,0.00,
40,16,top,host,354.104,357.432,124,109,0.00,
40,16,top,other,365.896,122.568,304,61,0.00,
40,17,top,host,354.104,357.432,124,109,0.00,
40,17,top,other,365.896,122.568,304,61,0.00,
41,1,top,host,180,240,124,109,0.00,
41,1,top,other,540,240,304,61,0.00,
41,2,top,host,192.436,248.388,124,109,0.00,
41,2,top,other,527.564,231.612,304,61,0.00,
41,3,top,host,204.872,256.776,124,109,0.00,
41,3,top,other,515.128,223.224,304,61,0.00,
41,4,top,host,217.308,265.164,124,109,0.00,
41,4,top,other,502.692,214.836,304,61,0.00,
41,5,top,host,229.744,273.552,124,109,0.00,
41,5,top,other,490.256,206.448,304,61,0.00,
41,6,top,host,242.18,281.94,124,109,0.00,
41,6,top,other,477.82,198.06,304,61,0.00,
41,7,top,host,254.616,290.328,124,109,0.00,
41,7,top,other,465.384,189.672,304,61,0.00,
41,8,top,host,267.052,298.716,124,109,0.00,
41,8,top,other,452.948,181.284,304,61,0.00,
41,9,top,host,279.488,307.104,124,109,0.00,
41,9,top,other,440.512,172.896,304,61,0.00,
41,10,top,host,291.924,315.492,124,109,0.00,
41,10,top,other,428.076,164.508,304,61,0.00,
41,11,top,host,304.36,323.88,124,109,0.00,
41,11,top,other,415.64,156.12,304,61,0.00,
41,12,top,host,316.796,332.268,124,109,0.00,
41,12,top,other,403.204,147.732,304,61,0.00,
41,13,top,host,329.232,340.656,124,109,0.00,
41,13,top,other,390.768,139.344,304,61,0.00,
41,14,top,host,341.668,349.044,124,109,0.00,
41,14,top,other,378.332,130.956,304,61,0.00,
41,15,top,host,354.104,357.432,124,110,0.00,
41,15,top,other,365.896,122.568,304,65,0.00,
41,16,top,host,354.104,357.432,124,110,0.00,
41,16,top,other,365.896,122.568,304,65,0.00,
41,17,top,host,354.104,357.432,124,110,0.00,
41,17,top,other,365.896,122.568,304,65,0.00,
42,1,top,host,180,240,124,110,0.00,
42,1,top,other,540,240,304,65,0.00,
42,2,top,host,192.436,248.388,124,110,0.00,
42,2,top,other,527.564,231.612,304,65,0.00,
42,3,top,host,204.872,256.776,124,110,0.00,
42,3,top,other,515.128,223.224,304,65,0.00,
42,4,top,host,217.308,265.164,124,110,0.00,
42,4,top,other,502.692,214.836,304,65,0.00,
42,5,top,host,229.744,273.552,124,110,0.00,
42,5,top,other,490.256,206.448,304,65,0.00,
42,6,top,host,242.18,281.94,124,110,0.00,
42,6,top,other,477.82,198.06,304,65,0.00,
42,7,top,host,254.616,290.328,124,110,0.00,
42,7,top,other,465.384,189.672,304,65,0.00,
42,8,top,host,267.052,298.716,124,110,0.00,
42,8,top,other,452.948,181.284,304,65,0.00,
42,9,top,host,279.488,307.104,124,110,0.00,
42,9,top,other,440.512,172.896,304,65,0.00,
42,10,top,host,291.924,315.492,124,110,0.00,
42,10,top,other,428.076,164.508,304,65,0.00,
42,11,top,host,304.36,323.88,124,110,0.00,
42,11,top,other,415.64,156.12,304,65,0.00,
42,12,top,host,316.796,332.268,124,110,0.00,
42,12,top,other,403.204,147.732,304,65,0.00,
42,13,top,host,329.232,340.656,124,110,0.00,
42,13,top,other,390.768,139.344,304,65,0.00,
42,14,top,host,341.668,349.044,124,110,0.00,
42,14,top,other,378.332,130.956,304,65,0.00,
42,15,top,host,354.104,357.432,124,111,0.00,
42,15,top,other,365.896,122.568,304,69,0.00,
42,16,top,host,354.104,357.432,124,111,0.00,
42,16,top,other,365.896,122.568,304,69,0.00,
42,17,top,host,354.104,357.432,124,111,0.00,
42,17,top,other,365.896,122.568,304,69,0.00,
43,1,bottom,host,180,240,56,111,0.00,
43,1,bottom,other,540,240,236,69,0.00,
43,2,bottom,host,192.436,231.612,56,111,0.00,
43,2,bottom,other,527.564,248.388,236,69,0.00,
43,3,bottom,host,204.872,223.224,56,111,0.00,
43,3,bottom,other,515.128,256.776,236,69,0.00,
43,4,bottom,host,217.308,214.836,56,111,0.00,
43,4,bottom,other,502.692,265.164,236,69,0.00,
43,5,bottom,host,229.744,206.448,56,111,0.00,
43,5,bottom,other,490.256,273.552,236,69,0.00,
43,6,bottom,host,242.18,198.06,56,111,0.00,
43,6,bottom,other,477.82,281.94,236,69,0.00,
43,7,bottom,host,254.616,189.672,56,111,0.00,
43,7,bottom,other,465.384,290.328,236,69,0.00,
43,8,bottom,host,267.052,181.284,56,111,0.00,
43,8,bottom,other,452.948,298.716,236,69,0.00,
43,9,bottom,host,279.488,172.896,56,111,0.00,
43,9,bottom,other,440.512,307.104,236,69,0.00,
43,10,bottom,host,291.924,164.508,56,111,0.00,
43,10,bottom,other,428.076,315.492,236,69,0.00,
43,11,bottom,host,304.36,156.12,56,111,0.00,
43,11,bottom,other,415.64,323.88,236,69,0.00,
43,12,bottom,host,316.796,147.732,56,111,0.00,
43,12,bottom,other,403.204,332.268,236,69,0.00,
43,13,bottom,host,329.232,139.344,56,111,0.00,
43,13,bottom,other,390.768,340.656,236,69,0.00,
43,14,bottom,host,341.668,130.956,56,111,0.00,
43,14,bottom,other,378.332,349.044,236,69,0.00,
43,15,bottom,host,354.104,122.568,56,112,0.00,
43,15,bottom,other,365.896,357.432,236,73,0.00,
43,16,bottom,host,354.104,122.568,56,112,0.00,
43,16,bottom,other,365.896,357.432,236,73,0.00,
43,17,bottom,host,354.104,122.568,56,112,0.00,
43,17,bottom,other,365.896,357.432,236,73,0.00,
44,1,top,host,180,240,124,112,0.00,
44,1,top,other,540,240,304,73,0.00,
44,2,top,host,192.436,248.388,124,112,0.00,
44,2,top,other,527.564,231.612,304,73,0.00,
44,3,top,host,204.872,256.776,124,112,0.00,
44,3,top,other,515.128,223.224,304,73,0.00,
44,4,top,host,217.308,265.164,124,112,0.00,
44,4,top,other,502.692,214.836,304,73,0.00,
44,5,top,host,229.744,273.552,124,112,0.00,
44,5,top,other,490.256,206.448,304,73,0.00,
44,6,top,host,242.18,281.94,124,112,0.00,
44,6,top,other,477.82,198.06,304,73,0.00,
44,7,top,host,254.616,290.328,124,112,0.00,
44,7,top,other,465.384,189.672,304,73,0.00,
44,8,top,host,267.052,298.716,124,112,0.00,
44,8,top,other,452.948,181.284,304,73,0.00,
44,9,top,host,279.488,307.104,124,112,0.00,
44,9,top,other,440.512,172.896,304,73,0.00,
44,10,top,host,291.924,315.492,124,112,0.00,
44,10,top,other,428.076,164.508,304,73,0.00,
44,11,top,host,304.36,323.88,124,112,0.00,
44,11,top,other,415.64,156.12,304,73,0.00,
44,12,top,host,316.796,332.268,124,112,0.00,
44,12,top,other,403.204,147.732,304,73,0.00,
44,13,top,host,329.232,340.656,124,112,0.00,
44,13,top,other,390.768,139.344,304,73,0.00,
44,14,top,host,341.668,349.044,124,112,0.00,
44,14,top,other,378.332,130.956,304,73,0.00,
44,15,top,host,354.104,357.432,124,113,0.00,
44,15,top,other,365.896,122.568,304,77,0.00,
44,16,top,host,354.104,357.432,124,113,0.00,
44,16,top,other,365.896,122.568,304,77,0.00,
44,17,top,host,354.104,357.432,124,113,0.00,
44,17,top,other,365.896,122.568,304,77,0.00,
45,1,bottom,host,180,240,56,113,0.00,
45,1,bottom,other,540,240,236,77,0.00,
45,2,bottom,host,192.436,231.612,56,113,0.00,
45,2,bottom,other,527.564,248.388,236,77,0.00,
45,3,bottom,host,204.872,223.224,56,113,0.00,
45,3,bottom,other,515.128,256.776,236,77,0.00,
45,4,bottom,host,217.308,214.836,56,113,0.00,
45,4,bottom,other,502.692,265.164,236,77,0.00,
45,5,bottom,host,229.744,206.448,56,113,0.00,
45,5,bottom,other,490.256,273.552,236,77,0.00,
45,6,bottom,host,242.18,198.06,56,113,0.00,
45,6,bottom,other,477.82,281.94,236,77,0.00,
45,7,bottom,host,254.616,189.672,56,113,0.00,
45,7,bottom,other,465.384,290.328,236,77,0.00,
45,8,bottom,host,267.052,181.284,56,113,0.00,
45,8,bottom,other,452.948,298.716,236,77,0.00,
45,9,bottom,host,279.488,172.896,56,113,0.00,
45,9,bottom,other,440.512,307.104,236,77,0.00,
45,10,bottom,host,291.924,164.508,56,113,0.00,
45,10,bottom,other,428.076,315.492,236,77,0.00,
45,11,bottom,host,304.36,156.12,56,113,0.00,
45,11,bottom,other,415.64,323.88,236,77,0.00,
45,12,bottom,host,316.796,147.732,56,113,0.00,
45,12,bottom,other,403.204,332.268,236,77,0.00,
45,13,bottom,host,329.232,139.344,56,113,0.00,
45,13,bottom,other,390.768,340.656,236,77,0.00,
45,14,bottom,host,341.668,130.956,56,113,0.00,
45,14,bottom,other,378.332,349.044,236,77,0.00,
45,15,bottom,host,354.104,122.568,56,114,0.00,
45,15,bottom,other,365.896,357.432,236,81,0.00,
45,16,bottom,host,354.104,122.568,56,114,0.00,
45,16,bottom,other,365.896,357.432,236,81,0.00,
45,17,bottom,host,354.104,122.568,56,114,0.00,
45,17,bottom,other,365.896,357.432,236,81,0.00,
46,1,bottom,host,180,240,56,114,0.00,
46,1,bottom,other,540,240,236,81,0.00,
46,2,bottom,host,192.436,231.612,56,114,0.00,
46,2,bottom,other,527.564,248.388,236,81,0.00,
46,3,bottom,host,204.872,223.224,56,114,0.00,
46,3,bottom,other,515.128,256.776,236,81,0.00,
46,4,bottom,host,217.308,214.836,56,114,0.00,
46,4,bottom,other,502.692,265.164,236,81,0.00,
46,5,bottom,host,229.744,206.448,56,114,0.00,
46,5,bottom,other,490.256,273.552,236,81,0.00,
46,6,bottom,host,242.18,198.06,56,114,0.00,
46,6,bottom,other,477.82,281.94,236,81,0.00,
46,7,bottom,host,254.616,189.672,56,114,0.00,
46,7,bottom,other,465.384,290.328,236,81,0.00,
46,8,bottom,host,267.052,181.284,56,114,0.00,
46,8,bottom,other,452.948,298.716,236,81,0.00,
46,9,bottom,host,279.488,172.896,56,114,0.00,
46,9,bottom,other,440.512,307.104,236,81,0.00,
46,10,bottom,host,291.924,164.508,56,114,0.00,
46,10,bottom,other,428.076,315.492,236,81,0.00,
46,11,bottom,host,304.36,156.12,56,114,0.00,
46,11,bottom,other,415.64,323.88,236,81,0.00,
46,12,bottom,host,316.796,147.732,56,114,0.00,
46,12,bottom,other,403.204,332.268,236,81,0.00,
46,13,bottom,host,329.232,139.344,56,114,0.00,
46,13,bottom,other,390.768,340.656,236,81,0.00,
46,14,bottom,host,341.668,130.956,56,114,0.00,
46,14,bottom,other,378.332,349.044,236,81,0.00,
46,15,bottom,host,354.104,122.568,56,115,0.00,
46,15,bottom,other,365.896,357.432,236,85,0.00,
46,16,bottom,host,354.104,122.568,56,115,0.00,
46,16,bottom,other,365.896,357.432,236,85,0.00,
46,17,bottom,host,354.104,122.568,56,115,0.00,
46,17,bottom,other,365.896,357.432,236,85,0.00,
47,1,bottom,host,180,240,56,115,0.00,
47,1,bottom,other,540,240,236,85,0.00,
47,2,bottom,host,192.436,231.612,56,115,0.00,
47,2,bottom,other,527.564,248.388,236,85,0.00,
47,3,bottom,host,204.872,223.224,56,115,0.00,
47,3,bottom,other,515.128,256.776,236,85,0.00,
47,4,bottom,host,217.308,214.836,56,115,0.00,
47,4,bottom,other,502.692,265.164,236,85,0.00,
47,5,bottom,host,229.744,206.448,56,115,0.00,
47,5,bottom,other,490.256,273.552,236,85,0.00,
47,6,bottom,host,242.18,198.06,56,115,0.00,
47,6,bottom,other,477.82,281.94,236,85,0.00,
47,7,bottom,host,254.616,189.672,56,115,0.00,
47,7,bottom,other,465.384,290.328,236,85,0.00,
47,8,bottom,host,267.052,181.284,56,115,0.00,
47,8,bottom,other,452.948,298.716,236,85,0.00,
47,9,bottom,host,279.488,172.896,56,115,0.00,
47,9,bottom,other,440.512,307.104,236,85,0.00,
47,10,bottom,host,291.924,164.508,56,115,0.00,
47,10,bottom,other,428.076,315.492,236,85,0.00,
47,11,bottom,host,304.36,156.12,56,115,0.00,
47,11,bottom,other,415.64,323.88,236,85,0.00,
47,12,bottom,host,316.796,147.732,56,115,0.00,
47,12,bottom,other,403.204,332.268,236,85,0.00,
47,13,bottom,host,329.232,139.344,56,115,0.00,
47,13,bottom,other,390.768,340.656,236,85,0.00,
47,14,bottom,host,341.668,130.956,56,115,0.00,
47,14,bottom,other,378.332,349.044,236,85,0.00,
47,15,bottom,host,354.104,122.568,56,116,0.00,
47,15,bottom,other,365.896,357.432,236,89,0.00,
47,16,bottom,host,354.104,122.568,56,116,0.00,
47,16,bottom,other,365.896,357.432,236,89,0.00,
47,17,bottom,host,354.104,122.568,56,116,0.00,
47,17,bottom,other,365.896,357.432,236,89,0.00,
48,1,top,host,180,240,124,116,0.00,
48,1,top,other,540,240,304,89,0.00,
48,2,top,host,192.436,248.388,124,116,0.00,
48,2,top,other,527.564,231.612,304,89,0.00,
48,3,top,host,204.872,256.776,124,116,0.00,
48,3,top,other,515.128,223.224,304,89,0.00,
48,4,top,host,217.308,265.164,124,116,0.00,
48,4,top,other,502.692,214.836,304,89,0.00,
48,5,top,host,229.744,273.552,124,116,0.00,
48,5,top,other,490.256,206.448,304,89,0.00,
48,6,top,host,242.18,281.94,124,116,0.00,
48,6,top,other,477.82,198.06,304,89,0.00,
48,7,top,host,254.616,290.328,124,116,0.00,
48,7,top,other,465.384,189.672,304,89,0.00,
48,8,top,host,267.052,298.716,124,116,0.00,
48,8,top,other,452.948,181.284,304,89,0.00,
48,9,top,host,279.488,307.104,124,116,0.00,
48,9,top,other,440.512,172.896,304,89,0.00,
48,10,top,host,291.924,315.492,124,116,0.00,
48,10,top,other,428.076,164.508,304,89,0.00,
48,11,top,host,304.36,323.88,124,116,0.00,
48,11,top,other,415.64,156.12,304,89,0.00,
48,12,top,host,316.796,332.268,124,116,0.00,
48,12,top,other,403.204,147.732,304,89,0.00,
48,13,top,host,329.232,340.656,124,116,0.00,
48,13,top,other,390.768,139.344,304,89,0.00,
48,14,top,host,341.668,349.044,124,116,0.00,
48,14,top,other,378.332,130.956,304,89,0.00,
48,15,top,host,354.104,357.432,124,117,0.00,
48,15,top,other,365.896,122.568,304,93,0.00,
48,16,top,host,354.104,357.432,124,117,0.00,
48,16,top,other,365.896,122.568,304,93,0.00,
48,17,top,host,354.104,357.432,124,117,0.00,
48,17,top,other,365.896,122.568,304,93,0.00,
49,1,top,host,180,240,124,117,0.00,
49,1,top,other,540,240,304,93,0.00,
49,2,top,host,192.436,248.388,124,117,0.00,
49,2,top,other,527.564,231.612,304,93,0.00,
49,3,top,host,204.872,256.776,124,117,0.00,
49,3,top,other,515.128,223.224,304,93,0.00,
49,4,top,host,217.308,265.164,124,117,0.00,
49,4,top,other,502.692,214.836,304,93,0.00,
49,5,top,host,229.744,273.552,124,117,0.00,
49,5,top,other,490.256,206.448,304,93,0.00,
49,6,top,host,242.18,281.94,124,117,0.00,
49,6,top,other,477.82,198.06,304,93,0.00,
49,7,top,host,254.616,290.328,124,117,0.00,
49,7,top,other,465.384,189.672,304,93,0.00,
49,8,top,host,267.052,298.716,124,117,0.00,
49,8,top,other,452.948,181.284,304,93,0.00,
49,9,top,host,279.488,307.104,124,117,0.00,
49,9,top,other,440.512,172.896,304,93,0.00,
49,10,top,host,291.924,315.492,124,117,0.00,
49,10,top,other,428.076,164.508,304,93,0.00,
49,11,top,host,304.36,323.88,124,117,0.00,
49,11,top,other,415.64,156.12,304,93,0.00,
49,12,top,host,316.796,332.268,124,117,0.00,
49,12,top,other,403.204,147.732,304,93,0.00,
49,13,top,host,329.232,340.656,124,117,0.00,
49,13,top,other,390.768,139.344,304,93,0.00,
49,14,top,host,341.668,349.044,124,117,0.00,
49,14,top,other,378.332,130.956,304,93,0.00,
49,15,top,host,354.104,357.432,124,118,0.00,
49,15,top,other,365.896,122.568,304,97,0.00,
49,16,top,host,354.104,357.432,124,118,0.00,
49,16,top,other,365.896,122.568,304,97,0.00,
49,17,top,host,354.104,357.432,124,118,0.00,
49,17,top,other,365.896,122.568,304,97,0.00,
50,1,top,host,180,240,124,118,0.00,
50,1,top,other,540,240,304,97,0.00,
50,2,top,host,192.436,248.388,124,118,0.00,
50,2,top,other,527.564,231.612,304,97,0.00,
50,3,top,host,204.872,256.776,124,118,0.00,
50,3,top,other,515.128,223.224,304,97,0.00,
50,4,top,host,217.308,265.164,124,118,0.00,
50,4,top,other,502.692,214.836,304,97,0.00,
50,5,top,host,229.744,273.552,124,118,0.00,
50,5,top,other,490.256,206.448,304,97,0.00,
50,6,top,host,242.18,281.94,124,118,0.00,
50,6,top,other,477.82,198.06,304,97,0.00,
50,7,top,host,254.616,290.328,124,118,0.00,
50,7,top,other,465.384,189.672,304,97,0.00,
50,8,top,host,267.052,298.716,124,118,0.00,
50,8,top,other,452.948,181.284,304,97,0.00,
50,9,top,host,279.488,307.104,124,118,0.00,
50,9,top,other,440.512,172.896,304,97,0.00,
50,10,top,host,291.924,315.492,124,118,0.00,
50,10,top,other,428.076,164.508,304,97,0.00,
50,11,top,host,304.36,323.88,124,118,0.00,
50,11,top,other,415.64,156.12,304,97,0.00,
50,12,top,host,316.796,332.268,124,118,0.00,
50,12,top,other,403.204,147.732,304,97,0.00,
50,13,top,host,329.232,340.656,124,118,0.00,
50,13,top,other,390.768,139.344,304,97,0.00,
50,14,top,host,341.668,349.044,124,118,0.00,
50,14,top,other,378.332,130.956,304,97,0.00,
50,15,top,host,354.104,357.432,124,119,0.00,
50,15,top,other,365.896,122.568,304,101,0.00,
50,16,top,host,354.104,357.432,124,119,0.00,
50,16,top,other,365.896,122.568,304,101,0.00,
50,17,top,host,354.104,357.432,124,119,0.00,
50,17,top,other,365.896,122.568,304,101,0.00,
