1,1,bottom,host,180,240,56,0,0.00,
1,1,bottom,other,540,240,236,0,0.00,
1,2,bottom,host,192.436,231.612,56,0,0.00,
1,2,bottom,other,527.564,248.388,236,0,0.00,
1,3,bottom,host,204.872,223.224,56,0,0.00,
1,3,bottom,other,515.128,256.776,236,0,0.00,
1,4,bottom,host,217.308,214.836,56,0,0.00,
1,4,bottom,other,502.692,265.164,236,0,0.00,
1,5,bottom,host,229.744,206.448,56,0,0.00,
1,5,bottom,other,490.256,273.552,236,0,0.00,
1,6,bottom,host,242.18,198.06,56,0,0.00,
1,6,bottom,other,477.82,281.94,236,0,0.00,
1,7,bottom,host,254.616,189.672,56,0,0.00,
1,7,bottom,other,465.384,290.328,236,0,0.00,
1,8,bottom,host,267.052,181.284,56,0,0.00,
1,8,bottom,other,452.948,298.716,236,0,0.00,
1,9,bottom,host,279.488,172.896,56,0,0.00,
1,9,bottom,other,440.512,307.104,236,0,0.00,
1,10,bottom,host,291.924,164.508,56,0,0.00,
1,10,bottom,other,428.076,315.492,236,0,0.00,
1,11,bottom,host,304.36,156.12,56,0,0.00,
1,11,bottom,other,415.64,323.88,236,0,0.00,
1,12,bottom,host,316.796,147.732,56,0,0.00,
1,12,bottom,other,403.204,332.268,236,0,0.00,
1,13,bottom,host,329.232,139.344,56,0,0.00,
1,13,bottom,other,390.768,340.656,236,0,0.00,
1,14,bottom,host,341.668,130.956,56,0,0.00,
1,14,bottom,other,378.332,349.044,236,0,0.00,
1,15,bottom,host,354.104,122.568,56,1,0.00,
1,15,bottom,other,365.896,357.432,236,4,0.00,
1,16,bottom,host,354.104,122.568,56,1,0.00,
1,16,bottom,other,365.896,357.432,236,4,0.00,
1,17,bottom,host,354.104,122.568,56,1,0.00,
1,17,bottom,other,365.896,357.432,236,4,0.00,
2,1,bottom,host,180,240,124,1,0.00,
2,1,bottom,other,540,240,236,4,0.00,
2,2,bottom,host,192.436,248.388,124,1,0.00,
2,2,bottom,other,527.564,248.388,236,4,0.00,
2,3,bottom,host,204.872,256.776,124,1,0.00,
2,3,bottom,other,515.128,256.776,236,4,0.00,
2,4,bottom,host,217.308,265.164,124,1,0.00,
2,4,bottom,other,502.692,265.164,236,4,0.00,
2,5,bottom,host,229.744,273.552,124,1,0.00,
2,5,bottom,other,490.256,273.552,236,4,0.00,
2,6,bottom,host,242.18,281.94,124,1,0.00,
2,6,bottom,other,477.82,281.94,236,4,0.00,
2,7,bottom,host,254.616,290.328,124,1,0.00,
2,7,bottom,other,465.384,290.328,236,4,0.00,
2,8,bottom,host,267.052,298.716,124,1,0.00,
2,8,bottom,other,452.948,298.716,236,4,0.00,
2,9,bottom,host,279.488,307.104,124,1,0.00,
2,9,bottom,other,440.512,307.104,236,4,0.00,
2,10,bottom,host,291.924,315.492,124,1,0.00,
2,10,bottom,other,428.076,315.492,236,4,0.00,
2,11,bottom,host,304.36,323.88,124,1,0.00,
2,11,bottom,other,415.64,323.88,236,4,0.00,
2,12,bottom,host,316.796,332.268,124,1,0.00,
2,12,bottom,other,403.204,332.268,236,4,0.00,
2,13,bottom,host,329.232,340.656,124,1,0.00,
2,13,bottom,other,390.768,340.656,236,4,0.00,
2,14,bottom,host,341.668,349.044,124,1,0.00,
2,14,bottom,other,378.332,349.044,236,4,0.00,
2,15,bottom,host,354.104,357.432,124,1,0.00,
2,15,bottom,other,365.896,357.432,236,4,0.00,
2,16,bottom,host,354.104,357.432,124,1,0.00,
2,16,bottom,other,365.896,357.432,236,4,0.00,
2,17,bottom,host,354.104,357.432,124,1,0.00,
2,17,bottom,other,365.896,357.432,236,4,0.00,
3,1,top,host,180,240,124,1,0.00,
3,1,top,other,540,240,304,4,0.00,
3,2,top,host,192.436,248.388,124,1,0.00,
3,2,top,other,527.564,231.612,304,4,0.00,
3,3,top,host,204.872,256.776,124,1,0.00,
3,3,top,other,515.128,223.224,304,4,0.00,
3,4,top,host,217.308,265.164,124,1,0.00,
3,4,top,other,502.692,214.836,304,4,0.00,
3,5,top,host,229.744,273.552,124,1,0.00,
3,5,top,other,490.256,206.448,304,4,0.00,
3,6,top,host,242.18,281.94,124,1,0.00,
3,6,top,other,477.82,198.06,304,4,0.00,
3,7,top,host,254.616,290.328,124,1,0.00,
3,7,top,other,465.384,189.672,304,4,0.00,
3,8,top,host,267.052,298.716,124,1,0.00,
3,8,top,other,452.948,181.284,304,4,0.00,
3,9,top,host,279.488,307.104,124,1,0.00,
3,9,top,other,440.512,172.896,304,4,0.00,
3,10,top,host,291.924,315.492,124,1,0.00,
3,10,top,other,428.076,164.508,304,4,0.00,
3,11,top,host,304.36,323.88,124,1,0.00,
3,11,top,other,415.64,156.12,304,4,0.00,
3,12,top,host,316.796,332.268,124,1,0.00,
3,12,top,other,403.204,147.732,304,4,0.00,
3,13,top,host,329.232,340.656,124,1,0.00,
3,13,top,other,390.768,139.344,304,4,0.00,
3,14,top,host,341.668,349.044,124,1,0.00,
3,14,top,other,378.332,130.956,304,4,0.00,
3,15,top,host,354.104,357.432,124,2,0.00,
3,15,top,other,365.896,122.568,304,8,0.00,
3,16,top,host,354.104,357.432,124,2,0.00,
3,16,top,other,365.896,122.568,304,8,0.00,
3,17,top,host,354.104,357.432,124,2,0.00,
3,17,top,other,365.896,122.568,304,8,0.00,
4,1,bottom,host,180,240,124,2,0.00,
4,1,bottom,other,540,240,236,8,0.00,
4,2,bottom,host,192.436,248.388,124,2,0.00,
4,2,bottom,other,527.564,248.388,236,8,0.00,
4,3,bottom,host,204.872,256.776,124,2,0.00,
4,3,bottom,other,515.128,256.776,236,8,0.00,
4,4,bottom,host,217.308,265.164,124,2,0.00,
4,4,bottom,other,502.692,265.164,236,8,0.00,
4,5,bottom,host,229.744,273.552,124,2,0.00,
4,5,bottom,other,490.256,273.552,236,8,0.00,
4,6,bottom,host,242.18,281.94,124,2,0.00,
4,6,bottom,other,477.82,281.94,236,8,0.00,
4,7,bottom,host,254.616,290.328,124,2,0.00,
4,7,bottom,other,465.384,290.328,236,8,0.00,
4,8,bottom,host,267.052,298.716,124,2,0.00,
4,8,bottom,other,452.948,298.716,236,8,0.00,
4,9,bottom,host,279.488,307.104,124,2,0.00,
4,9,bottom,other,440.512,307.104,236,8,0.00,
4,10,bottom,host,291.924,315.492,124,2,0.00,
4,10,bottom,other,428.076,315.492,236,8,0.00,
4,11,bottom,host,304.36,323.88,124,2,0.00,
4,11,bottom,other,415.64,323.88,236,8,0.00,
4,12,bottom,host,316.796,332.268,124,2,0.00,
4,12,bottom,other,403.204,332.268,236,8,0.00,
4,13,bottom,host,329.232,340.656,124,2,0.00,
4,13,bottom,other,390.768,340.656,236,8,0.00,
4,14,bottom,host,341.668,349.044,124,2,0.00,
4,14,bottom,other,378.332,349.044,236,8,0.00,
4,15,bottom,host,354.104,357.432,124,2,0.00,
4,15,bottom,other,365.896,357.432,236,8,0.00,
4,16,bottom,host,354.104,357.432,124,2,0.00,
4,16,bottom,other,365.896,357.432,236,8,0.00,
4,17,bottom,host,354.104,357.432,124,2,0.00,
4,17,bottom,other,365.896,357.432,236,8,0.00,
5,1,top,host,180,240,124,2,0.00,
5,1,top,other,540,240,304,8,0.00,
5,2,top,host,192.436,248.388,124,2,0.00,
5,2,top,other,527.564,231.612,304,8,0.00,
5,3,top,host,204.872,256.776,124,2,0.00,
5,3,top,other,515.128,223.224,304,8,0.00,
5,4,top,host,217.308,265.164,124,2,0.00,
5,4,top,other,502.692,214.836,304,8,0.00,
5,5,top,host,229.744,273.552,124,2,0.00,
5,5,top,other,490.256,206.448,304,8,0.00,
5,6,top,host,242.18,281.94,124,2,0.00,
5,6,top,other,477.82,198.06,304,8,0.00,
5,7,top,host,254.616,290.328,124,2,0.00,
5,7,top,other,465.384,189.672,304,8,0.00,
5,8,top,host,267.052,298.716,124,2,0.00,
5,8,top,other,452.948,181.284,304,8,0.00,
5,9,top,host,279.488,307.104,124,2,0.00,
5,9,top,other,440.512,172.896,304,8,0.00,
5,10,top,host,291.924,315.492,124,2,0.00,
5,10,top,other,428.076,164.508,304,8,0.00,
5,11,top,host,304.36,323.88,124,2,0.00,
5,11,top,other,415.64,156.12,304,8,0.00,
5,12,top,host,316.796,332.268,124,2,0.00,
5,12,top,other,403.204,147.732,304,8,0.00,
5,13,top,host,329.232,340.656,124,2,0.00,
5,13,top,other,390.768,139.344,304,8,0.00,
5,14,top,host,341.668,349.044,124,2,0.00,
5,14,top,other,378.332,130.956,304,8,0.00,
5,15,top,host,354.104,357.432,124,3,0.00,
5,15,top,other,365.896,122.568,304,12,0.00,
5,16,top,host,354.104,357.432,124,3,0.00,
5,16,top,other,365.896,122.568,304,12,0.00,
5,17,top,host,354.104,357.432,124,3,0.00,
5,17,top,other,365.896,122.568,304,12,0.00,
6,1,bottom,host,180,240,56,3,0.00,
6,1,bottom,other,540,240,236,12,0.00,
6,2,bottom,host,192.436,231.612,56,3,0.00,
6,2,bottom,other,527.564,248.388,236,12,0.00,
6,3,bottom,host,204.872,223.224,56,3,0.00,
6,3,bottom,other,515.128,256.776,236,12,0.00,
6,4,bottom,host,217.308,214.836,56,3,0.00,
6,4,bottom,other,502.692,265.164,236,12,0.00,
6,5,bottom,host,229.744,206.448,56,3,0.00,
6,5,bottom,other,490.256,273.552,236,12,0.00,
6,6,bottom,host,242.18,198.06,56,3,0.00,
6,6,bottom,other,477.82,281.94,236,12,0.00,
6,7,bottom,host,254.616,189.672,56,3,0.00,
6,7,bottom,other,465.384,290.328,236,12,0.00,
6,8,bottom,host,267.052,181.284,56,3,0.00,
6,8,bottom,other,452.948,298.716,236,12,0.00,
6,9,bottom,host,279.488,172.896,56,3,0.00,
6,9,bottom,other,440.512,307.104,236,12,0.00,
6,10,bottom,host,291.924,164.508,56,3,0.00,
6,10,bottom,other,428.076,315.492,236,12,0.00,
6,11,bottom,host,304.36,156.12,56,3,0.00,
6,11,bottom,other,415.64,323.88,236,12,0.00,
6,12,bottom,host,316.796,147.732,56,3,0.00,
6,12,bottom,other,403.204,332.268,236,12,0.00,
6,13,bottom,host,329.232,139.344,56,3,0.00,
6,13,bottom,other,390.768,340.656,236,12,0.00,
6,14,bottom,host,341.668,130.956,56,3,0.00,
6,14,bottom,other,378.332,349.044,236,12,0.00,
6,15,bottom,host,354.104,122.568,56,4,0.00,
6,15,bottom,other,365.896,357.432,236,16,0.00,
6,16,bottom,host,354.104,122.568,56,4,0.00,
6,16,bottom,other,365.896,357.432,236,16,0.00,
6,17,bottom,host,354.104,122.568,56,4,0.00,
6,17,bottom,other,365.896,357.432,236,16,0.00,
7,1,bottom,host,180,240,56,4,0.00,
7,1,bottom,other,540,240,236,16,0.00,
7,2,bottom,host,192.436,231.612,56,4,0.00,
7,2,bottom,other,527.564,248.388,236,16,0.00,
7,3,bottom,host,204.872,223.224,56,4,0.00,
7,3,bottom,other,515.128,256.776,236,16,0.00,
7,4,bottom,host,217.308,214.836,56,4,0.00,
7,4,bottom,other,502.692,265.164,236,16,0.00,
7,5,bottom,host,229.744,206.448,56,4,0.00,
7,5,bottom,other,490.256,273.552,236,16,0.00,
7,6,bottom,host,242.18,198.06,56,4,0.00,
7,6,bottom,other,477.82,281.94,236,16,0.00,
7,7,bottom,host,254.616,189.672,56,4,0.00,
7,7,bottom,other,465.384,290.328,236,16,0.00,
7,8,bottom,host,267.052,181.284,56,4,0.00,
7,8,bottom,other,452.948,298.716,236,16,0.00,
7,9,bottom,host,279.488,172.896,56,4,0.00,
7,9,bottom,other,440.512,307.104,236,16,0.00,
7,10,bottom,host,291.924,164.508,56,4,0.00,
7,10,bottom,other,428.076,315.492,236,16,0.00,
7,11,bottom,host,304.36,156.12,56,4,0.00,
7,11,bottom,other,415.64,323.88,236,16,0.00,
7,12,bottom,host,316.796,147.732,56,4,0.00,
7,12,bottom,other,403.204,332.268,236,16,0.00,
7,13,bottom,host,329.232,139.344,56,4,0.00,
7,13,bottom,other,390.768,340.656,236,16,0.00,
7,14,bottom,host,341.668,130.956,56,4,0.00,
7,14,bottom,other,378.332,349.044,236,16,0.00,
7,15,bottom,host,354.104,122.568,56,5,0.00,
7,15,bottom,other,365.896,357.432,236,20,0.00,
7,16,bottom,host,354.104,122.568,56,5,0.00,
7,16,bottom,other,365.896,357.432,236,20,0.00,
7,17,bottom,host,354.104,122.568,56,5,0.00,
7,17,bottom,other,365.896,357.432,236,20,0.00,
8,1,bottom,host,180,240,56,5,0.00,
8,1,bottom,other,540,240,236,20,0.00,
8,2,bottom,host,192.436,231.612,56,5,0.00,
8,2,bottom,other,527.564,248.388,236,20,0.00,
8,3,bottom,host,204.872,223.224,56,5,0.00,
8,3,bottom,other,515.128,256.776,236,20,0.00,
8,4,bottom,host,217.308,214.836,56,5,0.00,
8,4,bottom,other,502.692,265.164,236,20,0.00,
8,5,bottom,host,229.744,206.448,56,5,0.00,
8,5,bottom,other,490.256,273.552,236,20,0.00,
8,6,bottom,host,242.18,198.06,56,5,0.00,
8,6,bottom,other,477.82,281.94,236,20,0.00,
8,7,bottom,host,254.616,189.672,56,5,0.00,
8,7,bottom,other,465.384,290.328,236,20,0.00,
8,8,bottom,host,267.052,181.284,56,5,0.00,
8,8,bottom,other,452.948,298.716,236,20,0.00,
8,9,bottom,host,279.488,172.896,56,5,0.00,
8,9,bottom,other,440.512,307.104,236,20,0.00,
8,10,bottom,host,291.924,164.508,56,5,0.00,
8,10,bottom,other,428.076,315.492,236,20,0.00,
8,11,bottom,host,304.36,156.12,56,5,0.00,
8,11,bottom,other,415.64,323.88,236,20,0.00,
8,12,bottom,host,316.796,147.732,56,5,0.00,
8,12,bottom,other,403.204,332.268,236,20,0.00,
8,13,bottom,host,329.232,139.344,56,5,0.00,
8,13,bottom,other,390.768,340.656,236,20,0.00,
8,14,bottom,host,341.668,130.956,56,5,0.00,
8,14,bottom,other,378.332,349.044,236,20,0.00,
8,15,bottom,host,354.104,122.568,56,6,0.00,
8,15,bottom,other,365.896,357.432,236,24,0.00,
8,16,bottom,host,354.104,122.568,56,6,0.00,
8,16,bottom,other,365.896,357.432,236,24,0.00,
8,17,bottom,host,354.104,122.568,56,6,0.00,
8,17,bottom,other,365.896,357.432,236,24,0.00,
9,1,bottom,host,180,240,56,6,0.00,
9,1,bottom,other,540,240,236,24,0.00,
9,2,bottom,host,192.436,231.612,56,6,0.00,
9,2,bottom,other,527.564,248.388,236,24,0.00,
9,3,bottom,host,204.872,223.224,56,6,0.00,
9,3,bottom,other,515.128,256.776,236,24,0.00,
9,4,bottom,host,217.308,214.836,56,6,0.00,
9,4,bottom,other,502.692,265.164,236,24,0.00,
9,5,bottom,host,229.744,206.448,56,6,0.00,
9,5,bottom,other,490.256,273.552,236,24,0.00,
9,6,bottom,host,242.18,198.06,56,6,0.00,
9,6,bottom,other,477.82,281.94,236,24,0.00,
9,7,bottom,host,254.616,189.672,56,6,0.00,
9,7,bottom,other,465.384,290.328,236,24,0.00,
9,8,bottom,host,267.052,181.284,56,6,0.00,
9,8,bottom,other,452.948,298.716,236,24,0.00,
9,9,bottom,host,279.488,172.896,56,6,0.00,
9,9,bottom,other,440.512,307.104,236,24,0.00,
9,10,bottom,host,291.924,164.508,56,6,0.00,
9,10,bottom,other,428.076,315.492,236,24,0.00,
9,11,bottom,host,304.36,156.12,56,6,0.00,
9,11,bottom,other,415.64,323.88,236,24,0.00,
9,12,bottom,host,316.796,147.732,56,6,0.00,
9,12,bottom,other,403.204,332.268,236,24,0.00,
9,13,bottom,host,329.232,139.344,56,6,0.00,
9,13,bottom,other,390.768,340.656,236,24,0.00,
9,14,bottom,host,341.668,130.956,56,6,0.00,
9,14,bottom,other,378.332,349.044,236,24,0.00,
9,15,bottom,host,354.104,122.568,56,7,0.00,
9,15,bottom,other,365.896,357.432,236,28,0.00,
9,16,bottom,host,354.104,122.568,56,7,0.00,
9,16,bottom,other,365.896,357.432,236,28,0.00,
9,17,bottom,host,354.104,122.568,56,7,0.00,
9,17,bottom,other,365.896,357.432,236,28,0.00,
10,1,top,host,180,240,124,7,0.00,
10,1,top,other,540,240,304,28,0.00,
10,2,top,host,192.436,248.388,124,7,0.00,
10,2,top,other,527.564,231.612,304,28,0.00,
10,3,top,host,204.872,256.776,124,7,0.00,
10,3,top,other,515.128,223.224,304,28,0.00,
10,4,top,host,217.308,265.164,124,7,0.00,
10,4,top,other,502.692,214.836,304,28,0.00,
10,5,top,host,229.744,273.552,124,7,0.00,
10,5,top,other,490.256,206.448,304,28,0.00,
10,6,top,host,242.18,281.94,124,7,0.00,
10,6,top,other,477.82,198.06,304,28,0.00,
10,7,top,host,254.616,290.328,124,7,0.00,
10,7,top,other,465.384,189.672,304,28,0.00,
10,8,top,host,267.052,298.716,124,7,0.00,
10,8,top,other,452.948,181.284,304,28,0.00,
10,9,top,host,279.488,307.104,124,7,0.00,
10,9,top,other,440.512,172.896,304,28,0.00,
10,10,top,host,291.924,315.492,124,7,0.00,
10,10,top,other,428.076,164.508,304,28,0.00,
10,11,top,host,304.36,323.88,124,7,0.00,
10,11,top,other,415.64,156.12,304,28,0.00,
10,12,top,host,316.796,332.268,124,7,0.00,
10,12,top,other,403.204,147.732,304,28,0.00,
10,13,top,host,329.232,340.656,124,7,0.00,
10,13,top,other,390.768,139.344,304,28,0.00,
10,14,top,host,341.668,349.044,124,7,0.00,
10,14,top,other,378.332,130.956,304,28,0.00,
10,15,top,host,354.104,357.432,124,8,0.00,
10,15,top,other,365.896,122.568,304,32,0.00,
10,16,top,host,354.104,357.432,124,8,0.00,
10,16,top,other,365.896,122.568,304,32,0.00,
10,17,top,host,354.104,357.432,124,8,0.00,
10,17,top,other,365.896,122.568,304,32,0.00,
11,1,top,host,180,240,124,8,0.00,
11,1,top,other,540,240,304,32,0.00,
11,2,top,host,192.436,248.388,124,8,0.00,
11,2,top,other,527.564,231.612,304,32,0.00,
11,3,top,host,204.872,256.776,124,8,0.00,
11,3,top,other,515.128,223.224,304,32,0.00,
11,4,top,host,217.308,265.164,124,8,0.00,
11,4,top,other,502.692,214.836,304,32,0.00,
11,5,top,host,229.744,273.552,124,8,0.00,
11,5,top,other,490.256,206.448,304,32,0.00,
11,6,top,host,242.18,281.94,124,8,0.00,
11,6,top,other,477.82,198.06,304,32,0.00,
11,7,top,host,254.616,290.328,124,8,0.00,
11,7,top,other,465.384,189.672,304,32,0.00,
11,8,top,host,267.052,298.716,124,8,0.00,
11,8,top,other,452.948,181.284,304,32,0.00,
11,9,top,host,279.488,307.104,124,8,0.00,
11,9,top,other,440.512,172.896,304,32,0.00,
11,10,top,host,291.924,315.492,124,8,0.00,
11,10,top,other,428.076,164.508,304,32,0.00,
11,11,top,host,304.36,323.88,124,8,0.00,
11,11,top,other,415.64,156.12,304,32,0.00,
11,12,top,host,316.796,332.268,124,8,0.00,
11,12,top,other,403.204,147.732,304,32,0.00,
11,13,top,host,329.232,340.656,124,8,0.00,
11,13,top,other,390.768,139.344,304,32,0.00,
11,14,top,host,341.668,349.044,124,8,0.00,
11,14,top,other,378.332,130.956,304,32,0.00,
11,15,top,host,354.104,357.432,124,9,0.00,
11,15,top,other,365.896,122.568,304,36,0.00,
11,16,top,host,354.104,357.432,124,9,0.00,
11,16,top,other,365.896,122.568,304,36,0.00,
11,17,top,host,354.104,357.432,124,9,0.00,
11,17,top,other,365.896,122.568,304,36,0.00,
12,1,top,host,180,240,124,9,0.00,
12,1,top,other,540,240,304,36,0.00,
12,2,top,host,192.436,248.388,124,9,0.00,
12,2,top,other,527.564,231.612,304,36,0.00,
12,3,top,host,204.872,256.776,124,9,0.00,
12,3,top,other,515.128,223.224,304,36,0.00,
12,4,top,host,217.308,265.164,124,9,0.00,
12,4,top,other,502.692,214.836,304,36,0.00,
12,5,top,host,229.744,273.552,124,9,0.00,
12,5,top,other,490.256,206.448,304,36,0.00,
12,6,top,host,242.18,281.94,124,9,0.00,
12,6,top,other,477.82,198.06,304,36,0.00,
12,7,top,host,254.616,290.328,124,9,0.00,
12,7,top,other,465.384,189.672,304,36,0.00,
12,8,top,host,267.052,298.716,124,9,0.00,
12,8,top,other,452.948,181.284,304,36,0.00,
12,9,top,host,279.488,307.104,124,9,0.00,
12,9,top,other,440.512,172.896,304,36,0.00,
12,10,top,host,291.924,315.492,124,9,0.00,
12,10,top,other,428.076,164.508,304,36,0.00,
12,11,top,host,304.36,323.88,124,9,0.00,
12,11,top,other,415.64,156.12,304,36,0.00,
12,12,top,host,316.796,332.268,124,9,0.00,
12,12,top,other,403.204,147.732,304,36,0.00,
12,13,top,host,329.232,340.656,124,9,0.00,
12,13,top,other,390.768,139.344,304,36,0.00,
12,14,top,host,341.668,349.044,124,9,0.00,
12,14,top,other,378.332,130.956,304,36,0.00,
12,15,top,host,354.104,357.432,124,10,0.00,
12,15,top,other,365.896,122.568,304,40,0.00,
12,16,top,host,354.104,357.432,124,10,0.00,
12,16,top,other,365.896,122.568,304,40,0.00,
12,17,top,host,354.104,357.432,124,10,0.00,
12,17,top,other,365.896,122.568,304,40,0.00,
13,1,top,host,180,240,124,10,0.00,
13,1,top,other,540,240,304,40,0.00,
13,2,top,host,192.436,248.388,124,10,0.00,
13,2,top,other,527.564,231.612,304,40,0.00,
13,3,top,host,204.872,256.776,124,10,0.00,
13,3,top,other,515.128,223.224,304,40,0.00,
13,4,top,host,217.308,265.164,124,10,0.00,
13,4,top,other,502.692,214.836,304,40,0.00,
13,5,top,host,229.744,273.552,124,10,0.00,
13,5,top,other,490.256,206.448,304,40,0.00,
13,6,top,host,242.18,281.94,124,10,0.00,
13,6,top,other,477.82,198.06,304,40,0.00,
13,7,top,host,254.616,290.328,124,10,0.00,
13,7,top,other,465.384,189.672,304,40,0.00,
13,8,top,host,267.052,298.716,124,10,0.00,
13,8,top,other,452.948,181.284,304,40,0.00,
13,9,top,host,279.488,307.104,124,10,0.00,
13,9,top,other,440.512,172.896,304,40,0.00,
13,10,top,host,291.924,315.492,124,10,0.00,
13,10,top,other,428.076,164.508,304,40,0.00,
13,11,top,host,304.36,323.88,124,10,0.00,
13,11,top,other,415.64,156.12,304,40,0.00,
13,12,top,host,316.796,332.268,124,10,0.00,
13,12,top,other,403.204,147.732,304,40,0.00,
13,13,top,host,329.232,340.656,124,10,0.00,
13,13,top,other,390.768,139.344,304,40,0.00,
13,14,top,host,341.668,349.044,124,10,0.00,
13,14,top,other,378.332,130.956,304,40,0.00,
13,15,top,host,354.104,357.432,124,11,0.00,
13,15,top,other,365.896,122.568,304,44,0.00,
13,16,top,host,354.104,357.432,124,11,0.00,
13,16,top,other,365.896,122.568,304,44,0.00,
13,17,top,host,354.104,357.432,124,11,0.00,
13,17,top,other,365.896,122.568,304,44,0.00,
14,1,top,host,180,240,56,11,0.00,
14,1,top,other,540,240,304,44,0.00,
14,2,top,host,192.436,231.612,56,11,0.00,
14,2,top,other,527.564,231.612,304,44,0.00,
14,3,top,host,204.872,223.224,56,11,0.00,
14,3,top,other,515.128,223.224,304,44,0.00,
14,4,top,host,217.308,214.836,56,11,0.00,
14,4,top,other,502.692,214.836,304,44,0.00,
14,5,top,host,229.744,206.448,56,11,0.00,
14,5,top,other,490.256,206.448,304,44,0.00,
14,6,top,host,242.18,198.06,56,11,0.00,
14,6,top,other,477.82,198.06,304,44,0.00,
14,7,top,host,254.616,189.672,56,11,0.00,
14,7,top,other,465.384,189.672,304,44,0.00,
14,8,top,host,267.052,181.284,56,11,0.00,
14,8,top,other,452.948,181.284,304,44,0.00,
14,9,top,host,279.488,172.896,56,11,0.00,
14,9,top,other,440.512,172.896,304,44,0.00,
14,10,top,host,291.924,164.508,56,11,0.00,
14,10,top,other,428.076,164.508,304,44,0.00,
14,11,top,host,304.36,156.12,56,11,0.00,
14,11,top,other,415.64,156.12,304,44,0.00,
14,12,top,host,316.796,147.732,56,11,0.00,
14,12,top,other,403.204,147.732,304,44,0.00,
14,13,top,host,329.232,139.344,56,11,0.00,
14,13,top,other,390.768,139.344,304,44,0.00,
14,14,top,host,341.668,130.956,56,11,0.00,
14,14,top,other,378.332,130.956,304,44,0.00,
14,15,top,host,354.104,122.568,56,11,0.00,
14,15,top,other,365.896,122.568,304,44,0.00,
14,16,top,host,354.104,122.568,56,11,0.00,
14,16,top,other,365.896,122.568,304,44,0.00,
14,17,top,host,354.104,122.568,56,11,0.00,
14,17,top,other,365.896,122.568,304,44,0.00,
15,1,bottom,host,180,240,56,11,0.00,
15,1,bottom,other,540,240,236,44,0.00,
15,2,bottom,host,192.436,231.612,56,11,0.00,
15,2,bottom,other,527.564,248.388,236,44,0.00,
15,3,bottom,host,204.872,223.224,56,11,0.00,
15,3,bottom,other,515.128,256.776,236,44,0.00,
15,4,bottom,host,217.308,214.836,56,11,0.00,
15,4,bottom,other,502.692,265.164,236,44,0.00,
15,5,bottom,host,229.744,206.448,56,11,0.00,
15,5,bottom,other,490.256,273.552,236,44,0.00,
15,6,bottom,host,242.18,198.06,56,11,0.00,
15,6,bottom,other,477.82,281.94,236,44,0.00,
15,7,bottom,host,254.616,189.672,56,11,0.00,
15,7,bottom,other,465.384,290.328,236,44,0.00,
15,8,bottom,host,267.052,181.284,56,11,0.00,
15,8,bottom,other,452.948,298.716,236,44,0.00,
15,9,bottom,host,279.488,172.896,56,11,0.00,
15,9,bottom,other,440.512,307.104,236,44,0.00,
15,10,bottom,host,291.924,164.508,56,11,0.00,
15,10,bottom,other,428.076,315.492,236,44,0.00,
15,11,bottom,host,304.36,156.12,56,11,0.00,
15,11,bottom,other,415.64,323.88,236,44,0.00,
15,12,bottom,host,316.796,147.732,56,11,0.00,
15,12,bottom,other,403.204,332.268,236,44,0.00,
15,13,bottom,host,329.232,139.344,56,11,0.00,
15,13,bottom,other,390.768,340.656,236,44,0.00,
15,14,bottom,host,341.668,130.956,56,11,0.00,
15,14,bottom,other,378.332,349.044,236,44,0.00,
15,15,bottom,host,354.104,122.568,56,12,0.00,
15,15,bottom,other,365.896,357.432,236,48,0.00,
15,16,bottom,host,354.104,122.568,56,12,0.00,
15,16,bottom,other,365.896,357.432,236,48,0.00,
15,17,bottom,host,354.104,122.568,56,12,0.00,
15,17,bottom,other,365.896,357.432,236,48,0.00,
15,18,bottom,host,354.104,122.568,56,12,0.00,
15,18,bottom,other,365.896,357.432,236,48,0.00,
16,1,bottom,host,180,240,56,12,0.00,
16,1,bottom,other,540,240,236,48,0.00,
16,2,bottom,host,192.436,231.612,56,12,0.00,
16,2,bottom,other,527.564,248.388,236,48,0.00,
16,3,bottom,host,204.872,223.224,56,12,0.00,
16,3,bottom,other,515.128,256.776,236,48,0.00,
16,4,bottom,host,217.308,214.836,56,12,0.00,
16,4,bottom,other,502.692,265.164,236,48,0.00,
16,5,bottom,host,229.744,206.448,56,12,0.00,
16,5,bottom,other,490.256,273.552,236,48,0.00,
16,6,bottom,host,242.18,198.06,56,12,0.00,
16,6,bottom,other,477.82,281.94,236,48,0.00,
16,7,bottom,host,254.616,189.672,56,12,0.00,
16,7,bottom,other,465.384,290.328,236,48,0.00,
16,8,bottom,host,267.052,181.284,56,12,0.00,
16,8,bottom,other,452.948,298.716,236,48,0.00,
16,9,bottom,host,279.488,172.896,56,12,0.00,
16,9,bottom,other,440.512,307.104,236,48,0.00,
16,10,bottom,host,291.924,164.508,56,12,0.00,
16,10,bottom,other,428.076,315.492,236,48,0.00,
16,11,bottom,host,304.36,156.12,56,12,0.00,
16,11,bottom,other,415.64,323.88,236,48,0.00,
16,12,bottom,host,316.796,147.732,56,12,0.00,
16,12,bottom,other,403.204,332.268,236,48,0.00,
16,13,bottom,host,329.232,139.344,56,12,0.00,
16,13,bottom,other,390.768,340.656,236,48,0.00,
16,14,bottom,host,341.668,130.956,56,12,0.00,
16,14,bottom,other,378.332,349.044,236,48,0.00,
16,15,bottom,host,354.104,122.568,56,13,0.00,
16,15,bottom,other,365.896,357.432,236,52,0.00,
16,16,bottom,host,354.104,122.568,56,13,0.00,
16,16,bottom,other,365.896,357.432,236,52,0.00,
16,17,bottom,host,354.104,122.568,56,13,0.00,
16,17,bottom,other,365.896,357.432,236,52,0.00,
17,1,top,host,180,240,124,13,0.00,
17,1,top,other,540,240,304,52,0.00,
17,2,top,host,192.436,248.388,124,13,0.00,
17,2,top,other,527.564,231.612,304,52,0.00,
17,3,top,host,204.872,256.776,124,13,0.00,
17,3,top,other,515.128,223.224,304,52,0.00,
17,4,top,host,217.308,265.164,124,13,0.00,
17,4,top,other,502.692,214.836,304,52,0.00,
17,5,top,host,229.744,273.552,124,13,0.00,
17,5,top,other,490.256,206.448,304,52,0.00,
17,6,top,host,242.18,281.94,124,13,0.00,
17,6,top,other,477.82,198.06,304,52,0.00,
17,7,top,host,254.616,290.328,124,13,0.00,
17,7,top,other,465.384,189.672,304,52,0.00,
17,8,top,host,267.052,298.716,124,13,0.00,
17,8,top,other,452.948,181.284,304,52,0.00,
17,9,top,host,279.488,307.104,124,13,0.00,
17,9,top,other,440.512,172.896,304,52,0.00,
17,10,top,host,291.924,315.492,124,13,0.00,
17,10,top,other,428.076,164.508,304,52,0.00,
17,11,top,host,304.36,323.88,124,13,0.00,
17,11,top,other,415.64,156.12,304,52,0.00,
17,12,top,host,316.796,332.268,124,13,0.00,
17,12,top,other,403.204,147.732,304,52,0.00,
17,13,top,host,329.232,340.656,124,13,0.00,
17,13,top,other,390.768,139.344,304,52,0.00,
17,14,top,host,341.668,349.044,124,13,0.00,
17,14,top,other,378.332,130.956,304,52,0.00,
17,15,top,host,354.104,357.432,124,14,0.00,
17,15,top,other,365.896,122.568,304,56,0.00,
17,16,top,host,354.104,357.432,124,14,0.00,
17,16,top,other,365.896,122.568,304,56,0.00,
17,17,top,host,354.104,357.432,124,14,0.00,
17,17,top,other,365.896,122.568,304,56,0.00,
18,1,top,host,180,240,124,14,0.00,
18,1,top,other,540,240,304,56,0.00,
18,2,top,host,192.436,248.388,124,14,0.00,
18,2,top,other,527.564,231.612,304,56,0.00,
18,3,top,host,204.872,256.776,124,14,0.00,
18,3,top,other,515.128,223.224,304,56,0.00,
18,4,top,host,217.308,265.164,124,14,0.00,
18,4,top,other,502.692,214.836,304,56,0.00,
18,5,top,host,229.744,273.552,124,14,0.00,
18,5,top,other,490.256,206.448,304,56,0.00,
18,6,top,host,242.18,281.94,124,14,0.00,
18,6,top,other,477.82,198.06,304,56,0.00,
18,7,top,host,254.616,290.328,124,14,0.00,
18,7,top,other,465.384,189.672,304,56,0.00,
18,8,top,host,267.052,298.716,124,14,0.00,
18,8,top,other,452.948,181.284,304,56,0.00,
18,9,top,host,279.488,307.104,124,14,0.00,
18,9,top,other,440.512,172.896,304,56,0.00,
18,10,top,host,291.924,315.492,124,14,0.00,
18,10,top,other,428.076,164.508,304,56,0.00,
18,11,top,host,304.36,323.88,124,14,0.00,
18,11,top,other,415.64,156.12,304,56,0.00,
18,12,top,host,316.796,332.268,124,14,0.00,
18,12,top,other,403.204,147.732,304,56,0.00,
18,13,top,host,329.232,340.656,124,14,0.00,
18,13,top,other,390.768,139.344,304,56,0.00,
18,14,top,host,341.668,349.044,124,14,0.00,
18,14,top,other,378.332,130.956,304,56,0.00,
18,15,top,host,354.104,357.432,124,15,0.00,
18,15,top,other,365.896,122.568,304,60,0.00,
18,16,top,host,354.104,357.432,124,15,0.00,
18,16,top,other,365.896,122.568,304,60,0.00,
18,17,top,host,354.104,357.432,124,15,0.00,
18,17,top,other,365.896,122.568,304,60,0.00,
19,1,top,host,180,240,124,15,0.00,
19,1,top,other,540,240,304,60,0.00,
19,2,top,host,192.436,248.388,124,15,0.00,
19,2,top,other,527.564,231.612,304,60,0.00,
19,3,top,host,204.872,256.776,124,15,0.00,
19,3,top,other,515.128,223.224,304,60,0.00,
19,4,top,host,217.308,265.164,124,15,0.00,
19,4,top,other,502.692,214.836,304,60,0.00,
19,5,top,host,229.744,273.552,124,15,0.00,
19,5,top,other,490.256,206.448,304,60,0.00,
19,6,top,host,242.18,281.94,124,15,0.00,
19,6,top,other,477.82,198.06,304,60,0.00,
19,7,top,host,254.616,290.328,124,15,0.00,
19,7,top,other,465.384,189.672,304,60,0.00,
19,8,top,host,267.052,298.716,124,15,0.00,
19,8,top,other,452.948,181.284,304,60,0.00,
19,9,top,host,279.488,307.104,124,15,0.00,
19,9,top,other,440.512,172.896,304,60,0.00,
19,10,top,host,291.924,315.492,124,15,0.00,
19,10,top,other,428.076,164.508,304,60,0.00,
19,11,top,host,304.36,323.88,124,15,0.00,
19,11,top,other,415.64,156.12,304,60,0.00,
19,12,top,host,316.796,332.268,124,15,0.00,
19,12,top,other,403.204,147.732,304,60,0.00,
19,13,top,host,329.232,340.656,124,15,0.00,
19,13,top,other,390.768,139.344,304,60,0.00,
19,14,top,host,341.668,349.044,124,15,0.00,
19,14,top,other,378.332,130.956,304,60,0.00,
19,15,top,host,354.104,357.432,124,16,0.00,
19,15,top,other,365.896,122.568,304,64,0.00,
19,16,top,host,354.104,357.432,124,16,0.00,
19,16,top,other,365.896,122.568,304,64,0.00,
19,17,top,host,354.104,357.432,124,16,0.00,
19,17,top,other,365.896,122.568,304,64,0.00,
20,1,bottom,host,180,240,56,16,0.00,
20,1,bottom,other,540,240,236,64,0.00,
20,2,bottom,host,192.436,231.612,56,16,0.00,
20,2,bottom,other,527.564,248.388,236,64,0.00,
20,3,bottom,host,204.872,223.224,56,16,0.00,
20,3,bottom,other,515.128,256.776,236,64,0.00,
20,4,bottom,host,217.308,214.836,56,16,0.00,
20,4,bottom,other,502.692,265.164,236,64,0.00,
20,5,bottom,host,229.744,206.448,56,16,0.00,
20,5,bottom,other,490.256,273.552,236,64,0.00,
20,6,bottom,host,242.18,198.06,56,16,0.00,
20,6,bottom,other,477.82,281.94,236,64,0.00,
20,7,bottom,host,254.616,189.672,56,16,0.00,
20,7,bottom,other,465.384,290.328,236,64,0.00,
20,8,bottom,host,267.052,181.284,56,16,0.00,
20,8,bottom,other,452.948,298.716,236,64,0.00,
20,9,bottom,host,279.488,172.896,56,16,0.00,
20,9,bottom,other,440.512,307.104,236,64,0.00,
20,10,bottom,host,291.924,164.508,56,16,0.00,
20,10,bottom,other,428.076,315.492,236,64,0.00,
20,11,bottom,host,304.36,156.12,56,16,0.00,
20,11,bottom,other,415.64,323.88,236,64,0.00,
20,12,bottom,host,316.796,147.732,56,16,0.00,
20,12,bottom,other,403.204,332.268,236,64,0.00,
20,13,bottom,host,329.232,139.344,56,16,0.00,
20,13,bottom,other,390.768,340.656,236,64,0.00,
20,14,bottom,host,341.668,130.956,56,16,0.00,
20,14,bottom,other,378.332,349.044,236,64,0.00,
20,15,bottom,host,354.104,122.568,56,17,0.00,
20,15,bottom,other,365.896,357.432,236,68,0.00,
20,16,bottom,host,354.104,122.568,56,17,0.00,
20,16,bottom,other,365.896,357.432,236,68,0.00,
20,17,bottom,host,354.104,122.568,56,17,0.00,
20,17,bottom,other,365.896,357.432,236,68,0.00,
21,1,bottom,host,180,240,56,17,0.00,
21,1,bottom,other,540,240,236,68,0.00,
21,2,bottom,host,192.436,231.612,56,17,0.00,
21,2,bottom,other,527.564,248.388,236,68,0.00,
21,3,bottom,host,204.872,223.224,56,17,0.00,
21,3,bottom,other,515.128,256.776,236,68,0.00,
21,4,bottom,host,217.308,214.836,56,17,0.00,
21,4,bottom,other,502.692,265.164,236,68,0.00,
21,5,bottom,host,229.744,206.448,56,17,0.00,
21,5,bottom,other,490.256,273.552,236,68,0.00,
21,6,bottom,host,242.18,198.06,56,17,0.00,
21,6,bottom,other,477.82,281.94,236,68,0.00,
21,7,bottom,host,254.616,189.672,56,17,0.00,
21,7,bottom,other,465.384,290.328,236,68,0.00,
21,8,bottom,host,267.052,181.284,56,17,0.00,
21,8,bottom,other,452.948,298.716,236,68,0.00,
21,9,bottom,host,279.488,172.896,56,17,0.00,
21,9,bottom,other,440.512,307.104,236,68,0.00,
21,10,bottom,host,291.924,164.508,56,17,0.00,
21,10,bottom,other,428.076,315.492,236,68,0.00,
21,11,bottom,host,304.36,156.12,56,17,0.00,
21,11,bottom,other,415.64,323.88,236,68,0.00,
21,12,bottom,host,316.796,147.732,56,17,0.00,
21,12,bottom,other,403.204,332.268,236,68,0.00,
21,13,bottom,host,329.232,139.344,56,17,0.00,
21,13,bottom,other,390.768,340.656,236,68,0.00,
21,14,bottom,host,341.668,130.956,56,17,0.00,
21,14,bottom,other,378.332,349.044,236,68,0.00,
21,15,bottom,host,354.104,122.568,56,18,0.00,
21,15,bottom,other,365.896,357.432,236,72,0.00,
21,16,bottom,host,354.104,122.568,56,18,0.00,
21,16,bottom,other,365.896,357.432,236,72,0.00,
21,17,bottom,host,354.104,122.568,56,18,0.00,
21,17,bottom,other,365.896,357.432,236,72,0.00,
22,1,top,host,180,240,124,18,0.00,
22,1,top,other,540,240,304,72,0.00,
22,2,top,host,192.436,248.388,124,18,0.00,
22,2,top,other,527.564,231.612,304,72,0.00,
22,3,top,host,204.872,256.776,124,18,0.00,
22,3,top,other,515.128,223.224,304,72,0.00,
22,4,top,host,217.308,265.164,124,18,0.00,
22,4,top,other,502.692,214.836,304,72,0.00,
22,5,top,host,229.744,273.552,124,18,0.00,
22,5,top,other,490.256,206.448,304,72,0.00,
22,6,top,host,242.18,281.94,124,18,0.00,
22,6,top,other,477.82,198.06,304,72,0.00,
22,7,top,host,254.616,290.328,124,18,0.00,
22,7,top,other,465.384,189.672,304,72,0.00,
22,8,top,host,267.052,298.716,124,18,0.00,
22,8,top,other,452.948,181.284,304,72,0.00,
22,9,top,host,279.488,307.104,124,18,0.00,
22,9,top,other,440.512,172.896,304,72,0.00,
22,10,top,host,291.924,315.492,124,18,0.00,
22,10,top,other,428.076,164.508,304,72,0.00,
22,11,top,host,304.36,323.88,124,18,0.00,
22,11,top,other,415.64,156.12,304,72,0.00,
22,12,top,host,316.796,332.268,124,18,0.00,
22,12,top,other,403.204,147.732,304,72,0.00,
22,13,top,host,329.232,340.656,124,18,0.00,
22,13,top,other,390.768,139.344,304,72,0.00,
22,14,top,host,341.668,349.044,124,18,0.00,
22,14,top,other,378.332,130.956,304,72,0.00,
22,15,top,host,354.104,357.432,124,19,0.00,
22,15,top,other,365.896,122.568,304,76,0.00,
22,16,top,host,354.104,357.432,124,19,0.00,
22,16,top,other,365.896,122.568,304,76,0.00,
22,17,top,host,354.104,357.432,124,19,0.00,
22,17,top,other,365.896,122.568,304,76,0.00,
23,1,bottom,host,180,240,56,19,0.00,
23,1,bottom,other,540,240,236,76,0.00,
23,2,bottom,host,192.436,231.612,56,19,0.00,
23,2,bottom,other,527.564,248.388,236,76,0.00,
23,3,bottom,host,204.872,223.224,56,19,0.00,
23,3,bottom,other,515.128,256.776,236,76,0.00,
23,4,bottom,host,217.308,214.836,56,19,0.00,
23,4,bottom,other,502.692,265.164,236,76,0.00,
23,5,bottom,host,229.744,206.448,56,19,0.00,
23,5,bottom,other,490.256,273.552,236,76,0.00,
23,6,bottom,host,242.18,198.06,56,19,0.00,
23,6,bottom,other,477.82,281.94,236,76,0.00,
23,7,bottom,host,254.616,189.672,56,19,0.00,
23,7,bottom,other,465.384,290.328,236,76,0.00,
23,8,bottom,host,267.052,181.284,56,19,0.00,
23,8,bottom,other,452.948,298.716,236,76,0.00,
23,9,bottom,host,279.488,172.896,56,19,0.00,
23,9,bottom,other,440.512,307.104,236,76,0.00,
23,10,bottom,host,291.924,164.508,56,19,0.00,
23,10,bottom,other,428.076,315.492,236,76,0.00,
23,11,bottom,host,304.36,156.12,56,19,0.00,
23,11,bottom,other,415.64,323.88,236,76,0.00,
23,12,bottom,host,316.796,147.732,56,19,0.00,
23,12,bottom,other,403.204,332.268,236,76,0.00,
23,13,bottom,host,329.232,139.344,56,19,0.00,
23,13,bottom,other,390.768,340.656,236,76,0.00,
23,14,bottom,host,341.668,130.956,56,19,0.00,
23,14,bottom,other,378.332,349.044,236,76,0.00,
23,15,bottom,host,354.104,122.568,56,20,0.00,
23,15,bottom,other,365.896,357.432,236,80,0.00,
23,16,bottom,host,354.104,122.568,56,20,0.00,
23,16,bottom,other,365.896,357.432,236,80,0.00,
23,17,bottom,host,354.104,122.568,56,20,0.00,
23,17,bottom,other,365.896,357.432,236,80,0.00,
24,1,top,host,180,240,124,20,0.00,
24,1,top,other,540,240,304,80,0.00,
24,2,top,host,192.436,248.388,124,20,0.00,
24,2,top,other,527.564,231.612,304,80,0.00,
24,3,top,host,204.872,256.776,124,20,0.00,
24,3,top,other,515.128,223.224,304,80,0.00,
24,4,top,host,217.308,265.164,124,20,0.00,
24,4,top,other,502.692,214.836,304,80,0.00,
24,5,top,host,229.744,273.552,124,20,0.00,
24,5,top,other,490.256,206.448,304,80,0.00,
24,6,top,host,242.18,281.94,124,20,0.00,
24,6,top,other,477.82,198.06,304,80,0.00,
24,7,top,host,254.616,290.328,124,20,0.00,
24,7,top,other,465.384,189.672,304,80,0.00,
24,8,top,host,267.052,298.716,124,20,0.00,
24,8,top,other,452.948,181.284,304,80,0.00,
24,9,top,host,279.488,307.104,124,20,0.00,
24,9,top,other,440.512,172.896,304,80,0.00,
24,10,top,host,291.924,315.492,124,20,0.00,
24,10,top,other,428.076,164.508,304,80,0.00,
24,11,top,host,304.36,323.88,124,20,0.00,
24,11,top,other,415.64,156.12,304,80,0.00,
24,12,top,host,316.796,332.268,124,20,0.00,
24,12,top,other,403.204,147.732,304,80,0.00,
24,13,top,host,329.232,340.656,124,20,0.00,
24,13,top,other,390.768,139.344,304,80,0.00,
24,14,top,host,341.668,349.044,124,20,0.00,
24,14,top,other,378.332,130.956,304,80,0.00,
24,15,top,host,354.104,357.432,124,21,0.00,
24,15,top,other,365.896,122.568,304,84,0.00,
24,16,top,host,354.104,357.432,124,21,0.00,
24,16,top,other,365.896,122.568,304,84,0.00,
24,17,top,host,354.104,357.432,124,21,0.00,
24,17,top,other,365.896,122.568,304,84,0.00,
25,1,bottom,host,180,240,56,21,0.00,
25,1,bottom,other,540,240,236,84,0.00,
25,2,bottom,host,192.436,231.612,56,21,0.00,
25,2,bottom,other,527.564,248.388,236,84,0.00,
25,3,bottom,host,204.872,223.224,56,21,0.00,
25,3,bottom,other,515.128,256.776,236,84,0.00,
25,4,bottom,host,217.308,214.836,56,21,0.00,
25,4,bottom,other,502.692,265.164,236,84,0.00,
25,5,bottom,host,229.744,206.448,56,21,0.00,
25,5,bottom,other,490.256,273.552,236,84,0.00,
25,6,bottom,host,242.18,198.06,56,21,0.00,
25,6,bottom,other,477.82,281.94,236,84,0.00,
25,7,bottom,host,254.616,189.672,56,21,0.00,
25,7,bottom,other,465.384,290.328,236,84,0.00,
25,8,bottom,host,267.052,181.284,56,21,0.00,
25,8,bottom,other,452.948,298.716,236,84,0.00,
25,9,bottom,host,279.488,172.896,56,21,0.00,
25,9,bottom,other,440.512,307.104,236,84,0.00,
25,10,bottom,host,291.924,164.508,56,21,0.00,
25,10,bottom,other,428.076,315.492,236,84,0.00,
25,11,bottom,host,304.36,156.12,56,21,0.00,
25,11,bottom,other,415.64,323.88,236,84,0.00,
25,12,bottom,host,316.796,147.732,56,21,0.00,
25,12,bottom,other,403.204,332.268,236,84,0.00,
25,13,bottom,host,329.232,139.344,56,21,0.00,
25,13,bottom,other,390.768,340.656,236,84,0.00,
25,14,bottom,host,341.668,130.956,56,21,0.00,
25,14,bottom,other,378.332,349.044,236,84,0.00,
25,15,bottom,host,354.104,122.568,56,22,0.00,
25,15,bottom,other,365.896,357.432,236,88,0.00,
25,16,bottom,host,354.104,122.568,56,22,0.00,
25,16,bottom,other,365.896,357.432,236,88,0.00,
25,17,bottom,host,354.104,122.568,56,22,0.00,
25,17,bottom,other,365.896,357.432,236,88,0.00,
26,1,bottom,host,180,240,56,22,0.00,
26,1,bottom,other,540,240,236,88,0.00,
26,2,bottom,host,192.436,231.612,56,22,0.00,
26,2,bottom,other,527.564,248.388,236,88,0.00,
26,3,bottom,host,204.872,223.224,56,22,0.00,
26,3,bottom,other,515.128,256.776,236,88,0.00,
26,4,bottom,host,217.308,214.836,56,22,0.00,
26,4,bottom,other,502.692,265.164,236,88,0.00,
26,5,bottom,host,229.744,206.448,56,22,0.00,
26,5,bottom,other,490.256,273.552,236,88,0.00,
26,6,bottom,host,242.18,198.06,56,22,0.00,
26,6,bottom,other,477.82,281.94,236,88,0.00,
26,7,bottom,host,254.616,189.672,56,22,0.00,
26,7,bottom,other,465.384,290.328,236,88,0.00,
26,8,bottom,host,267.052,181.284,56,22,0.00,
26,8,bottom,other,452.948,298.716,236,88,0.00,
26,9,bottom,host,279.488,172.896,56,22,0.00,
26,9,bottom,other,440.512,307.104,236,88,0.00,
26,10,bottom,host,291.924,164.508,56,22,0.00,
26,10,bottom,other,428.076,315.492,236,88,0.00,
26,11,bottom,host,304.36,156.12,56,22,0.00,
26,11,bottom,other,415.64,323.88,236,88,0.00,
26,12,bottom,host,316.796,147.732,56,22,0.00,
26,12,bottom,other,403.204,332.268,236,88,0.00,
26,13,bottom,host,329.232,139.344,56,22,0.00,
26,13,bottom,other,390.768,340.656,236,88,0.00,
26,14,bottom,host,341.668,130.956,56,22,0.00,
26,14,bottom,other,378.332,349.044,236,88,0.00,
26,15,bottom,host,354.104,122.568,56,23,0.00,
26,15,bottom,other,365.896,357.432,236,92,0.00,
26,16,bottom,host,354.104,122.568,56,23,0.00,
26,16,bottom,other,365.896,357.432,236,92,0.00,
26,17,bottom,host,354.104,122.568,56,23,0.00,
26,17,bottom,other,365.896,357.432,236,92,0.00,
27,1,top,host,180,240,124,23,0.00,
27,1,top,other,540,240,304,92,0.00,
27,2,top,host,192.436,248.388,124,23,0.00,
27,2,top,other,527.564,231.612,304,92,0.00,
27,3,top,host,204.872,256.776,124,23,0.00,
27,3,top,other,515.128,223.224,304,92,0.00,
27,4,top,host,217.308,265.164,124,23,0.00,
27,4,top,other,502.692,214.836,304,92,0.00,
27,5,top,host,229.744,273.552,124,23,0.00,
27,5,top,other,490.256,206.448,304,92,0.00,
27,6,top,host,242.18,281.94,124,23,0.00,
27,6,top,other,477.82,198.06,304,92,0.00,
27,7,top,host,254.616,290.328,124,23,0.00,
27,7,top,other,465.384,189.672,304,92,0.00,
27,8,top,host,267.052,298.716,124,23,0.00,
27,8,top,other,452.948,181.284,304,92,0.00,
27,9,top,host,279.488,307.104,124,23,0.00,
27,9,top,other,440.512,172.896,304,92,0.00,
27,10,top,host,291.924,315.492,124,23,0.00,
27,10,top,other,428.076,164.508,304,92,0.00,
27,11,top,host,304.36,323.88,124,23,0.00,
27,11,top,other,415.64,156.12,304,92,0.00,
27,12,top,host,316.796,332.268,124,23,0.00,
27,12,top,other,403.204,147.732,304,92,0.00,
27,13,top,host,329.232,340.656,124,23,0.00,
27,13,top,other,390.768,139.344,304,92,0.00,
27,14,top,host,341.668,349.044,124,23,0.00,
27,14,top,other,378.332,130.956,304,92,0.00,
27,15,top,host,354.104,357.432,124,24,0.00,
27,15,top,other,365.896,122.568,304,96,0.00,
27,16,top,host,354.104,357.432,124,24,0.00,
27,16,top,other,365.896,122.568,304,96,0.00,
27,17,top,host,354.104,357.432,124,24,0.00,
27,17,top,other,365.896,122.568,304,96,0.00,
28,1,top,host,180,240,124,24,0.00,
28,1,top,other,540,240,304,96,0.00,
28,2,top,host,192.436,248.388,124,24,0.00,
28,2,top,other,527.564,231.612,304,96,0.00,
28,3,top,host,204.872,256.776,124,24,0.00,
28,3,top,other,515.128,223.224,304,96,0.00,
28,4,top,host,217.308,265.164,124,24,0.00,
28,4,top,other,502.692,214.836,304,96,0.00,
28,5,top,host,229.744,273.552,124,24,0.00,
28,5,top,other,490.256,206.448,304,96,0.00,
28,6,top,host,242.18,281.94,124,24,0.00,
28,6,top,other,477.82,198.06,304,96,0.00,
28,7,top,host,254.616,290.328,124,24,0.00,
28,7,top,other,465.384,189.672,304,96,0.00,
28,8,top,host,267.052,298.716,124,24,0.00,
28,8,top,other,452.948,181.284,304,96,0.00,
28,9,top,host,279.488,307.104,124,24,0.00,
28,9,top,other,440.512,172.896,304,96,0.00,
28,10,top,host,291.924,315.492,124,24,0.00,
28,10,top,other,428.076,164.508,304,96,0.00,
28,11,top,host,304.36,323.88,124,24,0.00,
28,11,top,other,415.64,156.12,304,96,0.00,
28,12,top,host,316.796,332.268,124,24,0.00,
28,12,top,other,403.204,147.732,304,96,0.00,
28,13,top,host,329.232,340.656,124,24,0.00,
28,13,top,other,390.768,139.344,304,96,0.00,
28,14,top,host,341.668,349.044,124,24,0.00,
28,14,top,other,378.332,130.956,304,96,0.00,
28,15,top,host,354.104,357.432,124,25,0.00,
28,15,top,other,365.896,122.568,304,100,0.00,
28,16,top,host,354.104,357.432,124,25,0.00,
28,16,top,other,365.896,122.568,304,100,0.00,
28,17,top,host,354.104,357.432,124,25,0.00,
28,17,top,other,365.896,122.568,304,100,0.00,
29,1,bottom,host,180,240,56,25,0.00,
29,1,bottom,other,540,240,236,100,0.00,
29,2,bottom,host,192.436,231.612,56,25,0.00,
29,2,bottom,other,527.564,248.388,236,100,0.00,
29,3,bottom,host,204.872,223.224,56,25,0.00,
29,3,bottom,other,515.128,256.776,236,100,0.00,
29,4,bottom,host,217.308,214.836,56,25,0.00,
29,4,bottom,other,502.692,265.164,236,100,0.00,
29,5,bottom,host,229.744,206.448,56,25,0.00,
29,5,bottom,other,490.256,273.552,236,100,0.00,
29,6,bottom,host,242.18,198.06,56,25,0.00,
29,6,bottom,other,477.82,281.94,236,100,0.00,
29,7,bottom,host,254.616,189.672,56,25,0.00,
29,7,bottom,other,465.384,290.328,236,100,0.00,
29,8,bottom,host,267.052,181.284,56,25,0.00,
29,8,bottom,other,452.948,298.716,236,100,0.00,
29,9,bottom,host,279.488,172.896,56,25,0.00,
29,9,bottom,other,440.512,307.104,236,100,0.00,
29,10,bottom,host,291.924,164.508,56,25,0.00,
29,10,bottom,other,428.076,315.492,236,100,0.00,
29,11,bottom,host,304.36,156.12,56,25,0.00,
29,11,bottom,other,415.64,323.88,236,100,0.00,
29,12,bottom,host,316.796,147.732,56,25,0.00,
29,12,bottom,other,403.204,332.268,236,100,0.00,
29,13,bottom,host,329.232,139.344,56,25,0.00,
29,13,bottom,other,390.768,340.656,236,100,0.00,
29,14,bottom,host,341.668,130.956,56,25,0.00,
29,14,bottom,other,378.332,349.044,236,100,0.00,
29,15,bottom,host,354.104,122.568,56,26,0.00,
29,15,bottom,other,365.896,357.432,236,104,0.00,
29,16,bottom,host,354.104,122.568,56,26,0.00,
29,16,bottom,other,365.896,357.432,236,104,0.00,
29,17,bottom,host,354.104,122.568,56,26,0.00,
29,17,bottom,other,365.896,357.432,236,104,0.00,
30,1,bottom,host,180,240,56,26,0.00,
30,1,bottom,other,540,240,236,104,0.00,
30,2,bottom,host,192.436,231.612,56,26,0.00,
30,2,bottom,other,527.564,248.388,236,104,0.00,
30,3,bottom,host,204.872,223.224,56,26,0.00,
30,3,bottom,other,515.128,256.776,236,104,0.00,
30,4,bottom,host,217.308,214.836,56,26,0.00,
30,4,bottom,other,502.692,265.164,236,104,0.00,
30,5,bottom,host,229.744,206.448,56,26,0.00,
30,5,bottom,other,490.256,273.552,236,104,0.00,
30,6,bottom,host,242.18,198.06,56,26,0.00,
30,6,bottom,other,477.82,281.94,236,104,0.00,
30,7,bottom,host,254.616,189.672,56,26,0.00,
30,7,bottom,other,465.384,290.328,236,104,0.00,
30,8,bottom,host,267.052,181.284,56,26,0.00,
30,8,bottom,other,452.948,298.716,236,104,0.00,
30,9,bottom,host,279.488,172.896,56,26,0.00,
30,9,bottom,other,440.512,307.104,236,104,0.00,
30,10,bottom,host,291.924,164.508,56,26,0.00,
30,10,bottom,other,428.076,315.492,236,104,0.00,
30,11,bottom,host,304.36,156.12,56,26,0.00,
30,11,bottom,other,415.64,323.88,236,104,0.00,
30,12,bottom,host,316.796,147.732,56,26,0.00,
30,12,bottom,other,403.204,332.268,236,104,0.00,
30,13,bottom,host,329.232,139.344,56,26,0.00,
30,13,bottom,other,390.768,340.656,236,104,0.00,
30,14,bottom,host,341.668,130.956,56,26,0.00,
30,14,bottom,other,378.332,349.044,236,104,0.00,
30,15,bottom,host,354.104,122.568,56,27,0.00,
30,15,bottom,other,365.896,357.432,236,108,0.00,
30,16,bottom,host,354.104,122.568,56,27,0.00,
30,16,bottom,other,365.896,357.432,236,108,0.00,
30,17,bottom,host,354.104,122.568,56,27,0.00,
30,17,bottom,other,365.896,357.432,236,108,0.00,
31,1,bottom,host,180,240,56,27,0.00,
31,1,bottom,other,540,240,236,108,0.00,
31,2,bottom,host,192.436,231.612,56,27,0.00,
31,2,bottom,other,527.564,248.388,236,108,0.00,
31,3,bottom,host,204.872,223.224,56,27,0.00,
31,3,bottom,other,515.128,256.776,236,108,0.00,
31,4,bottom,host,217.308,214.836,56,27,0.00,
31,4,bottom,other,502.692,265.164,236,108,0.00,
31,5,bottom,host,229.744,206.448,56,27,0.00,
31,5,bottom,other,490.256,273.552,236,108,0.00,
31,6,bottom,host,242.18,198.06,56,27,0.00,
31,6,bottom,other,477.82,281.94,236,108,0.00,
31,7,bottom,host,254.616,189.672,56,27,0.00,
31,7,bottom,other,465.384,290.328,236,108,0.00,
31,8,bottom,host,267.052,181.284,56,27,0.00,
31,8,bottom,other,452.948,298.716,236,108,0.00,
31,9,bottom,host,279.488,172.896,56,27,0.00,
31,9,bottom,other,440.512,307.104,236,108,0.00,
31,10,bottom,host,291.924,164.508,56,27,0.00,
31,10,bottom,other,428.076,315.492,236,108,0.00,
31,11,bottom,host,304.36,156.12,56,27,0.00,
31,11,bottom,other,415.64,323.88,236,108,0.00,
31,12,bottom,host,316.796,147.732,56,27,0.00,
31,12,bottom,other,403.204,332.268,236,108,0.00,
31,13,bottom,host,329.232,139.344,56,27,0.00,
31,13,bottom,other,390.768,340.656,236,108,0.00,
31,14,bottom,host,341.668,130.956,56,27,0.00,
31,14,bottom,other,378.332,349.044,236,108,0.00,
31,15,bottom,host,354.104,122.568,56,28,0.00,
31,15,bottom,other,365.896,357.432,236,112,0.00,
31,16,bottom,host,354.104,122.568,56,28,0.00,
31,16,bottom,other,365.896,357.432,236,112,0.00,
31,17,bottom,host,354.104,122.568,56,28,0.00,
31,17,bottom,other,365.896,357.432,236,112,0.00,
32,1,top,host,180,240,124,28,0.00,
32,1,top,other,540,240,304,112,0.00,
32,2,top,host,192.436,248.388,124,28,0.00,
32,2,top,other,527.564,231.612,304,112,0.00,
32,3,top,host,204.872,256.776,124,28,0.00,
32,3,top,other,515.128,223.224,304,112,0.00,
32,4,top,host,217.308,265.164,124,28,0.00,
32,4,top,other,502.692,214.836,304,112,0.00,
32,5,top,host,229.744,273.552,124,28,0.00,
32,5,top,other,490.256,206.448,304,112,0.00,
32,6,top,host,242.18,281.94,124,28,0.00,
32,6,top,other,477.82,198.06,304,112,0.00,
32,7,top,host,254.616,290.328,124,28,0.00,
32,7,top,other,465.384,189.672,304,112,0.00,
32,8,top,host,267.052,298.716,124,28,0.00,
32,8,top,other,452.948,181.284,304,112,0.00,
32,9,top,host,279.488,307.104,124,28,0.00,
32,9,top,other,440.512,172.896,304,112,0.00,
32,10,top,host,291.924,315.492,124,28,0.00,
32,10,top,other,428.076,164.508,304,112,0.00,
32,11,top,host,304.36,323.88,124,28,0.00,
32,11,top,other,415.64,156.12,304,112,0.00,
32,12,top,host,316.796,332.268,124,28,0.00,
32,12,top,other,403.204,147.732,304,112,0.00,
32,13,top,host,329.232,340.656,124,28,0.00,
32,13,top,other,390.768,139.344,304,112,0.00,
32,14,top,host,341.668,349.044,124,28,0.00,
32,14,top,other,378.332,130.956,304,112,0.00,
32,15,top,host,354.104,357.432,124,29,0.00,
32,15,top,other,365.896,122.568,304,116,0.00,
32,16,top,host,354.104,357.432,124,29,0.00,
32,16,top,other,365.896,122.568,304,116,0.00,
32,17,top,host,354.104,357.432,124,29,0.00,
32,17,top,other,365.896,122.568,304,116,0.00,
33,1,top,host,180,240,124,29,0.00,
33,1,top,other,540,240,304,116,0.00,
33,2,top,host,192.436,248.388,124,29,0.00,
33,2,top,other,527.564,231.612,304,116,0.00,
33,3,top,host,204.872,256.776,124,29,0.00,
33,3,top,other,515.128,223.224,304,116,0.00,
33,4,top,host,217.308,265.164,124,29,0.00,
33,4,top,other,502.692,214.836,304,116,0.00,
33,5,top,host,229.744,273.552,124,29,0.00,
33,5,top,other,490.256,206.448,304,116,0.00,
33,6,top,host,242.18,281.94,124,29,0.00,
33,6,top,other,477.82,198.06,304,116,0.00,
33,7,top,host,254.616,290.328,124,29,0.00,
33,7,top,other,465.384,189.672,304,116,0.00,
33,8,top,host,267.052,298.716,124,29,0.00,
33,8,top,other,452.948,181.284,304,116,0.00,
33,9,top,host,279.488,307.104,124,29,0.00,
33,9,top,other,440.512,172.896,304,116,0.00,
33,10,top,host,291.924,315.492,124,29,0.00,
33,10,top,other,428.076,164.508,304,116,0.00,
33,11,top,host,304.36,323.88,124,29,0.00,
33,11,top,other,415.64,156.12,304,116,0.00,
33,12,top,host,316.796,332.268,124,29,0.00,
33,12,top,other,403.204,147.732,304,116,0.00,
33,13,top,host,329.232,340.656,124,29,0.00,
33,13,top,other,390.768,139.344,304,116,0.00,
33,14,top,host,341.668,349.044,124,29,0.00,
33,14,top,other,378.332,130.956,304,116,0.00,
33,15,top,host,354.104,357.432,124,30,0.00,
33,15,top,other,365.896,122.568,304,120,0.00,
33,16,top,host,354.104,357.432,124,30,0.00,
33,16,top,other,365.896,122.568,304,120,0.00,
33,17,top,host,354.104,357.432,124,30,0.00,
33,17,top,other,365.896,122.568,304,120,0.00,
34,1,top,host,180,240,124,30,0.00,
34,1,top,other,540,240,304,120,0.00,
34,2,top,host,192.436,248.388,124,30,0.00,
34,2,top,other,527.564,231.612,304,120,0.00,
34,3,top,host,204.872,256.776,124,30,0.00,
34,3,top,other,515.128,223.224,304,120,0.00,
34,4,top,other,502.692,214.836,304,120,0.00,
34,4,top,host,217.308,265.164,124,30,0.00,
34,5,top,host,229.744,273.552,124,30,0.00,
34,5,top,other,490.256,206.448,304,120,0.00,
34,6,top,host,242.18,281.94,124,30,0.00,
34,6,top,other,477.82,198.06,304,120,0.00,
34,7,top,host,254.616,290.328,124,30,0.00,
34,7,top,other,465.384,189.672,304,120,0.00,
34,8,top,host,267.052,298.716,124,30,0.00,
34,8,top,other,452.948,181.284,304,120,0.00,
34,9,top,host,279.488,307.104,124,30,0.00,
34,9,top,other,440.512,172.896,304,120,0.00,
34,10,top,host,291.924,315.492,124,30,0.00,
34,10,top,other,428.076,164.508,304,120,0.00,
34,11,top,host,304.36,323.88,124,30,0.00,
34,11,top,other,415.64,156.12,304,120,0.00,
34,12,top,host,316.796,332.268,124,30,0.00,
34,12,top,other,403.204,147.732,304,120,0.00,
34,13,top,host,329.232,340.656,124,30,0.00,
34,13,top,other,390.768,139.344,304,120,0.00,
34,14,top,host,341.668,349.044,124,30,0.00,
34,14,top,other,378.332,130.956,304,120,0.00,
34,15,top,host,354.104,357.432,124,31,0.00,
34,15,top,other,365.896,122.568,304,124,0.00,
34,16,top,host,354.104,357.432,124,31,0.00,
34,16,top,other,365.896,122.568,304,124,0.00,
34,17,top,host,354.104,357.432,124,31,0.00,
34,17,top,other,365.896,122.568,304,124,0.00,
35,1,bottom,host,180,240,56,31,0.00,
35,1,bottom,other,540,240,236,124,0.00,
35,2,bottom,host,192.436,231.612,56,31,0.00,
35,2,bottom,other,527.564,248.388,236,124,0.00,
35,3,bottom,host,204.872,223.224,56,31,0.00,
35,3,bottom,other,515.128,256.776,236,124,0.00,
35,4,bottom,host,217.308,214.836,56,31,0.00,
35,4,bottom,other,502.692,265.164,236,124,0.00,
35,5,bottom,host,229.744,206.448,56,31,0.00,
35,5,bottom,other,490.256,273.552,236,124,0.00,
35,6,bottom,host,242.18,198.06,56,31,0.00,
35,6,bottom,other,477.82,281.94,236,124,0.00,
35,7,bottom,host,254.616,189.672,56,31,0.00,
35,7,bottom,other,465.384,290.328,236,124,0.00,
35,8,bottom,host,267.052,181.284,56,31,0.00,
35,8,bottom,other,452.948,298.716,236,124,0.00,
35,9,bottom,host,279.488,172.896,56,31,0.00,
35,9,bottom,other,440.512,307.104,236,124,0.00,
35,10,bottom,host,291.924,164.508,56,31,0.00,
35,10,bottom,other,428.076,315.492,236,124,0.00,
35,11,bottom,host,304.36,156.12,56,31,0.00,
35,11,bottom,other,415.64,323.88,236,124,0.00,
35,12,bottom,host,316.796,147.732,56,31,0.00,
35,12,bottom,other,403.204,332.268,236,124,0.00,
35,13,bottom,host,329.232,139.344,56,31,0.00,
35,13,bottom,other,390.768,340.656,236,124,0.00,
35,14,bottom,host,341.668,130.956,56,31,0.00,
35,14,bottom,other,378.332,349.044,236,124,0.00,
35,15,bottom,host,354.104,122.568,56,32,0.00,
35,15,bottom,other,365.896,357.432,236,128,0.00,
35,16,bottom,host,354.104,122.568,56,32,0.00,
35,16,bottom,other,365.896,357.432,236,128,0.00,
35,17,bottom,host,354.104,122.568,56,32,0.00,
35,17,bottom,other,365.896,357.432,236,128,0.00,
36,1,bottom,host,180,240,56,32,0.00,
36,1,bottom,other,540,240,236,128,0.00,
36,2,bottom,host,192.436,231.612,56,32,0.00,
36,2,bottom,other,527.564,248.388,236,128,0.00,
36,3,bottom,host,204.872,223.224,56,32,0.00,
36,3,bottom,other,515.128,256.776,236,128,0.00,
36,4,bottom,host,217.308,214.836,56,32,0.00,
36,4,bottom,other,502.692,265.164,236,128,0.00,
36,5,bottom,host,229.744,206.448,56,32,0.00,
36,5,bottom,other,490.256,273.552,236,128,0.00,
36,6,bottom,host,242.18,198.06,56,32,0.00,
36,6,bottom,other,477.82,281.94,236,128,0.00,
36,7,bottom,host,254.616,189.672,56,32,0.00,
36,7,bottom,other,465.384,290.328,236,128,0.00,
36,8,bottom,host,267.052,181.284,56,32,0.00,
36,8,bottom,other,452.948,298.716,236,128,0.00,
36,9,bottom,host,279.488,172.896,56,32,0.00,
36,9,bottom,other,440.512,307.104,236,128,0.00,
36,10,bottom,host,291.924,164.508,56,32,0.00,
36,10,bottom,other,428.076,315.492,236,128,0.00,
36,11,bottom,host,304.36,156.12,56,32,0.00,
36,11,bottom,other,415.64,323.88,236,128,0.00,
36,12,bottom,host,316.796,147.732,56,32,0.00,
36,12,bottom,other,403.204,332.268,236,128,0.00,
36,13,bottom,host,329.232,139.344,56,32,0.00,
36,13,bottom,other,390.768,340.656,236,128,0.00,
36,14,bottom,host,341.668,130.956,56,32,0.00,
36,14,bottom,other,378.332,349.044,236,128,0.00,
36,15,bottom,host,354.104,122.568,56,33,0.00,
36,15,bottom,other,365.896,357.432,236,132,0.00,
36,16,bottom,host,354.104,122.568,56,33,0.00,
36,16,bottom,other,365.896,357.432,236,132,0.00,
36,17,bottom,host,354.104,122.568,56,33,0.00,
36,17,bottom,other,365.896,357.432,236,132,0.00,
37,1,bottom,host,180,240,56,33,0.00,
37,1,bottom,other,540,240,236,132,0.00,
37,2,bottom,host,192.436,231.612,56,33,0.00,
37,2,bottom,other,527.564,248.388,236,132,0.00,
37,3,bottom,host,204.872,223.224,56,33,0.00,
37,3,bottom,other,515.128,256.776,236,132,0.00,
37,4,bottom,host,217.308,214.836,56,33,0.00,
37,4,bottom,other,502.692,265.164,236,132,0.00,
37,5,bottom,host,229.744,206.448,56,33,0.00,
37,5,bottom,other,490.256,273.552,236,132,0.00,
37,6,bottom,host,242.18,198.06,56,33,0.00,
37,6,bottom,other,477.82,281.94,236,132,0.00,
37,7,bottom,host,254.616,189.672,56,33,0.00,
37,7,bottom,other,465.384,290.328,236,132,0.00,
37,8,bottom,host,267.052,181.284,56,33,0.00,
37,8,bottom,other,452.948,298.716,236,132,0.00,
37,9,bottom,host,279.488,172.896,56,33,0.00,
37,9,bottom,other,440.512,307.104,236,132,0.00,
37,10,bottom,host,291.924,164.508,56,33,0.00,
37,10,bottom,other,428.076,315.492,236,132,0.00,
37,11,bottom,host,304.36,156.12,56,33,0.00,
37,11,bottom,other,415.64,323.88,236,132,0.00,
37,12,bottom,host,316.796,147.732,56,33,0.00,
37,12,bottom,other,403.204,332.268,236,132,0.00,
37,13,bottom,host,329.232,139.344,56,33,0.00,
37,13,bottom,other,390.768,340.656,236,132,0.00,
37,14,bottom,host,341.668,130.956,56,33,0.00,
37,14,bottom,other,378.332,349.044,236,132,0.00,
37,15,bottom,host,354.104,122.568,56,34,0.00,
37,15,bottom,other,365.896,357.432,236,136,0.00,
37,16,bottom,host,354.104,122.568,56,34,0.00,
37,16,bottom,other,365.896,357.432,236,136,0.00,
37,17,bottom,host,354.104,122.568,56,34,0.00,
37,17,bottom,other,365.896,357.432,236,136,0.00,
38,1,top,host,180,240,124,34,0.00,
38,1,top,other,540,240,304,136,0.00,
38,2,top,host,192.436,248.388,124,34,0.00,
38,2,top,other,527.564,231.612,304,136,0.00,
38,3,top,host,204.872,256.776,124,34,0.00,
38,3,top,other,515.128,223.224,304,136,0.00,
38,4,top,host,217.308,265.164,124,34,0.00,
38,4,top,other,502.692,214.836,304,136,0.00,
38,5,top,host,229.744,273.552,124,34,0.00,
38,5,top,other,490.256,206.448,304,136,0.00,
38,6,top,host,242.18,281.94,124,34,0.00,
38,6,top,other,477.82,198.06,304,136,0.00,
38,7,top,host,254.616,290.328,124,34,0.00,
38,7,top,other,465.384,189.672,304,136,0.00,
38,8,top,host,267.052,298.716,124,34,0.00,
38,8,top,other,452.948,181.284,304,136,0.00,
38,9,top,host,279.488,307.104,124,34,0.00,
38,9,top,other,440.512,172.896,304,136,0.00,
38,10,top,host,291.924,315.492,124,34,0.00,
38,10,top,other,428.076,164.508,304,136,0.00,
38,11,top,host,304.36,323.88,124,34,0.00,
38,11,top,other,415.64,156.12,304,136,0.00,
38,12,top,host,316.796,332.268,124,34,0.00,
38,12,top,other,403.204,147.732,304,136,0.00,
38,13,top,host,329.232,340.656,124,34,0.00,
38,13,top,other,390.768,139.344,304,136,0.00,
38,14,top,host,341.668,349.044,124,34,0.00,
38,14,top,other,378.332,130.956,304,136,0.00,
38,15,top,host,354.104,357.432,124,35,0.00,
38,15,top,other,365.896,122.568,304,140,0.00,
38,16,top,host,354.104,357.432,124,35,0.00,
38,16,top,other,365.896,122.568,304,140,0.00,
38,17,top,host,354.104,357.432,124,35,0.00,
38,17,top,other,365.896,122.568,304,140,0.00,
39,1,top,host,180,240,124,35,0.00,
39,1,top,other,540,240,304,140,0.00,
39,2,top,host,192.436,248.388,124,35,0.00,
39,2,top,other,527.564,231.612,304,140,0.00,
39,3,top,host,204.872,256.776,124,35,0.00,
39,3,top,other,515.128,223.224,304,140,0.00,
39,4,top,host,217.308,265.164,124,35,0.00,
39,4,top,other,502.692,214.836,304,140,0.00,
39,5,top,host,229.744,273.552,124,35,0.00,
39,5,top,other,490.256,206.448,304,140,0.00,
39,6,top,host,242.18,281.94,124,35,0.00,
39,6,top,other,477.82,198.06,304,140,0.00,
39,7,top,host,254.616,290.328,124,35,0.00,
39,7,top,other,465.384,189.672,304,140,0.00,
39,8,top,host,267.052,298.716,124,35,0.00,
39,8,top,other,452.948,181.284,304,140,0.00,
39,9,top,host,279.488,307.104,124,35,0.00,
39,9,top,other,440.512,172.896,304,140,0.00,
39,10,top,host,291.924,315.492,124,35,0.00,
39,10,top,other,428.076,164.508,304,140,0.00,
39,11,top,host,304.36,323.88,124,35,0.00,
39,11,top,other,415.64,156.12,304,140,0.00,
39,12,top,host,316.796,332.268,124,35,0.00,
39,12,top,other,403.204,147.732,304,140,0.00,
39,13,top,host,329.232,340.656,124,35,0.00,
39,13,top,other,390.768,139.344,304,140,0.00,
39,14,top,host,341.668,349.044,124,35,0.00,
39,14,top,other,378.332,130.956,304,140,0.00,
39,15,top,host,354.104,357.432,124,36,0.00,
39,15,top,other,365.896,122.568,304,144,0.00,
39,16,top,host,354.104,357.432,124,36,0.00,
39,16,top,other,365.896,122.568,304,144,0.00,
39,17,top,host,354.104,357.432,124,36,0.00,
39,17,top,other,365.896,122.568,304,144,0.00,
40,1,top,host,180,240,124,36,0.00,
40,1,top,other,540,240,304,144,0.00,
40,2,top,host,192.436,248.388,124,36,0.00,
40,2,top,other,527.564,231.612,304,144,0.00,
40,3,top,host,204.872,256.776,124,36,0.00,
40,3,top,other,515.128,223.224,304,144,0.00,
40,4,top,host,217.308,265.164,124,36,0.00,
40,4,top,other,502.692,214.836,304,144,0.00,
40,5,top,host,229.744,273.552,124,36,0.00,
40,5,top,other,490.256,206.448,304,144,0.00,
40,6,top,host,242.18,281.94,124,36,0.00,
40,6,top,other,477.82,198.06,304,144,0.00,
40,7,top,host,254.616,290.328,124,36,0.00,
40,7,top,other,465.384,189.672,304,144,0.00,
40,8,top,host,267.052,298.716,124,36,0.00,
40,8,top,other,452.948,181.284,304,144,0.00,
40,9,top,host,279.488,307.104,124,36,0.00,
40,9,top,other,440.512,172.896,304,144,0.00,
40,10,top,host,291.924,315.492,124,36,0.00,
40,10,top,other,428.076,164.508,304,144,0.00,
40,11,top,host,304.36,323.88,124,36,0.00,
40,11,top,other,415.64,156.12,304,144,0.00,
40,12,top,host,316.796,332.268,124,36,0.00,
40,12,top,other,403.204,147.732,304,144,0.00,
40,13,top,host,329.232,340.656,124,36,0.00,
40,13,top,other,390.768,139.344,304,144,0.00,
40,14,top,host,341.668,349.044,124,36,0.00,
40,14,top,other,378.332,130.956,304,144,0.00,
40,15,top,host,354.104,357.432,124,37,0.00,
40,15,top,other,365.896,122.568,304,148,0.00,
40,16,top,host,354.104,357.432,124,37,0.00,
40,16,top,other,365.896,122.568,304,148,0.00,
40,17,top,host,354.104,357.432,124,37,0.00,
40,17,top,other,365.896,122.568,304,148,0.00,
41,1,bottom,host,180,240,56,37,0.00,
41,1,bottom,other,540,240,236,148,0.00,
41,2,bottom,host,192.436,231.612,56,37,0.00,
41,2,bottom,other,527.564,248.388,236,148,0.00,
41,3,bottom,host,204.872,223.224,56,37,0.00,
41,3,bottom,other,515.128,256.776,236,148,0.00,
41,4,bottom,host,217.308,214.836,56,37,0.00,
41,4,bottom,other,502.692,265.164,236,148,0.00,
41,5,bottom,host,229.744,206.448,56,37,0.00,
41,5,bottom,other,490.256,273.552,236,148,0.00,
41,6,bottom,host,242.18,198.06,56,37,0.00,
41,6,bottom,other,477.82,281.94,236,148,0.00,
41,7,bottom,host,254.616,189.672,56,37,0.00,
41,7,bottom,other,465.384,290.328,236,148,0.00,
41,8,bottom,host,267.052,181.284,56,37,0.00,
41,8,bottom,other,452.948,298.716,236,148,0.00,
41,9,bottom,host,279.488,172.896,56,37,0.00,
41,9,bottom,other,440.512,307.104,236,148,0.00,
41,10,bottom,host,291.924,164.508,56,37,0.00,
41,10,bottom,other,428.076,315.492,236,148,0.00,
41,11,bottom,host,304.36,156.12,56,37,0.00,
41,11,bottom,other,415.64,323.88,236,148,0.00,
41,12,bottom,host,316.796,147.732,56,37,0.00,
41,12,bottom,other,403.204,332.268,236,148,0.00,
41,13,bottom,host,329.232,139.344,56,37,0.00,
41,13,bottom,other,390.768,340.656,236,148,0.00,
41,14,bottom,host,341.668,130.956,56,37,0.00,
41,14,bottom,other,378.332,349.044,236,148,0.00,
41,15,bottom,host,354.104,122.568,56,38,0.00,
41,15,bottom,other,365.896,357.432,236,152,0.00,
41,16,bottom,host,354.104,122.568,56,38,0.00,
41,16,bottom,other,365.896,357.432,236,152,0.00,
41,17,bottom,host,354.104,122.568,56,38,0.00,
41,17,bottom,other,365.896,357.432,236,152,0.00,
42,1,top,host,180,240,124,38,0.00,
42,1,top,other,540,240,236,152,0.00,
42,2,top,host,192.436,248.388,124,38,0.00,
42,2,top,other,527.564,248.388,236,152,0.00,
42,3,top,host,204.872,256.776,124,38,0.00,
42,3,top,other,515.128,256.776,236,152,0.00,
42,4,top,host,217.308,265.164,124,38,0.00,
42,4,top,other,502.692,265.164,236,152,0.00,
42,5,top,host,229.744,273.552,124,38,0.00,
42,5,top,other,490.256,273.552,236,152,0.00,
42,6,top,host,242.18,281.94,124,38,0.00,
42,6,top,other,477.82,281.94,236,152,0.00,
42,7,top,host,254.616,290.328,124,38,0.00,
42,7,top,other,465.384,290.328,236,152,0.00,
42,8,top,host,267.052,298.716,124,38,0.00,
42,8,top,other,452.948,298.716,236,152,0.00,
42,9,top,host,279.488,307.104,124,38,0.00,
42,9,top,other,440.512,307.104,236,152,0.00,
42,10,top,host,291.924,315.492,124,38,0.00,
42,10,top,other,428.076,315.492,236,152,0.00,
42,11,top,host,304.36,323.88,124,38,0.00,
42,11,top,other,415.64,323.88,236,152,0.00,
42,12,top,host,316.796,332.268,124,38,0.00,
42,12,top,other,403.204,332.268,236,152,0.00,
42,13,top,host,329.232,340.656,124,38,0.00,
42,13,top,other,390.768,340.656,236,152,0.00,
42,14,top,host,341.668,349.044,124,38,0.00,
42,14,top,other,378.332,349.044,236,152,0.00,
42,15,top,host,354.104,357.432,124,38,0.00,
42,15,top,other,365.896,357.432,236,152,0.00,
42,16,top,host,354.104,357.432,124,38,0.00,
42,16,top,other,365.896,357.432,236,152,0.00,
42,17,top,host,354.104,357.432,124,38,0.00,
42,17,top,other,365.896,357.432,236,152,0.00,
43,1,top,host,180,240,124,38,0.00,
43,1,top,other,540,240,304,152,0.00,
43,2,top,host,192.436,248.388,124,38,0.00,
43,2,top,other,527.564,231.612,304,152,0.00,
43,3,top,host,204.872,256.776,124,38,0.00,
43,3,top,other,515.128,223.224,304,152,0.00,
43,4,top,host,217.308,265.164,124,38,0.00,
43,4,top,other,502.692,214.836,304,152,0.00,
43,5,top,host,229.744,273.552,124,38,0.00,
43,5,top,other,490.256,206.448,304,152,0.00,
43,6,top,host,242.18,281.94,124,38,0.00,
43,6,top,other,477.82,198.06,304,152,0.00,
43,7,top,host,254.616,290.328,124,38,0.00,
43,7,top,other,465.384,189.672,304,152,0.00,
43,8,top,host,267.052,298.716,124,38,0.00,
43,8,top,other,452.948,181.284,304,152,0.00,
43,9,top,host,279.488,307.104,124,38,0.00,
43,9,top,other,440.512,172.896,304,152,0.00,
43,10,top,host,291.924,315.492,124,38,0.00,
43,10,top,other,428.076,164.508,304,152,0.00,
43,11,top,host,304.36,323.88,124,38,0.00,
43,11,top,other,415.64,156.12,304,152,0.00,
43,12,top,host,316.796,332.268,124,38,0.00,
43,12,top,other,403.204,147.732,304,152,0.00,
43,13,top,host,329.232,340.656,124,38,0.00,
43,13,top,other,390.768,139.344,304,152,0.00,
43,14,top,host,341.668,349.044,124,38,0.00,
43,14,top,other,378.332,130.956,304,152,0.00,
43,15,top,host,354.104,357.432,124,39,0.00,
43,15,top,other,365.896,122.568,304,156,0.00,
43,16,top,host,354.104,357.432,124,39,0.00,
43,16,top,other,365.896,122.568,304,156,0.00,
43,17,top,host,354.104,357.432,124,39,0.00,
43,17,top,other,365.896,122.568,304,156,0.00,
44,1,bottom,host,180,240,56,39,0.00,
44,1,bottom,other,540,240,236,156,0.00,
44,2,bottom,host,192.436,231.612,56,39,0.00,
44,2,bottom,other,527.564,248.388,236,156,0.00,
44,3,bottom,host,204.872,223.224,56,39,0.00,
44,3,bottom,other,515.128,256.776,236,156,0.00,
44,4,bottom,host,217.308,214.836,56,39,0.00,
44,4,bottom,other,502.692,265.164,236,156,0.00,
44,5,bottom,host,229.744,206.448,56,39,0.00,
44,5,bottom,other,490.256,273.552,236,156,0.00,
44,6,bottom,host,242.18,198.06,56,39,0.00,
44,6,bottom,other,477.82,281.94,236,156,0.00,
44,7,bottom,host,254.616,189.672,56,39,0.00,
44,7,bottom,other,465.384,290.328,236,156,0.00,
44,8,bottom,host,267.052,181.284,56,39,0.00,
44,8,bottom,other,452.948,298.716,236,156,0.00,
44,9,bottom,host,279.488,172.896,56,39,0.00,
44,9,bottom,other,440.512,307.104,236,156,0.00,
44,10,bottom,host,291.924,164.508,56,39,0.00,
44,10,bottom,other,428.076,315.492,236,156,0.00,
44,11,bottom,host,304.36,156.12,56,39,0.00,
44,11,bottom,other,415.64,323.88,236,156,0.00,
44,12,bottom,host,316.796,147.732,56,39,0.00,
44,12,bottom,other,403.204,332.268,236,156,0.00,
44,13,bottom,host,329.232,139.344,56,39,0.00,
44,13,bottom,other,390.768,340.656,236,156,0.00,
44,14,bottom,host,341.668,130.956,56,39,0.00,
44,14,bottom,other,378.332,349.044,236,156,0.00,
44,15,bottom,host,354.104,122.568,56,40,0.00,
44,15,bottom,other,365.896,357.432,236,160,0.00,
44,16,bottom,host,354.104,122.568,56,40,0.00,
44,16,bottom,other,365.896,357.432,236,160,0.00,
44,17,bottom,host,354.104,122.568,56,40,0.00,
44,17,bottom,other,365.896,357.432,236,160,0.00,
45,1,top,host,180,240,124,40,0.00,
45,1,top,other,540,240,304,160,0.00,
45,2,top,host,192.436,248.388,124,40,0.00,
45,2,top,other,527.564,231.612,304,160,0.00,
45,3,top,host,204.872,256.776,124,40,0.00,
45,3,top,other,515.128,223.224,304,160,0.00,
45,4,top,host,217.308,265.164,124,40,0.00,
45,4,top,other,502.692,214.836,304,160,0.00,
45,5,top,host,229.744,273.552,124,40,0.00,
45,5,top,other,490.256,206.448,304,160,0.00,
45,6,top,host,242.18,281.94,124,40,0.00,
45,6,top,other,477.82,198.06,304,160,0.00,
45,7,top,host,254.616,290.328,124,40,0.00,
45,7,top,other,465.384,189.672,304,160,0.00,
45,8,top,host,267.052,298.716,124,40,0.00,
45,8,top,other,452.948,181.284,304,160,0.00,
45,9,top,host,279.488,307.104,124,40,0.00,
45,9,top,other,440.512,172.896,304,160,0.00,
45,10,top,host,291.924,315.492,124,40,0.00,
45,10,top,other,428.076,164.508,304,160,0.00,
45,11,top,host,304.36,323.88,124,40,0.00,
45,11,top,other,415.64,156.12,304,160,0.00,
45,12,top,host,316.796,332.268,124,40,0.00,
45,12,top,other,403.204,147.732,304,160,0.00,
45,13,top,host,329.232,340.656,124,40,0.00,
45,13,top,other,390.768,139.344,304,160,0.00,
45,14,top,host,341.668,349.044,124,40,0.00,
45,14,top,other,378.332,130.956,304,160,0.00,
45,15,top,host,354.104,357.432,124,41,0.00,
45,15,top,other,365.896,122.568,304,164,0.00,
45,16,top,host,354.104,357.432,124,41,0.00,
45,16,top,other,365.896,122.568,304,164,0.00,
45,17,top,host,354.104,357.432,124,41,0.00,
45,17,top,other,365.896,122.568,304,164,0.00,
46,1,top,host,180,240,124,41,0.00,
46,1,top,other,540,240,304,164,0.00,
46,2,top,host,192.436,248.388,124,41,0.00,
46,2,top,other,527.564,231.612,304,164,0.00,
46,3,top,host,204.872,256.776,124,41,0.00,
46,3,top,other,515.128,223.224,304,164,0.00,
46,4,top,host,217.308,265.164,124,41,0.00,
46,4,top,other,502.692,214.836,304,164,0.00,
46,5,top,host,229.744,273.552,124,41,0.00,
46,5,top,other,490.256,206.448,304,164,0.00,
46,6,top,host,242.18,281.94,124,41,0.00,
46,6,top,other,477.82,198.06,304,164,0.00,
46,7,top,host,254.616,290.328,124,41,0.00,
46,7,top,other,465.384,189.672,304,164,0.00,
46,8,top,host,267.052,298.716,124,41,0.00,
46,8,top,other,452.948,181.284,304,164,0.00,
46,9,top,host,279.488,307.104,124,41,0.00,
46,9,top,other,440.512,172.896,304,164,0.00,
46,10,top,host,291.924,315.492,124,41,0.00,
46,10,top,other,428.076,164.508,304,164,0.00,
46,11,top,host,304.36,323.88,124,41,0.00,
46,11,top,other,415.64,156.12,304,164,0.00,
46,12,top,host,316.796,332.268,124,41,0.00,
46,12,top,other,403.204,147.732,304,164,0.00,
46,13,top,host,329.232,340.656,124,41,0.00,
46,13,top,other,390.768,139.344,304,164,0.00,
46,14,top,host,341.668,349.044,124,41,0.00,
46,14,top,other,378.332,130.956,304,164,0.00,
46,15,top,host,354.104,357.432,124,42,0.00,
46,15,top,other,365.896,122.568,304,168,0.00,
46,16,top,host,354.104,357.432,124,42,0.00,
46,16,top,other,365.896,122.568,304,168,0.00,
46,17,top,host,354.104,357.432,124,42,0.00,
46,17,top,other,365.896,122.568,304,168,0.00,
47,1,top,host,180,240,124,42,0.00,
47,1,top,other,540,240,304,168,0.00,
47,2,top,host,192.436,248.388,124,42,0.00,
47,2,top,other,527.564,231.612,304,168,0.00,
47,3,top,host,204.872,256.776,124,42,0.00,
47,3,top,other,515.128,223.224,304,168,0.00,
47,4,top,host,217.308,265.164,124,42,0.00,
47,4,top,other,502.692,214.836,304,168,0.00,
47,5,top,host,229.744,273.552,124,42,0.00,
47,5,top,other,490.256,206.448,304,168,0.00,
47,6,top,host,242.18,281.94,124,42,0.00,
47,6,top,other,477.82,198.06,304,168,0.00,
47,7,top,host,254.616,290.328,124,42,0.00,
47,7,top,other,465.384,189.672,304,168,0.00,
47,8,top,host,267.052,298.716,124,42,0.00,
47,8,top,other,452.948,181.284,304,168,0.00,
47,9,top,host,279.488,307.104,124,42,0.00,
47,9,top,other,440.512,172.896,304,168,0.00,
47,10,top,host,291.924,315.492,124,42,0.00,
47,10,top,other,428.076,164.508,304,168,0.00,
47,11,top,host,304.36,323.88,124,42,0.00,
47,11,top,other,415.64,156.12,304,168,0.00,
47,12,top,host,316.796,332.268,124,42,0.00,
47,12,top,other,403.204,147.732,304,168,0.00,
47,13,top,host,329.232,340.656,124,42,0.00,
47,13,top,other,390.768,139.344,304,168,0.00,
47,14,top,host,341.668,349.044,124,42,0.00,
47,14,top,other,378.332,130.956,304,168,0.00,
47,15,top,host,354.104,357.432,124,43,0.00,
47,15,top,other,365.896,122.568,304,172,0.00,
47,16,top,host,354.104,357.432,124,43,0.00,
47,16,top,other,365.896,122.568,304,172,0.00,
47,17,top,host,354.104,357.432,124,43,0.00,
47,17,top,other,365.896,122.568,304,172,0.00,
48,1,top,host,180,240,124,43,0.00,
48,1,top,other,540,240,304,172,0.00,
48,2,top,host,192.436,248.388,124,43,0.00,
48,2,top,other,527.564,231.612,304,172,0.00,
48,3,top,host,204.872,256.776,124,43,0.00,
48,3,top,other,515.128,223.224,304,172,0.00,
48,4,top,host,217.308,265.164,124,43,0.00,
48,4,top,other,502.692,214.836,304,172,0.00,
48,5,top,host,229.744,273.552,124,43,0.00,
48,5,top,other,490.256,206.448,304,172,0.00,
48,6,top,host,242.18,281.94,124,43,0.00,
48,6,top,other,477.82,198.06,304,172,0.00,
48,7,top,host,254.616,290.328,124,43,0.00,
48,7,top,other,465.384,189.672,304,172,0.00,
48,8,top,host,267.052,298.716,124,43,0.00,
48,8,top,other,452.948,181.284,304,172,0.00,
48,9,top,host,279.488,307.104,124,43,0.00,
48,9,top,other,440.512,172.896,304,172,0.00,
48,10,top,other,428.076,164.508,304,172,0.00,
48,10,top,host,291.924,315.492,124,43,0.00,
48,11,top,host,304.36,323.88,124,43,0.00,
48,11,top,other,415.64,156.12,304,172,0.00,
48,12,top,host,316.796,332.268,124,43,0.00,
48,12,top,other,403.204,147.732,304,172,0.00,
48,13,top,host,329.232,340.656,124,43,0.00,
48,13,top,other,390.768,139.344,304,172,0.00,
48,14,top,host,341.668,349.044,124,43,0.00,
48,14,top,other,378.332,130.956,304,172,0.00,
48,15,top,host,354.104,357.432,124,44,0.00,
48,15,top,other,365.896,122.568,304,176,0.00,
48,16,top,host,354.104,357.432,124,44,0.00,
48,16,top,other,365.896,122.568,304,176,0.00,
48,17,top,host,354.104,357.432,124,44,0.00,
48,17,top,other,365.896,122.568,304,176,0.00,
49,1,bottom,host,180,240,56,44,0.00,
49,1,bottom,other,540,240,236,176,0.00,
49,2,bottom,host,192.436,231.612,56,44,0.00,
49,2,bottom,other,527.564,248.388,236,176,0.00,
49,3,bottom,host,204.872,223.224,56,44,0.00,
49,3,bottom,other,515.128,256.776,236,176,0.00,
49,4,bottom,host,217.308,214.836,56,44,0.00,
49,4,bottom,other,502.692,265.164,236,176,0.00,
49,5,bottom,host,229.744,206.448,56,44,0.00,
49,5,bottom,other,490.256,273.552,236,176,0.00,
49,6,bottom,host,242.18,198.06,56,44,0.00,
49,6,bottom,other,477.82,281.94,236,176,0.00,
49,7,bottom,host,254.616,189.672,56,44,0.00,
49,7,bottom,other,465.384,290.328,236,176,0.00,
49,8,bottom,host,267.052,181.284,56,44,0.00,
49,8,bottom,other,452.948,298.716,236,176,0.00,
49,9,bottom,host,279.488,172.896,56,44,0.00,
49,9,bottom,other,440.512,307.104,236,176,0.00,
49,10,bottom,host,291.924,164.508,56,44,0.00,
49,10,bottom,other,428.076,315.492,236,176,0.00,
49,11,bottom,host,304.36,156.12,56,44,0.00,
49,11,bottom,other,415.64,323.88,236,176,0.00,
49,12,bottom,host,316.796,147.732,56,44,0.00,
49,12,bottom,other,403.204,332.268,236,176,0.00,
49,13,bottom,host,329.232,139.344,56,44,0.00,
49,13,bottom,other,390.768,340.656,236,176,0.00,
49,14,bottom,host,341.668,130.956,56,44,0.00,
49,14,bottom,other,378.332,349.044,236,176,0.00,
49,15,bottom,host,354.104,122.568,56,45,0.00,
49,15,bottom,other,365.896,357.432,236,180,0.00,
49,16,bottom,host,354.104,122.568,56,45,0.00,
49,16,bottom,other,365.896,357.432,236,180,0.00,
49,17,bottom,host,354.104,122.568,56,45,0.00,
49,17,bottom,other,365.896,357.432,236,180,0.00,
50,1,bottom,host,180,240,56,45,0.00,
50,1,bottom,other,540,240,236,180,0.00,
50,2,bottom,host,192.436,231.612,56,45,0.00,
50,2,bottom,other,527.564,248.388,236,180,0.00,
50,3,bottom,host,204.872,223.224,56,45,0.00,
50,3,bottom,other,515.128,256.776,236,180,0.00,
50,4,bottom,host,217.308,214.836,56,45,0.00,
50,4,bottom,other,502.692,265.164,236,180,0.00,
50,5,bottom,host,229.744,206.448,56,45,0.00,
50,5,bottom,other,490.256,273.552,236,180,0.00,
50,6,bottom,host,242.18,198.06,56,45,0.00,
50,6,bottom,other,477.82,281.94,236,180,0.00,
50,7,bottom,host,254.616,189.672,56,45,0.00,
50,7,bottom,other,465.384,290.328,236,180,0.00,
50,8,bottom,host,267.052,181.284,56,45,0.00,
50,8,bottom,other,452.948,298.716,236,180,0.00,
50,9,bottom,host,279.488,172.896,56,45,0.00,
50,9,bottom,other,440.512,307.104,236,180,0.00,
50,10,bottom,host,291.924,164.508,56,45,0.00,
50,10,bottom,other,428.076,315.492,236,180,0.00,
50,11,bottom,host,304.36,156.12,56,45,0.00,
50,11,bottom,other,415.64,323.88,236,180,0.00,
50,12,bottom,host,316.796,147.732,56,45,0.00,
50,12,bottom,other,403.204,332.268,236,180,0.00,
50,13,bottom,host,329.232,139.344,56,45,0.00,
50,13,bottom,other,390.768,340.656,236,180,0.00,
50,14,bottom,host,341.668,130.956,56,45,0.00,
50,14,bottom,other,378.332,349.044,236,180,0.00,
50,15,bottom,host,354.104,122.568,56,46,0.00,
50,15,bottom,other,365.896,357.432,236,184,0.00,
50,16,bottom,host,354.104,122.568,56,46,0.00,
50,16,bottom,other,365.896,357.432,236,184,0.00,
50,17,bottom,host,354.104,122.568,56,46,0.00,
50,17,bottom,other,365.896,357.432,236,184,0.00,
