1,1,top,other,540,240,236,0,0.00,
1,1,top,host,180,240,56,0,0.00,
1,2,top,host,192.436,231.612,56,0,0.00,
1,2,top,other,527.564,248.388,236,0,0.00,
1,3,top,host,204.872,223.224,56,0,0.00,
1,3,top,other,515.128,256.776,236,0,0.00,
1,4,top,host,217.308,214.836,56,0,0.00,
1,4,top,other,502.692,265.164,236,0,0.00,
1,5,top,host,229.744,206.448,56,0,0.00,
1,5,top,other,490.256,273.552,236,0,0.00,
1,6,top,host,242.18,198.06,56,0,0.00,
1,6,top,other,477.82,281.94,236,0,0.00,
1,7,top,host,254.616,189.672,56,0,0.00,
1,7,top,other,465.384,290.328,236,0,0.00,
1,8,top,host,267.052,181.284,56,0,0.00,
1,8,top,other,452.948,298.716,236,0,0.00,
1,9,top,host,279.488,172.896,56,0,0.00,
1,9,top,other,440.512,307.104,236,0,0.00,
1,10,top,host,291.924,164.508,56,0,0.00,
1,10,top,other,428.076,315.492,236,0,0.00,
1,11,top,host,304.36,156.12,56,0,0.00,
1,11,top,other,415.64,323.88,236,0,0.00,
1,12,top,host,316.796,147.732,56,0,0.00,
1,12,top,other,403.204,332.268,236,0,0.00,
1,13,top,host,329.232,139.344,56,0,0.00,
1,13,top,other,390.768,340.656,236,0,0.00,
1,14,top,host,341.668,130.956,56,0,0.00,
1,14,top,other,378.332,349.044,236,0,0.00,
1,15,top,host,354.104,122.568,56,4,0.00,
1,15,top,other,365.896,357.432,236,1,0.00,
1,16,top,host,354.104,122.568,56,4,0.00,
1,16,top,other,365.896,357.432,236,1,0.00,
1,17,top,host,354.104,122.568,56,4,0.00,
1,17,top,other,365.896,357.432,236,1,0.00,
2,1,top,host,180,240,56,4,0.00,
2,1,top,other,540,240,304,1,0.00,
2,2,top,host,192.436,231.612,56,4,0.00,
2,2,top,other,527.564,231.612,304,1,0.00,
2,3,top,host,204.872,223.224,56,4,0.00,
2,3,top,other,515.128,223.224,304,1,0.00,
2,4,top,host,217.308,214.836,56,4,0.00,
2,4,top,other,502.692,214.836,304,1,0.00,
2,5,top,host,229.744,206.448,56,4,0.00,
2,5,top,other,490.256,206.448,304,1,0.00,
2,6,top,host,242.18,198.06,56,4,0.00,
2,6,top,other,477.82,198.06,304,1,0.00,
2,7,top,host,254.616,189.672,56,4,0.00,
2,7,top,other,465.384,189.672,304,1,0.00,
2,8,top,host,267.052,181.284,56,4,0.00,
2,8,top,other,452.948,181.284,304,1,0.00,
2,9,top,host,279.488,172.896,56,4,0.00,
2,9,top,other,440.512,172.896,304,1,0.00,
2,10,top,host,291.924,164.508,56,4,0.00,
2,10,top,other,428.076,164.508,304,1,0.00,
2,11,top,host,304.36,156.12,56,4,0.00,
2,11,top,other,415.64,156.12,304,1,0.00,
2,12,top,host,316.796,147.732,56,4,0.00,
2,12,top,other,403.204,147.732,304,1,0.00,
2,13,top,host,329.232,139.344,56,4,0.00,
2,13,top,other,390.768,139.344,304,1,0.00,
2,14,top,host,341.668,130.956,56,4,0.00,
2,14,top,other,378.332,130.956,304,1,0.00,
2,15,top,host,354.104,122.568,56,4,0.00,
2,15,top,other,365.896,122.568,304,1,0.00,
2,16,top,host,354.104,122.568,56,4,0.00,
2,16,top,other,365.896,122.568,304,1,0.00,
2,17,top,host,354.104,122.568,56,4,0.00,
2,17,top,other,365.896,122.568,304,1,0.00,
3,1,top,host,180,240,56,4,0.00,
3,1,top,other,540,240,304,1,0.00,
3,2,top,host,192.436,231.612,56,4,0.00,
3,2,top,other,527.564,231.612,304,1,0.00,
3,3,top,host,204.872,223.224,56,4,0.00,
3,3,top,other,515.128,223.224,304,1,0.00,
3,4,top,host,217.308,214.836,56,4,0.00,
3,4,top,other,502.692,214.836,304,1,0.00,
3,5,top,host,229.744,206.448,56,4,0.00,
3,5,top,other,490.256,206.448,304,1,0.00,
3,6,top,host,242.18,198.06,56,4,0.00,
3,6,top,other,477.82,198.06,304,1,0.00,
3,7,top,host,254.616,189.672,56,4,0.00,
3,7,top,other,465.384,189.672,304,1,0.00,
3,8,top,host,267.052,181.284,56,4,0.00,
3,8,top,other,452.948,181.284,304,1,0.00,
3,9,top,host,279.488,172.896,56,4,0.00,
3,9,top,other,440.512,172.896,304,1,0.00,
3,10,top,host,291.924,164.508,56,4,0.00,
3,10,top,other,428.076,164.508,304,1,0.00,
3,11,top,host,304.36,156.12,56,4,0.00,
3,11,top,other,415.64,156.12,304,1,0.00,
3,12,top,host,316.796,147.732,56,4,0.00,
3,12,top,other,403.204,147.732,304,1,0.00,
3,13,top,host,329.232,139.344,56,4,0.00,
3,13,top,other,390.768,139.344,304,1,0.00,
3,14,top,host,341.668,130.956,56,4,0.00,
3,14,top,other,378.332,130.956,304,1,0.00,
3,15,top,host,354.104,122.568,56,4,0.00,
3,15,top,other,365.896,122.568,304,1,0.00,
3,16,top,host,354.104,122.568,56,4,0.00,
3,16,top,other,365.896,122.568,304,1,0.00,
3,17,top,host,354.104,122.568,56,4,0.00,
3,17,top,other,365.896,122.568,304,1,0.00,
4,1,top,host,180,240,56,4,0.00,
4,1,top,other,540,240,304,1,0.00,
4,2,top,host,192.436,231.612,56,4,0.00,
4,2,top,other,527.564,231.612,304,1,0.00,
4,3,top,host,204.872,223.224,56,4,0.00,
4,3,top,other,515.128,223.224,304,1,0.00,
4,4,top,host,217.308,214.836,56,4,0.00,
4,4,top,other,502.692,214.836,304,1,0.00,
4,5,top,host,229.744,206.448,56,4,0.00,
4,5,top,other,490.256,206.448,304,1,0.00,
4,6,top,host,242.18,198.06,56,4,0.00,
4,6,top,other,477.82,198.06,304,1,0.00,
4,7,top,host,254.616,189.672,56,4,0.00,
4,7,top,other,465.384,189.672,304,1,0.00,
4,8,top,host,267.052,181.284,56,4,0.00,
4,8,top,other,452.948,181.284,304,1,0.00,
4,9,top,host,279.488,172.896,56,4,0.00,
4,9,top,other,440.512,172.896,304,1,0.00,
4,10,top,host,291.924,164.508,56,4,0.00,
4,10,top,other,428.076,164.508,304,1,0.00,
4,11,top,host,304.36,156.12,56,4,0.00,
4,11,top,other,415.64,156.12,304,1,0.00,
4,12,top,host,316.796,147.732,56,4,0.00,
4,12,top,other,403.204,147.732,304,1,0.00,
4,13,top,host,329.232,139.344,56,4,0.00,
4,13,top,other,390.768,139.344,304,1,0.00,
4,14,top,host,341.668,130.956,56,4,0.00,
4,14,top,other,378.332,130.956,304,1,0.00,
4,15,top,host,354.104,122.568,56,4,0.00,
4,15,top,other,365.896,122.568,304,1,0.00,
4,16,top,host,354.104,122.568,56,4,0.00,
4,16,top,other,365.896,122.568,304,1,0.00,
4,17,top,host,354.104,122.568,56,4,0.00,
4,17,top,other,365.896,122.568,304,1,0.00,
5,1,bottom,host,180,240,56,4,0.00,
5,1,bottom,other,540,240,236,1,0.00,
5,2,bottom,host,192.436,231.612,56,4,0.00,
5,2,bottom,other,527.564,248.388,236,1,0.00,
5,3,bottom,host,204.872,223.224,56,4,0.00,
5,3,bottom,other,515.128,256.776,236,1,0.00,
5,4,bottom,host,217.308,214.836,56,4,0.00,
5,4,bottom,other,502.692,265.164,236,1,0.00,
5,5,bottom,host,229.744,206.448,56,4,0.00,
5,5,bottom,other,490.256,273.552,236,1,0.00,
5,6,bottom,host,242.18,198.06,56,4,0.00,
5,6,bottom,other,477.82,281.94,236,1,0.00,
5,7,bottom,host,254.616,189.672,56,4,0.00,
5,7,bottom,other,465.384,290.328,236,1,0.00,
5,8,bottom,host,267.052,181.284,56,4,0.00,
5,8,bottom,other,452.948,298.716,236,1,0.00,
5,9,bottom,host,279.488,172.896,56,4,0.00,
5,9,bottom,other,440.512,307.104,236,1,0.00,
5,10,bottom,host,291.924,164.508,56,4,0.00,
5,10,bottom,other,428.076,315.492,236,1,0.00,
5,11,bottom,host,304.36,156.12,56,4,0.00,
5,11,bottom,other,415.64,323.88,236,1,0.00,
5,12,bottom,host,316.796,147.732,56,4,0.00,
5,12,bottom,other,403.204,332.268,236,1,0.00,
5,13,bottom,host,329.232,139.344,56,4,0.00,
5,13,bottom,other,390.768,340.656,236,1,0.00,
5,14,bottom,host,341.668,130.956,56,4,0.00,
5,14,bottom,other,378.332,349.044,236,1,0.00,
5,15,bottom,host,354.104,122.568,56,5,0.00,
5,15,bottom,other,365.896,357.432,236,5,0.00,
5,16,bottom,host,354.104,122.568,56,5,0.00,
5,16,bottom,other,365.896,357.432,236,5,0.00,
5,17,bottom,host,354.104,122.568,56,5,0.00,
5,17,bottom,other,365.896,357.432,236,5,0.00,
6,1,top,host,180,240,56,5,0.00,
6,1,top,other,540,240,236,5,0.00,
6,2,top,host,192.436,231.612,56,5,0.00,
6,2,top,other,527.564,248.388,236,5,0.00,
6,3,top,host,204.872,223.224,56,5,0.00,
6,3,top,other,515.128,256.776,236,5,0.00,
6,4,top,host,217.308,214.836,56,5,0.00,
6,4,top,other,502.692,265.164,236,5,0.00,
6,5,top,host,229.744,206.448,56,5,0.00,
6,5,top,other,490.256,273.552,236,5,0.00,
6,6,top,host,242.18,198.06,56,5,0.00,
6,6,top,other,477.82,281.94,236,5,0.00,
6,7,top,host,254.616,189.672,56,5,0.00,
6,7,top,other,465.384,290.328,236,5,0.00,
6,8,top,host,267.052,181.284,56,5,0.00,
6,8,top,other,452.948,298.716,236,5,0.00,
6,9,top,host,279.488,172.896,56,5,0.00,
6,9,top,other,440.512,307.104,236,5,0.00,
6,10,top,host,291.924,164.508,56,5,0.00,
6,10,top,other,428.076,315.492,236,5,0.00,
6,11,top,host,304.36,156.12,56,5,0.00,
6,11,top,other,415.64,323.88,236,5,0.00,
6,12,top,host,316.796,147.732,56,5,0.00,
6,12,top,other,403.204,332.268,236,5,0.00,
6,13,top,host,329.232,139.344,56,5,0.00,
6,13,top,other,390.768,340.656,236,5,0.00,
6,14,top,host,341.668,130.956,56,5,0.00,
6,14,top,other,378.332,349.044,236,5,0.00,
6,15,top,host,354.104,122.568,56,9,0.00,
6,15,top,other,365.896,357.432,236,6,0.00,
6,16,top,host,354.104,122.568,56,9,0.00,
6,16,top,other,365.896,357.432,236,6,0.00,
6,17,top,host,354.104,122.568,56,9,0.00,
6,17,top,other,365.896,357.432,236,6,0.00,
7,1,top,host,180,240,124,9,0.00,
7,1,top,other,540,240,236,6,0.00,
7,2,top,host,192.436,248.388,124,9,0.00,
7,2,top,other,527.564,248.388,236,6,0.00,
7,3,top,host,204.872,256.776,124,9,0.00,
7,3,top,other,515.128,256.776,236,6,0.00,
7,4,top,host,217.308,265.164,124,9,0.00,
7,4,top,other,502.692,265.164,236,6,0.00,
7,5,top,host,229.744,273.552,124,9,0.00,
7,5,top,other,490.256,273.552,236,6,0.00,
7,6,top,host,242.18,281.94,124,9,0.00,
7,6,top,other,477.82,281.94,236,6,0.00,
7,7,top,host,254.616,290.328,124,9,0.00,
7,7,top,other,465.384,290.328,236,6,0.00,
7,8,top,host,267.052,298.716,124,9,0.00,
7,8,top,other,452.948,298.716,236,6,0.00,
7,9,top,host,279.488,307.104,124,9,0.00,
7,9,top,other,440.512,307.104,236,6,0.00,
7,10,top,host,291.924,315.492,124,9,0.00,
7,10,top,other,428.076,315.492,236,6,0.00,
7,11,top,host,304.36,323.88,124,9,0.00,
7,11,top,other,415.64,323.88,236,6,0.00,
7,12,top,host,316.796,332.268,124,9,0.00,
7,12,top,other,403.204,332.268,236,6,0.00,
7,13,top,host,329.232,340.656,124,9,0.00,
7,13,top,other,390.768,340.656,236,6,0.00,
7,14,top,host,341.668,349.044,124,9,0.00,
7,14,top,other,378.332,349.044,236,6,0.00,
7,15,top,host,354.104,357.432,124,9,0.00,
7,15,top,other,365.896,357.432,236,6,0.00,
7,16,top,host,354.104,357.432,124,9,0.00,
7,16,top,other,365.896,357.432,236,6,0.00,
7,17,top,host,354.104,357.432,124,9,0.00,
7,17,top,other,365.896,357.432,236,6,0.00,
8,1,bottom,host,180,240,124,9,0.00,
8,1,bottom,other,540,240,236,6,0.00,
8,2,bottom,host,192.436,248.388,124,9,0.00,
8,2,bottom,other,527.564,248.388,236,6,0.00,
8,3,bottom,host,204.872,256.776,124,9,0.00,
8,3,bottom,other,515.128,256.776,236,6,0.00,
8,4,bottom,host,217.308,265.164,124,9,0.00,
8,4,bottom,other,502.692,265.164,236,6,0.00,
8,5,bottom,host,229.744,273.552,124,9,0.00,
8,5,bottom,other,490.256,273.552,236,6,0.00,
8,6,bottom,host,242.18,281.94,124,9,0.00,
8,6,bottom,other,477.82,281.94,236,6,0.00,
8,7,bottom,host,254.616,290.328,124,9,0.00,
8,7,bottom,other,465.384,290.328,236,6,0.00,
8,8,bottom,host,267.052,298.716,124,9,0.00,
8,8,bottom,other,452.948,298.716,236,6,0.00,
8,9,bottom,host,279.488,307.104,124,9,0.00,
8,9,bottom,other,440.512,307.104,236,6,0.00,
8,10,bottom,host,291.924,315.492,124,9,0.00,
8,10,bottom,other,428.076,315.492,236,6,0.00,
8,11,bottom,host,304.36,323.88,124,9,0.00,
8,11,bottom,other,415.64,323.88,236,6,0.00,
8,12,bottom,host,316.796,332.268,124,9,0.00,
8,12,bottom,other,403.204,332.268,236,6,0.00,
8,13,bottom,host,329.232,340.656,124,9,0.00,
8,13,bottom,other,390.768,340.656,236,6,0.00,
8,14,bottom,host,341.668,349.044,124,9,0.00,
8,14,bottom,other,378.332,349.044,236,6,0.00,
8,15,bottom,host,354.104,357.432,124,9,0.00,
8,15,bottom,other,365.896,357.432,236,6,0.00,
8,16,bottom,host,354.104,357.432,124,9,0.00,
8,16,bottom,other,365.896,357.432,236,6,0.00,
8,17,bottom,host,354.104,357.432,124,9,0.00,
8,17,bottom,other,365.896,357.432,236,6,0.00,
9,1,bottom,host,180,240,56,9,0.00,
9,1,bottom,other,540,240,304,6,0.00,
9,2,bottom,host,192.436,231.612,56,9,0.00,
9,2,bottom,other,527.564,231.612,304,6,0.00,
9,3,bottom,host,204.872,223.224,56,9,0.00,
9,3,bottom,other,515.128,223.224,304,6,0.00,
9,4,bottom,host,217.308,214.836,56,9,0.00,
9,4,bottom,other,502.692,214.836,304,6,0.00,
9,5,bottom,host,229.744,206.448,56,9,0.00,
9,5,bottom,other,490.256,206.448,304,6,0.00,
9,6,bottom,host,242.18,198.06,56,9,0.00,
9,6,bottom,other,477.82,198.06,304,6,0.00,
9,7,bottom,host,254.616,189.672,56,9,0.00,
9,7,bottom,other,465.384,189.672,304,6,0.00,
9,8,bottom,host,267.052,181.284,56,9,0.00,
9,8,bottom,other,452.948,181.284,304,6,0.00,
9,9,bottom,host,279.488,172.896,56,9,0.00,
9,9,bottom,other,440.512,172.896,304,6,0.00,
9,10,bottom,host,291.924,164.508,56,9,0.00,
9,10,bottom,other,428.076,164.508,304,6,0.00,
9,11,bottom,host,304.36,156.12,56,9,0.00,
9,11,bottom,other,415.64,156.12,304,6,0.00,
9,12,bottom,host,316.796,147.732,56,9,0.00,
9,12,bottom,other,403.204,147.732,304,6,0.00,
9,13,bottom,host,329.232,139.344,56,9,0.00,
9,13,bottom,other,390.768,139.344,304,6,0.00,
9,14,bottom,host,341.668,130.956,56,9,0.00,
9,14,bottom,other,378.332,130.956,304,6,0.00,
9,15,bottom,host,354.104,122.568,56,9,0.00,
9,15,bottom,other,365.896,122.568,304,6,0.00,
9,16,bottom,host,354.104,122.568,56,9,0.00,
9,16,bottom,other,365.896,122.568,304,6,0.00,
9,17,bottom,host,354.104,122.568,56,9,0.00,
9,17,bottom,other,365.896,122.568,304,6,0.00,
10,1,bottom,host,180,240,56,9,0.00,
10,1,bottom,other,540,240,236,6,0.00,
10,2,bottom,host,192.436,231.612,56,9,0.00,
10,2,bottom,other,527.564,248.388,236,6,0.00,
10,3,bottom,host,204.872,223.224,56,9,0.00,
10,3,bottom,other,515.128,256.776,236,6,0.00,
10,4,bottom,host,217.308,214.836,56,9,0.00,
10,4,bottom,other,502.692,265.164,236,6,0.00,
10,5,bottom,host,229.744,206.448,56,9,0.00,
10,5,bottom,other,490.256,273.552,236,6,0.00,
10,6,bottom,host,242.18,198.06,56,9,0.00,
10,6,bottom,other,477.82,281.94,236,6,0.00,
10,7,bottom,host,254.616,189.672,56,9,0.00,
10,7,bottom,other,465.384,290.328,236,6,0.00,
10,8,bottom,host,267.052,181.284,56,9,0.00,
10,8,bottom,other,452.948,298.716,236,6,0.00,
10,9,bottom,host,279.488,172.896,56,9,0.00,
10,9,bottom,other,440.512,307.104,236,6,0.00,
10,10,bottom,host,291.924,164.508,56,9,0.00,
10,10,bottom,other,428.076,315.492,236,6,0.00,
10,11,bottom,host,304.36,156.12,56,9,0.00,
10,11,bottom,other,415.64,323.88,236,6,0.00,
10,12,bottom,host,316.796,147.732,56,9,0.00,
10,12,bottom,other,403.204,332.268,236,6,0.00,
10,13,bottom,host,329.232,139.344,56,9,0.00,
10,13,bottom,other,390.768,340.656,236,6,0.00,
10,14,bottom,host,341.668,130.956,56,9,0.00,
10,14,bottom,other,378.332,349.044,236,6,0.00,
10,15,bottom,host,354.104,122.568,56,10,0.00,
10,15,bottom,other,365.896,357.432,236,10,0.00,
10,16,bottom,host,354.104,122.568,56,10,0.00,
10,16,bottom,other,365.896,357.432,236,10,0.00,
10,17,bottom,host,354.104,122.568,56,10,0.00,
10,17,bottom,other,365.896,357.432,236,10,0.00,
11,1,bottom,host,180,240,124,10,0.00,
11,1,bottom,other,540,240,236,10,0.00,
11,2,bottom,host,192.436,248.388,124,10,0.00,
11,2,bottom,other,527.564,248.388,236,10,0.00,
11,3,bottom,host,204.872,256.776,124,10,0.00,
11,3,bottom,other,515.128,256.776,236,10,0.00,
11,4,bottom,host,217.308,265.164,124,10,0.00,
11,4,bottom,other,502.692,265.164,236,10,0.00,
11,5,bottom,host,229.744,273.552,124,10,0.00,
11,5,bottom,other,490.256,273.552,236,10,0.00,
11,6,bottom,host,242.18,281.94,124,10,0.00,
11,6,bottom,other,477.82,281.94,236,10,0.00,
11,7,bottom,host,254.616,290.328,124,10,0.00,
11,7,bottom,other,465.384,290.328,236,10,0.00,
11,8,bottom,host,267.052,298.716,124,10,0.00,
11,8,bottom,other,452.948,298.716,236,10,0.00,
11,9,bottom,host,279.488,307.104,124,10,0.00,
11,9,bottom,other,440.512,307.104,236,10,0.00,
11,10,bottom,host,291.924,315.492,124,10,0.00,
11,10,bottom,other,428.076,315.492,236,10,0.00,
11,11,bottom,host,304.36,323.88,124,10,0.00,
11,11,bottom,other,415.64,323.88,236,10,0.00,
11,12,bottom,host,316.796,332.268,124,10,0.00,
11,12,bottom,other,403.204,332.268,236,10,0.00,
11,13,bottom,host,329.232,340.656,124,10,0.00,
11,13,bottom,other,390.768,340.656,236,10,0.00,
11,14,bottom,host,341.668,349.044,124,10,0.00,
11,14,bottom,other,378.332,349.044,236,10,0.00,
11,15,bottom,host,354.104,357.432,124,10,0.00,
11,15,bottom,other,365.896,357.432,236,10,0.00,
11,16,bottom,host,354.104,357.432,124,10,0.00,
11,16,bottom,other,365.896,357.432,236,10,0.00,
11,17,bottom,host,354.104,357.432,124,10,0.00,
11,17,bottom,other,365.896,357.432,236,10,0.00,
12,1,top,host,180,240,56,10,0.00,
12,1,top,other,540,240,236,10,0.00,
12,2,top,host,192.436,231.612,56,10,0.00,
12,2,top,other,527.564,248.388,236,10,0.00,
12,3,top,host,204.872,223.224,56,10,0.00,
12,3,top,other,515.128,256.776,236,10,0.00,
12,4,top,host,217.308,214.836,56,10,0.00,
12,4,top,other,502.692,265.164,236,10,0.00,
12,5,top,host,229.744,206.448,56,10,0.00,
12,5,top,other,490.256,273.552,236,10,0.00,
12,6,top,host,242.18,198.06,56,10,0.00,
12,6,top,other,477.82,281.94,236,10,0.00,
12,7,top,host,254.616,189.672,56,10,0.00,
12,7,top,other,465.384,290.328,236,10,0.00,
12,8,top,host,267.052,181.284,56,10,0.00,
12,8,top,other,452.948,298.716,236,10,0.00,
12,9,top,host,279.488,172.896,56,10,0.00,
12,9,top,other,440.512,307.104,236,10,0.00,
12,10,top,host,291.924,164.508,56,10,0.00,
12,10,top,other,428.076,315.492,236,10,0.00,
12,11,top,host,304.36,156.12,56,10,0.00,
12,11,top,other,415.64,323.88,236,10,0.00,
12,12,top,host,316.796,147.732,56,10,0.00,
12,12,top,other,403.204,332.268,236,10,0.00,
12,13,top,host,329.232,139.344,56,10,0.00,
12,13,top,other,390.768,340.656,236,10,0.00,
12,14,top,host,341.668,130.956,56,10,0.00,
12,14,top,other,378.332,349.044,236,10,0.00,
12,15,top,host,354.104,122.568,56,14,0.00,
12,15,top,other,365.896,357.432,236,11,0.00,
12,16,top,host,354.104,122.568,56,14,0.00,
12,16,top,other,365.896,357.432,236,11,0.00,
12,17,top,host,354.104,122.568,56,14,0.00,
12,17,top,other,365.896,357.432,236,11,0.00,
13,1,top,host,180,240,124,14,0.00,
13,1,top,other,540,240,236,11,0.00,
13,2,top,host,192.436,248.388,124,14,0.00,
13,2,top,other,527.564,248.388,236,11,0.00,
13,3,top,host,204.872,256.776,124,14,0.00,
13,3,top,other,515.128,256.776,236,11,0.00,
13,4,top,host,217.308,265.164,124,14,0.00,
13,4,top,other,502.692,265.164,236,11,0.00,
13,5,top,host,229.744,273.552,124,14,0.00,
13,5,top,other,490.256,273.552,236,11,0.00,
13,6,top,host,242.18,281.94,124,14,0.00,
13,6,top,other,477.82,281.94,236,11,0.00,
13,7,top,host,254.616,290.328,124,14,0.00,
13,7,top,other,465.384,290.328,236,11,0.00,
13,8,top,host,267.052,298.716,124,14,0.00,
13,8,top,other,452.948,298.716,236,11,0.00,
13,9,top,host,279.488,307.104,124,14,0.00,
13,9,top,other,440.512,307.104,236,11,0.00,
13,10,top,host,291.924,315.492,124,14,0.00,
13,10,top,other,428.076,315.492,236,11,0.00,
13,11,top,host,304.36,323.88,124,14,0.00,
13,11,top,other,415.64,323.88,236,11,0.00,
13,12,top,host,316.796,332.268,124,14,0.00,
13,12,top,other,403.204,332.268,236,11,0.00,
13,13,top,host,329.232,340.656,124,14,0.00,
13,13,top,other,390.768,340.656,236,11,0.00,
13,14,top,host,341.668,349.044,124,14,0.00,
13,14,top,other,378.332,349.044,236,11,0.00,
13,15,top,host,354.104,357.432,124,14,0.00,
13,15,top,other,365.896,357.432,236,11,0.00,
13,16,top,host,354.104,357.432,124,14,0.00,
13,16,top,other,365.896,357.432,236,11,0.00,
13,17,top,host,354.104,357.432,124,14,0.00,
13,17,top,other,365.896,357.432,236,11,0.00,
14,1,bottom,host,180,240,124,14,0.00,
14,1,bottom,other,540,240,236,11,0.00,
14,2,bottom,host,192.436,248.388,124,14,0.00,
14,2,bottom,other,527.564,248.388,236,11,0.00,
14,3,bottom,host,204.872,256.776,124,14,0.00,
14,3,bottom,other,515.128,256.776,236,11,0.00,
14,4,bottom,host,217.308,265.164,124,14,0.00,
14,4,bottom,other,502.692,265.164,236,11,0.00,
14,5,bottom,host,229.744,273.552,124,14,0.00,
14,5,bottom,other,490.256,273.552,236,11,0.00,
14,6,bottom,host,242.18,281.94,124,14,0.00,
14,6,bottom,other,477.82,281.94,236,11,0.00,
14,7,bottom,host,254.616,290.328,124,14,0.00,
14,7,bottom,other,465.384,290.328,236,11,0.00,
14,8,bottom,host,267.052,298.716,124,14,0.00,
14,8,bottom,other,452.948,298.716,236,11,0.00,
14,9,bottom,host,279.488,307.104,124,14,0.00,
14,9,bottom,other,440.512,307.104,236,11,0.00,
14,10,bottom,host,291.924,315.492,124,14,0.00,
14,10,bottom,other,428.076,315.492,236,11,0.00,
14,11,bottom,host,304.36,323.88,124,14,0.00,
14,11,bottom,other,415.64,323.88,236,11,0.00,
14,12,bottom,host,316.796,332.268,124,14,0.00,
14,12,bottom,other,403.204,332.268,236,11,0.00,
14,13,bottom,host,329.232,340.656,124,14,0.00,
14,13,bottom,other,390.768,340.656,236,11,0.00,
14,14,bottom,host,341.668,349.044,124,14,0.00,
14,14,bottom,other,378.332,349.044,236,11,0.00,
14,15,bottom,host,354.104,357.432,124,14,0.00,
14,15,bottom,other,365.896,357.432,236,11,0.00,
14,16,bottom,host,354.104,357.432,124,14,0.00,
14,16,bottom,other,365.896,357.432,236,11,0.00,
14,17,bottom,host,354.104,357.432,124,14,0.00,
14,17,bottom,other,365.896,357.432,236,11,0.00,
15,1,top,host,180,240,56,14,0.00,
15,1,top,other,540,240,236,11,0.00,
15,2,top,host,192.436,231.612,56,14,0.00,
15,2,top,other,527.564,248.388,236,11,0.00,
15,3,top,host,204.872,223.224,56,14,0.00,
15,3,top,other,515.128,256.776,236,11,0.00,
15,4,top,host,217.308,214.836,56,14,0.00,
15,4,top,other,502.692,265.164,236,11,0.00,
15,5,top,host,229.744,206.448,56,14,0.00,
15,5,top,other,490.256,273.552,236,11,0.00,
15,6,top,host,242.18,198.06,56,14,0.00,
15,6,top,other,477.82,281.94,236,11,0.00,
15,7,top,host,254.616,189.672,56,14,0.00,
15,7,top,other,465.384,290.328,236,11,0.00,
15,8,top,host,267.052,181.284,56,14,0.00,
15,8,top,other,452.948,298.716,236,11,0.00,
15,9,top,host,279.488,172.896,56,14,0.00,
15,9,top,other,440.512,307.104,236,11,0.00,
15,10,top,host,291.924,164.508,56,14,0.00,
15,10,top,other,428.076,315.492,236,11,0.00,
15,11,top,host,304.36,156.12,56,14,0.00,
15,11,top,other,415.64,323.88,236,11,0.00,
15,12,top,host,316.796,147.732,56,14,0.00,
15,12,top,other,403.204,332.268,236,11,0.00,
15,13,top,host,329.232,139.344,56,14,0.00,
15,13,top,other,390.768,340.656,236,11,0.00,
15,14,top,host,341.668,130.956,56,14,0.00,
15,14,top,other,378.332,349.044,236,11,0.00,
15,15,top,host,354.104,122.568,56,18,0.00,
15,15,top,other,365.896,357.432,236,12,0.00,
15,16,top,host,354.104,122.568,56,18,0.00,
15,16,top,other,365.896,357.432,236,12,0.00,
15,17,top,host,354.104,122.568,56,18,0.00,
15,17,top,other,365.896,357.432,236,12,0.00,
16,1,top,host,180,240,56,18,0.00,
16,1,top,other,540,240,236,12,0.00,
16,2,top,host,192.436,231.612,56,18,0.00,
16,2,top,other,527.564,248.388,236,12,0.00,
16,3,top,host,204.872,223.224,56,18,0.00,
16,3,top,other,515.128,256.776,236,12,0.00,
16,4,top,host,217.308,214.836,56,18,0.00,
16,4,top,other,502.692,265.164,236,12,0.00,
16,5,top,host,229.744,206.448,56,18,0.00,
16,5,top,other,490.256,273.552,236,12,0.00,
16,6,top,host,242.18,198.06,56,18,0.00,
16,6,top,other,477.82,281.94,236,12,0.00,
16,7,top,host,254.616,189.672,56,18,0.00,
16,7,top,other,465.384,290.328,236,12,0.00,
16,8,top,host,267.052,181.284,56,18,0.00,
16,8,top,other,452.948,298.716,236,12,0.00,
16,9,top,host,279.488,172.896,56,18,0.00,
16,9,top,other,440.512,307.104,236,12,0.00,
16,10,top,host,291.924,164.508,56,18,0.00,
16,10,top,other,428.076,315.492,236,12,0.00,
16,11,top,host,304.36,156.12,56,18,0.00,
16,11,top,other,415.64,323.88,236,12,0.00,
16,12,top,host,316.796,147.732,56,18,0.00,
16,12,top,other,403.204,332.268,236,12,0.00,
16,13,top,host,329.232,139.344,56,18,0.00,
16,13,top,other,390.768,340.656,236,12,0.00,
16,14,top,host,341.668,130.956,56,18,0.00,
16,14,top,other,378.332,349.044,236,12,0.00,
16,15,top,host,354.104,122.568,56,22,0.00,
16,15,top,other,365.896,357.432,236,13,0.00,
16,16,top,host,354.104,122.568,56,22,0.00,
16,16,top,other,365.896,357.432,236,13,0.00,
16,17,top,host,354.104,122.568,56,22,0.00,
16,17,top,other,365.896,357.432,236,13,0.00,
17,1,top,host,180,240,56,22,0.00,
17,1,top,other,540,240,236,13,0.00,
17,2,top,host,192.436,231.612,56,22,0.00,
17,2,top,other,527.564,248.388,236,13,0.00,
17,3,top,host,204.872,223.224,56,22,0.00,
17,3,top,other,515.128,256.776,236,13,0.00,
17,4,top,host,217.308,214.836,56,22,0.00,
17,4,top,other,502.692,265.164,236,13,0.00,
17,5,top,host,229.744,206.448,56,22,0.00,
17,5,top,other,490.256,273.552,236,13,0.00,
17,6,top,host,242.18,198.06,56,22,0.00,
17,6,top,other,477.82,281.94,236,13,0.00,
17,7,top,host,254.616,189.672,56,22,0.00,
17,7,top,other,465.384,290.328,236,13,0.00,
17,8,top,host,267.052,181.284,56,22,0.00,
17,8,top,other,452.948,298.716,236,13,0.00,
17,9,top,host,279.488,172.896,56,22,0.00,
17,9,top,other,440.512,307.104,236,13,0.00,
17,10,top,host,291.924,164.508,56,22,0.00,
17,10,top,other,428.076,315.492,236,13,0.00,
17,11,top,host,304.36,156.12,56,22,0.00,
17,11,top,other,415.64,323.88,236,13,0.00,
17,12,top,host,316.796,147.732,56,22,0.00,
17,12,top,other,403.204,332.268,236,13,0.00,
17,13,top,host,329.232,139.344,56,22,0.00,
17,13,top,other,390.768,340.656,236,13,0.00,
17,14,top,host,341.668,130.956,56,22,0.00,
17,14,top,other,378.332,349.044,236,13,0.00,
17,15,top,host,354.104,122.568,56,26,0.00,
17,15,top,other,365.896,357.432,236,14,0.00,
17,16,top,host,354.104,122.568,56,26,0.00,
17,16,top,other,365.896,357.432,236,14,0.00,
17,17,top,host,354.104,122.568,56,26,0.00,
17,17,top,other,365.896,357.432,236,14,0.00,
18,1,top,host,180,240,56,26,0.00,
18,1,top,other,540,240,236,14,0.00,
18,2,top,host,192.436,231.612,56,26,0.00,
18,2,top,other,527.564,248.388,236,14,0.00,
18,3,top,host,204.872,223.224,56,26,0.00,
18,3,top,other,515.128,256.776,236,14,0.00,
18,4,top,host,217.308,214.836,56,26,0.00,
18,4,top,other,502.692,265.164,236,14,0.00,
18,5,top,host,229.744,206.448,56,26,0.00,
18,5,top,other,490.256,273.552,236,14,0.00,
18,6,top,host,242.18,198.06,56,26,0.00,
18,6,top,other,477.82,281.94,236,14,0.00,
18,7,top,host,254.616,189.672,56,26,0.00,
18,7,top,other,465.384,290.328,236,14,0.00,
18,8,top,host,267.052,181.284,56,26,0.00,
18,8,top,other,452.948,298.716,236,14,0.00,
18,9,top,host,279.488,172.896,56,26,0.00,
18,9,top,other,440.512,307.104,236,14,0.00,
18,10,top,host,291.924,164.508,56,26,0.00,
18,10,top,other,428.076,315.492,236,14,0.00,
18,11,top,host,304.36,156.12,56,26,0.00,
18,11,top,other,415.64,323.88,236,14,0.00,
18,12,top,host,316.796,147.732,56,26,0.00,
18,12,top,other,403.204,332.268,236,14,0.00,
18,13,top,host,329.232,139.344,56,26,0.00,
18,13,top,other,390.768,340.656,236,14,0.00,
18,14,top,host,341.668,130.956,56,26,0.00,
18,14,top,other,378.332,349.044,236,14,0.00,
18,15,top,host,354.104,122.568,56,30,0.00,
18,15,top,other,365.896,357.432,236,15,0.00,
18,16,top,host,354.104,122.568,56,30,0.00,
18,16,top,other,365.896,357.432,236,15,0.00,
18,17,top,host,354.104,122.568,56,30,0.00,
18,17,top,other,365.896,357.432,236,15,0.00,
19,1,top,host,180,240,56,30,0.00,
19,1,top,other,540,240,236,15,0.00,
19,2,top,host,192.436,231.612,56,30,0.00,
19,2,top,other,527.564,248.388,236,15,0.00,
19,3,top,host,204.872,223.224,56,30,0.00,
19,3,top,other,515.128,256.776,236,15,0.00,
19,4,top,host,217.308,214.836,56,30,0.00,
19,4,top,other,502.692,265.164,236,15,0.00,
19,5,top,host,229.744,206.448,56,30,0.00,
19,5,top,other,490.256,273.552,236,15,0.00,
19,6,top,host,242.18,198.06,56,30,0.00,
19,6,top,other,477.82,281.94,236,15,0.00,
19,7,top,host,254.616,189.672,56,30,0.00,
19,7,top,other,465.384,290.328,236,15,0.00,
19,8,top,host,267.052,181.284,56,30,0.00,
19,8,top,other,452.948,298.716,236,15,0.00,
19,9,top,host,279.488,172.896,56,30,0.00,
19,9,top,other,440.512,307.104,236,15,0.00,
19,10,top,host,291.924,164.508,56,30,0.00,
19,10,top,other,428.076,315.492,236,15,0.00,
19,11,top,host,304.36,156.12,56,30,0.00,
19,11,top,other,415.64,323.88,236,15,0.00,
19,12,top,host,316.796,147.732,56,30,0.00,
19,12,top,other,403.204,332.268,236,15,0.00,
19,13,top,host,329.232,139.344,56,30,0.00,
19,13,top,other,390.768,340.656,236,15,0.00,
19,14,top,host,341.668,130.956,56,30,0.00,
19,14,top,other,378.332,349.044,236,15,0.00,
19,15,top,host,354.104,122.568,56,34,0.00,
19,15,top,other,365.896,357.432,236,16,0.00,
19,16,top,host,354.104,122.568,56,34,0.00,
19,16,top,other,365.896,357.432,236,16,0.00,
19,17,top,host,354.104,122.568,56,34,0.00,
19,17,top,other,365.896,357.432,236,16,0.00,
20,1,top,host,180,240,56,34,0.00,
20,1,top,other,540,240,236,16,0.00,
20,2,top,host,192.436,231.612,56,34,0.00,
20,2,top,other,527.564,248.388,236,16,0.00,
20,3,top,host,204.872,223.224,56,34,0.00,
20,3,top,other,515.128,256.776,236,16,0.00,
20,4,top,host,217.308,214.836,56,34,0.00,
20,4,top,other,502.692,265.164,236,16,0.00,
20,5,top,host,229.744,206.448,56,34,0.00,
20,5,top,other,490.256,273.552,236,16,0.00,
20,6,top,host,242.18,198.06,56,34,0.00,
20,6,top,other,477.82,281.94,236,16,0.00,
20,7,top,host,254.616,189.672,56,34,0.00,
20,7,top,other,465.384,290.328,236,16,0.00,
20,8,top,host,267.052,181.284,56,34,0.00,
20,8,top,other,452.948,298.716,236,16,0.00,
20,9,top,host,279.488,172.896,56,34,0.00,
20,9,top,other,440.512,307.104,236,16,0.00,
20,10,top,host,291.924,164.508,56,34,0.00,
20,10,top,other,428.076,315.492,236,16,0.00,
20,11,top,host,304.36,156.12,56,34,0.00,
20,11,top,other,415.64,323.88,236,16,0.00,
20,12,top,host,316.796,147.732,56,34,0.00,
20,12,top,other,403.204,332.268,236,16,0.00,
20,13,top,host,329.232,139.344,56,34,0.00,
20,13,top,other,390.768,340.656,236,16,0.00,
20,14,top,host,341.668,130.956,56,34,0.00,
20,14,top,other,378.332,349.044,236,16,0.00,
20,15,top,host,354.104,122.568,56,38,0.00,
20,15,top,other,365.896,357.432,236,17,0.00,
20,16,top,host,354.104,122.568,56,38,0.00,
20,16,top,other,365.896,357.432,236,17,0.00,
20,17,top,host,354.104,122.568,56,38,0.00,
20,17,top,other,365.896,357.432,236,17,0.00,
21,1,bottom,host,180,240,124,38,0.00,
21,1,bottom,other,540,240,236,17,0.00,
21,2,bottom,host,192.436,248.388,124,38,0.00,
21,2,bottom,other,527.564,248.388,236,17,0.00,
21,3,bottom,host,204.872,256.776,124,38,0.00,
21,3,bottom,other,515.128,256.776,236,17,0.00,
21,4,bottom,host,217.308,265.164,124,38,0.00,
21,4,bottom,other,502.692,265.164,236,17,0.00,
21,5,bottom,host,229.744,273.552,124,38,0.00,
21,5,bottom,other,490.256,273.552,236,17,0.00,
21,6,bottom,host,242.18,281.94,124,38,0.00,
21,6,bottom,other,477.82,281.94,236,17,0.00,
21,7,bottom,host,254.616,290.328,124,38,0.00,
21,7,bottom,other,465.384,290.328,236,17,0.00,
21,8,bottom,host,267.052,298.716,124,38,0.00,
21,8,bottom,other,452.948,298.716,236,17,0.00,
21,9,bottom,host,279.488,307.104,124,38,0.00,
21,9,bottom,other,440.512,307.104,236,17,0.00,
21,10,bottom,host,291.924,315.492,124,38,0.00,
21,10,bottom,other,428.076,315.492,236,17,0.00,
21,11,bottom,host,304.36,323.88,124,38,0.00,
21,11,bottom,other,415.64,323.88,236,17,0.00,
21,12,bottom,host,316.796,332.268,124,38,0.00,
21,12,bottom,other,403.204,332.268,236,17,0.00,
21,13,bottom,host,329.232,340.656,124,38,0.00,
21,13,bottom,other,390.768,340.656,236,17,0.00,
21,14,bottom,host,341.668,349.044,124,38,0.00,
21,14,bottom,other,378.332,349.044,236,17,0.00,
21,15,bottom,host,354.104,357.432,124,38,0.00,
21,15,bottom,other,365.896,357.432,236,17,0.00,
21,16,bottom,host,354.104,357.432,124,38,0.00,
21,16,bottom,other,365.896,357.432,236,17,0.00,
21,17,bottom,host,354.104,357.432,124,38,0.00,
21,17,bottom,other,365.896,357.432,236,17,0.00,
22,1,bottom,host,180,240,124,38,0.00,
22,1,bottom,other,540,240,236,17,0.00,
22,2,bottom,host,192.436,248.388,124,38,0.00,
22,2,bottom,other,527.564,248.388,236,17,0.00,
22,3,bottom,host,204.872,256.776,124,38,0.00,
22,3,bottom,other,515.128,256.776,236,17,0.00,
22,4,bottom,host,217.308,265.164,124,38,0.00,
22,4,bottom,other,502.692,265.164,236,17,0.00,
22,5,bottom,host,229.744,273.552,124,38,0.00,
22,5,bottom,other,490.256,273.552,236,17,0.00,
22,6,bottom,host,242.18,281.94,124,38,0.00,
22,6,bottom,other,477.82,281.94,236,17,0.00,
22,7,bottom,host,254.616,290.328,124,38,0.00,
22,7,bottom,other,465.384,290.328,236,17,0.00,
22,8,bottom,host,267.052,298.716,124,38,0.00,
22,8,bottom,other,452.948,298.716,236,17,0.00,
22,9,bottom,host,279.488,307.104,124,38,0.00,
22,9,bottom,other,440.512,307.104,236,17,0.00,
22,10,bottom,host,291.924,315.492,124,38,0.00,
22,10,bottom,other,428.076,315.492,236,17,0.00,
22,11,bottom,host,304.36,323.88,124,38,0.00,
22,11,bottom,other,415.64,323.88,236,17,0.00,
22,12,bottom,host,316.796,332.268,124,38,0.00,
22,12,bottom,other,403.204,332.268,236,17,0.00,
22,13,bottom,host,329.232,340.656,124,38,0.00,
22,13,bottom,other,390.768,340.656,236,17,0.00,
22,14,bottom,host,341.668,349.044,124,38,0.00,
22,14,bottom,other,378.332,349.044,236,17,0.00,
22,15,bottom,host,354.104,357.432,124,38,0.00,
22,15,bottom,other,365.896,357.432,236,17,0.00,
22,16,bottom,host,354.104,357.432,124,38,0.00,
22,16,bottom,other,365.896,357.432,236,17,0.00,
22,17,bottom,host,354.104,357.432,124,38,0.00,
22,17,bottom,other,365.896,357.432,236,17,0.00,
23,1,bottom,host,180,240,124,38,0.00,
23,1,bottom,other,540,240,236,17,0.00,
23,2,bottom,host,192.436,248.388,124,38,0.00,
23,2,bottom,other,527.564,248.388,236,17,0.00,
23,3,bottom,host,204.872,256.776,124,38,0.00,
23,3,bottom,other,515.128,256.776,236,17,0.00,
23,4,bottom,host,217.308,265.164,124,38,0.00,
23,4,bottom,other,502.692,265.164,236,17,0.00,
23,5,bottom,host,229.744,273.552,124,38,0.00,
23,5,bottom,other,490.256,273.552,236,17,0.00,
23,6,bottom,host,242.18,281.94,124,38,0.00,
23,6,bottom,other,477.82,281.94,236,17,0.00,
23,7,bottom,host,254.616,290.328,124,38,0.00,
23,7,bottom,other,465.384,290.328,236,17,0.00,
23,8,bottom,host,267.052,298.716,124,38,0.00,
23,8,bottom,other,452.948,298.716,236,17,0.00,
23,9,bottom,host,279.488,307.104,124,38,0.00,
23,9,bottom,other,440.512,307.104,236,17,0.00,
23,10,bottom,host,291.924,315.492,124,38,0.00,
23,10,bottom,other,428.076,315.492,236,17,0.00,
23,11,bottom,host,304.36,323.88,124,38,0.00,
23,11,bottom,other,415.64,323.88,236,17,0.00,
23,12,bottom,host,316.796,332.268,124,38,0.00,
23,12,bottom,other,403.204,332.268,236,17,0.00,
23,13,bottom,host,329.232,340.656,124,38,0.00,
23,13,bottom,other,390.768,340.656,236,17,0.00,
23,14,bottom,host,341.668,349.044,124,38,0.00,
23,14,bottom,other,378.332,349.044,236,17,0.00,
23,15,bottom,host,354.104,357.432,124,38,0.00,
23,15,bottom,other,365.896,357.432,236,17,0.00,
23,16,bottom,host,354.104,357.432,124,38,0.00,
23,16,bottom,other,365.896,357.432,236,17,0.00,
23,17,bottom,host,354.104,357.432,124,38,0.00,
23,17,bottom,other,365.896,357.432,236,17,0.00,
24,1,top,host,180,240,56,38,0.00,
24,1,top,other,540,240,236,17,0.00,
24,2,top,host,192.436,231.612,56,38,0.00,
24,2,top,other,527.564,248.388,236,17,0.00,
24,3,top,host,204.872,223.224,56,38,0.00,
24,3,top,other,515.128,256.776,236,17,0.00,
24,4,top,host,217.308,214.836,56,38,0.00,
24,4,top,other,502.692,265.164,236,17,0.00,
24,5,top,host,229.744,206.448,56,38,0.00,
24,5,top,other,490.256,273.552,236,17,0.00,
24,6,top,host,242.18,198.06,56,38,0.00,
24,6,top,other,477.82,281.94,236,17,0.00,
24,7,top,host,254.616,189.672,56,38,0.00,
24,7,top,other,465.384,290.328,236,17,0.00,
24,8,top,host,267.052,181.284,56,38,0.00,
24,8,top,other,452.948,298.716,236,17,0.00,
24,9,top,host,279.488,172.896,56,38,0.00,
24,9,top,other,440.512,307.104,236,17,0.00,
24,10,top,host,291.924,164.508,56,38,0.00,
24,10,top,other,428.076,315.492,236,17,0.00,
24,11,top,host,304.36,156.12,56,38,0.00,
24,11,top,other,415.64,323.88,236,17,0.00,
24,12,top,host,316.796,147.732,56,38,0.00,
24,12,top,other,403.204,332.268,236,17,0.00,
24,13,top,host,329.232,139.344,56,38,0.00,
24,13,top,other,390.768,340.656,236,17,0.00,
24,14,top,host,341.668,130.956,56,38,0.00,
24,14,top,other,378.332,349.044,236,17,0.00,
24,15,top,host,354.104,122.568,56,42,0.00,
24,15,top,other,365.896,357.432,236,18,0.00,
24,16,top,host,354.104,122.568,56,42,0.00,
24,16,top,other,365.896,357.432,236,18,0.00,
24,17,top,host,354.104,122.568,56,42,0.00,
24,17,top,other,365.896,357.432,236,18,0.00,
25,1,bottom,host,180,240,56,42,0.00,
25,1,bottom,other,540,240,236,18,0.00,
25,2,bottom,host,192.436,231.612,56,42,0.00,
25,2,bottom,other,527.564,248.388,236,18,0.00,
25,3,bottom,host,204.872,223.224,56,42,0.00,
25,3,bottom,other,515.128,256.776,236,18,0.00,
25,4,bottom,host,217.308,214.836,56,42,0.00,
25,4,bottom,other,502.692,265.164,236,18,0.00,
25,5,bottom,host,229.744,206.448,56,42,0.00,
25,5,bottom,other,490.256,273.552,236,18,0.00,
25,6,bottom,host,242.18,198.06,56,42,0.00,
25,6,bottom,other,477.82,281.94,236,18,0.00,
25,7,bottom,host,254.616,189.672,56,42,0.00,
25,7,bottom,other,465.384,290.328,236,18,0.00,
25,8,bottom,host,267.052,181.284,56,42,0.00,
25,8,bottom,other,452.948,298.716,236,18,0.00,
25,9,bottom,host,279.488,172.896,56,42,0.00,
25,9,bottom,other,440.512,307.104,236,18,0.00,
25,10,bottom,host,291.924,164.508,56,42,0.00,
25,10,bottom,other,428.076,315.492,236,18,0.00,
25,11,bottom,host,304.36,156.12,56,42,0.00,
25,11,bottom,other,415.64,323.88,236,18,0.00,
25,12,bottom,host,316.796,147.732,56,42,0.00,
25,12,bottom,other,403.204,332.268,236,18,0.00,
25,13,bottom,host,329.232,139.344,56,42,0.00,
25,13,bottom,other,390.768,340.656,236,18,0.00,
25,14,bottom,host,341.668,130.956,56,42,0.00,
25,14,bottom,other,378.332,349.044,236,18,0.00,
25,15,bottom,host,354.104,122.568,56,43,0.00,
25,15,bottom,other,365.896,357.432,236,22,0.00,
25,16,bottom,host,354.104,122.568,56,43,0.00,
25,16,bottom,other,365.896,357.432,236,22,0.00,
25,17,bottom,host,354.104,122.568,56,43,0.00,
25,17,bottom,other,365.896,357.432,236,22,0.00,
26,1,top,host,180,240,56,43,0.00,
26,1,top,other,540,240,236,22,0.00,
26,2,top,host,192.436,231.612,56,43,0.00,
26,2,top,other,527.564,248.388,236,22,0.00,
26,3,top,host,204.872,223.224,56,43,0.00,
26,3,top,other,515.128,256.776,236,22,0.00,
26,4,top,host,217.308,214.836,56,43,0.00,
26,4,top,other,502.692,265.164,236,22,0.00,
26,5,top,host,229.744,206.448,56,43,0.00,
26,5,top,other,490.256,273.552,236,22,0.00,
26,6,top,host,242.18,198.06,56,43,0.00,
26,6,top,other,477.82,281.94,236,22,0.00,
26,7,top,host,254.616,189.672,56,43,0.00,
26,7,top,other,465.384,290.328,236,22,0.00,
26,8,top,host,267.052,181.284,56,43,0.00,
26,8,top,other,452.948,298.716,236,22,0.00,
26,9,top,host,279.488,172.896,56,43,0.00,
26,9,top,other,440.512,307.104,236,22,0.00,
26,10,top,host,291.924,164.508,56,43,0.00,
26,10,top,other,428.076,315.492,236,22,0.00,
26,11,top,host,304.36,156.12,56,43,0.00,
26,11,top,other,415.64,323.88,236,22,0.00,
26,12,top,host,316.796,147.732,56,43,0.00,
26,12,top,other,403.204,332.268,236,22,0.00,
26,13,top,host,329.232,139.344,56,43,0.00,
26,13,top,other,390.768,340.656,236,22,0.00,
26,14,top,host,341.668,130.956,56,43,0.00,
26,14,top,other,378.332,349.044,236,22,0.00,
26,15,top,host,354.104,122.568,56,47,0.00,
26,15,top,other,365.896,357.432,236,23,0.00,
26,16,top,host,354.104,122.568,56,47,0.00,
26,16,top,other,365.896,357.432,236,23,0.00,
26,17,top,host,354.104,122.568,56,47,0.00,
26,17,top,other,365.896,357.432,236,23,0.00,
27,1,bottom,host,180,240,56,47,0.00,
27,1,bottom,other,540,240,236,23,0.00,
27,2,bottom,host,192.436,231.612,56,47,0.00,
27,2,bottom,other,527.564,248.388,236,23,0.00,
27,3,bottom,host,204.872,223.224,56,47,0.00,
27,3,bottom,other,515.128,256.776,236,23,0.00,
27,4,bottom,host,217.308,214.836,56,47,0.00,
27,4,bottom,other,502.692,265.164,236,23,0.00,
27,5,bottom,host,229.744,206.448,56,47,0.00,
27,5,bottom,other,490.256,273.552,236,23,0.00,
27,6,bottom,host,242.18,198.06,56,47,0.00,
27,6,bottom,other,477.82,281.94,236,23,0.00,
27,7,bottom,host,254.616,189.672,56,47,0.00,
27,7,bottom,other,465.384,290.328,236,23,0.00,
27,8,bottom,host,267.052,181.284,56,47,0.00,
27,8,bottom,other,452.948,298.716,236,23,0.00,
27,9,bottom,host,279.488,172.896,56,47,0.00,
27,9,bottom,other,440.512,307.104,236,23,0.00,
27,10,bottom,host,291.924,164.508,56,47,0.00,
27,10,bottom,other,428.076,315.492,236,23,0.00,
27,11,bottom,host,304.36,156.12,56,47,0.00,
27,11,bottom,other,415.64,323.88,236,23,0.00,
27,12,bottom,host,316.796,147.732,56,47,0.00,
27,12,bottom,other,403.204,332.268,236,23,0.00,
27,13,bottom,host,329.232,139.344,56,47,0.00,
27,13,bottom,other,390.768,340.656,236,23,0.00,
27,14,bottom,host,341.668,130.956,56,47,0.00,
27,14,bottom,other,378.332,349.044,236,23,0.00,
27,15,bottom,host,354.104,122.568,56,48,0.00,
27,15,bottom,other,365.896,357.432,236,27,0.00,
27,16,bottom,host,354.104,122.568,56,48,0.00,
27,16,bottom,other,365.896,357.432,236,27,0.00,
27,17,bottom,host,354.104,122.568,56,48,0.00,
27,17,bottom,other,365.896,357.432,236,27,0.00,
28,1,top,host,180,240,56,48,0.00,
28,1,top,other,540,240,236,27,0.00,
28,2,top,host,192.436,231.612,56,48,0.00,
28,2,top,other,527.564,248.388,236,27,0.00,
28,3,top,host,204.872,223.224,56,48,0.00,
28,3,top,other,515.128,256.776,236,27,0.00,
28,4,top,host,217.308,214.836,56,48,0.00,
28,4,top,other,502.692,265.164,236,27,0.00,
28,5,top,host,229.744,206.448,56,48,0.00,
28,5,top,other,490.256,273.552,236,27,0.00,
28,6,top,host,242.18,198.06,56,48,0.00,
28,6,top,other,477.82,281.94,236,27,0.00,
28,7,top,host,254.616,189.672,56,48,0.00,
28,7,top,other,465.384,290.328,236,27,0.00,
28,8,top,host,267.052,181.284,56,48,0.00,
28,8,top,other,452.948,298.716,236,27,0.00,
28,9,top,host,279.488,172.896,56,48,0.00,
28,9,top,other,440.512,307.104,236,27,0.00,
28,10,top,host,291.924,164.508,56,48,0.00,
28,10,top,other,428.076,315.492,236,27,0.00,
28,11,top,host,304.36,156.12,56,48,0.00,
28,11,top,other,415.64,323.88,236,27,0.00,
28,12,top,host,316.796,147.732,56,48,0.00,
28,12,top,other,403.204,332.268,236,27,0.00,
28,13,top,host,329.232,139.344,56,48,0.00,
28,13,top,other,390.768,340.656,236,27,0.00,
28,14,top,host,341.668,130.956,56,48,0.00,
28,14,top,other,378.332,349.044,236,27,0.00,
28,15,top,host,354.104,122.568,56,52,0.00,
28,15,top,other,365.896,357.432,236,28,0.00,
28,16,top,host,354.104,122.568,56,52,0.00,
28,16,top,other,365.896,357.432,236,28,0.00,
28,17,top,host,354.104,122.568,56,52,0.00,
28,17,top,other,365.896,357.432,236,28,0.00,
29,1,top,host,180,240,56,52,0.00,
29,1,top,other,540,240,236,28,0.00,
29,2,top,host,192.436,231.612,56,52,0.00,
29,2,top,other,527.564,248.388,236,28,0.00,
29,3,top,host,204.872,223.224,56,52,0.00,
29,3,top,other,515.128,256.776,236,28,0.00,
29,4,top,host,217.308,214.836,56,52,0.00,
29,4,top,other,502.692,265.164,236,28,0.00,
29,5,top,host,229.744,206.448,56,52,0.00,
29,5,top,other,490.256,273.552,236,28,0.00,
29,6,top,host,242.18,198.06,56,52,0.00,
29,6,top,other,477.82,281.94,236,28,0.00,
29,7,top,host,254.616,189.672,56,52,0.00,
29,7,top,other,465.384,290.328,236,28,0.00,
29,8,top,host,267.052,181.284,56,52,0.00,
29,8,top,other,452.948,298.716,236,28,0.00,
29,9,top,host,279.488,172.896,56,52,0.00,
29,9,top,other,440.512,307.104,236,28,0.00,
29,10,top,host,291.924,164.508,56,52,0.00,
29,10,top,other,428.076,315.492,236,28,0.00,
29,11,top,host,304.36,156.12,56,52,0.00,
29,11,top,other,415.64,323.88,236,28,0.00,
29,12,top,host,316.796,147.732,56,52,0.00,
29,12,top,other,403.204,332.268,236,28,0.00,
29,13,top,host,329.232,139.344,56,52,0.00,
29,13,top,other,390.768,340.656,236,28,0.00,
29,14,top,host,341.668,130.956,56,52,0.00,
29,14,top,other,378.332,349.044,236,28,0.00,
29,15,top,host,354.104,122.568,56,56,0.00,
29,15,top,other,365.896,357.432,236,29,0.00,
29,16,top,host,354.104,122.568,56,56,0.00,
29,16,top,other,365.896,357.432,236,29,0.00,
29,17,top,host,354.104,122.568,56,56,0.00,
29,17,top,other,365.896,357.432,236,29,0.00,
30,1,bottom,host,180,240,56,56,0.00,
30,1,bottom,other,540,240,236,29,0.00,
30,2,bottom,host,192.436,231.612,56,56,0.00,
30,2,bottom,other,527.564,248.388,236,29,0.00,
30,3,bottom,host,204.872,223.224,56,56,0.00,
30,3,bottom,other,515.128,256.776,236,29,0.00,
30,4,bottom,host,217.308,214.836,56,56,0.00,
30,4,bottom,other,502.692,265.164,236,29,0.00,
30,5,bottom,host,229.744,206.448,56,56,0.00,
30,5,bottom,other,490.256,273.552,236,29,0.00,
30,6,bottom,host,242.18,198.06,56,56,0.00,
30,6,bottom,other,477.82,281.94,236,29,0.00,
30,7,bottom,host,254.616,189.672,56,56,0.00,
30,7,bottom,other,465.384,290.328,236,29,0.00,
30,8,bottom,host,267.052,181.284,56,56,0.00,
30,8,bottom,other,452.948,298.716,236,29,0.00,
30,9,bottom,host,279.488,172.896,56,56,0.00,
30,9,bottom,other,440.512,307.104,236,29,0.00,
30,10,bottom,host,291.924,164.508,56,56,0.00,
30,10,bottom,other,428.076,315.492,236,29,0.00,
30,11,bottom,host,304.36,156.12,56,56,0.00,
30,11,bottom,other,415.64,323.88,236,29,0.00,
30,12,bottom,host,316.796,147.732,56,56,0.00,
30,12,bottom,other,403.204,332.268,236,29,0.00,
30,13,bottom,host,329.232,139.344,56,56,0.00,
30,13,bottom,other,390.768,340.656,236,29,0.00,
30,14,bottom,host,341.668,130.956,56,56,0.00,
30,14,bottom,other,378.332,349.044,236,29,0.00,
30,15,bottom,host,354.104,122.568,56,57,0.00,
30,15,bottom,other,365.896,357.432,236,33,0.00,
30,16,bottom,host,354.104,122.568,56,57,0.00,
30,16,bottom,other,365.896,357.432,236,33,0.00,
30,17,bottom,host,354.104,122.568,56,57,0.00,
30,17,bottom,other,365.896,357.432,236,33,0.00,
31,1,top,host,180,240,56,57,0.00,
31,1,top,other,540,240,236,33,0.00,
31,2,top,host,192.436,231.612,56,57,0.00,
31,2,top,other,527.564,248.388,236,33,0.00,
31,3,top,host,204.872,223.224,56,57,0.00,
31,3,top,other,515.128,256.776,236,33,0.00,
31,4,top,host,217.308,214.836,56,57,0.00,
31,4,top,other,502.692,265.164,236,33,0.00,
31,5,top,host,229.744,206.448,56,57,0.00,
31,5,top,other,490.256,273.552,236,33,0.00,
31,6,top,host,242.18,198.06,56,57,0.00,
31,6,top,other,477.82,281.94,236,33,0.00,
31,7,top,host,254.616,189.672,56,57,0.00,
31,7,top,other,465.384,290.328,236,33,0.00,
31,8,top,host,267.052,181.284,56,57,0.00,
31,8,top,other,452.948,298.716,236,33,0.00,
31,9,top,host,279.488,172.896,56,57,0.00,
31,9,top,other,440.512,307.104,236,33,0.00,
31,10,top,host,291.924,164.508,56,57,0.00,
31,10,top,other,428.076,315.492,236,33,0.00,
31,11,top,host,304.36,156.12,56,57,0.00,
31,11,top,other,415.64,323.88,236,33,0.00,
31,12,top,host,316.796,147.732,56,57,0.00,
31,12,top,other,403.204,332.268,236,33,0.00,
31,13,top,host,329.232,139.344,56,57,0.00,
31,13,top,other,390.768,340.656,236,33,0.00,
31,14,top,host,341.668,130.956,56,57,0.00,
31,14,top,other,378.332,349.044,236,33,0.00,
31,15,top,host,354.104,122.568,56,61,0.00,
31,15,top,other,365.896,357.432,236,34,0.00,
31,16,top,host,354.104,122.568,56,61,0.00,
31,16,top,other,365.896,357.432,236,34,0.00,
31,17,top,host,354.104,122.568,56,61,0.00,
31,17,top,other,365.896,357.432,236,34,0.00,
32,1,top,host,180,240,56,61,0.00,
32,1,top,other,540,240,236,34,0.00,
32,2,top,host,192.436,231.612,56,61,0.00,
32,2,top,other,527.564,248.388,236,34,0.00,
32,3,top,host,204.872,223.224,56,61,0.00,
32,3,top,other,515.128,256.776,236,34,0.00,
32,4,top,host,217.308,214.836,56,61,0.00,
32,4,top,other,502.692,265.164,236,34,0.00,
32,5,top,host,229.744,206.448,56,61,0.00,
32,5,top,other,490.256,273.552,236,34,0.00,
32,6,top,host,242.18,198.06,56,61,0.00,
32,6,top,other,477.82,281.94,236,34,0.00,
32,7,top,host,254.616,189.672,56,61,0.00,
32,7,top,other,465.384,290.328,236,34,0.00,
32,8,top,host,267.052,181.284,56,61,0.00,
32,8,top,other,452.948,298.716,236,34,0.00,
32,9,top,host,279.488,172.896,56,61,0.00,
32,9,top,other,440.512,307.104,236,34,0.00,
32,10,top,host,291.924,164.508,56,61,0.00,
32,10,top,other,428.076,315.492,236,34,0.00,
32,11,top,host,304.36,156.12,56,61,0.00,
32,11,top,other,415.64,323.88,236,34,0.00,
32,12,top,host,316.796,147.732,56,61,0.00,
32,12,top,other,403.204,332.268,236,34,0.00,
32,13,top,host,329.232,139.344,56,61,0.00,
32,13,top,other,390.768,340.656,236,34,0.00,
32,14,top,host,341.668,130.956,56,61,0.00,
32,14,top,other,378.332,349.044,236,34,0.00,
32,15,top,host,354.104,122.568,56,65,0.00,
32,15,top,other,365.896,357.432,236,35,0.00,
32,16,top,host,354.104,122.568,56,65,0.00,
32,16,top,other,365.896,357.432,236,35,0.00,
32,17,top,host,354.104,122.568,56,65,0.00,
32,17,top,other,365.896,357.432,236,35,0.00,
33,1,top,host,180,240,56,65,0.00,
33,1,top,other,540,240,236,35,0.00,
33,2,top,host,192.436,231.612,56,65,0.00,
33,2,top,other,527.564,248.388,236,35,0.00,
33,3,top,host,204.872,223.224,56,65,0.00,
33,3,top,other,515.128,256.776,236,35,0.00,
33,4,top,host,217.308,214.836,56,65,0.00,
33,4,top,other,502.692,265.164,236,35,0.00,
33,5,top,host,229.744,206.448,56,65,0.00,
33,5,top,other,490.256,273.552,236,35,0.00,
33,6,top,host,242.18,198.06,56,65,0.00,
33,6,top,other,477.82,281.94,236,35,0.00,
33,7,top,host,254.616,189.672,56,65,0.00,
33,7,top,other,465.384,290.328,236,35,0.00,
33,8,top,host,267.052,181.284,56,65,0.00,
33,8,top,other,452.948,298.716,236,35,0.00,
33,9,top,host,279.488,172.896,56,65,0.00,
33,9,top,other,440.512,307.104,236,35,0.00,
33,10,top,host,291.924,164.508,56,65,0.00,
33,10,top,other,428.076,315.492,236,35,0.00,
33,11,top,host,304.36,156.12,56,65,0.00,
33,11,top,other,415.64,323.88,236,35,0.00,
33,12,top,host,316.796,147.732,56,65,0.00,
33,12,top,other,403.204,332.268,236,35,0.00,
33,13,top,host,329.232,139.344,56,65,0.00,
33,13,top,other,390.768,340.656,236,35,0.00,
33,14,top,host,341.668,130.956,56,65,0.00,
33,14,top,other,378.332,349.044,236,35,0.00,
33,15,top,host,354.104,122.568,56,69,0.00,
33,15,top,other,365.896,357.432,236,36,0.00,
33,16,top,host,354.104,122.568,56,69,0.00,
33,16,top,other,365.896,357.432,236,36,0.00,
33,17,top,host,354.104,122.568,56,69,0.00,
33,17,top,other,365.896,357.432,236,36,0.00,
34,1,top,host,180,240,56,69,0.00,
34,1,top,other,540,240,236,36,0.00,
34,2,top,host,192.436,231.612,56,69,0.00,
34,2,top,other,527.564,248.388,236,36,0.00,
34,3,top,host,204.872,223.224,56,69,0.00,
34,3,top,other,515.128,256.776,236,36,0.00,
34,4,top,host,217.308,214.836,56,69,0.00,
34,4,top,other,502.692,265.164,236,36,0.00,
34,5,top,host,229.744,206.448,56,69,0.00,
34,5,top,other,490.256,273.552,236,36,0.00,
34,6,top,host,242.18,198.06,56,69,0.00,
34,6,top,other,477.82,281.94,236,36,0.00,
34,7,top,host,254.616,189.672,56,69,0.00,
34,7,top,other,465.384,290.328,236,36,0.00,
34,8,top,host,267.052,181.284,56,69,0.00,
34,8,top,other,452.948,298.716,236,36,0.00,
34,9,top,host,279.488,172.896,56,69,0.00,
34,9,top,other,440.512,307.104,236,36,0.00,
34,10,top,host,291.924,164.508,56,69,0.00,
34,10,top,other,428.076,315.492,236,36,0.00,
34,11,top,host,304.36,156.12,56,69,0.00,
34,11,top,other,415.64,323.88,236,36,0.00,
34,12,top,host,316.796,147.732,56,69,0.00,
34,12,top,other,403.204,332.268,236,36,0.00,
34,13,top,host,329.232,139.344,56,69,0.00,
34,13,top,other,390.768,340.656,236,36,0.00,
34,14,top,host,341.668,130.956,56,69,0.00,
34,14,top,other,378.332,349.044,236,36,0.00,
34,15,top,host,354.104,122.568,56,73,0.00,
34,15,top,other,365.896,357.432,236,37,0.00,
34,16,top,host,354.104,122.568,56,73,0.00,
34,16,top,other,365.896,357.432,236,37,0.00,
34,17,top,host,354.104,122.568,56,73,0.00,
34,17,top,other,365.896,357.432,236,37,0.00,
35,1,bottom,host,180,240,56,73,0.00,
35,1,bottom,other,540,240,236,37,0.00,
35,2,bottom,host,192.436,231.612,56,73,0.00,
35,2,bottom,other,527.564,248.388,236,37,0.00,
35,3,bottom,host,204.872,223.224,56,73,0.00,
35,3,bottom,other,515.128,256.776,236,37,0.00,
35,4,bottom,host,217.308,214.836,56,73,0.00,
35,4,bottom,other,502.692,265.164,236,37,0.00,
35,5,bottom,host,229.744,206.448,56,73,0.00,
35,5,bottom,other,490.256,273.552,236,37,0.00,
35,6,bottom,host,242.18,198.06,56,73,0.00,
35,6,bottom,other,477.82,281.94,236,37,0.00,
35,7,bottom,host,254.616,189.672,56,73,0.00,
35,7,bottom,other,465.384,290.328,236,37,0.00,
35,8,bottom,host,267.052,181.284,56,73,0.00,
35,8,bottom,other,452.948,298.716,236,37,0.00,
35,9,bottom,host,279.488,172.896,56,73,0.00,
35,9,bottom,other,440.512,307.104,236,37,0.00,
35,10,bottom,host,291.924,164.508,56,73,0.00,
35,10,bottom,other,428.076,315.492,236,37,0.00,
35,11,bottom,host,304.36,156.12,56,73,0.00,
35,11,bottom,other,415.64,323.88,236,37,0.00,
35,12,bottom,host,316.796,147.732,56,73,0.00,
35,12,bottom,other,403.204,332.268,236,37,0.00,
35,13,bottom,host,329.232,139.344,56,73,0.00,
35,13,bottom,other,390.768,340.656,236,37,0.00,
35,14,bottom,host,341.668,130.956,56,73,0.00,
35,14,bottom,other,378.332,349.044,236,37,0.00,
35,15,bottom,host,354.104,122.568,56,74,0.00,
35,15,bottom,other,365.896,357.432,236,41,0.00,
35,16,bottom,host,354.104,122.568,56,74,0.00,
35,16,bottom,other,365.896,357.432,236,41,0.00,
35,17,bottom,host,354.104,122.568,56,74,0.00,
35,17,bottom,other,365.896,357.432,236,41,0.00,
36,1,bottom,host,180,240,56,74,0.00,
36,1,bottom,other,540,240,236,41,0.00,
36,2,bottom,host,192.436,231.612,56,74,0.00,
36,2,bottom,other,527.564,248.388,236,41,0.00,
36,3,bottom,host,204.872,223.224,56,74,0.00,
36,3,bottom,other,515.128,256.776,236,41,0.00,
36,4,bottom,host,217.308,214.836,56,74,0.00,
36,4,bottom,other,502.692,265.164,236,41,0.00,
36,5,bottom,host,229.744,206.448,56,74,0.00,
36,5,bottom,other,490.256,273.552,236,41,0.00,
36,6,bottom,host,242.18,198.06,56,74,0.00,
36,6,bottom,other,477.82,281.94,236,41,0.00,
36,7,bottom,host,254.616,189.672,56,74,0.00,
36,7,bottom,other,465.384,290.328,236,41,0.00,
36,8,bottom,host,267.052,181.284,56,74,0.00,
36,8,bottom,other,452.948,298.716,236,41,0.00,
36,9,bottom,host,279.488,172.896,56,74,0.00,
36,9,bottom,other,440.512,307.104,236,41,0.00,
36,10,bottom,host,291.924,164.508,56,74,0.00,
36,10,bottom,other,428.076,315.492,236,41,0.00,
36,11,bottom,host,304.36,156.12,56,74,0.00,
36,11,bottom,other,415.64,323.88,236,41,0.00,
36,12,bottom,host,316.796,147.732,56,74,0.00,
36,12,bottom,other,403.204,332.268,236,41,0.00,
36,13,bottom,host,329.232,139.344,56,74,0.00,
36,13,bottom,other,390.768,340.656,236,41,0.00,
36,14,bottom,host,341.668,130.956,56,74,0.00,
36,14,bottom,other,378.332,349.044,236,41,0.00,
36,15,bottom,host,354.104,122.568,56,75,0.00,
36,15,bottom,other,365.896,357.432,236,45,0.00,
36,16,bottom,host,354.104,122.568,56,75,0.00,
36,16,bottom,other,365.896,357.432,236,45,0.00,
36,17,bottom,host,354.104,122.568,56,75,0.00,
36,17,bottom,other,365.896,357.432,236,45,0.00,
37,1,bottom,host,180,240,56,75,0.00,
37,1,bottom,other,540,240,236,45,0.00,
37,2,bottom,host,192.436,231.612,56,75,0.00,
37,2,bottom,other,527.564,248.388,236,45,0.00,
37,3,bottom,host,204.872,223.224,56,75,0.00,
37,3,bottom,other,515.128,256.776,236,45,0.00,
37,4,bottom,host,217.308,214.836,56,75,0.00,
37,4,bottom,other,502.692,265.164,236,45,0.00,
37,5,bottom,host,229.744,206.448,56,75,0.00,
37,5,bottom,other,490.256,273.552,236,45,0.00,
37,6,bottom,host,242.18,198.06,56,75,0.00,
37,6,bottom,other,477.82,281.94,236,45,0.00,
37,7,bottom,host,254.616,189.672,56,75,0.00,
37,7,bottom,other,465.384,290.328,236,45,0.00,
37,8,bottom,host,267.052,181.284,56,75,0.00,
37,8,bottom,other,452.948,298.716,236,45,0.00,
37,9,bottom,host,279.488,172.896,56,75,0.00,
37,9,bottom,other,440.512,307.104,236,45,0.00,
37,10,bottom,host,291.924,164.508,56,75,0.00,
37,10,bottom,other,428.076,315.492,236,45,0.00,
37,11,bottom,host,304.36,156.12,56,75,0.00,
37,11,bottom,other,415.64,323.88,236,45,0.00,
37,12,bottom,host,316.796,147.732,56,75,0.00,
37,12,bottom,other,403.204,332.268,236,45,0.00,
37,13,bottom,host,329.232,139.344,56,75,0.00,
37,13,bottom,other,390.768,340.656,236,45,0.00,
37,14,bottom,host,341.668,130.956,56,75,0.00,
37,14,bottom,other,378.332,349.044,236,45,0.00,
37,15,bottom,host,354.104,122.568,56,76,0.00,
37,15,bottom,other,365.896,357.432,236,49,0.00,
37,16,bottom,host,354.104,122.568,56,76,0.00,
37,16,bottom,other,365.896,357.432,236,49,0.00,
37,17,bottom,host,354.104,122.568,56,76,0.00,
37,17,bottom,other,365.896,357.432,236,49,0.00,
38,1,bottom,host,180,240,56,76,0.00,
38,1,bottom,other,540,240,236,49,0.00,
38,2,bottom,host,192.436,231.612,56,76,0.00,
38,2,bottom,other,527.564,248.388,236,49,0.00,
38,3,bottom,host,204.872,223.224,56,76,0.00,
38,3,bottom,other,515.128,256.776,236,49,0.00,
38,4,bottom,host,217.308,214.836,56,76,0.00,
38,4,bottom,other,502.692,265.164,236,49,0.00,
38,5,bottom,host,229.744,206.448,56,76,0.00,
38,5,bottom,other,490.256,273.552,236,49,0.00,
38,6,bottom,host,242.18,198.06,56,76,0.00,
38,6,bottom,other,477.82,281.94,236,49,0.00,
38,7,bottom,host,254.616,189.672,56,76,0.00,
38,7,bottom,other,465.384,290.328,236,49,0.00,
38,8,bottom,host,267.052,181.284,56,76,0.00,
38,8,bottom,other,452.948,298.716,236,49,0.00,
38,9,bottom,host,279.488,172.896,56,76,0.00,
38,9,bottom,other,440.512,307.104,236,49,0.00,
38,10,bottom,host,291.924,164.508,56,76,0.00,
38,10,bottom,other,428.076,315.492,236,49,0.00,
38,11,bottom,host,304.36,156.12,56,76,0.00,
38,11,bottom,other,415.64,323.88,236,49,0.00,
38,12,bottom,host,316.796,147.732,56,76,0.00,
38,12,bottom,other,403.204,332.268,236,49,0.00,
38,13,bottom,host,329.232,139.344,56,76,0.00,
38,13,bottom,other,390.768,340.656,236,49,0.00,
38,14,bottom,host,341.668,130.956,56,76,0.00,
38,14,bottom,other,378.332,349.044,236,49,0.00,
38,15,bottom,host,354.104,122.568,56,77,0.00,
38,15,bottom,other,365.896,357.432,236,53,0.00,
38,16,bottom,host,354.104,122.568,56,77,0.00,
38,16,bottom,other,365.896,357.432,236,53,0.00,
38,17,bottom,host,354.104,122.568,56,77,0.00,
38,17,bottom,other,365.896,357.432,236,53,0.00,
39,1,top,host,180,240,56,77,0.00,
39,1,top,other,540,240,236,53,0.00,
39,2,top,host,192.436,231.612,56,77,0.00,
39,2,top,other,527.564,248.388,236,53,0.00,
39,3,top,host,204.872,223.224,56,77,0.00,
39,3,top,other,515.128,256.776,236,53,0.00,
39,4,top,host,217.308,214.836,56,77,0.00,
39,4,top,other,502.692,265.164,236,53,0.00,
39,5,top,host,229.744,206.448,56,77,0.00,
39,5,top,other,490.256,273.552,236,53,0.00,
39,6,top,host,242.18,198.06,56,77,0.00,
39,6,top,other,477.82,281.94,236,53,0.00,
39,7,top,host,254.616,189.672,56,77,0.00,
39,7,top,other,465.384,290.328,236,53,0.00,
39,8,top,host,267.052,181.284,56,77,0.00,
39,8,top,other,452.948,298.716,236,53,0.00,
39,9,top,host,279.488,172.896,56,77,0.00,
39,9,top,other,440.512,307.104,236,53,0.00,
39,10,top,host,291.924,164.508,56,77,0.00,
39,10,top,other,428.076,315.492,236,53,0.00,
39,11,top,host,304.36,156.12,56,77,0.00,
39,11,top,other,415.64,323.88,236,53,0.00,
39,12,top,host,316.796,147.732,56,77,0.00,
39,12,top,other,403.204,332.268,236,53,0.00,
39,13,top,host,329.232,139.344,56,77,0.00,
39,13,top,other,390.768,340.656,236,53,0.00,
39,14,top,host,341.668,130.956,56,77,0.00,
39,14,top,other,378.332,349.044,236,53,0.00,
39,15,top,host,354.104,122.568,56,81,0.00,
39,15,top,other,365.896,357.432,236,54,0.00,
39,16,top,host,354.104,122.568,56,81,0.00,
39,16,top,other,365.896,357.432,236,54,0.00,
39,17,top,host,354.104,122.568,56,81,0.00,
39,17,top,other,365.896,357.432,236,54,0.00,
40,1,top,host,180,240,56,81,0.00,
40,1,top,other,540,240,236,54,0.00,
40,2,top,host,192.436,231.612,56,81,0.00,
40,2,top,other,527.564,248.388,236,54,0.00,
40,3,top,host,204.872,223.224,56,81,0.00,
40,3,top,other,515.128,256.776,236,54,0.00,
40,4,top,host,217.308,214.836,56,81,0.00,
40,4,top,other,502.692,265.164,236,54,0.00,
40,5,top,host,229.744,206.448,56,81,0.00,
40,5,top,other,490.256,273.552,236,54,0.00,
40,6,top,host,242.18,198.06,56,81,0.00,
40,6,top,other,477.82,281.94,236,54,0.00,
40,7,top,host,254.616,189.672,56,81,0.00,
40,7,top,other,465.384,290.328,236,54,0.00,
40,8,top,host,267.052,181.284,56,81,0.00,
40,8,top,other,452.948,298.716,236,54,0.00,
40,9,top,host,279.488,172.896,56,81,0.00,
40,9,top,other,440.512,307.104,236,54,0.00,
40,10,top,host,291.924,164.508,56,81,0.00,
40,10,top,other,428.076,315.492,236,54,0.00,
40,11,top,host,304.36,156.12,56,81,0.00,
40,11,top,other,415.64,323.88,236,54,0.00,
40,12,top,host,316.796,147.732,56,81,0.00,
40,12,top,other,403.204,332.268,236,54,0.00,
40,13,top,host,329.232,139.344,56,81,0.00,
40,13,top,other,390.768,340.656,236,54,0.00,
40,14,top,host,341.668,130.956,56,81,0.00,
40,14,top,other,378.332,349.044,236,54,0.00,
40,15,top,host,354.104,122.568,56,85,0.00,
40,15,top,other,365.896,357.432,236,55,0.00,
40,16,top,host,354.104,122.568,56,85,0.00,
40,16,top,other,365.896,357.432,236,55,0.00,
40,17,top,host,354.104,122.568,56,85,0.00,
40,17,top,other,365.896,357.432,236,55,0.00,
41,1,bottom,host,180,240,56,85,0.00,
41,1,bottom,other,540,240,236,55,0.00,
41,2,bottom,host,192.436,231.612,56,85,0.00,
41,2,bottom,other,527.564,248.388,236,55,0.00,
41,3,bottom,host,204.872,223.224,56,85,0.00,
41,3,bottom,other,515.128,256.776,236,55,0.00,
41,4,bottom,host,217.308,214.836,56,85,0.00,
41,4,bottom,other,502.692,265.164,236,55,0.00,
41,5,bottom,host,229.744,206.448,56,85,0.00,
41,5,bottom,other,490.256,273.552,236,55,0.00,
41,6,bottom,host,242.18,198.06,56,85,0.00,
41,6,bottom,other,477.82,281.94,236,55,0.00,
41,7,bottom,host,254.616,189.672,56,85,0.00,
41,7,bottom,other,465.384,290.328,236,55,0.00,
41,8,bottom,host,267.052,181.284,56,85,0.00,
41,8,bottom,other,452.948,298.716,236,55,0.00,
41,9,bottom,host,279.488,172.896,56,85,0.00,
41,9,bottom,other,440.512,307.104,236,55,0.00,
41,10,bottom,host,291.924,164.508,56,85,0.00,
41,10,bottom,other,428.076,315.492,236,55,0.00,
41,11,bottom,host,304.36,156.12,56,85,0.00,
41,11,bottom,other,415.64,323.88,236,55,0.00,
41,12,bottom,host,316.796,147.732,56,85,0.00,
41,12,bottom,other,403.204,332.268,236,55,0.00,
41,13,bottom,host,329.232,139.344,56,85,0.00,
41,13,bottom,other,390.768,340.656,236,55,0.00,
41,14,bottom,host,341.668,130.956,56,85,0.00,
41,14,bottom,other,378.332,349.044,236,55,0.00,
41,15,bottom,host,354.104,122.568,56,86,0.00,
41,15,bottom,other,365.896,357.432,236,59,0.00,
41,16,bottom,host,354.104,122.568,56,86,0.00,
41,16,bottom,other,365.896,357.432,236,59,0.00,
41,17,bottom,host,354.104,122.568,56,86,0.00,
41,17,bottom,other,365.896,357.432,236,59,0.00,
42,1,top,host,180,240,56,86,0.00,
42,1,top,other,540,240,236,59,0.00,
42,2,top,host,192.436,231.612,56,86,0.00,
42,2,top,other,527.564,248.388,236,59,0.00,
42,3,top,host,204.872,223.224,56,86,0.00,
42,3,top,other,515.128,256.776,236,59,0.00,
42,4,top,host,217.308,214.836,56,86,0.00,
42,4,top,other,502.692,265.164,236,59,0.00,
42,5,top,host,229.744,206.448,56,86,0.00,
42,5,top,other,490.256,273.552,236,59,0.00,
42,6,top,host,242.18,198.06,56,86,0.00,
42,6,top,other,477.82,281.94,236,59,0.00,
42,7,top,host,254.616,189.672,56,86,0.00,
42,7,top,other,465.384,290.328,236,59,0.00,
42,8,top,host,267.052,181.284,56,86,0.00,
42,8,top,other,452.948,298.716,236,59,0.00,
42,9,top,host,279.488,172.896,56,86,0.00,
42,9,top,other,440.512,307.104,236,59,0.00,
42,10,top,host,291.924,164.508,56,86,0.00,
42,10,top,other,428.076,315.492,236,59,0.00,
42,11,top,host,304.36,156.12,56,86,0.00,
42,11,top,other,415.64,323.88,236,59,0.00,
42,12,top,host,316.796,147.732,56,86,0.00,
42,12,top,other,403.204,332.268,236,59,0.00,
42,13,top,host,329.232,139.344,56,86,0.00,
42,13,top,other,390.768,340.656,236,59,0.00,
42,14,top,host,341.668,130.956,56,86,0.00,
42,14,top,other,378.332,349.044,236,59,0.00,
42,15,top,host,354.104,122.568,56,90,0.00,
42,15,top,other,365.896,357.432,236,60,0.00,
42,16,top,host,354.104,122.568,56,90,0.00,
42,16,top,other,365.896,357.432,236,60,0.00,
42,17,top,host,354.104,122.568,56,90,0.00,
42,17,top,other,365.896,357.432,236,60,0.00,
43,1,top,host,180,240,56,90,0.00,
43,1,top,other,540,240,236,60,0.00,
43,2,top,host,192.436,231.612,56,90,0.00,
43,2,top,other,527.564,248.388,236,60,0.00,
43,3,top,host,204.872,223.224,56,90,0.00,
43,3,top,other,515.128,256.776,236,60,0.00,
43,4,top,host,217.308,214.836,56,90,0.00,
43,4,top,other,502.692,265.164,236,60,0.00,
43,5,top,host,229.744,206.448,56,90,0.00,
43,5,top,other,490.256,273.552,236,60,0.00,
43,6,top,host,242.18,198.06,56,90,0.00,
43,6,top,other,477.82,281.94,236,60,0.00,
43,7,top,host,254.616,189.672,56,90,0.00,
43,7,top,other,465.384,290.328,236,60,0.00,
43,8,top,host,267.052,181.284,56,90,0.00,
43,8,top,other,452.948,298.716,236,60,0.00,
43,9,top,host,279.488,172.896,56,90,0.00,
43,9,top,other,440.512,307.104,236,60,0.00,
43,10,top,host,291.924,164.508,56,90,0.00,
43,10,top,other,428.076,315.492,236,60,0.00,
43,11,top,host,304.36,156.12,56,90,0.00,
43,11,top,other,415.64,323.88,236,60,0.00,
43,12,top,host,316.796,147.732,56,90,0.00,
43,12,top,other,403.204,332.268,236,60,0.00,
43,13,top,host,329.232,139.344,56,90,0.00,
43,13,top,other,390.768,340.656,236,60,0.00,
43,14,top,host,341.668,130.956,56,90,0.00,
43,14,top,other,378.332,349.044,236,60,0.00,
43,15,top,host,354.104,122.568,56,94,0.00,
43,15,top,other,365.896,357.432,236,61,0.00,
43,16,top,host,354.104,122.568,56,94,0.00,
43,16,top,other,365.896,357.432,236,61,0.00,
43,17,top,host,354.104,122.568,56,94,0.00,
43,17,top,other,365.896,357.432,236,61,0.00,
44,1,bottom,host,180,240,56,94,0.00,
44,1,bottom,other,540,240,236,61,0.00,
44,2,bottom,host,192.436,231.612,56,94,0.00,
44,2,bottom,other,527.564,248.388,236,61,0.00,
44,3,bottom,host,204.872,223.224,56,94,0.00,
44,3,bottom,other,515.128,256.776,236,61,0.00,
44,4,bottom,host,217.308,214.836,56,94,0.00,
44,4,bottom,other,502.692,265.164,236,61,0.00,
44,5,bottom,host,229.744,206.448,56,94,0.00,
44,5,bottom,other,490.256,273.552,236,61,0.00,
44,6,bottom,host,242.18,198.06,56,94,0.00,
44,6,bottom,other,477.82,281.94,236,61,0.00,
44,7,bottom,host,254.616,189.672,56,94,0.00,
44,7,bottom,other,465.384,290.328,236,61,0.00,
44,8,bottom,host,267.052,181.284,56,94,0.00,
44,8,bottom,other,452.948,298.716,236,61,0.00,
44,9,bottom,host,279.488,172.896,56,94,0.00,
44,9,bottom,other,440.512,307.104,236,61,0.00,
44,10,bottom,host,291.924,164.508,56,94,0.00,
44,10,bottom,other,428.076,315.492,236,61,0.00,
44,11,bottom,host,304.36,156.12,56,94,0.00,
44,11,bottom,other,415.64,323.88,236,61,0.00,
44,12,bottom,host,316.796,147.732,56,94,0.00,
44,12,bottom,other,403.204,332.268,236,61,0.00,
44,13,bottom,host,329.232,139.344,56,94,0.00,
44,13,bottom,other,390.768,340.656,236,61,0.00,
44,14,bottom,host,341.668,130.956,56,94,0.00,
44,14,bottom,other,378.332,349.044,236,61,0.00,
44,15,bottom,host,354.104,122.568,56,95,0.00,
44,15,bottom,other,365.896,357.432,236,65,0.00,
44,16,bottom,host,354.104,122.568,56,95,0.00,
44,16,bottom,other,365.896,357.432,236,65,0.00,
44,17,bottom,host,354.104,122.568,56,95,0.00,
44,17,bottom,other,365.896,357.432,236,65,0.00,
45,1,top,host,180,240,56,95,0.00,
45,1,top,other,540,240,236,65,0.00,
45,2,top,host,192.436,231.612,56,95,0.00,
45,2,top,other,527.564,248.388,236,65,0.00,
45,3,top,host,204.872,223.224,56,95,0.00,
45,3,top,other,515.128,256.776,236,65,0.00,
45,4,top,host,217.308,214.836,56,95,0.00,
45,4,top,other,502.692,265.164,236,65,0.00,
45,5,top,host,229.744,206.448,56,95,0.00,
45,5,top,other,490.256,273.552,236,65,0.00,
45,6,top,host,242.18,198.06,56,95,0.00,
45,6,top,other,477.82,281.94,236,65,0.00,
45,7,top,host,254.616,189.672,56,95,0.00,
45,7,top,other,465.384,290.328,236,65,0.00,
45,8,top,host,267.052,181.284,56,95,0.00,
45,8,top,other,452.948,298.716,236,65,0.00,
45,9,top,host,279.488,172.896,56,95,0.00,
45,9,top,other,440.512,307.104,236,65,0.00,
45,10,top,host,291.924,164.508,56,95,0.00,
45,10,top,other,428.076,315.492,236,65,0.00,
45,11,top,host,304.36,156.12,56,95,0.00,
45,11,top,other,415.64,323.88,236,65,0.00,
45,12,top,host,316.796,147.732,56,95,0.00,
45,12,top,other,403.204,332.268,236,65,0.00,
45,13,top,host,329.232,139.344,56,95,0.00,
45,13,top,other,390.768,340.656,236,65,0.00,
45,14,top,host,341.668,130.956,56,95,0.00,
45,14,top,other,378.332,349.044,236,65,0.00,
45,15,top,host,354.104,122.568,56,99,0.00,
45,15,top,other,365.896,357.432,236,66,0.00,
45,16,top,host,354.104,122.568,56,99,0.00,
45,16,top,other,365.896,357.432,236,66,0.00,
45,17,top,host,354.104,122.568,56,99,0.00,
45,17,top,other,365.896,357.432,236,66,0.00,
46,1,bottom,host,180,240,56,99,0.00,
46,1,bottom,other,540,240,236,66,0.00,
46,2,bottom,host,192.436,231.612,56,99,0.00,
46,2,bottom,other,527.564,248.388,236,66,0.00,
46,3,bottom,host,204.872,223.224,56,99,0.00,
46,3,bottom,other,515.128,256.776,236,66,0.00,
46,4,bottom,host,217.308,214.836,56,99,0.00,
46,4,bottom,other,502.692,265.164,236,66,0.00,
46,5,bottom,host,229.744,206.448,56,99,0.00,
46,5,bottom,other,490.256,273.552,236,66,0.00,
46,6,bottom,host,242.18,198.06,56,99,0.00,
46,6,bottom,other,477.82,281.94,236,66,0.00,
46,7,bottom,host,254.616,189.672,56,99,0.00,
46,7,bottom,other,465.384,290.328,236,66,0.00,
46,8,bottom,host,267.052,181.284,56,99,0.00,
46,8,bottom,other,452.948,298.716,236,66,0.00,
46,9,bottom,host,279.488,172.896,56,99,0.00,
46,9,bottom,other,440.512,307.104,236,66,0.00,
46,10,bottom,host,291.924,164.508,56,99,0.00,
46,10,bottom,other,428.076,315.492,236,66,0.00,
46,11,bottom,host,304.36,156.12,56,99,0.00,
46,11,bottom,other,415.64,323.88,236,66,0.00,
46,12,bottom,host,316.796,147.732,56,99,0.00,
46,12,bottom,other,403.204,332.268,236,66,0.00,
46,13,bottom,host,329.232,139.344,56,99,0.00,
46,13,bottom,other,390.768,340.656,236,66,0.00,
46,14,bottom,host,341.668,130.956,56,99,0.00,
46,14,bottom,other,378.332,349.044,236,66,0.00,
46,15,bottom,host,354.104,122.568,56,100,0.00,
46,15,bottom,other,365.896,357.432,236,70,0.00,
46,16,bottom,host,354.104,122.568,56,100,0.00,
46,16,bottom,other,365.896,357.432,236,70,0.00,
46,17,bottom,host,354.104,122.568,56,100,0.00,
46,17,bottom,other,365.896,357.432,236,70,0.00,
47,1,bottom,host,180,240,56,100,0.00,
47,1,bottom,other,540,240,236,70,0.00,
47,2,bottom,host,192.436,231.612,56,100,0.00,
47,2,bottom,other,527.564,248.388,236,70,0.00,
47,3,bottom,host,204.872,223.224,56,100,0.00,
47,3,bottom,other,515.128,256.776,236,70,0.00,
47,4,bottom,host,217.308,214.836,56,100,0.00,
47,4,bottom,other,502.692,265.164,236,70,0.00,
47,5,bottom,host,229.744,206.448,56,100,0.00,
47,5,bottom,other,490.256,273.552,236,70,0.00,
47,6,bottom,host,242.18,198.06,56,100,0.00,
47,6,bottom,other,477.82,281.94,236,70,0.00,
47,7,bottom,host,254.616,189.672,56,100,0.00,
47,7,bottom,other,465.384,290.328,236,70,0.00,
47,8,bottom,host,267.052,181.284,56,100,0.00,
47,8,bottom,other,452.948,298.716,236,70,0.00,
47,9,bottom,host,279.488,172.896,56,100,0.00,
47,9,bottom,other,440.512,307.104,236,70,0.00,
47,10,bottom,host,291.924,164.508,56,100,0.00,
47,10,bottom,other,428.076,315.492,236,70,0.00,
47,11,bottom,host,304.36,156.12,56,100,0.00,
47,11,bottom,other,415.64,323.88,236,70,0.00,
47,12,bottom,host,316.796,147.732,56,100,0.00,
47,12,bottom,other,403.204,332.268,236,70,0.00,
47,13,bottom,host,329.232,139.344,56,100,0.00,
47,13,bottom,other,390.768,340.656,236,70,0.00,
47,14,bottom,host,341.668,130.956,56,100,0.00,
47,14,bottom,other,378.332,349.044,236,70,0.00,
47,15,bottom,host,354.104,122.568,56,101,0.00,
47,15,bottom,other,365.896,357.432,236,74,0.00,
47,16,bottom,host,354.104,122.568,56,101,0.00,
47,16,bottom,other,365.896,357.432,236,74,0.00,
47,17,bottom,host,354.104,122.568,56,101,0.00,
47,17,bottom,other,365.896,357.432,236,74,0.00,
47,18,bottom,host,354.104,122.568,56,101,0.00,
47,18,bottom,other,365.896,357.432,236,74,0.00,
48,1,top,host,180,240,56,101,0.00,
48,1,top,other,540,240,236,74,0.00,
48,2,top,host,192.436,231.612,56,101,0.00,
48,2,top,other,527.564,248.388,236,74,0.00,
48,3,top,host,204.872,223.224,56,101,0.00,
48,3,top,other,515.128,256.776,236,74,0.00,
48,4,top,host,217.308,214.836,56,101,0.00,
48,4,top,other,502.692,265.164,236,74,0.00,
48,5,top,host,229.744,206.448,56,101,0.00,
48,5,top,other,490.256,273.552,236,74,0.00,
48,6,top,host,242.18,198.06,56,101,0.00,
48,6,top,other,477.82,281.94,236,74,0.00,
48,7,top,host,254.616,189.672,56,101,0.00,
48,7,top,other,465.384,290.328,236,74,0.00,
48,8,top,host,267.052,181.284,56,101,0.00,
48,8,top,other,452.948,298.716,236,74,0.00,
48,9,top,host,279.488,172.896,56,101,0.00,
48,9,top,other,440.512,307.104,236,74,0.00,
48,10,top,other,428.076,315.492,236,74,0.00,
48,10,top,host,291.924,164.508,56,101,0.00,
48,11,top,host,304.36,156.12,56,101,0.00,
48,11,top,other,415.64,323.88,236,74,0.00,
48,12,top,host,316.796,147.732,56,101,0.00,
48,12,top,other,403.204,332.268,236,74,0.00,
48,13,top,host,329.232,139.344,56,101,0.00,
48,13,top,other,390.768,340.656,236,74,0.00,
48,14,top,host,341.668,130.956,56,101,0.00,
48,14,top,other,378.332,349.044,236,74,0.00,
48,15,top,host,354.104,122.568,56,105,0.00,
48,15,top,other,365.896,357.432,236,75,0.00,
48,16,top,host,354.104,122.568,56,105,0.00,
48,16,top,other,365.896,357.432,236,75,0.00,
48,17,top,host,354.104,122.568,56,105,0.00,
48,17,top,other,365.896,357.432,236,75,0.00,
49,1,bottom,host,180,240,56,105,0.00,
49,1,bottom,other,540,240,236,75,0.00,
49,2,bottom,host,192.436,231.612,56,105,0.00,
49,2,bottom,other,527.564,248.388,236,75,0.00,
49,3,bottom,host,204.872,223.224,56,105,0.00,
49,3,bottom,other,515.128,256.776,236,75,0.00,
49,4,bottom,host,217.308,214.836,56,105,0.00,
49,4,bottom,other,502.692,265.164,236,75,0.00,
49,5,bottom,host,229.744,206.448,56,105,0.00,
49,5,bottom,other,490.256,273.552,236,75,0.00,
49,6,bottom,host,242.18,198.06,56,105,0.00,
49,6,bottom,other,477.82,281.94,236,75,0.00,
49,7,bottom,host,254.616,189.672,56,105,0.00,
49,7,bottom,other,465.384,290.328,236,75,0.00,
49,8,bottom,host,267.052,181.284,56,105,0.00,
49,8,bottom,other,452.948,298.716,236,75,0.00,
49,9,bottom,host,279.488,172.896,56,105,0.00,
49,9,bottom,other,440.512,307.104,236,75,0.00,
49,10,bottom,host,291.924,164.508,56,105,0.00,
49,10,bottom,other,428.076,315.492,236,75,0.00,
49,11,bottom,host,304.36,156.12,56,105,0.00,
49,11,bottom,other,415.64,323.88,236,75,0.00,
49,12,bottom,host,316.796,147.732,56,105,0.00,
49,12,bottom,other,403.204,332.268,236,75,0.00,
49,13,bottom,host,329.232,139.344,56,105,0.00,
49,13,bottom,other,390.768,340.656,236,75,0.00,
49,14,bottom,host,341.668,130.956,56,105,0.00,
49,14,bottom,other,378.332,349.044,236,75,0.00,
49,15,bottom,host,354.104,122.568,56,106,0.00,
49,15,bottom,other,365.896,357.432,236,79,0.00,
49,16,bottom,host,354.104,122.568,56,106,0.00,
49,16,bottom,other,365.896,357.432,236,79,0.00,
49,17,bottom,host,354.104,122.568,56,106,0.00,
49,17,bottom,other,365.896,357.432,236,79,0.00,
50,1,top,host,180,240,56,106,0.00,
50,1,top,other,540,240,236,79,0.00,
50,2,top,host,192.436,231.612,56,106,0.00,
50,2,top,other,527.564,248.388,236,79,0.00,
50,3,top,host,204.872,223.224,56,106,0.00,
50,3,top,other,515.128,256.776,236,79,0.00,
50,4,top,host,217.308,214.836,56,106,0.00,
50,4,top,other,502.692,265.164,236,79,0.00,
50,5,top,host,229.744,206.448,56,106,0.00,
50,5,top,other,490.256,273.552,236,79,0.00,
50,6,top,host,242.18,198.06,56,106,0.00,
50,6,top,other,477.82,281.94,236,79,0.00,
50,7,top,host,254.616,189.672,56,106,0.00,
50,7,top,other,465.384,290.328,236,79,0.00,
50,8,top,host,267.052,181.284,56,106,0.00,
50,8,top,other,452.948,298.716,236,79,0.00,
50,9,top,host,279.488,172.896,56,106,0.00,
50,9,top,other,440.512,307.104,236,79,0.00,
50,10,top,host,291.924,164.508,56,106,0.00,
50,10,top,other,428.076,315.492,236,79,0.00,
50,11,top,host,304.36,156.12,56,106,0.00,
50,11,top,other,415.64,323.88,236,79,0.00,
50,12,top,host,316.796,147.732,56,106,0.00,
50,12,top,other,403.204,332.268,236,79,0.00,
50,13,top,host,329.232,139.344,56,106,0.00,
50,13,top,other,390.768,340.656,236,79,0.00,
50,14,top,host,341.668,130.956,56,106,0.00,
50,14,top,other,378.332,349.044,236,79,0.00,
50,15,top,host,354.104,122.568,56,110,0.00,
50,15,top,other,365.896,357.432,236,80,0.00,
50,16,top,host,354.104,122.568,56,110,0.00,
50,16,top,other,365.896,357.432,236,80,0.00,
50,17,top,host,354.104,122.568,56,110,0.00,
50,17,top,other,365.896,357.432,236,80,0.00,
