1,1,bottom,host,180,240,124,0,0.00,
1,1,bottom,other,540,240,304,0,0.00,
1,2,bottom,host,192.436,248.388,124,0,0.00,
1,2,bottom,other,527.564,231.612,304,0,0.00,
1,3,bottom,host,204.872,256.776,124,0,0.00,
1,3,bottom,other,515.128,223.224,304,0,0.00,
1,4,bottom,host,217.308,265.164,124,0,0.00,
1,4,bottom,other,502.692,214.836,304,0,0.00,
1,5,bottom,host,229.744,273.552,124,0,0.00,
1,5,bottom,other,490.256,206.448,304,0,0.00,
1,6,bottom,host,242.18,281.94,124,0,0.00,
1,6,bottom,other,477.82,198.06,304,0,0.00,
1,7,bottom,host,254.616,290.328,124,0,0.00,
1,7,bottom,other,465.384,189.672,304,0,0.00,
1,8,bottom,host,267.052,298.716,124,0,0.00,
1,8,bottom,other,452.948,181.284,304,0,0.00,
1,9,bottom,host,279.488,307.104,124,0,0.00,
1,9,bottom,other,440.512,172.896,304,0,0.00,
1,10,bottom,host,291.924,315.492,124,0,0.00,
1,10,bottom,other,428.076,164.508,304,0,0.00,
1,11,bottom,host,304.36,323.88,124,0,0.00,
1,11,bottom,other,415.64,156.12,304,0,0.00,
1,12,bottom,host,316.796,332.268,124,0,0.00,
1,12,bottom,other,403.204,147.732,304,0,0.00,
1,13,bottom,host,329.232,340.656,124,0,0.00,
1,13,bottom,other,390.768,139.344,304,0,0.00,
1,14,bottom,host,341.668,349.044,124,0,0.00,
1,14,bottom,other,378.332,130.956,304,0,0.00,
1,15,bottom,host,354.104,357.432,124,4,0.00,
1,15,bottom,other,365.896,122.568,304,1,0.00,
1,16,bottom,host,354.104,357.432,124,4,0.00,
1,16,bottom,other,365.896,122.568,304,1,0.00,
1,17,bottom,host,354.104,357.432,124,4,0.00,
1,17,bottom,other,365.896,122.568,304,1,0.00,
2,1,top,host,180,240,56,4,0.00,
2,1,top,other,540,240,304,1,0.00,
2,2,top,host,192.436,231.612,56,4,0.00,
2,2,top,other,527.564,231.612,304,1,0.00,
2,3,top,host,204.872,223.224,56,4,0.00,
2,3,top,other,515.128,223.224,304,1,0.00,
2,4,top,host,217.308,214.836,56,4,0.00,
2,4,top,other,502.692,214.836,304,1,0.00,
2,5,top,host,229.744,206.448,56,4,0.00,
2,5,top,other,490.256,206.448,304,1,0.00,
2,6,top,host,242.18,198.06,56,4,0.00,
2,6,top,other,477.82,198.06,304,1,0.00,
2,7,top,host,254.616,189.672,56,4,0.00,
2,7,top,other,465.384,189.672,304,1,0.00,
2,8,top,host,267.052,181.284,56,4,0.00,
2,8,top,other,452.948,181.284,304,1,0.00,
2,9,top,host,279.488,172.896,56,4,0.00,
2,9,top,other,440.512,172.896,304,1,0.00,
2,10,top,host,291.924,164.508,56,4,0.00,
2,10,top,other,428.076,164.508,304,1,0.00,
2,11,top,host,304.36,156.12,56,4,0.00,
2,11,top,other,415.64,156.12,304,1,0.00,
2,12,top,host,316.796,147.732,56,4,0.00,
2,12,top,other,403.204,147.732,304,1,0.00,
2,13,top,host,329.232,139.344,56,4,0.00,
2,13,top,other,390.768,139.344,304,1,0.00,
2,14,top,host,341.668,130.956,56,4,0.00,
2,14,top,other,378.332,130.956,304,1,0.00,
2,15,top,host,354.104,122.568,56,4,0.00,
2,15,top,other,365.896,122.568,304,1,0.00,
2,16,top,host,354.104,122.568,56,4,0.00,
2,16,top,other,365.896,122.568,304,1,0.00,
2,17,top,host,354.104,122.568,56,4,0.00,
2,17,top,other,365.896,122.568,304,1,0.00,
3,1,top,host,180,240,56,4,0.00,
3,1,top,other,540,240,304,1,0.00,
3,2,top,host,192.436,231.612,56,4,0.00,
3,2,top,other,527.564,231.612,304,1,0.00,
3,3,top,host,204.872,223.224,56,4,0.00,
3,3,top,other,515.128,223.224,304,1,0.00,
3,4,top,host,217.308,214.836,56,4,0.00,
3,4,top,other,502.692,214.836,304,1,0.00,
3,5,top,host,229.744,206.448,56,4,0.00,
3,5,top,other,490.256,206.448,304,1,0.00,
3,6,top,host,242.18,198.06,56,4,0.00,
3,6,top,other,477.82,198.06,304,1,0.00,
3,7,top,host,254.616,189.672,56,4,0.00,
3,7,top,other,465.384,189.672,304,1,0.00,
3,8,top,host,267.052,181.284,56,4,0.00,
3,8,top,other,452.948,181.284,304,1,0.00,
3,9,top,host,279.488,172.896,56,4,0.00,
3,9,top,other,440.512,172.896,304,1,0.00,
3,10,top,host,291.924,164.508,56,4,0.00,
3,10,top,other,428.076,164.508,304,1,0.00,
3,11,top,host,304.36,156.12,56,4,0.00,
3,11,top,other,415.64,156.12,304,1,0.00,
3,12,top,host,316.796,147.732,56,4,0.00,
3,12,top,other,403.204,147.732,304,1,0.00,
3,13,top,host,329.232,139.344,56,4,0.00,
3,13,top,other,390.768,139.344,304,1,0.00,
3,14,top,host,341.668,130.956,56,4,0.00,
3,14,top,other,378.332,130.956,304,1,0.00,
3,15,top,host,354.104,122.568,56,4,0.00,
3,15,top,other,365.896,122.568,304,1,0.00,
3,16,top,host,354.104,122.568,56,4,0.00,
3,16,top,other,365.896,122.568,304,1,0.00,
3,17,top,host,354.104,122.568,56,4,0.00,
3,17,top,other,365.896,122.568,304,1,0.00,
4,1,top,host,180,240,124,4,0.00,
4,1,top,other,540,240,304,1,0.00,
4,2,top,host,192.436,248.388,124,4,0.00,
4,2,top,other,527.564,231.612,304,1,0.00,
4,3,top,host,204.872,256.776,124,4,0.00,
4,3,top,other,515.128,223.224,304,1,0.00,
4,4,top,host,217.308,265.164,124,4,0.00,
4,4,top,other,502.692,214.836,304,1,0.00,
4,5,top,host,229.744,273.552,124,4,0.00,
4,5,top,other,490.256,206.448,304,1,0.00,
4,6,top,host,242.18,281.94,124,4,0.00,
4,6,top,other,477.82,198.06,304,1,0.00,
4,7,top,host,254.616,290.328,124,4,0.00,
4,7,top,other,465.384,189.672,304,1,0.00,
4,8,top,host,267.052,298.716,124,4,0.00,
4,8,top,other,452.948,181.284,304,1,0.00,
4,9,top,host,279.488,307.104,124,4,0.00,
4,9,top,other,440.512,172.896,304,1,0.00,
4,10,top,host,291.924,315.492,124,4,0.00,
4,10,top,other,428.076,164.508,304,1,0.00,
4,11,top,host,304.36,323.88,124,4,0.00,
4,11,top,other,415.64,156.12,304,1,0.00,
4,12,top,host,316.796,332.268,124,4,0.00,
4,12,top,other,403.204,147.732,304,1,0.00,
4,13,top,host,329.232,340.656,124,4,0.00,
4,13,top,other,390.768,139.344,304,1,0.00,
4,14,top,host,341.668,349.044,124,4,0.00,
4,14,top,other,378.332,130.956,304,1,0.00,
4,15,top,host,354.104,357.432,124,5,0.00,
4,15,top,other,365.896,122.568,304,5,0.00,
4,16,top,host,354.104,357.432,124,5,0.00,
4,16,top,other,365.896,122.568,304,5,0.00,
4,17,top,host,354.104,357.432,124,5,0.00,
4,17,top,other,365.896,122.568,304,5,0.00,
5,1,top,host,180,240,56,5,0.00,
5,1,top,other,540,240,304,5,0.00,
5,2,top,host,192.436,231.612,56,5,0.00,
5,2,top,other,527.564,231.612,304,5,0.00,
5,3,top,host,204.872,223.224,56,5,0.00,
5,3,top,other,515.128,223.224,304,5,0.00,
5,4,top,host,217.308,214.836,56,5,0.00,
5,4,top,other,502.692,214.836,304,5,0.00,
5,5,top,host,229.744,206.448,56,5,0.00,
5,5,top,other,490.256,206.448,304,5,0.00,
5,6,top,host,242.18,198.06,56,5,0.00,
5,6,top,other,477.82,198.06,304,5,0.00,
5,7,top,host,254.616,189.672,56,5,0.00,
5,7,top,other,465.384,189.672,304,5,0.00,
5,8,top,host,267.052,181.284,56,5,0.00,
5,8,top,other,452.948,181.284,304,5,0.00,
5,9,top,host,279.488,172.896,56,5,0.00,
5,9,top,other,440.512,172.896,304,5,0.00,
5,10,top,host,291.924,164.508,56,5,0.00,
5,10,top,other,428.076,164.508,304,5,0.00,
5,11,top,host,304.36,156.12,56,5,0.00,
5,11,top,other,415.64,156.12,304,5,0.00,
5,12,top,host,316.796,147.732,56,5,0.00,
5,12,top,other,403.204,147.732,304,5,0.00,
5,13,top,host,329.232,139.344,56,5,0.00,
5,13,top,other,390.768,139.344,304,5,0.00,
5,14,top,host,341.668,130.956,56,5,0.00,
5,14,top,other,378.332,130.956,304,5,0.00,
5,15,top,host,354.104,122.568,56,5,0.00,
5,15,top,other,365.896,122.568,304,5,0.00,
5,16,top,host,354.104,122.568,56,5,0.00,
5,16,top,other,365.896,122.568,304,5,0.00,
5,17,top,host,354.104,122.568,56,5,0.00,
5,17,top,other,365.896,122.568,304,5,0.00,
6,1,bottom,host,180,240,124,5,0.00,
6,1,bottom,other,540,240,304,5,0.00,
6,2,bottom,host,192.436,248.388,124,5,0.00,
6,2,bottom,other,527.564,231.612,304,5,0.00,
6,3,bottom,host,204.872,256.776,124,5,0.00,
6,3,bottom,other,515.128,223.224,304,5,0.00,
6,4,bottom,host,217.308,265.164,124,5,0.00,
6,4,bottom,other,502.692,214.836,304,5,0.00,
6,5,bottom,host,229.744,273.552,124,5,0.00,
6,5,bottom,other,490.256,206.448,304,5,0.00,
6,6,bottom,host,242.18,281.94,124,5,0.00,
6,6,bottom,other,477.82,198.06,304,5,0.00,
6,7,bottom,host,254.616,290.328,124,5,0.00,
6,7,bottom,other,465.384,189.672,304,5,0.00,
6,8,bottom,host,267.052,298.716,124,5,0.00,
6,8,bottom,other,452.948,181.284,304,5,0.00,
6,9,bottom,host,279.488,307.104,124,5,0.00,
6,9,bottom,other,440.512,172.896,304,5,0.00,
6,10,bottom,host,291.924,315.492,124,5,0.00,
6,10,bottom,other,428.076,164.508,304,5,0.00,
6,11,bottom,host,304.36,323.88,124,5,0.00,
6,11,bottom,other,415.64,156.12,304,5,0.00,
6,12,bottom,host,316.796,332.268,124,5,0.00,
6,12,bottom,other,403.204,147.732,304,5,0.00,
6,13,bottom,host,329.232,340.656,124,5,0.00,
6,13,bottom,other,390.768,139.344,304,5,0.00,
6,14,bottom,host,341.668,349.044,124,5,0.00,
6,14,bottom,other,378.332,130.956,304,5,0.00,
6,15,bottom,host,354.104,357.432,124,9,0.00,
6,15,bottom,other,365.896,122.568,304,6,0.00,
6,16,bottom,host,354.104,357.432,124,9,0.00,
6,16,bottom,other,365.896,122.568,304,6,0.00,
6,17,bottom,host,354.104,357.432,124,9,0.00,
6,17,bottom,other,365.896,122.568,304,6,0.00,
7,1,bottom,host,180,240,124,9,0.00,
7,1,bottom,other,540,240,236,6,0.00,
7,2,bottom,host,192.436,248.388,124,9,0.00,
7,2,bottom,other,527.564,248.388,236,6,0.00,
7,3,bottom,host,204.872,256.776,124,9,0.00,
7,3,bottom,other,515.128,256.776,236,6,0.00,
7,4,bottom,host,217.308,265.164,124,9,0.00,
7,4,bottom,other,502.692,265.164,236,6,0.00,
7,5,bottom,host,229.744,273.552,124,9,0.00,
7,5,bottom,other,490.256,273.552,236,6,0.00,
7,6,bottom,host,242.18,281.94,124,9,0.00,
7,6,bottom,other,477.82,281.94,236,6,0.00,
7,7,bottom,host,254.616,290.328,124,9,0.00,
7,7,bottom,other,465.384,290.328,236,6,0.00,
7,8,bottom,host,267.052,298.716,124,9,0.00,
7,8,bottom,other,452.948,298.716,236,6,0.00,
7,9,bottom,host,279.488,307.104,124,9,0.00,
7,9,bottom,other,440.512,307.104,236,6,0.00,
7,10,bottom,host,291.924,315.492,124,9,0.00,
7,10,bottom,other,428.076,315.492,236,6,0.00,
7,11,bottom,host,304.36,323.88,124,9,0.00,
7,11,bottom,other,415.64,323.88,236,6,0.00,
7,12,bottom,host,316.796,332.268,124,9,0.00,
7,12,bottom,other,403.204,332.268,236,6,0.00,
7,13,bottom,host,329.232,340.656,124,9,0.00,
7,13,bottom,other,390.768,340.656,236,6,0.00,
7,14,bottom,host,341.668,349.044,124,9,0.00,
7,14,bottom,other,378.332,349.044,236,6,0.00,
7,15,bottom,host,354.104,357.432,124,9,0.00,
7,15,bottom,other,365.896,357.432,236,6,0.00,
7,16,bottom,host,354.104,357.432,124,9,0.00,
7,16,bottom,other,365.896,357.432,236,6,0.00,
7,17,bottom,host,354.104,357.432,124,9,0.00,
7,17,bottom,other,365.896,357.432,236,6,0.00,
8,1,bottom,host,180,240,56,9,0.00,
8,1,bottom,other,540,240,236,6,0.00,
8,2,bottom,host,192.436,231.612,56,9,0.00,
8,2,bottom,other,527.564,248.388,236,6,0.00,
8,3,bottom,host,204.872,223.224,56,9,0.00,
8,3,bottom,other,515.128,256.776,236,6,0.00,
8,4,bottom,host,217.308,214.836,56,9,0.00,
8,4,bottom,other,502.692,265.164,236,6,0.00,
8,5,bottom,host,229.744,206.448,56,9,0.00,
8,5,bottom,other,490.256,273.552,236,6,0.00,
8,6,bottom,host,242.18,198.06,56,9,0.00,
8,6,bottom,other,477.82,281.94,236,6,0.00,
8,7,bottom,host,254.616,189.672,56,9,0.00,
8,7,bottom,other,465.384,290.328,236,6,0.00,
8,8,bottom,host,267.052,181.284,56,9,0.00,
8,8,bottom,other,452.948,298.716,236,6,0.00,
8,9,bottom,host,279.488,172.896,56,9,0.00,
8,9,bottom,other,440.512,307.104,236,6,0.00,
8,10,bottom,host,291.924,164.508,56,9,0.00,
8,10,bottom,other,428.076,315.492,236,6,0.00,
8,11,bottom,host,304.36,156.12,56,9,0.00,
8,11,bottom,other,415.64,323.88,236,6,0.00,
8,12,bottom,host,316.796,147.732,56,9,0.00,
8,12,bottom,other,403.204,332.268,236,6,0.00,
8,13,bottom,host,329.232,139.344,56,9,0.00,
8,13,bottom,other,390.768,340.656,236,6,0.00,
8,14,bottom,host,341.668,130.956,56,9,0.00,
8,14,bottom,other,378.332,349.044,236,6,0.00,
8,15,bottom,host,354.104,122.568,56,10,0.00,
8,15,bottom,other,365.896,357.432,236,10,0.00,
8,16,bottom,host,354.104,122.568,56,10,0.00,
8,16,bottom,other,365.896,357.432,236,10,0.00,
8,17,bottom,host,354.104,122.568,56,10,0.00,
8,17,bottom,other,365.896,357.432,236,10,0.00,
9,1,bottom,host,180,240,124,10,0.00,
9,1,bottom,other,540,240,236,10,0.00,
9,2,bottom,host,192.436,248.388,124,10,0.00,
9,2,bottom,other,527.564,248.388,236,10,0.00,
9,3,bottom,host,204.872,256.776,124,10,0.00,
9,3,bottom,other,515.128,256.776,236,10,0.00,
9,4,bottom,host,217.308,265.164,124,10,0.00,
9,4,bottom,other,502.692,265.164,236,10,0.00,
9,5,bottom,host,229.744,273.552,124,10,0.00,
9,5,bottom,other,490.256,273.552,236,10,0.00,
9,6,bottom,host,242.18,281.94,124,10,0.00,
9,6,bottom,other,477.82,281.94,236,10,0.00,
9,7,bottom,host,254.616,290.328,124,10,0.00,
9,7,bottom,other,465.384,290.328,236,10,0.00,
9,8,bottom,host,267.052,298.716,124,10,0.00,
9,8,bottom,other,452.948,298.716,236,10,0.00,
9,9,bottom,host,279.488,307.104,124,10,0.00,
9,9,bottom,other,440.512,307.104,236,10,0.00,
9,10,bottom,host,291.924,315.492,124,10,0.00,
9,10,bottom,other,428.076,315.492,236,10,0.00,
9,11,bottom,host,304.36,323.88,124,10,0.00,
9,11,bottom,other,415.64,323.88,236,10,0.00,
9,12,bottom,host,316.796,332.268,124,10,0.00,
9,12,bottom,other,403.204,332.268,236,10,0.00,
9,13,bottom,host,329.232,340.656,124,10,0.00,
9,13,bottom,other,390.768,340.656,236,10,0.00,
9,14,bottom,host,341.668,349.044,124,10,0.00,
9,14,bottom,other,378.332,349.044,236,10,0.00,
9,15,bottom,host,354.104,357.432,124,10,0.00,
9,15,bottom,other,365.896,357.432,236,10,0.00,
9,16,bottom,host,354.104,357.432,124,10,0.00,
9,16,bottom,other,365.896,357.432,236,10,0.00,
9,17,bottom,host,354.104,357.432,124,10,0.00,
9,17,bottom,other,365.896,357.432,236,10,0.00,
10,1,top,host,180,240,56,10,0.00,
10,1,top,other,540,240,304,10,0.00,
10,2,top,host,192.436,231.612,56,10,0.00,
10,2,top,other,527.564,231.612,304,10,0.00,
10,3,top,host,204.872,223.224,56,10,0.00,
10,3,top,other,515.128,223.224,304,10,0.00,
10,4,top,host,217.308,214.836,56,10,0.00,
10,4,top,other,502.692,214.836,304,10,0.00,
10,5,top,host,229.744,206.448,56,10,0.00,
10,5,top,other,490.256,206.448,304,10,0.00,
10,6,top,host,242.18,198.06,56,10,0.00,
10,6,top,other,477.82,198.06,304,10,0.00,
10,7,top,host,254.616,189.672,56,10,0.00,
10,7,top,other,465.384,189.672,304,10,0.00,
10,8,top,host,267.052,181.284,56,10,0.00,
10,8,top,other,452.948,181.284,304,10,0.00,
10,9,top,host,279.488,172.896,56,10,0.00,
10,9,top,other,440.512,172.896,304,10,0.00,
10,10,top,host,291.924,164.508,56,10,0.00,
10,10,top,other,428.076,164.508,304,10,0.00,
10,11,top,host,304.36,156.12,56,10,0.00,
10,11,top,other,415.64,156.12,304,10,0.00,
10,12,top,host,316.796,147.732,56,10,0.00,
10,12,top,other,403.204,147.732,304,10,0.00,
10,13,top,host,329.232,139.344,56,10,0.00,
10,13,top,other,390.768,139.344,304,10,0.00,
10,14,top,host,341.668,130.956,56,10,0.00,
10,14,top,other,378.332,130.956,304,10,0.00,
10,15,top,host,354.104,122.568,56,10,0.00,
10,15,top,other,365.896,122.568,304,10,0.00,
10,16,top,host,354.104,122.568,56,10,0.00,
10,16,top,other,365.896,122.568,304,10,0.00,
10,17,top,host,354.104,122.568,56,10,0.00,
10,17,top,other,365.896,122.568,304,10,0.00,
11,1,top,host,180,240,124,10,0.00,
11,1,top,other,540,240,304,10,0.00,
11,2,top,host,192.436,248.388,124,10,0.00,
11,2,top,other,527.564,231.612,304,10,0.00,
11,3,top,host,204.872,256.776,124,10,0.00,
11,3,top,other,515.128,223.224,304,10,0.00,
11,4,top,host,217.308,265.164,124,10,0.00,
11,4,top,other,502.692,214.836,304,10,0.00,
11,5,top,host,229.744,273.552,124,10,0.00,
11,5,top,other,490.256,206.448,304,10,0.00,
11,6,top,host,242.18,281.94,124,10,0.00,
11,6,top,other,477.82,198.06,304,10,0.00,
11,7,top,host,254.616,290.328,124,10,0.00,
11,7,top,other,465.384,189.672,304,10,0.00,
11,8,top,host,267.052,298.716,124,10,0.00,
11,8,top,other,452.948,181.284,304,10,0.00,
11,9,top,host,279.488,307.104,124,10,0.00,
11,9,top,other,440.512,172.896,304,10,0.00,
11,10,top,host,291.924,315.492,124,10,0.00,
11,10,top,other,428.076,164.508,304,10,0.00,
11,11,top,host,304.36,323.88,124,10,0.00,
11,11,top,other,415.64,156.12,304,10,0.00,
11,12,top,host,316.796,332.268,124,10,0.00,
11,12,top,other,403.204,147.732,304,10,0.00,
11,13,top,host,329.232,340.656,124,10,0.00,
11,13,top,other,390.768,139.344,304,10,0.00,
11,14,top,host,341.668,349.044,124,10,0.00,
11,14,top,other,378.332,130.956,304,10,0.00,
11,15,top,host,354.104,357.432,124,11,0.00,
11,15,top,other,365.896,122.568,304,14,0.00,
11,16,top,host,354.104,357.432,124,11,0.00,
11,16,top,other,365.896,122.568,304,14,0.00,
11,17,top,host,354.104,357.432,124,11,0.00,
11,17,top,other,365.896,122.568,304,14,0.00,
12,1,top,host,180,240,56,11,0.00,
12,1,top,other,540,240,304,14,0.00,
12,2,top,host,192.436,231.612,56,11,0.00,
12,2,top,other,527.564,231.612,304,14,0.00,
12,3,top,host,204.872,223.224,56,11,0.00,
12,3,top,other,515.128,223.224,304,14,0.00,
12,4,top,host,217.308,214.836,56,11,0.00,
12,4,top,other,502.692,214.836,304,14,0.00,
12,5,top,host,229.744,206.448,56,11,0.00,
12,5,top,other,490.256,206.448,304,14,0.00,
12,6,top,host,242.18,198.06,56,11,0.00,
12,6,top,other,477.82,198.06,304,14,0.00,
12,7,top,host,254.616,189.672,56,11,0.00,
12,7,top,other,465.384,189.672,304,14,0.00,
12,8,top,host,267.052,181.284,56,11,0.00,
12,8,top,other,452.948,181.284,304,14,0.00,
12,9,top,host,279.488,172.896,56,11,0.00,
12,9,top,other,440.512,172.896,304,14,0.00,
12,10,top,host,291.924,164.508,56,11,0.00,
12,10,top,other,428.076,164.508,304,14,0.00,
12,11,top,host,304.36,156.12,56,11,0.00,
12,11,top,other,415.64,156.12,304,14,0.00,
12,12,top,host,316.796,147.732,56,11,0.00,
12,12,top,other,403.204,147.732,304,14,0.00,
12,13,top,host,329.232,139.344,56,11,0.00,
12,13,top,other,390.768,139.344,304,14,0.00,
12,14,top,host,341.668,130.956,56,11,0.00,
12,14,top,other,378.332,130.956,304,14,0.00,
12,15,top,host,354.104,122.568,56,11,0.00,
12,15,top,other,365.896,122.568,304,14,0.00,
12,16,top,host,354.104,122.568,56,11,0.00,
12,16,top,other,365.896,122.568,304,14,0.00,
12,17,top,host,354.104,122.568,56,11,0.00,
12,17,top,other,365.896,122.568,304,14,0.00,
13,1,top,host,180,240,124,11,0.00,
13,1,top,other,540,240,236,14,0.00,
13,2,top,host,192.436,248.388,124,11,0.00,
13,2,top,other,527.564,248.388,236,14,0.00,
13,3,top,host,204.872,256.776,124,11,0.00,
13,3,top,other,515.128,256.776,236,14,0.00,
13,4,top,host,217.308,265.164,124,11,0.00,
13,4,top,other,502.692,265.164,236,14,0.00,
13,5,top,host,229.744,273.552,124,11,0.00,
13,5,top,other,490.256,273.552,236,14,0.00,
13,6,top,host,242.18,281.94,124,11,0.00,
13,6,top,other,477.82,281.94,236,14,0.00,
13,7,top,host,254.616,290.328,124,11,0.00,
13,7,top,other,465.384,290.328,236,14,0.00,
13,8,top,host,267.052,298.716,124,11,0.00,
13,8,top,other,452.948,298.716,236,14,0.00,
13,9,top,host,279.488,307.104,124,11,0.00,
13,9,top,other,440.512,307.104,236,14,0.00,
13,10,top,host,291.924,315.492,124,11,0.00,
13,10,top,other,428.076,315.492,236,14,0.00,
13,11,top,host,304.36,323.88,124,11,0.00,
13,11,top,other,415.64,323.88,236,14,0.00,
13,12,top,host,316.796,332.268,124,11,0.00,
13,12,top,other,403.204,332.268,236,14,0.00,
13,13,top,host,329.232,340.656,124,11,0.00,
13,13,top,other,390.768,340.656,236,14,0.00,
13,14,top,host,341.668,349.044,124,11,0.00,
13,14,top,other,378.332,349.044,236,14,0.00,
13,15,top,host,354.104,357.432,124,11,0.00,
13,15,top,other,365.896,357.432,236,14,0.00,
13,16,top,host,354.104,357.432,124,11,0.00,
13,16,top,other,365.896,357.432,236,14,0.00,
13,17,top,host,354.104,357.432,124,11,0.00,
13,17,top,other,365.896,357.432,236,14,0.00,
14,1,bottom,host,180,240,56,11,0.00,
14,1,bottom,other,540,240,236,14,0.00,
14,2,bottom,host,192.436,231.612,56,11,0.00,
14,2,bottom,other,527.564,248.388,236,14,0.00,
14,3,bottom,host,204.872,223.224,56,11,0.00,
14,3,bottom,other,515.128,256.776,236,14,0.00,
14,4,bottom,host,217.308,214.836,56,11,0.00,
14,4,bottom,other,502.692,265.164,236,14,0.00,
14,5,bottom,host,229.744,206.448,56,11,0.00,
14,5,bottom,other,490.256,273.552,236,14,0.00,
14,6,bottom,host,242.18,198.06,56,11,0.00,
14,6,bottom,other,477.82,281.94,236,14,0.00,
14,7,bottom,host,254.616,189.672,56,11,0.00,
14,7,bottom,other,465.384,290.328,236,14,0.00,
14,8,bottom,host,267.052,181.284,56,11,0.00,
14,8,bottom,other,452.948,298.716,236,14,0.00,
14,9,bottom,host,279.488,172.896,56,11,0.00,
14,9,bottom,other,440.512,307.104,236,14,0.00,
14,10,bottom,host,291.924,164.508,56,11,0.00,
14,10,bottom,other,428.076,315.492,236,14,0.00,
14,11,bottom,host,304.36,156.12,56,11,0.00,
14,11,bottom,other,415.64,323.88,236,14,0.00,
14,12,bottom,host,316.796,147.732,56,11,0.00,
14,12,bottom,other,403.204,332.268,236,14,0.00,
14,13,bottom,host,329.232,139.344,56,11,0.00,
14,13,bottom,other,390.768,340.656,236,14,0.00,
14,14,bottom,host,341.668,130.956,56,11,0.00,
14,14,bottom,other,378.332,349.044,236,14,0.00,
14,15,bottom,host,354.104,122.568,56,12,0.00,
14,15,bottom,other,365.896,357.432,236,18,0.00,
14,16,bottom,host,354.104,122.568,56,12,0.00,
14,16,bottom,other,365.896,357.432,236,18,0.00,
14,17,bottom,host,354.104,122.568,56,12,0.00,
14,17,bottom,other,365.896,357.432,236,18,0.00,
15,1,top,host,180,240,56,12,0.00,
15,1,top,other,540,240,236,18,0.00,
15,2,top,host,192.436,231.612,56,12,0.00,
15,2,top,other,527.564,248.388,236,18,0.00,
15,3,top,host,204.872,223.224,56,12,0.00,
15,3,top,other,515.128,256.776,236,18,0.00,
15,4,top,host,217.308,214.836,56,12,0.00,
15,4,top,other,502.692,265.164,236,18,0.00,
15,5,top,host,229.744,206.448,56,12,0.00,
15,5,top,other,490.256,273.552,236,18,0.00,
15,6,top,host,242.18,198.06,56,12,0.00,
15,6,top,other,477.82,281.94,236,18,0.00,
15,7,top,host,254.616,189.672,56,12,0.00,
15,7,top,other,465.384,290.328,236,18,0.00,
15,8,top,host,267.052,181.284,56,12,0.00,
15,8,top,other,452.948,298.716,236,18,0.00,
15,9,top,host,279.488,172.896,56,12,0.00,
15,9,top,other,440.512,307.104,236,18,0.00,
15,10,top,host,291.924,164.508,56,12,0.00,
15,10,top,other,428.076,315.492,236,18,0.00,
15,11,top,host,304.36,156.12,56,12,0.00,
15,11,top,other,415.64,323.88,236,18,0.00,
15,12,top,host,316.796,147.732,56,12,0.00,
15,12,top,other,403.204,332.268,236,18,0.00,
15,13,top,host,329.232,139.344,56,12,0.00,
15,13,top,other,390.768,340.656,236,18,0.00,
15,14,top,host,341.668,130.956,56,12,0.00,
15,14,top,other,378.332,349.044,236,18,0.00,
15,15,top,host,354.104,122.568,56,16,0.00,
15,15,top,other,365.896,357.432,236,19,0.00,
15,16,top,host,354.104,122.568,56,16,0.00,
15,16,top,other,365.896,357.432,236,19,0.00,
15,17,top,host,354.104,122.568,56,16,0.00,
15,17,top,other,365.896,357.432,236,19,0.00,
16,1,top,host,180,240,124,16,0.00,
16,1,top,other,540,240,304,19,0.00,
16,2,top,host,192.436,248.388,124,16,0.00,
16,2,top,other,527.564,231.612,304,19,0.00,
16,3,top,host,204.872,256.776,124,16,0.00,
16,3,top,other,515.128,223.224,304,19,0.00,
16,4,top,host,217.308,265.164,124,16,0.00,
16,4,top,other,502.692,214.836,304,19,0.00,
16,5,top,host,229.744,273.552,124,16,0.00,
16,5,top,other,490.256,206.448,304,19,0.00,
16,6,top,host,242.18,281.94,124,16,0.00,
16,6,top,other,477.82,198.06,304,19,0.00,
16,7,top,host,254.616,290.328,124,16,0.00,
16,7,top,other,465.384,189.672,304,19,0.00,
16,8,top,host,267.052,298.716,124,16,0.00,
16,8,top,other,452.948,181.284,304,19,0.00,
16,9,top,host,279.488,307.104,124,16,0.00,
16,9,top,other,440.512,172.896,304,19,0.00,
16,10,top,host,291.924,315.492,124,16,0.00,
16,10,top,other,428.076,164.508,304,19,0.00,
16,11,top,host,304.36,323.88,124,16,0.00,
16,11,top,other,415.64,156.12,304,19,0.00,
16,12,top,host,316.796,332.268,124,16,0.00,
16,12,top,other,403.204,147.732,304,19,0.00,
16,13,top,host,329.232,340.656,124,16,0.00,
16,13,top,other,390.768,139.344,304,19,0.00,
16,14,top,host,341.668,349.044,124,16,0.00,
16,14,top,other,378.332,130.956,304,19,0.00,
16,15,top,host,354.104,357.432,124,17,0.00,
16,15,top,other,365.896,122.568,304,23,0.00,
16,16,top,host,354.104,357.432,124,17,0.00,
16,16,top,other,365.896,122.568,304,23,0.00,
16,17,top,host,354.104,357.432,124,17,0.00,
16,17,top,other,365.896,122.568,304,23,0.00,
17,1,top,host,180,240,56,17,0.00,
17,1,top,other,540,240,236,23,0.00,
17,2,top,host,192.436,231.612,56,17,0.00,
17,2,top,other,527.564,248.388,236,23,0.00,
17,3,top,host,204.872,223.224,56,17,0.00,
17,3,top,other,515.128,256.776,236,23,0.00,
17,4,top,host,217.308,214.836,56,17,0.00,
17,4,top,other,502.692,265.164,236,23,0.00,
17,5,top,host,229.744,206.448,56,17,0.00,
17,5,top,other,490.256,273.552,236,23,0.00,
17,6,top,host,242.18,198.06,56,17,0.00,
17,6,top,other,477.82,281.94,236,23,0.00,
17,7,top,host,254.616,189.672,56,17,0.00,
17,7,top,other,465.384,290.328,236,23,0.00,
17,8,top,host,267.052,181.284,56,17,0.00,
17,8,top,other,452.948,298.716,236,23,0.00,
17,9,top,host,279.488,172.896,56,17,0.00,
17,9,top,other,440.512,307.104,236,23,0.00,
17,10,top,host,291.924,164.508,56,17,0.00,
17,10,top,other,428.076,315.492,236,23,0.00,
17,11,top,host,304.36,156.12,56,17,0.00,
17,11,top,other,415.64,323.88,236,23,0.00,
17,12,top,host,316.796,147.732,56,17,0.00,
17,12,top,other,403.204,332.268,236,23,0.00,
17,13,top,host,329.232,139.344,56,17,0.00,
17,13,top,other,390.768,340.656,236,23,0.00,
17,14,top,host,341.668,130.956,56,17,0.00,
17,14,top,other,378.332,349.044,236,23,0.00,
17,15,top,host,354.104,122.568,56,21,0.00,
17,15,top,other,365.896,357.432,236,24,0.00,
17,16,top,host,354.104,122.568,56,21,0.00,
17,16,top,other,365.896,357.432,236,24,0.00,
17,17,top,host,354.104,122.568,56,21,0.00,
17,17,top,other,365.896,357.432,236,24,0.00,
18,1,top,host,180,240,124,21,0.00,
18,1,top,other,540,240,304,24,0.00,
18,2,top,host,192.436,248.388,124,21,0.00,
18,2,top,other,527.564,231.612,304,24,0.00,
18,3,top,host,204.872,256.776,124,21,0.00,
18,3,top,other,515.128,223.224,304,24,0.00,
18,4,top,other,502.692,214.836,304,24,0.00,
18,4,top,host,217.308,265.164,124,21,0.00,
18,5,top,host,229.744,273.552,124,21,0.00,
18,5,top,other,490.256,206.448,304,24,0.00,
18,6,top,host,242.18,281.94,124,21,0.00,
18,6,top,other,477.82,198.06,304,24,0.00,
18,7,top,host,254.616,290.328,124,21,0.00,
18,7,top,other,465.384,189.672,304,24,0.00,
18,8,top,host,267.052,298.716,124,21,0.00,
18,8,top,other,452.948,181.284,304,24,0.00,
18,9,top,host,279.488,307.104,124,21,0.00,
18,9,top,other,440.512,172.896,304,24,0.00,
18,10,top,host,291.924,315.492,124,21,0.00,
18,10,top,other,428.076,164.508,304,24,0.00,
18,11,top,host,304.36,323.88,124,21,0.00,
18,11,top,other,415.64,156.12,304,24,0.00,
18,12,top,host,316.796,332.268,124,21,0.00,
18,12,top,other,403.204,147.732,304,24,0.00,
18,13,top,host,329.232,340.656,124,21,0.00,
18,13,top,other,390.768,139.344,304,24,0.00,
18,14,top,host,341.668,349.044,124,21,0.00,
18,14,top,other,378.332,130.956,304,24,0.00,
18,15,top,host,354.104,357.432,124,22,0.00,
18,15,top,other,365.896,122.568,304,28,0.00,
18,16,top,host,354.104,357.432,124,22,0.00,
18,16,top,other,365.896,122.568,304,28,0.00,
18,17,top,host,354.104,357.432,124,22,0.00,
18,17,top,other,365.896,122.568,304,28,0.00,
19,1,top,host,180,240,56,22,0.00,
19,1,top,other,540,240,236,28,0.00,
19,2,top,host,192.436,231.612,56,22,0.00,
19,2,top,other,527.564,248.388,236,28,0.00,
19,3,top,host,204.872,223.224,56,22,0.00,
19,3,top,other,515.128,256.776,236,28,0.00,
19,4,top,host,217.308,214.836,56,22,0.00,
19,4,top,other,502.692,265.164,236,28,0.00,
19,5,top,host,229.744,206.448,56,22,0.00,
19,5,top,other,490.256,273.552,236,28,0.00,
19,6,top,host,242.18,198.06,56,22,0.00,
19,6,top,other,477.82,281.94,236,28,0.00,
19,7,top,host,254.616,189.672,56,22,0.00,
19,7,top,other,465.384,290.328,236,28,0.00,
19,8,top,host,267.052,181.284,56,22,0.00,
19,8,top,other,452.948,298.716,236,28,0.00,
19,9,top,host,279.488,172.896,56,22,0.00,
19,9,top,other,440.512,307.104,236,28,0.00,
19,10,top,host,291.924,164.508,56,22,0.00,
19,10,top,other,428.076,315.492,236,28,0.00,
19,11,top,host,304.36,156.12,56,22,0.00,
19,11,top,other,415.64,323.88,236,28,0.00,
19,12,top,host,316.796,147.732,56,22,0.00,
19,12,top,other,403.204,332.268,236,28,0.00,
19,13,top,host,329.232,139.344,56,22,0.00,
19,13,top,other,390.768,340.656,236,28,0.00,
19,14,top,host,341.668,130.956,56,22,0.00,
19,14,top,other,378.332,349.044,236,28,0.00,
19,15,top,host,354.104,122.568,56,26,0.00,
19,15,top,other,365.896,357.432,236,29,0.00,
19,16,top,host,354.104,122.568,56,26,0.00,
19,16,top,other,365.896,357.432,236,29,0.00,
19,17,top,host,354.104,122.568,56,26,0.00,
19,17,top,other,365.896,357.432,236,29,0.00,
20,1,top,host,180,240,124,26,0.00,
20,1,top,other,540,240,304,29,0.00,
20,2,top,host,192.436,248.388,124,26,0.00,
20,2,top,other,527.564,231.612,304,29,0.00,
20,3,top,host,204.872,256.776,124,26,0.00,
20,3,top,other,515.128,223.224,304,29,0.00,
20,4,top,host,217.308,265.164,124,26,0.00,
20,4,top,other,502.692,214.836,304,29,0.00,
20,5,top,host,229.744,273.552,124,26,0.00,
20,5,top,other,490.256,206.448,304,29,0.00,
20,6,top,host,242.18,281.94,124,26,0.00,
20,6,top,other,477.82,198.06,304,29,0.00,
20,7,top,host,254.616,290.328,124,26,0.00,
20,7,top,other,465.384,189.672,304,29,0.00,
20,8,top,host,267.052,298.716,124,26,0.00,
20,8,top,other,452.948,181.284,304,29,0.00,
20,9,top,host,279.488,307.104,124,26,0.00,
20,9,top,other,440.512,172.896,304,29,0.00,
20,10,top,host,291.924,315.492,124,26,0.00,
20,10,top,other,428.076,164.508,304,29,0.00,
20,11,top,host,304.36,323.88,124,26,0.00,
20,11,top,other,415.64,156.12,304,29,0.00,
20,12,top,host,316.796,332.268,124,26,0.00,
20,12,top,other,403.204,147.732,304,29,0.00,
20,13,top,host,329.232,340.656,124,26,0.00,
20,13,top,other,390.768,139.344,304,29,0.00,
20,14,top,host,341.668,349.044,124,26,0.00,
20,14,top,other,378.332,130.956,304,29,0.00,
20,15,top,host,354.104,357.432,124,27,0.00,
20,15,top,other,365.896,122.568,304,33,0.00,
20,16,top,host,354.104,357.432,124,27,0.00,
20,16,top,other,365.896,122.568,304,33,0.00,
20,17,top,host,354.104,357.432,124,27,0.00,
20,17,top,other,365.896,122.568,304,33,0.00,
21,1,top,host,180,240,56,27,0.00,
21,1,top,other,540,240,236,33,0.00,
21,2,top,host,192.436,231.612,56,27,0.00,
21,2,top,other,527.564,248.388,236,33,0.00,
21,3,top,host,204.872,223.224,56,27,0.00,
21,3,top,other,515.128,256.776,236,33,0.00,
21,4,top,host,217.308,214.836,56,27,0.00,
21,4,top,other,502.692,265.164,236,33,0.00,
21,5,top,host,229.744,206.448,56,27,0.00,
21,5,top,other,490.256,273.552,236,33,0.00,
21,6,top,host,242.18,198.06,56,27,0.00,
21,6,top,other,477.82,281.94,236,33,0.00,
21,7,top,host,254.616,189.672,56,27,0.00,
21,7,top,other,465.384,290.328,236,33,0.00,
21,8,top,host,267.052,181.284,56,27,0.00,
21,8,top,other,452.948,298.716,236,33,0.00,
21,9,top,host,279.488,172.896,56,27,0.00,
21,9,top,other,440.512,307.104,236,33,0.00,
21,10,top,host,291.924,164.508,56,27,0.00,
21,10,top,other,428.076,315.492,236,33,0.00,
21,11,top,host,304.36,156.12,56,27,0.00,
21,11,top,other,415.64,323.88,236,33,0.00,
21,12,top,host,316.796,147.732,56,27,0.00,
21,12,top,other,403.204,332.268,236,33,0.00,
21,13,top,host,329.232,139.344,56,27,0.00,
21,13,top,other,390.768,340.656,236,33,0.00,
21,14,top,host,341.668,130.956,56,27,0.00,
21,14,top,other,378.332,349.044,236,33,0.00,
21,15,top,host,354.104,122.568,56,31,0.00,
21,15,top,other,365.896,357.432,236,34,0.00,
21,16,top,host,354.104,122.568,56,31,0.00,
21,16,top,other,365.896,357.432,236,34,0.00,
21,17,top,host,354.104,122.568,56,31,0.00,
21,17,top,other,365.896,357.432,236,34,0.00,
22,1,bottom,host,180,240,56,31,0.00,
22,1,bottom,other,540,240,236,34,0.00,
22,2,bottom,host,192.436,231.612,56,31,0.00,
22,2,bottom,other,527.564,248.388,236,34,0.00,
22,3,bottom,host,204.872,223.224,56,31,0.00,
22,3,bottom,other,515.128,256.776,236,34,0.00,
22,4,bottom,host,217.308,214.836,56,31,0.00,
22,4,bottom,other,502.692,265.164,236,34,0.00,
22,5,bottom,host,229.744,206.448,56,31,0.00,
22,5,bottom,other,490.256,273.552,236,34,0.00,
22,6,bottom,host,242.18,198.06,56,31,0.00,
22,6,bottom,other,477.82,281.94,236,34,0.00,
22,7,bottom,host,254.616,189.672,56,31,0.00,
22,7,bottom,other,465.384,290.328,236,34,0.00,
22,8,bottom,host,267.052,181.284,56,31,0.00,
22,8,bottom,other,452.948,298.716,236,34,0.00,
22,9,bottom,host,279.488,172.896,56,31,0.00,
22,9,bottom,other,440.512,307.104,236,34,0.00,
22,10,bottom,host,291.924,164.508,56,31,0.00,
22,10,bottom,other,428.076,315.492,236,34,0.00,
22,11,bottom,host,304.36,156.12,56,31,0.00,
22,11,bottom,other,415.64,323.88,236,34,0.00,
22,12,bottom,host,316.796,147.732,56,31,0.00,
22,12,bottom,other,403.204,332.268,236,34,0.00,
22,13,bottom,host,329.232,139.344,56,31,0.00,
22,13,bottom,other,390.768,340.656,236,34,0.00,
22,14,bottom,host,341.668,130.956,56,31,0.00,
22,14,bottom,other,378.332,349.044,236,34,0.00,
22,15,bottom,host,354.104,122.568,56,32,0.00,
22,15,bottom,other,365.896,357.432,236,38,0.00,
22,16,bottom,host,354.104,122.568,56,32,0.00,
22,16,bottom,other,365.896,357.432,236,38,0.00,
22,17,bottom,host,354.104,122.568,56,32,0.00,
22,17,bottom,other,365.896,357.432,236,38,0.00,
23,1,bottom,host,180,240,124,32,0.00,
23,1,bottom,other,540,240,304,38,0.00,
23,2,bottom,host,192.436,248.388,124,32,0.00,
23,2,bottom,other,527.564,231.612,304,38,0.00,
23,3,bottom,host,204.872,256.776,124,32,0.00,
23,3,bottom,other,515.128,223.224,304,38,0.00,
23,4,bottom,host,217.308,265.164,124,32,0.00,
23,4,bottom,other,502.692,214.836,304,38,0.00,
23,5,bottom,host,229.744,273.552,124,32,0.00,
23,5,bottom,other,490.256,206.448,304,38,0.00,
23,6,bottom,host,242.18,281.94,124,32,0.00,
23,6,bottom,other,477.82,198.06,304,38,0.00,
23,7,bottom,host,254.616,290.328,124,32,0.00,
23,7,bottom,other,465.384,189.672,304,38,0.00,
23,8,bottom,host,267.052,298.716,124,32,0.00,
23,8,bottom,other,452.948,181.284,304,38,0.00,
23,9,bottom,host,279.488,307.104,124,32,0.00,
23,9,bottom,other,440.512,172.896,304,38,0.00,
23,10,bottom,host,291.924,315.492,124,32,0.00,
23,10,bottom,other,428.076,164.508,304,38,0.00,
23,11,bottom,host,304.36,323.88,124,32,0.00,
23,11,bottom,other,415.64,156.12,304,38,0.00,
23,12,bottom,host,316.796,332.268,124,32,0.00,
23,12,bottom,other,403.204,147.732,304,38,0.00,
23,13,bottom,host,329.232,340.656,124,32,0.00,
23,13,bottom,other,390.768,139.344,304,38,0.00,
23,14,bottom,host,341.668,349.044,124,32,0.00,
23,14,bottom,other,378.332,130.956,304,38,0.00,
23,15,bottom,host,354.104,357.432,124,36,0.00,
23,15,bottom,other,365.896,122.568,304,39,0.00,
23,16,bottom,host,354.104,357.432,124,36,0.00,
23,16,bottom,other,365.896,122.568,304,39,0.00,
23,17,bottom,host,354.104,357.432,124,36,0.00,
23,17,bottom,other,365.896,122.568,304,39,0.00,
24,1,bottom,host,180,240,56,36,0.00,
24,1,bottom,other,540,240,236,39,0.00,
24,2,bottom,host,192.436,231.612,56,36,0.00,
24,2,bottom,other,527.564,248.388,236,39,0.00,
24,3,bottom,host,204.872,223.224,56,36,0.00,
24,3,bottom,other,515.128,256.776,236,39,0.00,
24,4,bottom,host,217.308,214.836,56,36,0.00,
24,4,bottom,other,502.692,265.164,236,39,0.00,
24,5,bottom,host,229.744,206.448,56,36,0.00,
24,5,bottom,other,490.256,273.552,236,39,0.00,
24,6,bottom,host,242.18,198.06,56,36,0.00,
24,6,bottom,other,477.82,281.94,236,39,0.00,
24,7,bottom,host,254.616,189.672,56,36,0.00,
24,7,bottom,other,465.384,290.328,236,39,0.00,
24,8,bottom,host,267.052,181.284,56,36,0.00,
24,8,bottom,other,452.948,298.716,236,39,0.00,
24,9,bottom,host,279.488,172.896,56,36,0.00,
24,9,bottom,other,440.512,307.104,236,39,0.00,
24,10,bottom,host,291.924,164.508,56,36,0.00,
24,10,bottom,other,428.076,315.492,236,39,0.00,
24,11,bottom,host,304.36,156.12,56,36,0.00,
24,11,bottom,other,415.64,323.88,236,39,0.00,
24,12,bottom,host,316.796,147.732,56,36,0.00,
24,12,bottom,other,403.204,332.268,236,39,0.00,
24,13,bottom,host,329.232,139.344,56,36,0.00,
24,13,bottom,other,390.768,340.656,236,39,0.00,
24,14,bottom,host,341.668,130.956,56,36,0.00,
24,14,bottom,other,378.332,349.044,236,39,0.00,
24,15,bottom,host,354.104,122.568,56,37,0.00,
24,15,bottom,other,365.896,357.432,236,43,0.00,
24,16,bottom,host,354.104,122.568,56,37,0.00,
24,16,bottom,other,365.896,357.432,236,43,0.00,
24,17,bottom,host,354.104,122.568,56,37,0.00,
24,17,bottom,other,365.896,357.432,236,43,0.00,
25,1,top,host,180,240,124,37,0.00,
25,1,top,other,540,240,236,43,0.00,
25,2,top,host,192.436,248.388,124,37,0.00,
25,2,top,other,527.564,248.388,236,43,0.00,
25,3,top,host,204.872,256.776,124,37,0.00,
25,3,top,other,515.128,256.776,236,43,0.00,
25,4,top,host,217.308,265.164,124,37,0.00,
25,4,top,other,502.692,265.164,236,43,0.00,
25,5,top,host,229.744,273.552,124,37,0.00,
25,5,top,other,490.256,273.552,236,43,0.00,
25,6,top,host,242.18,281.94,124,37,0.00,
25,6,top,other,477.82,281.94,236,43,0.00,
25,7,top,host,254.616,290.328,124,37,0.00,
25,7,top,other,465.384,290.328,236,43,0.00,
25,8,top,host,267.052,298.716,124,37,0.00,
25,8,top,other,452.948,298.716,236,43,0.00,
25,9,top,host,279.488,307.104,124,37,0.00,
25,9,top,other,440.512,307.104,236,43,0.00,
25,10,top,host,291.924,315.492,124,37,0.00,
25,10,top,other,428.076,315.492,236,43,0.00,
25,11,top,host,304.36,323.88,124,37,0.00,
25,11,top,other,415.64,323.88,236,43,0.00,
25,12,top,host,316.796,332.268,124,37,0.00,
25,12,top,other,403.204,332.268,236,43,0.00,
25,13,top,host,329.232,340.656,124,37,0.00,
25,13,top,other,390.768,340.656,236,43,0.00,
25,14,top,host,341.668,349.044,124,37,0.00,
25,14,top,other,378.332,349.044,236,43,0.00,
25,15,top,other,365.896,357.432,236,43,0.00,
25,15,top,host,354.104,357.432,124,37,0.00,
25,16,top,host,354.104,357.432,124,37,0.00,
25,16,top,other,365.896,357.432,236,43,0.00,
25,17,top,host,354.104,357.432,124,37,0.00,
25,17,top,other,365.896,357.432,236,43,0.00,
26,1,bottom,host,180,240,124,37,0.00,
26,1,bottom,other,540,240,236,43,0.00,
26,2,bottom,host,192.436,248.388,124,37,0.00,
26,2,bottom,other,527.564,248.388,236,43,0.00,
26,3,bottom,host,204.872,256.776,124,37,0.00,
26,3,bottom,other,515.128,256.776,236,43,0.00,
26,4,bottom,host,217.308,265.164,124,37,0.00,
26,4,bottom,other,502.692,265.164,236,43,0.00,
26,5,bottom,host,229.744,273.552,124,37,0.00,
26,5,bottom,other,490.256,273.552,236,43,0.00,
26,6,bottom,host,242.18,281.94,124,37,0.00,
26,6,bottom,other,477.82,281.94,236,43,0.00,
26,7,bottom,host,254.616,290.328,124,37,0.00,
26,7,bottom,other,465.384,290.328,236,43,0.00,
26,8,bottom,host,267.052,298.716,124,37,0.00,
26,8,bottom,other,452.948,298.716,236,43,0.00,
26,9,bottom,host,279.488,307.104,124,37,0.00,
26,9,bottom,other,440.512,307.104,236,43,0.00,
26,10,bottom,host,291.924,315.492,124,37,0.00,
26,10,bottom,other,428.076,315.492,236,43,0.00,
26,11,bottom,host,304.36,323.88,124,37,0.00,
26,11,bottom,other,415.64,323.88,236,43,0.00,
26,12,bottom,host,316.796,332.268,124,37,0.00,
26,12,bottom,other,403.204,332.268,236,43,0.00,
26,13,bottom,host,329.232,340.656,124,37,0.00,
26,13,bottom,other,390.768,340.656,236,43,0.00,
26,14,bottom,host,341.668,349.044,124,37,0.00,
26,14,bottom,other,378.332,349.044,236,43,0.00,
26,15,bottom,host,354.104,357.432,124,37,0.00,
26,15,bottom,other,365.896,357.432,236,43,0.00,
26,16,bottom,host,354.104,357.432,124,37,0.00,
26,16,bottom,other,365.896,357.432,236,43,0.00,
26,17,bottom,host,354.104,357.432,124,37,0.00,
26,17,bottom,other,365.896,357.432,236,43,0.00,
27,1,top,host,180,240,124,37,0.00,
27,1,top,other,540,240,304,43,0.00,
27,2,top,host,192.436,248.388,124,37,0.00,
27,2,top,other,527.564,231.612,304,43,0.00,
27,3,top,host,204.872,256.776,124,37,0.00,
27,3,top,other,515.128,223.224,304,43,0.00,
27,4,top,host,217.308,265.164,124,37,0.00,
27,4,top,other,502.692,214.836,304,43,0.00,
27,5,top,host,229.744,273.552,124,37,0.00,
27,5,top,other,490.256,206.448,304,43,0.00,
27,6,top,host,242.18,281.94,124,37,0.00,
27,6,top,other,477.82,198.06,304,43,0.00,
27,7,top,host,254.616,290.328,124,37,0.00,
27,7,top,other,465.384,189.672,304,43,0.00,
27,8,top,host,267.052,298.716,124,37,0.00,
27,8,top,other,452.948,181.284,304,43,0.00,
27,9,top,host,279.488,307.104,124,37,0.00,
27,9,top,other,440.512,172.896,304,43,0.00,
27,10,top,host,291.924,315.492,124,37,0.00,
27,10,top,other,428.076,164.508,304,43,0.00,
27,11,top,host,304.36,323.88,124,37,0.00,
27,11,top,other,415.64,156.12,304,43,0.00,
27,12,top,host,316.796,332.268,124,37,0.00,
27,12,top,other,403.204,147.732,304,43,0.00,
27,13,top,host,329.232,340.656,124,37,0.00,
27,13,top,other,390.768,139.344,304,43,0.00,
27,14,top,host,341.668,349.044,124,37,0.00,
27,14,top,other,378.332,130.956,304,43,0.00,
27,15,top,host,354.104,357.432,124,38,0.00,
27,15,top,other,365.896,122.568,304,47,0.00,
27,16,top,host,354.104,357.432,124,38,0.00,
27,16,top,other,365.896,122.568,304,47,0.00,
27,17,top,host,354.104,357.432,124,38,0.00,
27,17,top,other,365.896,122.568,304,47,0.00,
28,1,top,host,180,240,56,38,0.00,
28,1,top,other,540,240,236,47,0.00,
28,2,top,host,192.436,231.612,56,38,0.00,
28,2,top,other,527.564,248.388,236,47,0.00,
28,3,top,host,204.872,223.224,56,38,0.00,
28,3,top,other,515.128,256.776,236,47,0.00,
28,4,top,host,217.308,214.836,56,38,0.00,
28,4,top,other,502.692,265.164,236,47,0.00,
28,5,top,host,229.744,206.448,56,38,0.00,
28,5,top,other,490.256,273.552,236,47,0.00,
28,6,top,host,242.18,198.06,56,38,0.00,
28,6,top,other,477.82,281.94,236,47,0.00,
28,7,top,host,254.616,189.672,56,38,0.00,
28,7,top,other,465.384,290.328,236,47,0.00,
28,8,top,host,267.052,181.284,56,38,0.00,
28,8,top,other,452.948,298.716,236,47,0.00,
28,9,top,host,279.488,172.896,56,38,0.00,
28,9,top,other,440.512,307.104,236,47,0.00,
28,10,top,host,291.924,164.508,56,38,0.00,
28,10,top,other,428.076,315.492,236,47,0.00,
28,11,top,host,304.36,156.12,56,38,0.00,
28,11,top,other,415.64,323.88,236,47,0.00,
28,12,top,host,316.796,147.732,56,38,0.00,
28,12,top,other,403.204,332.268,236,47,0.00,
28,13,top,host,329.232,139.344,56,38,0.00,
28,13,top,other,390.768,340.656,236,47,0.00,
28,14,top,host,341.668,130.956,56,38,0.00,
28,14,top,other,378.332,349.044,236,47,0.00,
28,15,top,host,354.104,122.568,56,42,0.00,
28,15,top,other,365.896,357.432,236,48,0.00,
28,16,top,host,354.104,122.568,56,42,0.00,
28,16,top,other,365.896,357.432,236,48,0.00,
28,17,top,host,354.104,122.568,56,42,0.00,
28,17,top,other,365.896,357.432,236,48,0.00,
29,1,top,host,180,240,124,42,0.00,
29,1,top,other,540,240,304,48,0.00,
29,2,top,host,192.436,248.388,124,42,0.00,
29,2,top,other,527.564,231.612,304,48,0.00,
29,3,top,host,204.872,256.776,124,42,0.00,
29,3,top,other,515.128,223.224,304,48,0.00,
29,4,top,host,217.308,265.164,124,42,0.00,
29,4,top,other,502.692,214.836,304,48,0.00,
29,5,top,host,229.744,273.552,124,42,0.00,
29,5,top,other,490.256,206.448,304,48,0.00,
29,6,top,host,242.18,281.94,124,42,0.00,
29,6,top,other,477.82,198.06,304,48,0.00,
29,7,top,host,254.616,290.328,124,42,0.00,
29,7,top,other,465.384,189.672,304,48,0.00,
29,8,top,host,267.052,298.716,124,42,0.00,
29,8,top,other,452.948,181.284,304,48,0.00,
29,9,top,host,279.488,307.104,124,42,0.00,
29,9,top,other,440.512,172.896,304,48,0.00,
29,10,top,host,291.924,315.492,124,42,0.00,
29,10,top,other,428.076,164.508,304,48,0.00,
29,11,top,host,304.36,323.88,124,42,0.00,
29,11,top,other,415.64,156.12,304,48,0.00,
29,12,top,host,316.796,332.268,124,42,0.00,
29,12,top,other,403.204,147.732,304,48,0.00,
29,13,top,host,329.232,340.656,124,42,0.00,
29,13,top,other,390.768,139.344,304,48,0.00,
29,14,top,host,341.668,349.044,124,42,0.00,
29,14,top,other,378.332,130.956,304,48,0.00,
29,15,top,host,354.104,357.432,124,43,0.00,
29,15,top,other,365.896,122.568,304,52,0.00,
29,16,top,host,354.104,357.432,124,43,0.00,
29,16,top,other,365.896,122.568,304,52,0.00,
29,17,top,host,354.104,357.432,124,43,0.00,
29,17,top,other,365.896,122.568,304,52,0.00,
30,1,top,host,180,240,56,43,0.00,
30,1,top,other,540,240,236,52,0.00,
30,2,top,host,192.436,231.612,56,43,0.00,
30,2,top,other,527.564,248.388,236,52,0.00,
30,3,top,host,204.872,223.224,56,43,0.00,
30,3,top,other,515.128,256.776,236,52,0.00,
30,4,top,host,217.308,214.836,56,43,0.00,
30,4,top,other,502.692,265.164,236,52,0.00,
30,5,top,host,229.744,206.448,56,43,0.00,
30,5,top,other,490.256,273.552,236,52,0.00,
30,6,top,host,242.18,198.06,56,43,0.00,
30,6,top,other,477.82,281.94,236,52,0.00,
30,7,top,host,254.616,189.672,56,43,0.00,
30,7,top,other,465.384,290.328,236,52,0.00,
30,8,top,host,267.052,181.284,56,43,0.00,
30,8,top,other,452.948,298.716,236,52,0.00,
30,9,top,host,279.488,172.896,56,43,0.00,
30,9,top,other,440.512,307.104,236,52,0.00,
30,10,top,host,291.924,164.508,56,43,0.00,
30,10,top,other,428.076,315.492,236,52,0.00,
30,11,top,host,304.36,156.12,56,43,0.00,
30,11,top,other,415.64,323.88,236,52,0.00,
30,12,top,host,316.796,147.732,56,43,0.00,
30,12,top,other,403.204,332.268,236,52,0.00,
30,13,top,host,329.232,139.344,56,43,0.00,
30,13,top,other,390.768,340.656,236,52,0.00,
30,14,top,host,341.668,130.956,56,43,0.00,
30,14,top,other,378.332,349.044,236,52,0.00,
30,15,top,host,354.104,122.568,56,47,0.00,
30,15,top,other,365.896,357.432,236,53,0.00,
30,16,top,host,354.104,122.568,56,47,0.00,
30,16,top,other,365.896,357.432,236,53,0.00,
30,17,top,host,354.104,122.568,56,47,0.00,
30,17,top,other,365.896,357.432,236,53,0.00,
31,1,top,host,180,240,124,47,0.00,
31,1,top,other,540,240,304,53,0.00,
31,2,top,host,192.436,248.388,124,47,0.00,
31,2,top,other,527.564,231.612,304,53,0.00,
31,3,top,host,204.872,256.776,124,47,0.00,
31,3,top,other,515.128,223.224,304,53,0.00,
31,4,top,host,217.308,265.164,124,47,0.00,
31,4,top,other,502.692,214.836,304,53,0.00,
31,5,top,host,229.744,273.552,124,47,0.00,
31,5,top,other,490.256,206.448,304,53,0.00,
31,6,top,host,242.18,281.94,124,47,0.00,
31,6,top,other,477.82,198.06,304,53,0.00,
31,7,top,host,254.616,290.328,124,47,0.00,
31,7,top,other,465.384,189.672,304,53,0.00,
31,8,top,host,267.052,298.716,124,47,0.00,
31,8,top,other,452.948,181.284,304,53,0.00,
31,9,top,host,279.488,307.104,124,47,0.00,
31,9,top,other,440.512,172.896,304,53,0.00,
31,10,top,host,291.924,315.492,124,47,0.00,
31,10,top,other,428.076,164.508,304,53,0.00,
31,11,top,host,304.36,323.88,124,47,0.00,
31,11,top,other,415.64,156.12,304,53,0.00,
31,12,top,host,316.796,332.268,124,47,0.00,
31,12,top,other,403.204,147.732,304,53,0.00,
31,13,top,host,329.232,340.656,124,47,0.00,
31,13,top,other,390.768,139.344,304,53,0.00,
31,14,top,host,341.668,349.044,124,47,0.00,
31,14,top,other,378.332,130.956,304,53,0.00,
31,15,top,host,354.104,357.432,124,48,0.00,
31,15,top,other,365.896,122.568,304,57,0.00,
31,16,top,host,354.104,357.432,124,48,0.00,
31,16,top,other,365.896,122.568,304,57,0.00,
31,17,top,host,354.104,357.432,124,48,0.00,
31,17,top,other,365.896,122.568,304,57,0.00,
32,1,bottom,host,180,240,124,48,0.00,
32,1,bottom,other,540,240,304,57,0.00,
32,2,bottom,host,192.436,248.388,124,48,0.00,
32,2,bottom,other,527.564,231.612,304,57,0.00,
32,3,bottom,host,204.872,256.776,124,48,0.00,
32,3,bottom,other,515.128,223.224,304,57,0.00,
32,4,bottom,host,217.308,265.164,124,48,0.00,
32,4,bottom,other,502.692,214.836,304,57,0.00,
32,5,bottom,host,229.744,273.552,124,48,0.00,
32,5,bottom,other,490.256,206.448,304,57,0.00,
32,6,bottom,host,242.18,281.94,124,48,0.00,
32,6,bottom,other,477.82,198.06,304,57,0.00,
32,7,bottom,host,254.616,290.328,124,48,0.00,
32,7,bottom,other,465.384,189.672,304,57,0.00,
32,8,bottom,host,267.052,298.716,124,48,0.00,
32,8,bottom,other,452.948,181.284,304,57,0.00,
32,9,bottom,host,279.488,307.104,124,48,0.00,
32,9,bottom,other,440.512,172.896,304,57,0.00,
32,10,bottom,host,291.924,315.492,124,48,0.00,
32,10,bottom,other,428.076,164.508,304,57,0.00,
32,11,bottom,host,304.36,323.88,124,48,0.00,
32,11,bottom,other,415.64,156.12,304,57,0.00,
32,12,bottom,host,316.796,332.268,124,48,0.00,
32,12,bottom,other,403.204,147.732,304,57,0.00,
32,13,bottom,host,329.232,340.656,124,48,0.00,
32,13,bottom,other,390.768,139.344,304,57,0.00,
32,14,bottom,host,341.668,349.044,124,48,0.00,
32,14,bottom,other,378.332,130.956,304,57,0.00,
32,15,bottom,host,354.104,357.432,124,52,0.00,
32,15,bottom,other,365.896,122.568,304,58,0.00,
32,16,bottom,host,354.104,357.432,124,52,0.00,
32,16,bottom,other,365.896,122.568,304,58,0.00,
32,17,bottom,host,354.104,357.432,124,52,0.00,
32,17,bottom,other,365.896,122.568,304,58,0.00,
33,1,bottom,host,180,240,56,52,0.00,
33,1,bottom,other,540,240,236,58,0.00,
33,2,bottom,host,192.436,231.612,56,52,0.00,
33,2,bottom,other,527.564,248.388,236,58,0.00,
33,3,bottom,host,204.872,223.224,56,52,0.00,
33,3,bottom,other,515.128,256.776,236,58,0.00,
33,4,bottom,host,217.308,214.836,56,52,0.00,
33,4,bottom,other,502.692,265.164,236,58,0.00,
33,5,bottom,host,229.744,206.448,56,52,0.00,
33,5,bottom,other,490.256,273.552,236,58,0.00,
33,6,bottom,host,242.18,198.06,56,52,0.00,
33,6,bottom,other,477.82,281.94,236,58,0.00,
33,7,bottom,host,254.616,189.672,56,52,0.00,
33,7,bottom,other,465.384,290.328,236,58,0.00,
33,8,bottom,host,267.052,181.284,56,52,0.00,
33,8,bottom,other,452.948,298.716,236,58,0.00,
33,9,bottom,host,279.488,172.896,56,52,0.00,
33,9,bottom,other,440.512,307.104,236,58,0.00,
33,10,bottom,host,291.924,164.508,56,52,0.00,
33,10,bottom,other,428.076,315.492,236,58,0.00,
33,11,bottom,host,304.36,156.12,56,52,0.00,
33,11,bottom,other,415.64,323.88,236,58,0.00,
33,12,bottom,host,316.796,147.732,56,52,0.00,
33,12,bottom,other,403.204,332.268,236,58,0.00,
33,13,bottom,host,329.232,139.344,56,52,0.00,
33,13,bottom,other,390.768,340.656,236,58,0.00,
33,14,bottom,host,341.668,130.956,56,52,0.00,
33,14,bottom,other,378.332,349.044,236,58,0.00,
33,15,bottom,host,354.104,122.568,56,53,0.00,
33,15,bottom,other,365.896,357.432,236,62,0.00,
33,16,bottom,host,354.104,122.568,56,53,0.00,
33,16,bottom,other,365.896,357.432,236,62,0.00,
33,17,bottom,host,354.104,122.568,56,53,0.00,
33,17,bottom,other,365.896,357.432,236,62,0.00,
34,1,bottom,host,180,240,124,53,0.00,
34,1,bottom,other,540,240,304,62,0.00,
34,2,bottom,host,192.436,248.388,124,53,0.00,
34,2,bottom,other,527.564,231.612,304,62,0.00,
34,3,bottom,host,204.872,256.776,124,53,0.00,
34,3,bottom,other,515.128,223.224,304,62,0.00,
34,4,bottom,host,217.308,265.164,124,53,0.00,
34,4,bottom,other,502.692,214.836,304,62,0.00,
34,5,bottom,host,229.744,273.552,124,53,0.00,
34,5,bottom,other,490.256,206.448,304,62,0.00,
34,6,bottom,host,242.18,281.94,124,53,0.00,
34,6,bottom,other,477.82,198.06,304,62,0.00,
34,7,bottom,host,254.616,290.328,124,53,0.00,
34,7,bottom,other,465.384,189.672,304,62,0.00,
34,8,bottom,host,267.052,298.716,124,53,0.00,
34,8,bottom,other,452.948,181.284,304,62,0.00,
34,9,bottom,host,279.488,307.104,124,53,0.00,
34,9,bottom,other,440.512,172.896,304,62,0.00,
34,10,bottom,host,291.924,315.492,124,53,0.00,
34,10,bottom,other,428.076,164.508,304,62,0.00,
34,11,bottom,host,304.36,323.88,124,53,0.00,
34,11,bottom,other,415.64,156.12,304,62,0.00,
34,12,bottom,host,316.796,332.268,124,53,0.00,
34,12,bottom,other,403.204,147.732,304,62,0.00,
34,13,bottom,host,329.232,340.656,124,53,0.00,
34,13,bottom,other,390.768,139.344,304,62,0.00,
34,14,bottom,host,341.668,349.044,124,53,0.00,
34,14,bottom,other,378.332,130.956,304,62,0.00,
34,15,bottom,host,354.104,357.432,124,57,0.00,
34,15,bottom,other,365.896,122.568,304,63,0.00,
34,16,bottom,host,354.104,357.432,124,57,0.00,
34,16,bottom,other,365.896,122.568,304,63,0.00,
34,17,bottom,host,354.104,357.432,124,57,0.00,
34,17,bottom,other,365.896,122.568,304,63,0.00,
35,1,top,host,180,240,124,57,0.00,
35,1,top,other,540,240,236,63,0.00,
35,2,top,host,192.436,248.388,124,57,0.00,
35,2,top,other,527.564,248.388,236,63,0.00,
35,3,top,host,204.872,256.776,124,57,0.00,
35,3,top,other,515.128,256.776,236,63,0.00,
35,4,top,host,217.308,265.164,124,57,0.00,
35,4,top,other,502.692,265.164,236,63,0.00,
35,5,top,host,229.744,273.552,124,57,0.00,
35,5,top,other,490.256,273.552,236,63,0.00,
35,6,top,host,242.18,281.94,124,57,0.00,
35,6,top,other,477.82,281.94,236,63,0.00,
35,7,top,host,254.616,290.328,124,57,0.00,
35,7,top,other,465.384,290.328,236,63,0.00,
35,8,top,host,267.052,298.716,124,57,0.00,
35,8,top,other,452.948,298.716,236,63,0.00,
35,9,top,host,279.488,307.104,124,57,0.00,
35,9,top,other,440.512,307.104,236,63,0.00,
35,10,top,host,291.924,315.492,124,57,0.00,
35,10,top,other,428.076,315.492,236,63,0.00,
35,11,top,host,304.36,323.88,124,57,0.00,
35,11,top,other,415.64,323.88,236,63,0.00,
35,12,top,host,316.796,332.268,124,57,0.00,
35,12,top,other,403.204,332.268,236,63,0.00,
35,13,top,host,329.232,340.656,124,57,0.00,
35,13,top,other,390.768,340.656,236,63,0.00,
35,14,top,host,341.668,349.044,124,57,0.00,
35,14,top,other,378.332,349.044,236,63,0.00,
35,15,top,host,354.104,357.432,124,57,0.00,
35,15,top,other,365.896,357.432,236,63,0.00,
35,16,top,host,354.104,357.432,124,57,0.00,
35,16,top,other,365.896,357.432,236,63,0.00,
35,17,top,host,354.104,357.432,124,57,0.00,
35,17,top,other,365.896,357.432,236,63,0.00,
36,1,top,host,180,240,124,57,0.00,
36,1,top,other,540,240,304,63,0.00,
36,2,top,host,192.436,248.388,124,57,0.00,
36,2,top,other,527.564,231.612,304,63,0.00,
36,3,top,host,204.872,256.776,124,57,0.00,
36,3,top,other,515.128,223.224,304,63,0.00,
36,4,top,host,217.308,265.164,124,57,0.00,
36,4,top,other,502.692,214.836,304,63,0.00,
36,5,top,host,229.744,273.552,124,57,0.00,
36,5,top,other,490.256,206.448,304,63,0.00,
36,6,top,host,242.18,281.94,124,57,0.00,
36,6,top,other,477.82,198.06,304,63,0.00,
36,7,top,host,254.616,290.328,124,57,0.00,
36,7,top,other,465.384,189.672,304,63,0.00,
36,8,top,host,267.052,298.716,124,57,0.00,
36,8,top,other,452.948,181.284,304,63,0.00,
36,9,top,host,279.488,307.104,124,57,0.00,
36,9,top,other,440.512,172.896,304,63,0.00,
36,10,top,host,291.924,315.492,124,57,0.00,
36,10,top,other,428.076,164.508,304,63,0.00,
36,11,top,host,304.36,323.88,124,57,0.00,
36,11,top,other,415.64,156.12,304,63,0.00,
36,12,top,host,316.796,332.268,124,57,0.00,
36,12,top,other,403.204,147.732,304,63,0.00,
36,13,top,host,329.232,340.656,124,57,0.00,
36,13,top,other,390.768,139.344,304,63,0.00,
36,14,top,host,341.668,349.044,124,57,0.00,
36,14,top,other,378.332,130.956,304,63,0.00,
36,15,top,host,354.104,357.432,124,58,0.00,
36,15,top,other,365.896,122.568,304,67,0.00,
36,16,top,host,354.104,357.432,124,58,0.00,
36,16,top,other,365.896,122.568,304,67,0.00,
36,17,top,host,354.104,357.432,124,58,0.00,
36,17,top,other,365.896,122.568,304,67,0.00,
37,1,top,host,180,240,56,58,0.00,
37,1,top,other,540,240,236,67,0.00,
37,2,top,host,192.436,231.612,56,58,0.00,
37,2,top,other,527.564,248.388,236,67,0.00,
37,3,top,host,204.872,223.224,56,58,0.00,
37,3,top,other,515.128,256.776,236,67,0.00,
37,4,top,host,217.308,214.836,56,58,0.00,
37,4,top,other,502.692,265.164,236,67,0.00,
37,5,top,host,229.744,206.448,56,58,0.00,
37,5,top,other,490.256,273.552,236,67,0.00,
37,6,top,host,242.18,198.06,56,58,0.00,
37,6,top,other,477.82,281.94,236,67,0.00,
37,7,top,host,254.616,189.672,56,58,0.00,
37,7,top,other,465.384,290.328,236,67,0.00,
37,8,top,host,267.052,181.284,56,58,0.00,
37,8,top,other,452.948,298.716,236,67,0.00,
37,9,top,host,279.488,172.896,56,58,0.00,
37,9,top,other,440.512,307.104,236,67,0.00,
37,10,top,host,291.924,164.508,56,58,0.00,
37,10,top,other,428.076,315.492,236,67,0.00,
37,11,top,host,304.36,156.12,56,58,0.00,
37,11,top,other,415.64,323.88,236,67,0.00,
37,12,top,host,316.796,147.732,56,58,0.00,
37,12,top,other,403.204,332.268,236,67,0.00,
37,13,top,host,329.232,139.344,56,58,0.00,
37,13,top,other,390.768,340.656,236,67,0.00,
37,14,top,host,341.668,130.956,56,58,0.00,
37,14,top,other,378.332,349.044,236,67,0.00,
37,15,top,host,354.104,122.568,56,62,0.00,
37,15,top,other,365.896,357.432,236,68,0.00,
37,16,top,host,354.104,122.568,56,62,0.00,
37,16,top,other,365.896,357.432,236,68,0.00,
37,17,top,host,354.104,122.568,56,62,0.00,
37,17,top,other,365.896,357.432,236,68,0.00,
38,1,top,host,180,240,124,62,0.00,
38,1,top,other,540,240,304,68,0.00,
38,2,top,host,192.436,248.388,124,62,0.00,
38,2,top,other,527.564,231.612,304,68,0.00,
38,3,top,host,204.872,256.776,124,62,0.00,
38,3,top,other,515.128,223.224,304,68,0.00,
38,4,top,host,217.308,265.164,124,62,0.00,
38,4,top,other,502.692,214.836,304,68,0.00,
38,5,top,host,229.744,273.552,124,62,0.00,
38,5,top,other,490.256,206.448,304,68,0.00,
38,6,top,host,242.18,281.94,124,62,0.00,
38,6,top,other,477.82,198.06,304,68,0.00,
38,7,top,host,254.616,290.328,124,62,0.00,
38,7,top,other,465.384,189.672,304,68,0.00,
38,8,top,host,267.052,298.716,124,62,0.00,
38,8,top,other,452.948,181.284,304,68,0.00,
38,9,top,host,279.488,307.104,124,62,0.00,
38,9,top,other,440.512,172.896,304,68,0.00,
38,10,top,host,291.924,315.492,124,62,0.00,
38,10,top,other,428.076,164.508,304,68,0.00,
38,11,top,host,304.36,323.88,124,62,0.00,
38,11,top,other,415.64,156.12,304,68,0.00,
38,12,top,host,316.796,332.268,124,62,0.00,
38,12,top,other,403.204,147.732,304,68,0.00,
38,13,top,host,329.232,340.656,124,62,0.00,
38,13,top,other,390.768,139.344,304,68,0.00,
38,14,top,host,341.668,349.044,124,62,0.00,
38,14,top,other,378.332,130.956,304,68,0.00,
38,15,top,host,354.104,357.432,124,63,0.00,
38,15,top,other,365.896,122.568,304,72,0.00,
38,16,top,host,354.104,357.432,124,63,0.00,
38,16,top,other,365.896,122.568,304,72,0.00,
38,17,top,host,354.104,357.432,124,63,0.00,
38,17,top,other,365.896,122.568,304,72,0.00,
39,1,top,host,180,240,56,63,0.00,
39,1,top,other,540,240,236,72,0.00,
39,2,top,host,192.436,231.612,56,63,0.00,
39,2,top,other,527.564,248.388,236,72,0.00,
39,3,top,host,204.872,223.224,56,63,0.00,
39,3,top,other,515.128,256.776,236,72,0.00,
39,4,top,host,217.308,214.836,56,63,0.00,
39,4,top,other,502.692,265.164,236,72,0.00,
39,5,top,host,229.744,206.448,56,63,0.00,
39,5,top,other,490.256,273.552,236,72,0.00,
39,6,top,host,242.18,198.06,56,63,0.00,
39,6,top,other,477.82,281.94,236,72,0.00,
39,7,top,host,254.616,189.672,56,63,0.00,
39,7,top,other,465.384,290.328,236,72,0.00,
39,8,top,host,267.052,181.284,56,63,0.00,
39,8,top,other,452.948,298.716,236,72,0.00,
39,9,top,host,279.488,172.896,56,63,0.00,
39,9,top,other,440.512,307.104,236,72,0.00,
39,10,top,host,291.924,164.508,56,63,0.00,
39,10,top,other,428.076,315.492,236,72,0.00,
39,11,top,host,304.36,156.12,56,63,0.00,
39,11,top,other,415.64,323.88,236,72,0.00,
39,12,top,host,316.796,147.732,56,63,0.00,
39,12,top,other,403.204,332.268,236,72,0.00,
39,13,top,host,329.232,139.344,56,63,0.00,
39,13,top,other,390.768,340.656,236,72,0.00,
39,14,top,host,341.668,130.956,56,63,0.00,
39,14,top,other,378.332,349.044,236,72,0.00,
39,15,top,host,354.104,122.568,56,67,0.00,
39,15,top,other,365.896,357.432,236,73,0.00,
39,16,top,host,354.104,122.568,56,67,0.00,
39,16,top,other,365.896,357.432,236,73,0.00,
39,17,top,host,354.104,122.568,56,67,0.00,
39,17,top,other,365.896,357.432,236,73,0.00,
40,1,bottom,host,180,240,56,67,0.00,
40,1,bottom,other,540,240,236,73,0.00,
40,2,bottom,host,192.436,231.612,56,67,0.00,
40,2,bottom,other,527.564,248.388,236,73,0.00,
40,3,bottom,host,204.872,223.224,56,67,0.00,
40,3,bottom,other,515.128,256.776,236,73,0.00,
40,4,bottom,host,217.308,214.836,56,67,0.00,
40,4,bottom,other,502.692,265.164,236,73,0.00,
40,5,bottom,host,229.744,206.448,56,67,0.00,
40,5,bottom,other,490.256,273.552,236,73,0.00,
40,6,bottom,host,242.18,198.06,56,67,0.00,
40,6,bottom,other,477.82,281.94,236,73,0.00,
40,7,bottom,host,254.616,189.672,56,67,0.00,
40,7,bottom,other,465.384,290.328,236,73,0.00,
40,8,bottom,host,267.052,181.284,56,67,0.00,
40,8,bottom,other,452.948,298.716,236,73,0.00,
40,9,bottom,host,279.488,172.896,56,67,0.00,
40,9,bottom,other,440.512,307.104,236,73,0.00,
40,10,bottom,host,291.924,164.508,56,67,0.00,
40,10,bottom,other,428.076,315.492,236,73,0.00,
40,11,bottom,host,304.36,156.12,56,67,0.00,
40,11,bottom,other,415.64,323.88,236,73,0.00,
40,12,bottom,host,316.796,147.732,56,67,0.00,
40,12,bottom,other,403.204,332.268,236,73,0.00,
40,13,bottom,host,329.232,139.344,56,67,0.00,
40,13,bottom,other,390.768,340.656,236,73,0.00,
40,14,bottom,host,341.668,130.956,56,67,0.00,
40,14,bottom,other,378.332,349.044,236,73,0.00,
40,15,bottom,host,354.104,122.568,56,68,0.00,
40,15,bottom,other,365.896,357.432,236,77,0.00,
40,16,bottom,host,354.104,122.568,56,68,0.00,
40,16,bottom,other,365.896,357.432,236,77,0.00,
40,17,bottom,host,354.104,122.568,56,68,0.00,
40,17,bottom,other,365.896,357.432,236,77,0.00,
41,1,top,host,180,240,56,68,0.00,
41,1,top,other,540,240,236,77,0.00,
41,2,top,host,192.436,231.612,56,68,0.00,
41,2,top,other,527.564,248.388,236,77,0.00,
41,3,top,host,204.872,223.224,56,68,0.00,
41,3,top,other,515.128,256.776,236,77,0.00,
41,4,top,host,217.308,214.836,56,68,0.00,
41,4,top,other,502.692,265.164,236,77,0.00,
41,5,top,host,229.744,206.448,56,68,0.00,
41,5,top,other,490.256,273.552,236,77,0.00,
41,6,top,host,242.18,198.06,56,68,0.00,
41,6,top,other,477.82,281.94,236,77,0.00,
41,7,top,host,254.616,189.672,56,68,0.00,
41,7,top,other,465.384,290.328,236,77,0.00,
41,8,top,host,267.052,181.284,56,68,0.00,
41,8,top,other,452.948,298.716,236,77,0.00,
41,9,top,host,279.488,172.896,56,68,0.00,
41,9,top,other,440.512,307.104,236,77,0.00,
41,10,top,host,291.924,164.508,56,68,0.00,
41,10,top,other,428.076,315.492,236,77,0.00,
41,11,top,host,304.36,156.12,56,68,0.00,
41,11,top,other,415.64,323.88,236,77,0.00,
41,12,top,host,316.796,147.732,56,68,0.00,
41,12,top,other,403.204,332.268,236,77,0.00,
41,13,top,host,329.232,139.344,56,68,0.00,
41,13,top,other,390.768,340.656,236,77,0.00,
41,14,top,host,341.668,130.956,56,68,0.00,
41,14,top,other,378.332,349.044,236,77,0.00,
41,15,top,host,354.104,122.568,56,72,0.00,
41,15,top,other,365.896,357.432,236,78,0.00,
41,16,top,host,354.104,122.568,56,72,0.00,
41,16,top,other,365.896,357.432,236,78,0.00,
41,17,top,host,354.104,122.568,56,72,0.00,
41,17,top,other,365.896,357.432,236,78,0.00,
42,1,top,host,180,240,124,72,0.00,
42,1,top,other,540,240,304,78,0.00,
42,2,top,host,192.436,248.388,124,72,0.00,
42,2,top,other,527.564,231.612,304,78,0.00,
42,3,top,host,204.872,256.776,124,72,0.00,
42,3,top,other,515.128,223.224,304,78,0.00,
42,4,top,host,217.308,265.164,124,72,0.00,
42,4,top,other,502.692,214.836,304,78,0.00,
42,5,top,host,229.744,273.552,124,72,0.00,
42,5,top,other,490.256,206.448,304,78,0.00,
42,6,top,host,242.18,281.94,124,72,0.00,
42,6,top,other,477.82,198.06,304,78,0.00,
42,7,top,host,254.616,290.328,124,72,0.00,
42,7,top,other,465.384,189.672,304,78,0.00,
42,8,top,host,267.052,298.716,124,72,0.00,
42,8,top,other,452.948,181.284,304,78,0.00,
42,9,top,host,279.488,307.104,124,72,0.00,
42,9,top,other,440.512,172.896,304,78,0.00,
42,10,top,host,291.924,315.492,124,72,0.00,
42,10,top,other,428.076,164.508,304,78,0.00,
42,11,top,host,304.36,323.88,124,72,0.00,
42,11,top,other,415.64,156.12,304,78,0.00,
42,12,top,host,316.796,332.268,124,72,0.00,
42,12,top,other,403.204,147.732,304,78,0.00,
42,13,top,host,329.232,340.656,124,72,0.00,
42,13,top,other,390.768,139.344,304,78,0.00,
42,14,top,host,341.668,349.044,124,72,0.00,
42,14,top,other,378.332,130.956,304,78,0.00,
42,15,top,host,354.104,357.432,124,73,0.00,
42,15,top,other,365.896,122.568,304,82,0.00,
42,16,top,host,354.104,357.432,124,73,0.00,
42,16,top,other,365.896,122.568,304,82,0.00,
42,17,top,host,354.104,357.432,124,73,0.00,
42,17,top,other,365.896,122.568,304,82,0.00,
43,1,top,host,180,240,56,73,0.00,
43,1,top,other,540,240,236,82,0.00,
43,2,top,host,192.436,231.612,56,73,0.00,
43,2,top,other,527.564,248.388,236,82,0.00,
43,3,top,host,204.872,223.224,56,73,0.00,
43,3,top,other,515.128,256.776,236,82,0.00,
43,4,top,host,217.308,214.836,56,73,0.00,
43,4,top,other,502.692,265.164,236,82,0.00,
43,5,top,host,229.744,206.448,56,73,0.00,
43,5,top,other,490.256,273.552,236,82,0.00,
43,6,top,host,242.18,198.06,56,73,0.00,
43,6,top,other,477.82,281.94,236,82,0.00,
43,7,top,host,254.616,189.672,56,73,0.00,
43,7,top,other,465.384,290.328,236,82,0.00,
43,8,top,host,267.052,181.284,56,73,0.00,
43,8,top,other,452.948,298.716,236,82,0.00,
43,9,top,host,279.488,172.896,56,73,0.00,
43,9,top,other,440.512,307.104,236,82,0.00,
43,10,top,host,291.924,164.508,56,73,0.00,
43,10,top,other,428.076,315.492,236,82,0.00,
43,11,top,host,304.36,156.12,56,73,0.00,
43,11,top,other,415.64,323.88,236,82,0.00,
43,12,top,host,316.796,147.732,56,73,0.00,
43,12,top,other,403.204,332.268,236,82,0.00,
43,13,top,host,329.232,139.344,56,73,0.00,
43,13,top,other,390.768,340.656,236,82,0.00,
43,14,top,host,341.668,130.956,56,73,0.00,
43,14,top,other,378.332,349.044,236,82,0.00,
43,15,top,host,354.104,122.568,56,77,0.00,
43,15,top,other,365.896,357.432,236,83,0.00,
43,16,top,host,354.104,122.568,56,77,0.00,
43,16,top,other,365.896,357.432,236,83,0.00,
43,17,top,host,354.104,122.568,56,77,0.00,
43,17,top,other,365.896,357.432,236,83,0.00,
44,1,bottom,host,180,240,56,77,0.00,
44,1,bottom,other,540,240,236,83,0.00,
44,2,bottom,host,192.436,231.612,56,77,0.00,
44,2,bottom,other,527.564,248.388,236,83,0.00,
44,3,bottom,host,204.872,223.224,56,77,0.00,
44,3,bottom,other,515.128,256.776,236,83,0.00,
44,4,bottom,host,217.308,214.836,56,77,0.00,
44,4,bottom,other,502.692,265.164,236,83,0.00,
44,5,bottom,host,229.744,206.448,56,77,0.00,
44,5,bottom,other,490.256,273.552,236,83,0.00,
44,6,bottom,host,242.18,198.06,56,77,0.00,
44,6,bottom,other,477.82,281.94,236,83,0.00,
44,7,bottom,host,254.616,189.672,56,77,0.00,
44,7,bottom,other,465.384,290.328,236,83,0.00,
44,8,bottom,host,267.052,181.284,56,77,0.00,
44,8,bottom,other,452.948,298.716,236,83,0.00,
44,9,bottom,host,279.488,172.896,56,77,0.00,
44,9,bottom,other,440.512,307.104,236,83,0.00,
44,10,bottom,host,291.924,164.508,56,77,0.00,
44,10,bottom,other,428.076,315.492,236,83,0.00,
44,11,bottom,host,304.36,156.12,56,77,0.00,
44,11,bottom,other,415.64,323.88,236,83,0.00,
44,12,bottom,host,316.796,147.732,56,77,0.00,
44,12,bottom,other,403.204,332.268,236,83,0.00,
44,13,bottom,host,329.232,139.344,56,77,0.00,
44,13,bottom,other,390.768,340.656,236,83,0.00,
44,14,bottom,host,341.668,130.956,56,77,0.00,
44,14,bottom,other,378.332,349.044,236,83,0.00,
44,15,bottom,host,354.104,122.568,56,78,0.00,
44,15,bottom,other,365.896,357.432,236,87,0.00,
44,16,bottom,host,354.104,122.568,56,78,0.00,
44,16,bottom,other,365.896,357.432,236,87,0.00,
44,17,bottom,host,354.104,122.568,56,78,0.00,
44,17,bottom,other,365.896,357.432,236,87,0.00,
45,1,top,host,180,240,56,78,0.00,
45,1,top,other,540,240,236,87,0.00,
45,2,top,host,192.436,231.612,56,78,0.00,
45,2,top,other,527.564,248.388,236,87,0.00,
45,3,top,host,204.872,223.224,56,78,0.00,
45,3,top,other,515.128,256.776,236,87,0.00,
45,4,top,host,217.308,214.836,56,78,0.00,
45,4,top,other,502.692,265.164,236,87,0.00,
45,5,top,host,229.744,206.448,56,78,0.00,
45,5,top,other,490.256,273.552,236,87,0.00,
45,6,top,host,242.18,198.06,56,78,0.00,
45,6,top,other,477.82,281.94,236,87,0.00,
45,7,top,host,254.616,189.672,56,78,0.00,
45,7,top,other,465.384,290.328,236,87,0.00,
45,8,top,host,267.052,181.284,56,78,0.00,
45,8,top,other,452.948,298.716,236,87,0.00,
45,9,top,host,279.488,172.896,56,78,0.00,
45,9,top,other,440.512,307.104,236,87,0.00,
45,10,top,host,291.924,164.508,56,78,0.00,
45,10,top,other,428.076,315.492,236,87,0.00,
45,11,top,host,304.36,156.12,56,78,0.00,
45,11,top,other,415.64,323.88,236,87,0.00,
45,12,top,host,316.796,147.732,56,78,0.00,
45,12,top,other,403.204,332.268,236,87,0.00,
45,13,top,host,329.232,139.344,56,78,0.00,
45,13,top,other,390.768,340.656,236,87,0.00,
45,14,top,host,341.668,130.956,56,78,0.00,
45,14,top,other,378.332,349.044,236,87,0.00,
45,15,top,host,354.104,122.568,56,82,0.00,
45,15,top,other,365.896,357.432,236,88,0.00,
45,16,top,host,354.104,122.568,56,82,0.00,
45,16,top,other,365.896,357.432,236,88,0.00,
45,17,top,host,354.104,122.568,56,82,0.00,
45,17,top,other,365.896,357.432,236,88,0.00,
46,1,top,host,180,240,124,82,0.00,
46,1,top,other,540,240,304,88,0.00,
46,2,top,host,192.436,248.388,124,82,0.00,
46,2,top,other,527.564,231.612,304,88,0.00,
46,3,top,host,204.872,256.776,124,82,0.00,
46,3,top,other,515.128,223.224,304,88,0.00,
46,4,top,host,217.308,265.164,124,82,0.00,
46,4,top,other,502.692,214.836,304,88,0.00,
46,5,top,host,229.744,273.552,124,82,0.00,
46,5,top,other,490.256,206.448,304,88,0.00,
46,6,top,host,242.18,281.94,124,82,0.00,
46,6,top,other,477.82,198.06,304,88,0.00,
46,7,top,host,254.616,290.328,124,82,0.00,
46,7,top,other,465.384,189.672,304,88,0.00,
46,8,top,host,267.052,298.716,124,82,0.00,
46,8,top,other,452.948,181.284,304,88,0.00,
46,9,top,host,279.488,307.104,124,82,0.00,
46,9,top,other,440.512,172.896,304,88,0.00,
46,10,top,host,291.924,315.492,124,82,0.00,
46,10,top,other,428.076,164.508,304,88,0.00,
46,11,top,host,304.36,323.88,124,82,0.00,
46,11,top,other,415.64,156.12,304,88,0.00,
46,12,top,host,316.796,332.268,124,82,0.00,
46,12,top,other,403.204,147.732,304,88,0.00,
46,13,top,host,329.232,340.656,124,82,0.00,
46,13,top,other,390.768,139.344,304,88,0.00,
46,14,top,host,341.668,349.044,124,82,0.00,
46,14,top,other,378.332,130.956,304,88,0.00,
46,15,top,host,354.104,357.432,124,83,0.00,
46,15,top,other,365.896,122.568,304,92,0.00,
46,16,top,host,354.104,357.432,124,83,0.00,
46,16,top,other,365.896,122.568,304,92,0.00,
46,17,top,host,354.104,357.432,124,83,0.00,
46,17,top,other,365.896,122.568,304,92,0.00,
47,1,top,host,180,240,56,83,0.00,
47,1,top,other,540,240,236,92,0.00,
47,2,top,host,192.436,231.612,56,83,0.00,
47,2,top,other,527.564,248.388,236,92,0.00,
47,3,top,host,204.872,223.224,56,83,0.00,
47,3,top,other,515.128,256.776,236,92,0.00,
47,4,top,host,217.308,214.836,56,83,0.00,
47,4,top,other,502.692,265.164,236,92,0.00,
47,5,top,host,229.744,206.448,56,83,0.00,
47,5,top,other,490.256,273.552,236,92,0.00,
47,6,top,host,242.18,198.06,56,83,0.00,
47,6,top,other,477.82,281.94,236,92,0.00,
47,7,top,host,254.616,189.672,56,83,0.00,
47,7,top,other,465.384,290.328,236,92,0.00,
47,8,top,host,267.052,181.284,56,83,0.00,
47,8,top,other,452.948,298.716,236,92,0.00,
47,9,top,host,279.488,172.896,56,83,0.00,
47,9,top,other,440.512,307.104,236,92,0.00,
47,10,top,host,291.924,164.508,56,83,0.00,
47,10,top,other,428.076,315.492,236,92,0.00,
47,11,top,host,304.36,156.12,56,83,0.00,
47,11,top,other,415.64,323.88,236,92,0.00,
47,12,top,host,316.796,147.732,56,83,0.00,
47,12,top,other,403.204,332.268,236,92,0.00,
47,13,top,host,329.232,139.344,56,83,0.00,
47,13,top,other,390.768,340.656,236,92,0.00,
47,14,top,host,341.668,130.956,56,83,0.00,
47,14,top,other,378.332,349.044,236,92,0.00,
47,15,top,host,354.104,122.568,56,87,0.00,
47,15,top,other,365.896,357.432,236,93,0.00,
47,16,top,host,354.104,122.568,56,87,0.00,
47,16,top,other,365.896,357.432,236,93,0.00,
47,17,top,host,354.104,122.568,56,87,0.00,
47,17,top,other,365.896,357.432,236,93,0.00,
48,1,top,host,180,240,124,87,0.00,
48,1,top,other,540,240,304,93,0.00,
48,2,top,host,192.436,248.388,124,87,0.00,
48,2,top,other,527.564,231.612,304,93,0.00,
48,3,top,host,204.872,256.776,124,87,0.00,
48,3,top,other,515.128,223.224,304,93,0.00,
48,4,top,host,217.308,265.164,124,87,0.00,
48,4,top,other,502.692,214.836,304,93,0.00,
48,5,top,host,229.744,273.552,124,87,0.00,
48,5,top,other,490.256,206.448,304,93,0.00,
48,6,top,host,242.18,281.94,124,87,0.00,
48,6,top,other,477.82,198.06,304,93,0.00,
48,7,top,host,254.616,290.328,124,87,0.00,
48,7,top,other,465.384,189.672,304,93,0.00,
48,8,top,host,267.052,298.716,124,87,0.00,
48,8,top,other,452.948,181.284,304,93,0.00,
48,9,top,host,279.488,307.104,124,87,0.00,
48,9,top,other,440.512,172.896,304,93,0.00,
48,10,top,host,291.924,315.492,124,87,0.00,
48,10,top,other,428.076,164.508,304,93,0.00,
48,11,top,host,304.36,323.88,124,87,0.00,
48,11,top,other,415.64,156.12,304,93,0.00,
48,12,top,host,316.796,332.268,124,87,0.00,
48,12,top,other,403.204,147.732,304,93,0.00,
48,13,top,host,329.232,340.656,124,87,0.00,
48,13,top,other,390.768,139.344,304,93,0.00,
48,14,top,host,341.668,349.044,124,87,0.00,
48,14,top,other,378.332,130.956,304,93,0.00,
48,15,top,host,354.104,357.432,124,88,0.00,
48,15,top,other,365.896,122.568,304,97,0.00,
48,16,top,host,354.104,357.432,124,88,0.00,
48,16,top,other,365.896,122.568,304,97,0.00,
48,17,top,host,354.104,357.432,124,88,0.00,
48,17,top,other,365.896,122.568,304,97,0.00,
49,1,top,host,180,240,56,88,0.00,
49,1,top,other,540,240,236,97,0.00,
49,2,top,host,192.436,231.612,56,88,0.00,
49,2,top,other,527.564,248.388,236,97,0.00,
49,3,top,host,204.872,223.224,56,88,0.00,
49,3,top,other,515.128,256.776,236,97,0.00,
49,4,top,host,217.308,214.836,56,88,0.00,
49,4,top,other,502.692,265.164,236,97,0.00,
49,5,top,host,229.744,206.448,56,88,0.00,
49,5,top,other,490.256,273.552,236,97,0.00,
49,6,top,host,242.18,198.06,56,88,0.00,
49,6,top,other,477.82,281.94,236,97,0.00,
49,7,top,host,254.616,189.672,56,88,0.00,
49,7,top,other,465.384,290.328,236,97,0.00,
49,8,top,host,267.052,181.284,56,88,0.00,
49,8,top,other,452.948,298.716,236,97,0.00,
49,9,top,host,279.488,172.896,56,88,0.00,
49,9,top,other,440.512,307.104,236,97,0.00,
49,10,top,host,291.924,164.508,56,88,0.00,
49,10,top,other,428.076,315.492,236,97,0.00,
49,11,top,host,304.36,156.12,56,88,0.00,
49,11,top,other,415.64,323.88,236,97,0.00,
49,12,top,host,316.796,147.732,56,88,0.00,
49,12,top,other,403.204,332.268,236,97,0.00,
49,13,top,host,329.232,139.344,56,88,0.00,
49,13,top,other,390.768,340.656,236,97,0.00,
49,14,top,host,341.668,130.956,56,88,0.00,
49,14,top,other,378.332,349.044,236,97,0.00,
49,15,top,host,354.104,122.568,56,92,0.00,
49,15,top,other,365.896,357.432,236,98,0.00,
49,16,top,host,354.104,122.568,56,92,0.00,
49,16,top,other,365.896,357.432,236,98,0.00,
49,17,top,host,354.104,122.568,56,92,0.00,
49,17,top,other,365.896,357.432,236,98,0.00,
50,1,top,host,180,240,124,92,0.00,
50,1,top,other,540,240,304,98,0.00,
50,2,top,host,192.436,248.388,124,92,0.00,
50,2,top,other,527.564,231.612,304,98,0.00,
50,3,top,host,204.872,256.776,124,92,0.00,
50,3,top,other,515.128,223.224,304,98,0.00,
50,4,top,host,217.308,265.164,124,92,0.00,
50,4,top,other,502.692,214.836,304,98,0.00,
50,5,top,host,229.744,273.552,124,92,0.00,
50,5,top,other,490.256,206.448,304,98,0.00,
50,6,top,host,242.18,281.94,124,92,0.00,
50,6,top,other,477.82,198.06,304,98,0.00,
50,7,top,host,254.616,290.328,124,92,0.00,
50,7,top,other,465.384,189.672,304,98,0.00,
50,8,top,host,267.052,298.716,124,92,0.00,
50,8,top,other,452.948,181.284,304,98,0.00,
50,9,top,host,279.488,307.104,124,92,0.00,
50,9,top,other,440.512,172.896,304,98,0.00,
50,10,top,host,291.924,315.492,124,92,0.00,
50,10,top,other,428.076,164.508,304,98,0.00,
50,11,top,host,304.36,323.88,124,92,0.00,
50,11,top,other,415.64,156.12,304,98,0.00,
50,12,top,host,316.796,332.268,124,92,0.00,
50,12,top,other,403.204,147.732,304,98,0.00,
50,13,top,host,329.232,340.656,124,92,0.00,
50,13,top,other,390.768,139.344,304,98,0.00,
50,14,top,host,341.668,349.044,124,92,0.00,
50,14,top,other,378.332,130.956,304,98,0.00,
50,15,top,host,354.104,357.432,124,93,0.00,
50,15,top,other,365.896,122.568,304,102,0.00,
50,16,top,host,354.104,357.432,124,93,0.00,
50,16,top,other,365.896,122.568,304,102,0.00,
50,17,top,host,354.104,357.432,124,93,0.00,
50,17,top,other,365.896,122.568,304,102,0.00,
